key,rules
18577351147786256,InputDType=1 + DTemplateNum=768 + S1TemplateNum=128
18577351147786384,InputDType=1 + DTemplateNum=768 + S1TemplateNum=128
18577351147786512,InputDType=1 + DTemplateNum=768 + S1TemplateNum=128
18577351147786640,InputDType=1 + DTemplateNum=768 + S1TemplateNum=128
18577351147786768,InputDType=1 + DTemplateNum=768 + S1TemplateNum=128
18577351147786896,InputDType=1 + DTemplateNum=768 + S1TemplateNum=128
18577351147787024,InputDType=1 + DTemplateNum=768 + S1TemplateNum=128
18577351147787152,InputDType=1 + DTemplateNum=768 + S1TemplateNum=128
18577351147787280,InputDType=1 + DTemplateNum=768 + S1TemplateNum=128
18577351147787408,InputDType=1 + DTemplateNum=768 + S1TemplateNum=128
18577351147787536,InputDType=1 + DTemplateNum=768 + S1TemplateNum=128
18577351147787664,InputDType=1 + DTemplateNum=768 + S1TemplateNum=128
18577351147787792,InputDType=1 + DTemplateNum=768 + S1TemplateNum=128
18577351147787920,InputDType=1 + DTemplateNum=768 + S1TemplateNum=128
18577351147788048,InputDType=1 + DTemplateNum=768 + S1TemplateNum=128
18577351147788176,InputDType=1 + DTemplateNum=768 + S1TemplateNum=128
18579550171041808,InputDType=1 + DTemplateNum=768 + S1TemplateNum=128
18579550171041936,InputDType=1 + DTemplateNum=768 + S1TemplateNum=128
18579550171042064,InputDType=1 + DTemplateNum=768 + S1TemplateNum=128
18579550171042192,InputDType=1 + DTemplateNum=768 + S1TemplateNum=128
18579550171042320,InputDType=1 + DTemplateNum=768 + S1TemplateNum=128
18579550171042448,InputDType=1 + DTemplateNum=768 + S1TemplateNum=128
18579550171042576,InputDType=1 + DTemplateNum=768 + S1TemplateNum=128
18579550171042704,InputDType=1 + DTemplateNum=768 + S1TemplateNum=128
18579550171042832,InputDType=1 + DTemplateNum=768 + S1TemplateNum=128
18579550171042960,InputDType=1 + DTemplateNum=768 + S1TemplateNum=128
18579550171043088,InputDType=1 + DTemplateNum=768 + S1TemplateNum=128
18579550171043216,InputDType=1 + DTemplateNum=768 + S1TemplateNum=128
18579550171043344,InputDType=1 + DTemplateNum=768 + S1TemplateNum=128
18579550171043472,InputDType=1 + DTemplateNum=768 + S1TemplateNum=128
18579550171043600,InputDType=1 + DTemplateNum=768 + S1TemplateNum=128
18579550171043728,InputDType=1 + DTemplateNum=768 + S1TemplateNum=128
18581749194297360,InputDType=1 + DTemplateNum=768 + S1TemplateNum=128
18581749194297488,InputDType=1 + DTemplateNum=768 + S1TemplateNum=128
18581749194297616,InputDType=1 + DTemplateNum=768 + S1TemplateNum=128
18581749194297744,InputDType=1 + DTemplateNum=768 + S1TemplateNum=128
18581749194297872,InputDType=1 + DTemplateNum=768 + S1TemplateNum=128
18581749194298000,InputDType=1 + DTemplateNum=768 + S1TemplateNum=128
18581749194298128,InputDType=1 + DTemplateNum=768 + S1TemplateNum=128
18581749194298256,InputDType=1 + DTemplateNum=768 + S1TemplateNum=128
18581749194298384,InputDType=1 + DTemplateNum=768 + S1TemplateNum=128
18581749194298512,InputDType=1 + DTemplateNum=768 + S1TemplateNum=128
18581749194298640,InputDType=1 + DTemplateNum=768 + S1TemplateNum=128
18581749194298768,InputDType=1 + DTemplateNum=768 + S1TemplateNum=128
18581749194298896,InputDType=1 + DTemplateNum=768 + S1TemplateNum=128
18581749194299024,InputDType=1 + DTemplateNum=768 + S1TemplateNum=128
18581749194299152,InputDType=1 + DTemplateNum=768 + S1TemplateNum=128
18581749194299280,InputDType=1 + DTemplateNum=768 + S1TemplateNum=128
18583946070069264,IsAttenMask=0 + DeterType=3
18583946070069392,IsAttenMask=0 + DeterType=3
18583946070069520,IsAttenMask=0 + DeterType=3
18583946070069648,IsAttenMask=0 + DeterType=3
18583946070069776,IsAttenMask=0 + DeterType=3
18583946070069904,IsAttenMask=0 + DeterType=3
18583946070070032,IsAttenMask=0 + DeterType=3
18583946070070160,IsAttenMask=0 + DeterType=3
18583946606940176,IsAttenMask=0 + DeterType=3
18583946606940304,IsAttenMask=0 + DeterType=3
18583946606940432,IsAttenMask=0 + DeterType=3
18583946606940560,IsAttenMask=0 + DeterType=3
18583946606940688,IsAttenMask=0 + DeterType=3
18583946606940816,IsAttenMask=0 + DeterType=3
18583946606940944,IsAttenMask=0 + DeterType=3
18583946606941072,IsAttenMask=0 + DeterType=3
18583947143811088,IsAttenMask=0 + DeterType=3
18583947143811216,IsAttenMask=0 + DeterType=3
18583947143811344,IsAttenMask=0 + DeterType=3
18583947143811472,IsAttenMask=0 + DeterType=3
18583947143811600,IsAttenMask=0 + DeterType=3
18583947143811728,IsAttenMask=0 + DeterType=3
18583947143811856,IsAttenMask=0 + DeterType=3
18583947143811984,IsAttenMask=0 + DeterType=3
18583947680682000,IsAttenMask=0 + DeterType=3
18583947680682128,IsAttenMask=0 + DeterType=3
18583947680682256,IsAttenMask=0 + DeterType=3
18583947680682384,IsAttenMask=0 + DeterType=3
18583947680682512,IsAttenMask=0 + DeterType=3
18583947680682640,IsAttenMask=0 + DeterType=3
18583947680682768,IsAttenMask=0 + DeterType=3
18583947680682896,IsAttenMask=0 + DeterType=3
18583948217550864,IsAttenMask=0 + DeterType=3
18583948217550992,IsAttenMask=0 + DeterType=3
18583948217551120,IsAttenMask=0 + DeterType=3
18583948217551248,IsAttenMask=0 + DeterType=3
18583948217551376,IsAttenMask=0 + DeterType=3
18583948217551504,IsAttenMask=0 + DeterType=3
18583948217551632,IsAttenMask=0 + DeterType=3
18583948217551760,IsAttenMask=0 + DeterType=3
18583948217552912,IsAttenMask=0 + DeterType=3 | InputDType=1 + DTemplateNum=768 + S1TemplateNum=128
18583948217553040,IsAttenMask=0 + DeterType=3 | InputDType=1 + DTemplateNum=768 + S1TemplateNum=128
18583948217553168,IsAttenMask=0 + DeterType=3 | InputDType=1 + DTemplateNum=768 + S1TemplateNum=128
18583948217553296,IsAttenMask=0 + DeterType=3 | InputDType=1 + DTemplateNum=768 + S1TemplateNum=128
18583948217553424,IsAttenMask=0 + DeterType=3 | InputDType=1 + DTemplateNum=768 + S1TemplateNum=128
18583948217553552,IsAttenMask=0 + DeterType=3 | InputDType=1 + DTemplateNum=768 + S1TemplateNum=128
18583948217553680,IsAttenMask=0 + DeterType=3 | InputDType=1 + DTemplateNum=768 + S1TemplateNum=128
18583948217553808,IsAttenMask=0 + DeterType=3 | InputDType=1 + DTemplateNum=768 + S1TemplateNum=128
18583948217553936,InputDType=1 + DTemplateNum=768 + S1TemplateNum=128
18583948217554064,InputDType=1 + DTemplateNum=768 + S1TemplateNum=128
18583948217554192,InputDType=1 + DTemplateNum=768 + S1TemplateNum=128
18583948217554320,InputDType=1 + DTemplateNum=768 + S1TemplateNum=128
18583948217554448,InputDType=1 + DTemplateNum=768 + S1TemplateNum=128
18583948217554576,InputDType=1 + DTemplateNum=768 + S1TemplateNum=128
18583948217554704,InputDType=1 + DTemplateNum=768 + S1TemplateNum=128
18583948217554832,InputDType=1 + DTemplateNum=768 + S1TemplateNum=128
18586145093324816,IsAttenMask=0 + DeterType=4
18586145093324944,IsAttenMask=0 + DeterType=4
18586145093325072,IsAttenMask=0 + DeterType=4
18586145093325200,IsAttenMask=0 + DeterType=4
18586145093325328,IsAttenMask=0 + DeterType=4
18586145093325456,IsAttenMask=0 + DeterType=4
18586145093325584,IsAttenMask=0 + DeterType=4
18586145093325712,IsAttenMask=0 + DeterType=4
18586145630195728,IsAttenMask=0 + DeterType=4
18586145630195856,IsAttenMask=0 + DeterType=4
18586145630195984,IsAttenMask=0 + DeterType=4
18586145630196112,IsAttenMask=0 + DeterType=4
18586145630196240,IsAttenMask=0 + DeterType=4
18586145630196368,IsAttenMask=0 + DeterType=4
18586145630196496,IsAttenMask=0 + DeterType=4
18586145630196624,IsAttenMask=0 + DeterType=4
18586146167066640,IsAttenMask=0 + DeterType=4
18586146167066768,IsAttenMask=0 + DeterType=4
18586146167066896,IsAttenMask=0 + DeterType=4
18586146167067024,IsAttenMask=0 + DeterType=4
18586146167067152,IsAttenMask=0 + DeterType=4
18586146167067280,IsAttenMask=0 + DeterType=4
18586146167067408,IsAttenMask=0 + DeterType=4
18586146167067536,IsAttenMask=0 + DeterType=4
18586146703937552,IsAttenMask=0 + DeterType=4
18586146703937680,IsAttenMask=0 + DeterType=4
18586146703937808,IsAttenMask=0 + DeterType=4
18586146703937936,IsAttenMask=0 + DeterType=4
18586146703938064,IsAttenMask=0 + DeterType=4
18586146703938192,IsAttenMask=0 + DeterType=4
18586146703938320,IsAttenMask=0 + DeterType=4
18586146703938448,IsAttenMask=0 + DeterType=4
18586147240806416,IsAttenMask=0 + DeterType=4
18586147240806544,IsAttenMask=0 + DeterType=4
18586147240806672,IsAttenMask=0 + DeterType=4
18586147240806800,IsAttenMask=0 + DeterType=4
18586147240806928,IsAttenMask=0 + DeterType=4
18586147240807056,IsAttenMask=0 + DeterType=4
18586147240807184,IsAttenMask=0 + DeterType=4
18586147240807312,IsAttenMask=0 + DeterType=4
18586147240808464,IsAttenMask=0 + DeterType=4 | InputDType=1 + DTemplateNum=768 + S1TemplateNum=128
18586147240808592,IsAttenMask=0 + DeterType=4 | InputDType=1 + DTemplateNum=768 + S1TemplateNum=128
18586147240808720,IsAttenMask=0 + DeterType=4 | InputDType=1 + DTemplateNum=768 + S1TemplateNum=128
18586147240808848,IsAttenMask=0 + DeterType=4 | InputDType=1 + DTemplateNum=768 + S1TemplateNum=128
18586147240808976,IsAttenMask=0 + DeterType=4 | InputDType=1 + DTemplateNum=768 + S1TemplateNum=128
18586147240809104,IsAttenMask=0 + DeterType=4 | InputDType=1 + DTemplateNum=768 + S1TemplateNum=128
18586147240809232,IsAttenMask=0 + DeterType=4 | InputDType=1 + DTemplateNum=768 + S1TemplateNum=128
18586147240809360,IsAttenMask=0 + DeterType=4 | InputDType=1 + DTemplateNum=768 + S1TemplateNum=128
18586147240809488,InputDType=1 + DTemplateNum=768 + S1TemplateNum=128
18586147240809616,InputDType=1 + DTemplateNum=768 + S1TemplateNum=128
18586147240809744,InputDType=1 + DTemplateNum=768 + S1TemplateNum=128
18586147240809872,InputDType=1 + DTemplateNum=768 + S1TemplateNum=128
18586147240810000,InputDType=1 + DTemplateNum=768 + S1TemplateNum=128
18586147240810128,InputDType=1 + DTemplateNum=768 + S1TemplateNum=128
18586147240810256,InputDType=1 + DTemplateNum=768 + S1TemplateNum=128
18586147240810384,InputDType=1 + DTemplateNum=768 + S1TemplateNum=128
18616933566386192,InputDType=1 + DTemplateNum=768 + S1TemplateNum=128
18616933566386320,InputDType=1 + DTemplateNum=768 + S1TemplateNum=128
18616933566386448,InputDType=1 + DTemplateNum=768 + S1TemplateNum=128
18616933566386576,InputDType=1 + DTemplateNum=768 + S1TemplateNum=128
18616933566386704,InputDType=1 + DTemplateNum=768 + S1TemplateNum=128
18616933566386832,InputDType=1 + DTemplateNum=768 + S1TemplateNum=128
18616933566386960,InputDType=1 + DTemplateNum=768 + S1TemplateNum=128
18616933566387088,InputDType=1 + DTemplateNum=768 + S1TemplateNum=128
18616933566387216,InputDType=1 + DTemplateNum=768 + S1TemplateNum=128
18616933566387344,InputDType=1 + DTemplateNum=768 + S1TemplateNum=128
18616933566387472,InputDType=1 + DTemplateNum=768 + S1TemplateNum=128
18616933566387600,InputDType=1 + DTemplateNum=768 + S1TemplateNum=128
18616933566387728,InputDType=1 + DTemplateNum=768 + S1TemplateNum=128
18616933566387856,InputDType=1 + DTemplateNum=768 + S1TemplateNum=128
18616933566387984,InputDType=1 + DTemplateNum=768 + S1TemplateNum=128
18616933566388112,InputDType=1 + DTemplateNum=768 + S1TemplateNum=128
18619130442158096,IsAttenMask=0 + DeterType=3
18619130442158224,IsAttenMask=0 + DeterType=3
18619130442158352,IsAttenMask=0 + DeterType=3
18619130442158480,IsAttenMask=0 + DeterType=3
18619130442158608,IsAttenMask=0 + DeterType=3
18619130442158736,IsAttenMask=0 + DeterType=3
18619130442158864,IsAttenMask=0 + DeterType=3
18619130442158992,IsAttenMask=0 + DeterType=3
18619130979029008,IsAttenMask=0 + DeterType=3
18619130979029136,IsAttenMask=0 + DeterType=3
18619130979029264,IsAttenMask=0 + DeterType=3
18619130979029392,IsAttenMask=0 + DeterType=3
18619130979029520,IsAttenMask=0 + DeterType=3
18619130979029648,IsAttenMask=0 + DeterType=3
18619130979029776,IsAttenMask=0 + DeterType=3
18619130979029904,IsAttenMask=0 + DeterType=3
18619131515899920,IsAttenMask=0 + DeterType=3
18619131515900048,IsAttenMask=0 + DeterType=3
18619131515900176,IsAttenMask=0 + DeterType=3
18619131515900304,IsAttenMask=0 + DeterType=3
18619131515900432,IsAttenMask=0 + DeterType=3
18619131515900560,IsAttenMask=0 + DeterType=3
18619131515900688,IsAttenMask=0 + DeterType=3
18619131515900816,IsAttenMask=0 + DeterType=3
18619132052770832,IsAttenMask=0 + DeterType=3
18619132052770960,IsAttenMask=0 + DeterType=3
18619132052771088,IsAttenMask=0 + DeterType=3
18619132052771216,IsAttenMask=0 + DeterType=3
18619132052771344,IsAttenMask=0 + DeterType=3
18619132052771472,IsAttenMask=0 + DeterType=3
18619132052771600,IsAttenMask=0 + DeterType=3
18619132052771728,IsAttenMask=0 + DeterType=3
18619132589639696,IsAttenMask=0 + DeterType=3
18619132589639824,IsAttenMask=0 + DeterType=3
18619132589639952,IsAttenMask=0 + DeterType=3
18619132589640080,IsAttenMask=0 + DeterType=3
18619132589640208,IsAttenMask=0 + DeterType=3
18619132589640336,IsAttenMask=0 + DeterType=3
18619132589640464,IsAttenMask=0 + DeterType=3
18619132589640592,IsAttenMask=0 + DeterType=3
18619132589641744,IsAttenMask=0 + DeterType=3 | InputDType=1 + DTemplateNum=768 + S1TemplateNum=128
18619132589641872,IsAttenMask=0 + DeterType=3 | InputDType=1 + DTemplateNum=768 + S1TemplateNum=128
18619132589642000,IsAttenMask=0 + DeterType=3 | InputDType=1 + DTemplateNum=768 + S1TemplateNum=128
18619132589642128,IsAttenMask=0 + DeterType=3 | InputDType=1 + DTemplateNum=768 + S1TemplateNum=128
18619132589642256,IsAttenMask=0 + DeterType=3 | InputDType=1 + DTemplateNum=768 + S1TemplateNum=128
18619132589642384,IsAttenMask=0 + DeterType=3 | InputDType=1 + DTemplateNum=768 + S1TemplateNum=128
18619132589642512,IsAttenMask=0 + DeterType=3 | InputDType=1 + DTemplateNum=768 + S1TemplateNum=128
18619132589642640,IsAttenMask=0 + DeterType=3 | InputDType=1 + DTemplateNum=768 + S1TemplateNum=128
18619132589642768,InputDType=1 + DTemplateNum=768 + S1TemplateNum=128
18619132589642896,InputDType=1 + DTemplateNum=768 + S1TemplateNum=128
18619132589643024,InputDType=1 + DTemplateNum=768 + S1TemplateNum=128
18619132589643152,InputDType=1 + DTemplateNum=768 + S1TemplateNum=128
18619132589643280,InputDType=1 + DTemplateNum=768 + S1TemplateNum=128
18619132589643408,InputDType=1 + DTemplateNum=768 + S1TemplateNum=128
18619132589643536,InputDType=1 + DTemplateNum=768 + S1TemplateNum=128
18619132589643664,InputDType=1 + DTemplateNum=768 + S1TemplateNum=128
18621329465413648,IsAttenMask=0 + DeterType=4
18621329465413776,IsAttenMask=0 + DeterType=4
18621329465413904,IsAttenMask=0 + DeterType=4
18621329465414032,IsAttenMask=0 + DeterType=4
18621329465414160,IsAttenMask=0 + DeterType=4
18621329465414288,IsAttenMask=0 + DeterType=4
18621329465414416,IsAttenMask=0 + DeterType=4
18621329465414544,IsAttenMask=0 + DeterType=4
18621330002284560,IsAttenMask=0 + DeterType=4
18621330002284688,IsAttenMask=0 + DeterType=4
18621330002284816,IsAttenMask=0 + DeterType=4
18621330002284944,IsAttenMask=0 + DeterType=4
18621330002285072,IsAttenMask=0 + DeterType=4
18621330002285200,IsAttenMask=0 + DeterType=4
18621330002285328,IsAttenMask=0 + DeterType=4
18621330002285456,IsAttenMask=0 + DeterType=4
18621330539155472,IsAttenMask=0 + DeterType=4
18621330539155600,IsAttenMask=0 + DeterType=4
18621330539155728,IsAttenMask=0 + DeterType=4
18621330539155856,IsAttenMask=0 + DeterType=4
18621330539155984,IsAttenMask=0 + DeterType=4
18621330539156112,IsAttenMask=0 + DeterType=4
18621330539156240,IsAttenMask=0 + DeterType=4
18621330539156368,IsAttenMask=0 + DeterType=4
18621331076026384,IsAttenMask=0 + DeterType=4
18621331076026512,IsAttenMask=0 + DeterType=4
18621331076026640,IsAttenMask=0 + DeterType=4
18621331076026768,IsAttenMask=0 + DeterType=4
18621331076026896,IsAttenMask=0 + DeterType=4
18621331076027024,IsAttenMask=0 + DeterType=4
18621331076027152,IsAttenMask=0 + DeterType=4
18621331076027280,IsAttenMask=0 + DeterType=4
18621331612895248,IsAttenMask=0 + DeterType=4
18621331612895376,IsAttenMask=0 + DeterType=4
18621331612895504,IsAttenMask=0 + DeterType=4
18621331612895632,IsAttenMask=0 + DeterType=4
18621331612895760,IsAttenMask=0 + DeterType=4
18621331612895888,IsAttenMask=0 + DeterType=4
18621331612896016,IsAttenMask=0 + DeterType=4
18621331612896144,IsAttenMask=0 + DeterType=4
18621331612897296,IsAttenMask=0 + DeterType=4 | InputDType=1 + DTemplateNum=768 + S1TemplateNum=128
18621331612897424,IsAttenMask=0 + DeterType=4 | InputDType=1 + DTemplateNum=768 + S1TemplateNum=128
18621331612897552,IsAttenMask=0 + DeterType=4 | InputDType=1 + DTemplateNum=768 + S1TemplateNum=128
18621331612897680,IsAttenMask=0 + DeterType=4 | InputDType=1 + DTemplateNum=768 + S1TemplateNum=128
18621331612897808,IsAttenMask=0 + DeterType=4 | InputDType=1 + DTemplateNum=768 + S1TemplateNum=128
18621331612897936,IsAttenMask=0 + DeterType=4 | InputDType=1 + DTemplateNum=768 + S1TemplateNum=128
18621331612898064,IsAttenMask=0 + DeterType=4 | InputDType=1 + DTemplateNum=768 + S1TemplateNum=128
18621331612898192,IsAttenMask=0 + DeterType=4 | InputDType=1 + DTemplateNum=768 + S1TemplateNum=128
18621331612898320,InputDType=1 + DTemplateNum=768 + S1TemplateNum=128
18621331612898448,InputDType=1 + DTemplateNum=768 + S1TemplateNum=128
18621331612898576,InputDType=1 + DTemplateNum=768 + S1TemplateNum=128
18621331612898704,InputDType=1 + DTemplateNum=768 + S1TemplateNum=128
18621331612898832,InputDType=1 + DTemplateNum=768 + S1TemplateNum=128
18621331612898960,InputDType=1 + DTemplateNum=768 + S1TemplateNum=128
18621331612899088,InputDType=1 + DTemplateNum=768 + S1TemplateNum=128
18621331612899216,InputDType=1 + DTemplateNum=768 + S1TemplateNum=128
18718088636141584,InputDType=1 + DTemplateNum=768 + S1TemplateNum=128
18718088636141712,InputDType=1 + DTemplateNum=768 + S1TemplateNum=128
18718088636141840,InputDType=1 + DTemplateNum=768 + S1TemplateNum=128
18718088636141968,InputDType=1 + DTemplateNum=768 + S1TemplateNum=128
18718088636142096,InputDType=1 + DTemplateNum=768 + S1TemplateNum=128
18718088636142224,InputDType=1 + DTemplateNum=768 + S1TemplateNum=128
18718088636142352,InputDType=1 + DTemplateNum=768 + S1TemplateNum=128
18718088636142480,InputDType=1 + DTemplateNum=768 + S1TemplateNum=128
18718088636142608,InputDType=1 + DTemplateNum=768 + S1TemplateNum=128
18718088636142736,InputDType=1 + DTemplateNum=768 + S1TemplateNum=128
18718088636142864,InputDType=1 + DTemplateNum=768 + S1TemplateNum=128
18718088636142992,InputDType=1 + DTemplateNum=768 + S1TemplateNum=128
18718088636143120,InputDType=1 + DTemplateNum=768 + S1TemplateNum=128
18718088636143248,InputDType=1 + DTemplateNum=768 + S1TemplateNum=128
18718088636143376,InputDType=1 + DTemplateNum=768 + S1TemplateNum=128
18718088636143504,InputDType=1 + DTemplateNum=768 + S1TemplateNum=128
18720287659397136,InputDType=1 + DTemplateNum=768 + S1TemplateNum=128
18720287659397264,InputDType=1 + DTemplateNum=768 + S1TemplateNum=128
18720287659397392,InputDType=1 + DTemplateNum=768 + S1TemplateNum=128
18720287659397520,InputDType=1 + DTemplateNum=768 + S1TemplateNum=128
18720287659397648,InputDType=1 + DTemplateNum=768 + S1TemplateNum=128
18720287659397776,InputDType=1 + DTemplateNum=768 + S1TemplateNum=128
18720287659397904,InputDType=1 + DTemplateNum=768 + S1TemplateNum=128
18720287659398032,InputDType=1 + DTemplateNum=768 + S1TemplateNum=128
18720287659398160,InputDType=1 + DTemplateNum=768 + S1TemplateNum=128
18720287659398288,InputDType=1 + DTemplateNum=768 + S1TemplateNum=128
18720287659398416,InputDType=1 + DTemplateNum=768 + S1TemplateNum=128
18720287659398544,InputDType=1 + DTemplateNum=768 + S1TemplateNum=128
18720287659398672,InputDType=1 + DTemplateNum=768 + S1TemplateNum=128
18720287659398800,InputDType=1 + DTemplateNum=768 + S1TemplateNum=128
18720287659398928,InputDType=1 + DTemplateNum=768 + S1TemplateNum=128
18720287659399056,InputDType=1 + DTemplateNum=768 + S1TemplateNum=128
18722486682652688,InputDType=1 + DTemplateNum=768 + S1TemplateNum=128
18722486682652816,InputDType=1 + DTemplateNum=768 + S1TemplateNum=128
18722486682652944,InputDType=1 + DTemplateNum=768 + S1TemplateNum=128
18722486682653072,InputDType=1 + DTemplateNum=768 + S1TemplateNum=128
18722486682653200,InputDType=1 + DTemplateNum=768 + S1TemplateNum=128
18722486682653328,InputDType=1 + DTemplateNum=768 + S1TemplateNum=128
18722486682653456,InputDType=1 + DTemplateNum=768 + S1TemplateNum=128
18722486682653584,InputDType=1 + DTemplateNum=768 + S1TemplateNum=128
18722486682653712,InputDType=1 + DTemplateNum=768 + S1TemplateNum=128
18722486682653840,InputDType=1 + DTemplateNum=768 + S1TemplateNum=128
18722486682653968,InputDType=1 + DTemplateNum=768 + S1TemplateNum=128
18722486682654096,InputDType=1 + DTemplateNum=768 + S1TemplateNum=128
18722486682654224,InputDType=1 + DTemplateNum=768 + S1TemplateNum=128
18722486682654352,InputDType=1 + DTemplateNum=768 + S1TemplateNum=128
18722486682654480,InputDType=1 + DTemplateNum=768 + S1TemplateNum=128
18722486682654608,InputDType=1 + DTemplateNum=768 + S1TemplateNum=128
18724683558424592,IsAttenMask=0 + DeterType=3
18724683558424720,IsAttenMask=0 + DeterType=3
18724683558424848,IsAttenMask=0 + DeterType=3
18724683558424976,IsAttenMask=0 + DeterType=3
18724683558425104,IsAttenMask=0 + DeterType=3
18724683558425232,IsAttenMask=0 + DeterType=3
18724683558425360,IsAttenMask=0 + DeterType=3
18724683558425488,IsAttenMask=0 + DeterType=3
18724684095295504,IsAttenMask=0 + DeterType=3
18724684095295632,IsAttenMask=0 + DeterType=3
18724684095295760,IsAttenMask=0 + DeterType=3
18724684095295888,IsAttenMask=0 + DeterType=3
18724684095296016,IsAttenMask=0 + DeterType=3
18724684095296144,IsAttenMask=0 + DeterType=3
18724684095296272,IsAttenMask=0 + DeterType=3
18724684095296400,IsAttenMask=0 + DeterType=3
18724684632166416,IsAttenMask=0 + DeterType=3
18724684632166544,IsAttenMask=0 + DeterType=3
18724684632166672,IsAttenMask=0 + DeterType=3
18724684632166800,IsAttenMask=0 + DeterType=3
18724684632166928,IsAttenMask=0 + DeterType=3
18724684632167056,IsAttenMask=0 + DeterType=3
18724684632167184,IsAttenMask=0 + DeterType=3
18724684632167312,IsAttenMask=0 + DeterType=3
18724685169037328,IsAttenMask=0 + DeterType=3
18724685169037456,IsAttenMask=0 + DeterType=3
18724685169037584,IsAttenMask=0 + DeterType=3
18724685169037712,IsAttenMask=0 + DeterType=3
18724685169037840,IsAttenMask=0 + DeterType=3
18724685169037968,IsAttenMask=0 + DeterType=3
18724685169038096,IsAttenMask=0 + DeterType=3
18724685169038224,IsAttenMask=0 + DeterType=3
18724685705906192,IsAttenMask=0 + DeterType=3
18724685705906320,IsAttenMask=0 + DeterType=3
18724685705906448,IsAttenMask=0 + DeterType=3
18724685705906576,IsAttenMask=0 + DeterType=3
18724685705906704,IsAttenMask=0 + DeterType=3
18724685705906832,IsAttenMask=0 + DeterType=3
18724685705906960,IsAttenMask=0 + DeterType=3
18724685705907088,IsAttenMask=0 + DeterType=3
18724685705908240,IsAttenMask=0 + DeterType=3 | InputDType=1 + DTemplateNum=768 + S1TemplateNum=128
18724685705908368,IsAttenMask=0 + DeterType=3 | InputDType=1 + DTemplateNum=768 + S1TemplateNum=128
18724685705908496,IsAttenMask=0 + DeterType=3 | InputDType=1 + DTemplateNum=768 + S1TemplateNum=128
18724685705908624,IsAttenMask=0 + DeterType=3 | InputDType=1 + DTemplateNum=768 + S1TemplateNum=128
18724685705908752,IsAttenMask=0 + DeterType=3 | InputDType=1 + DTemplateNum=768 + S1TemplateNum=128
18724685705908880,IsAttenMask=0 + DeterType=3 | InputDType=1 + DTemplateNum=768 + S1TemplateNum=128
18724685705909008,IsAttenMask=0 + DeterType=3 | InputDType=1 + DTemplateNum=768 + S1TemplateNum=128
18724685705909136,IsAttenMask=0 + DeterType=3 | InputDType=1 + DTemplateNum=768 + S1TemplateNum=128
18724685705909264,InputDType=1 + DTemplateNum=768 + S1TemplateNum=128
18724685705909392,InputDType=1 + DTemplateNum=768 + S1TemplateNum=128
18724685705909520,InputDType=1 + DTemplateNum=768 + S1TemplateNum=128
18724685705909648,InputDType=1 + DTemplateNum=768 + S1TemplateNum=128
18724685705909776,InputDType=1 + DTemplateNum=768 + S1TemplateNum=128
18724685705909904,InputDType=1 + DTemplateNum=768 + S1TemplateNum=128
18724685705910032,InputDType=1 + DTemplateNum=768 + S1TemplateNum=128
18724685705910160,InputDType=1 + DTemplateNum=768 + S1TemplateNum=128
18726882581680144,IsAttenMask=0 + DeterType=4
18726882581680272,IsAttenMask=0 + DeterType=4
18726882581680400,IsAttenMask=0 + DeterType=4
18726882581680528,IsAttenMask=0 + DeterType=4
18726882581680656,IsAttenMask=0 + DeterType=4
18726882581680784,IsAttenMask=0 + DeterType=4
18726882581680912,IsAttenMask=0 + DeterType=4
18726882581681040,IsAttenMask=0 + DeterType=4
18726883118551056,IsAttenMask=0 + DeterType=4
18726883118551184,IsAttenMask=0 + DeterType=4
18726883118551312,IsAttenMask=0 + DeterType=4
18726883118551440,IsAttenMask=0 + DeterType=4
18726883118551568,IsAttenMask=0 + DeterType=4
18726883118551696,IsAttenMask=0 + DeterType=4
18726883118551824,IsAttenMask=0 + DeterType=4
18726883118551952,IsAttenMask=0 + DeterType=4
18726883655421968,IsAttenMask=0 + DeterType=4
18726883655422096,IsAttenMask=0 + DeterType=4
18726883655422224,IsAttenMask=0 + DeterType=4
18726883655422352,IsAttenMask=0 + DeterType=4
18726883655422480,IsAttenMask=0 + DeterType=4
18726883655422608,IsAttenMask=0 + DeterType=4
18726883655422736,IsAttenMask=0 + DeterType=4
18726883655422864,IsAttenMask=0 + DeterType=4
18726884192292880,IsAttenMask=0 + DeterType=4
18726884192293008,IsAttenMask=0 + DeterType=4
18726884192293136,IsAttenMask=0 + DeterType=4
18726884192293264,IsAttenMask=0 + DeterType=4
18726884192293392,IsAttenMask=0 + DeterType=4
18726884192293520,IsAttenMask=0 + DeterType=4
18726884192293648,IsAttenMask=0 + DeterType=4
18726884192293776,IsAttenMask=0 + DeterType=4
18726884729161744,IsAttenMask=0 + DeterType=4
18726884729161872,IsAttenMask=0 + DeterType=4
18726884729162000,IsAttenMask=0 + DeterType=4
18726884729162128,IsAttenMask=0 + DeterType=4
18726884729162256,IsAttenMask=0 + DeterType=4
18726884729162384,IsAttenMask=0 + DeterType=4
18726884729162512,IsAttenMask=0 + DeterType=4
18726884729162640,IsAttenMask=0 + DeterType=4
18726884729163792,IsAttenMask=0 + DeterType=4 | InputDType=1 + DTemplateNum=768 + S1TemplateNum=128
18726884729163920,IsAttenMask=0 + DeterType=4 | InputDType=1 + DTemplateNum=768 + S1TemplateNum=128
18726884729164048,IsAttenMask=0 + DeterType=4 | InputDType=1 + DTemplateNum=768 + S1TemplateNum=128
18726884729164176,IsAttenMask=0 + DeterType=4 | InputDType=1 + DTemplateNum=768 + S1TemplateNum=128
18726884729164304,IsAttenMask=0 + DeterType=4 | InputDType=1 + DTemplateNum=768 + S1TemplateNum=128
18726884729164432,IsAttenMask=0 + DeterType=4 | InputDType=1 + DTemplateNum=768 + S1TemplateNum=128
18726884729164560,IsAttenMask=0 + DeterType=4 | InputDType=1 + DTemplateNum=768 + S1TemplateNum=128
18726884729164688,IsAttenMask=0 + DeterType=4 | InputDType=1 + DTemplateNum=768 + S1TemplateNum=128
18726884729164816,InputDType=1 + DTemplateNum=768 + S1TemplateNum=128
18726884729164944,InputDType=1 + DTemplateNum=768 + S1TemplateNum=128
18726884729165072,InputDType=1 + DTemplateNum=768 + S1TemplateNum=128
18726884729165200,InputDType=1 + DTemplateNum=768 + S1TemplateNum=128
18726884729165328,InputDType=1 + DTemplateNum=768 + S1TemplateNum=128
18726884729165456,InputDType=1 + DTemplateNum=768 + S1TemplateNum=128
18726884729165584,InputDType=1 + DTemplateNum=768 + S1TemplateNum=128
18726884729165712,InputDType=1 + DTemplateNum=768 + S1TemplateNum=128
18757671054741520,InputDType=1 + DTemplateNum=768 + S1TemplateNum=128
18757671054741648,InputDType=1 + DTemplateNum=768 + S1TemplateNum=128
18757671054741776,InputDType=1 + DTemplateNum=768 + S1TemplateNum=128
18757671054741904,InputDType=1 + DTemplateNum=768 + S1TemplateNum=128
18757671054742032,InputDType=1 + DTemplateNum=768 + S1TemplateNum=128
18757671054742160,InputDType=1 + DTemplateNum=768 + S1TemplateNum=128
18757671054742288,InputDType=1 + DTemplateNum=768 + S1TemplateNum=128
18757671054742416,InputDType=1 + DTemplateNum=768 + S1TemplateNum=128
18757671054742544,InputDType=1 + DTemplateNum=768 + S1TemplateNum=128
18757671054742672,InputDType=1 + DTemplateNum=768 + S1TemplateNum=128
18757671054742800,InputDType=1 + DTemplateNum=768 + S1TemplateNum=128
18757671054742928,InputDType=1 + DTemplateNum=768 + S1TemplateNum=128
18757671054743056,InputDType=1 + DTemplateNum=768 + S1TemplateNum=128
18757671054743184,InputDType=1 + DTemplateNum=768 + S1TemplateNum=128
18757671054743312,InputDType=1 + DTemplateNum=768 + S1TemplateNum=128
18757671054743440,InputDType=1 + DTemplateNum=768 + S1TemplateNum=128
18759867930513424,IsAttenMask=0 + DeterType=3
18759867930513552,IsAttenMask=0 + DeterType=3
18759867930513680,IsAttenMask=0 + DeterType=3
18759867930513808,IsAttenMask=0 + DeterType=3
18759867930513936,IsAttenMask=0 + DeterType=3
18759867930514064,IsAttenMask=0 + DeterType=3
18759867930514192,IsAttenMask=0 + DeterType=3
18759867930514320,IsAttenMask=0 + DeterType=3
18759868467384336,IsAttenMask=0 + DeterType=3
18759868467384464,IsAttenMask=0 + DeterType=3
18759868467384592,IsAttenMask=0 + DeterType=3
18759868467384720,IsAttenMask=0 + DeterType=3
18759868467384848,IsAttenMask=0 + DeterType=3
18759868467384976,IsAttenMask=0 + DeterType=3
18759868467385104,IsAttenMask=0 + DeterType=3
18759868467385232,IsAttenMask=0 + DeterType=3
18759869004255248,IsAttenMask=0 + DeterType=3
18759869004255376,IsAttenMask=0 + DeterType=3
18759869004255504,IsAttenMask=0 + DeterType=3
18759869004255632,IsAttenMask=0 + DeterType=3
18759869004255760,IsAttenMask=0 + DeterType=3
18759869004255888,IsAttenMask=0 + DeterType=3
18759869004256016,IsAttenMask=0 + DeterType=3
18759869004256144,IsAttenMask=0 + DeterType=3
18759869541126160,IsAttenMask=0 + DeterType=3
18759869541126288,IsAttenMask=0 + DeterType=3
18759869541126416,IsAttenMask=0 + DeterType=3
18759869541126544,IsAttenMask=0 + DeterType=3
18759869541126672,IsAttenMask=0 + DeterType=3
18759869541126800,IsAttenMask=0 + DeterType=3
18759869541126928,IsAttenMask=0 + DeterType=3
18759869541127056,IsAttenMask=0 + DeterType=3
18759870077995024,IsAttenMask=0 + DeterType=3
18759870077995152,IsAttenMask=0 + DeterType=3
18759870077995280,IsAttenMask=0 + DeterType=3
18759870077995408,IsAttenMask=0 + DeterType=3
18759870077995536,IsAttenMask=0 + DeterType=3
18759870077995664,IsAttenMask=0 + DeterType=3
18759870077995792,IsAttenMask=0 + DeterType=3
18759870077995920,IsAttenMask=0 + DeterType=3
18759870077997072,IsAttenMask=0 + DeterType=3 | InputDType=1 + DTemplateNum=768 + S1TemplateNum=128
18759870077997200,IsAttenMask=0 + DeterType=3 | InputDType=1 + DTemplateNum=768 + S1TemplateNum=128
18759870077997328,IsAttenMask=0 + DeterType=3 | InputDType=1 + DTemplateNum=768 + S1TemplateNum=128
18759870077997456,IsAttenMask=0 + DeterType=3 | InputDType=1 + DTemplateNum=768 + S1TemplateNum=128
18759870077997584,IsAttenMask=0 + DeterType=3 | InputDType=1 + DTemplateNum=768 + S1TemplateNum=128
18759870077997712,IsAttenMask=0 + DeterType=3 | InputDType=1 + DTemplateNum=768 + S1TemplateNum=128
18759870077997840,IsAttenMask=0 + DeterType=3 | InputDType=1 + DTemplateNum=768 + S1TemplateNum=128
18759870077997968,IsAttenMask=0 + DeterType=3 | InputDType=1 + DTemplateNum=768 + S1TemplateNum=128
18759870077998096,InputDType=1 + DTemplateNum=768 + S1TemplateNum=128
18759870077998224,InputDType=1 + DTemplateNum=768 + S1TemplateNum=128
18759870077998352,InputDType=1 + DTemplateNum=768 + S1TemplateNum=128
18759870077998480,InputDType=1 + DTemplateNum=768 + S1TemplateNum=128
18759870077998608,InputDType=1 + DTemplateNum=768 + S1TemplateNum=128
18759870077998736,InputDType=1 + DTemplateNum=768 + S1TemplateNum=128
18759870077998864,InputDType=1 + DTemplateNum=768 + S1TemplateNum=128
18759870077998992,InputDType=1 + DTemplateNum=768 + S1TemplateNum=128
18762066953768976,IsAttenMask=0 + DeterType=4
18762066953769104,IsAttenMask=0 + DeterType=4
18762066953769232,IsAttenMask=0 + DeterType=4
18762066953769360,IsAttenMask=0 + DeterType=4
18762066953769488,IsAttenMask=0 + DeterType=4
18762066953769616,IsAttenMask=0 + DeterType=4
18762066953769744,IsAttenMask=0 + DeterType=4
18762066953769872,IsAttenMask=0 + DeterType=4
18762067490639888,IsAttenMask=0 + DeterType=4
18762067490640016,IsAttenMask=0 + DeterType=4
18762067490640144,IsAttenMask=0 + DeterType=4
18762067490640272,IsAttenMask=0 + DeterType=4
18762067490640400,IsAttenMask=0 + DeterType=4
18762067490640528,IsAttenMask=0 + DeterType=4
18762067490640656,IsAttenMask=0 + DeterType=4
18762067490640784,IsAttenMask=0 + DeterType=4
18762068027510800,IsAttenMask=0 + DeterType=4
18762068027510928,IsAttenMask=0 + DeterType=4
18762068027511056,IsAttenMask=0 + DeterType=4
18762068027511184,IsAttenMask=0 + DeterType=4
18762068027511312,IsAttenMask=0 + DeterType=4
18762068027511440,IsAttenMask=0 + DeterType=4
18762068027511568,IsAttenMask=0 + DeterType=4
18762068027511696,IsAttenMask=0 + DeterType=4
18762068564381712,IsAttenMask=0 + DeterType=4
18762068564381840,IsAttenMask=0 + DeterType=4
18762068564381968,IsAttenMask=0 + DeterType=4
18762068564382096,IsAttenMask=0 + DeterType=4
18762068564382224,IsAttenMask=0 + DeterType=4
18762068564382352,IsAttenMask=0 + DeterType=4
18762068564382480,IsAttenMask=0 + DeterType=4
18762068564382608,IsAttenMask=0 + DeterType=4
18762069101250576,IsAttenMask=0 + DeterType=4
18762069101250704,IsAttenMask=0 + DeterType=4
18762069101250832,IsAttenMask=0 + DeterType=4
18762069101250960,IsAttenMask=0 + DeterType=4
18762069101251088,IsAttenMask=0 + DeterType=4
18762069101251216,IsAttenMask=0 + DeterType=4
18762069101251344,IsAttenMask=0 + DeterType=4
18762069101251472,IsAttenMask=0 + DeterType=4
18762069101252624,IsAttenMask=0 + DeterType=4 | InputDType=1 + DTemplateNum=768 + S1TemplateNum=128
18762069101252752,IsAttenMask=0 + DeterType=4 | InputDType=1 + DTemplateNum=768 + S1TemplateNum=128
18762069101252880,IsAttenMask=0 + DeterType=4 | InputDType=1 + DTemplateNum=768 + S1TemplateNum=128
18762069101253008,IsAttenMask=0 + DeterType=4 | InputDType=1 + DTemplateNum=768 + S1TemplateNum=128
18762069101253136,IsAttenMask=0 + DeterType=4 | InputDType=1 + DTemplateNum=768 + S1TemplateNum=128
18762069101253264,IsAttenMask=0 + DeterType=4 | InputDType=1 + DTemplateNum=768 + S1TemplateNum=128
18762069101253392,IsAttenMask=0 + DeterType=4 | InputDType=1 + DTemplateNum=768 + S1TemplateNum=128
18762069101253520,IsAttenMask=0 + DeterType=4 | InputDType=1 + DTemplateNum=768 + S1TemplateNum=128
18762069101253648,InputDType=1 + DTemplateNum=768 + S1TemplateNum=128
18762069101253776,InputDType=1 + DTemplateNum=768 + S1TemplateNum=128
18762069101253904,InputDType=1 + DTemplateNum=768 + S1TemplateNum=128
18762069101254032,InputDType=1 + DTemplateNum=768 + S1TemplateNum=128
18762069101254160,InputDType=1 + DTemplateNum=768 + S1TemplateNum=128
18762069101254288,InputDType=1 + DTemplateNum=768 + S1TemplateNum=128
18762069101254416,InputDType=1 + DTemplateNum=768 + S1TemplateNum=128
18762069101254544,InputDType=1 + DTemplateNum=768 + S1TemplateNum=128
19140300027465764,SplitAxis=5 + IsTnd=0 + DTemplateNum=192
19140300027465890,SplitAxis=1 + IsTnd=1 + DTemplateNum=192
19140300027466020,SplitAxis=5 + IsDrop=1 + DTemplateNum=192 | SplitAxis=5 + IsTnd=0 + DTemplateNum=192
19140300027466146,SplitAxis=1 + IsTnd=1 + DTemplateNum=192
19140300027466148,SplitAxis=5 + IsDrop=1 + DTemplateNum=192
19140300027466276,SplitAxis=5 + IsTnd=0 + DTemplateNum=192
19140300027466402,SplitAxis=1 + IsTnd=1 + DTemplateNum=192
19140300027466532,SplitAxis=5 + IsDrop=1 + DTemplateNum=192 | SplitAxis=5 + IsTnd=0 + DTemplateNum=192
19140300027466658,SplitAxis=1 + IsTnd=1 + DTemplateNum=192
19140300027466660,SplitAxis=5 + IsDrop=1 + DTemplateNum=192
19140300027466788,SplitAxis=5 + IsTnd=0 + DTemplateNum=192
19140300027466914,SplitAxis=1 + IsTnd=1 + DTemplateNum=192
19140300027467044,SplitAxis=5 + IsDrop=1 + DTemplateNum=192 | SplitAxis=5 + IsTnd=0 + DTemplateNum=192
19140300027467170,SplitAxis=1 + IsTnd=1 + DTemplateNum=192
19140300027467172,SplitAxis=5 + IsDrop=1 + DTemplateNum=192
19140300027467300,SplitAxis=5 + IsTnd=0 + DTemplateNum=192
19140300027467426,SplitAxis=1 + IsTnd=1 + DTemplateNum=192
19140300027467556,SplitAxis=5 + IsDrop=1 + DTemplateNum=192 | SplitAxis=5 + IsTnd=0 + DTemplateNum=192
19140300027467682,SplitAxis=1 + IsTnd=1 + DTemplateNum=192
19140300027467684,SplitAxis=5 + IsDrop=1 + DTemplateNum=192
19140300564336676,SplitAxis=5 + IsTnd=0 + DTemplateNum=256
19140300564336802,SplitAxis=1 + IsTnd=1 + DTemplateNum=256
19140300564336932,SplitAxis=5 + IsDrop=1 + DTemplateNum=256 | SplitAxis=5 + IsTnd=0 + DTemplateNum=256
19140300564337058,SplitAxis=1 + IsTnd=1 + DTemplateNum=256
19140300564337060,SplitAxis=5 + IsDrop=1 + DTemplateNum=256
19140300564337188,SplitAxis=5 + IsTnd=0 + DTemplateNum=256
19140300564337314,SplitAxis=1 + IsTnd=1 + DTemplateNum=256
19140300564337444,SplitAxis=5 + IsDrop=1 + DTemplateNum=256 | SplitAxis=5 + IsTnd=0 + DTemplateNum=256
19140300564337570,SplitAxis=1 + IsTnd=1 + DTemplateNum=256
19140300564337572,SplitAxis=5 + IsDrop=1 + DTemplateNum=256
19140300564337700,SplitAxis=5 + IsTnd=0 + DTemplateNum=256
19140300564337826,SplitAxis=1 + IsTnd=1 + DTemplateNum=256
19140300564337956,SplitAxis=5 + IsDrop=1 + DTemplateNum=256 | SplitAxis=5 + IsTnd=0 + DTemplateNum=256
19140300564338082,SplitAxis=1 + IsTnd=1 + DTemplateNum=256
19140300564338084,SplitAxis=5 + IsDrop=1 + DTemplateNum=256
19140300564338212,SplitAxis=5 + IsTnd=0 + DTemplateNum=256
19140300564338338,SplitAxis=1 + IsTnd=1 + DTemplateNum=256
19140300564338468,SplitAxis=5 + IsDrop=1 + DTemplateNum=256 | SplitAxis=5 + IsTnd=0 + DTemplateNum=256
19140300564338594,SplitAxis=1 + IsTnd=1 + DTemplateNum=256
19140300564338596,SplitAxis=5 + IsDrop=1 + DTemplateNum=256
19140301101207588,SplitAxis=5 + IsTnd=0 + DTemplateNum=768
19140301101207714,SplitAxis=1 + IsTnd=1 + DTemplateNum=768
19140301101207844,SplitAxis=5 + IsDrop=1 + DTemplateNum=768 | SplitAxis=5 + IsTnd=0 + DTemplateNum=768
19140301101207970,SplitAxis=1 + IsTnd=1 + DTemplateNum=768
19140301101207972,SplitAxis=5 + IsDrop=1 + DTemplateNum=768
19140301101208100,SplitAxis=5 + IsTnd=0 + DTemplateNum=768
19140301101208226,SplitAxis=1 + IsTnd=1 + DTemplateNum=768
19140301101208356,SplitAxis=5 + IsDrop=1 + DTemplateNum=768 | SplitAxis=5 + IsTnd=0 + DTemplateNum=768
19140301101208482,SplitAxis=1 + IsTnd=1 + DTemplateNum=768
19140301101208484,SplitAxis=5 + IsDrop=1 + DTemplateNum=768
19140301101208612,SplitAxis=5 + IsTnd=0 + DTemplateNum=768
19140301101208738,SplitAxis=1 + IsTnd=1 + DTemplateNum=768
19140301101208868,SplitAxis=5 + IsDrop=1 + DTemplateNum=768 | SplitAxis=5 + IsTnd=0 + DTemplateNum=768
19140301101208994,SplitAxis=1 + IsTnd=1 + DTemplateNum=768
19140301101208996,SplitAxis=5 + IsDrop=1 + DTemplateNum=768
19140301101209124,SplitAxis=5 + IsTnd=0 + DTemplateNum=768
19140301101209250,SplitAxis=1 + IsTnd=1 + DTemplateNum=768
19140301101209380,SplitAxis=5 + IsDrop=1 + DTemplateNum=768 | SplitAxis=5 + IsTnd=0 + DTemplateNum=768
19140301101209506,SplitAxis=1 + IsTnd=1 + DTemplateNum=768
19140301101209508,SplitAxis=5 + IsDrop=1 + DTemplateNum=768
19146896023490592,IsAttenMask=0 + DeterType=3
19146896023490720,IsAttenMask=0 + DeterType=3
19146896023490848,IsAttenMask=0 + DeterType=3
19146896023490976,IsAttenMask=0 + DeterType=3
19146896023491104,IsAttenMask=0 + DeterType=3
19146896023491232,IsAttenMask=0 + DeterType=3
19146896023491360,IsAttenMask=0 + DeterType=3
19146896023491488,IsAttenMask=0 + DeterType=3
19146896560361504,IsAttenMask=0 + DeterType=3
19146896560361632,IsAttenMask=0 + DeterType=3
19146896560361760,IsAttenMask=0 + DeterType=3
19146896560361888,IsAttenMask=0 + DeterType=3
19146896560362016,IsAttenMask=0 + DeterType=3
19146896560362144,IsAttenMask=0 + DeterType=3
19146896560362272,IsAttenMask=0 + DeterType=3
19146896560362400,IsAttenMask=0 + DeterType=3
19146897097232416,IsAttenMask=0 + DeterType=3
19146897097232544,IsAttenMask=0 + DeterType=3
19146897097232672,IsAttenMask=0 + DeterType=3
19146897097232800,IsAttenMask=0 + DeterType=3
19146897097232928,IsAttenMask=0 + DeterType=3
19146897097233056,IsAttenMask=0 + DeterType=3
19146897097233184,IsAttenMask=0 + DeterType=3
19146897097233312,IsAttenMask=0 + DeterType=3
19146897634103328,IsAttenMask=0 + DeterType=3
19146897634103456,IsAttenMask=0 + DeterType=3
19146897634103584,IsAttenMask=0 + DeterType=3
19146897634103712,IsAttenMask=0 + DeterType=3
19146897634103840,IsAttenMask=0 + DeterType=3
19146897634103968,IsAttenMask=0 + DeterType=3
19146897634104096,IsAttenMask=0 + DeterType=3
19146897634104224,IsAttenMask=0 + DeterType=3
19146898170974240,IsAttenMask=0 + DeterType=3
19146898170974368,IsAttenMask=0 + DeterType=3
19146898170974496,IsAttenMask=0 + DeterType=3
19146898170974624,IsAttenMask=0 + DeterType=3
19146898170974752,IsAttenMask=0 + DeterType=3
19146898170974880,IsAttenMask=0 + DeterType=3
19146898170975008,IsAttenMask=0 + DeterType=3
19146898170975136,IsAttenMask=0 + DeterType=3
19149095046746144,IsAttenMask=0 + DeterType=4
19149095046746272,IsAttenMask=0 + DeterType=4
19149095046746400,IsAttenMask=0 + DeterType=4
19149095046746528,IsAttenMask=0 + DeterType=4
19149095046746656,IsAttenMask=0 + DeterType=4
19149095046746784,IsAttenMask=0 + DeterType=4
19149095046746912,IsAttenMask=0 + DeterType=4
19149095046747040,IsAttenMask=0 + DeterType=4
19149095583617056,IsAttenMask=0 + DeterType=4
19149095583617184,IsAttenMask=0 + DeterType=4
19149095583617312,IsAttenMask=0 + DeterType=4
19149095583617440,IsAttenMask=0 + DeterType=4
19149095583617568,IsAttenMask=0 + DeterType=4
19149095583617696,IsAttenMask=0 + DeterType=4
19149095583617824,IsAttenMask=0 + DeterType=4
19149095583617952,IsAttenMask=0 + DeterType=4
19149096120487968,IsAttenMask=0 + DeterType=4
19149096120488096,IsAttenMask=0 + DeterType=4
19149096120488224,IsAttenMask=0 + DeterType=4
19149096120488352,IsAttenMask=0 + DeterType=4
19149096120488480,IsAttenMask=0 + DeterType=4
19149096120488608,IsAttenMask=0 + DeterType=4
19149096120488736,IsAttenMask=0 + DeterType=4
19149096120488864,IsAttenMask=0 + DeterType=4
19149096657358880,IsAttenMask=0 + DeterType=4
19149096657359008,IsAttenMask=0 + DeterType=4
19149096657359136,IsAttenMask=0 + DeterType=4
19149096657359264,IsAttenMask=0 + DeterType=4
19149096657359392,IsAttenMask=0 + DeterType=4
19149096657359520,IsAttenMask=0 + DeterType=4
19149096657359648,IsAttenMask=0 + DeterType=4
19149096657359776,IsAttenMask=0 + DeterType=4
19149097194229792,IsAttenMask=0 + DeterType=4
19149097194229920,IsAttenMask=0 + DeterType=4
19149097194230048,IsAttenMask=0 + DeterType=4
19149097194230176,IsAttenMask=0 + DeterType=4
19149097194230304,IsAttenMask=0 + DeterType=4
19149097194230432,IsAttenMask=0 + DeterType=4
19149097194230560,IsAttenMask=0 + DeterType=4
19149097194230688,IsAttenMask=0 + DeterType=4
19179882446066084,SplitAxis=5 + IsDrop=1 + DTemplateNum=192
19179882446066596,SplitAxis=5 + IsDrop=1 + DTemplateNum=192
19179882446067108,SplitAxis=5 + IsDrop=1 + DTemplateNum=192
19179882446067620,SplitAxis=5 + IsDrop=1 + DTemplateNum=192
19179882982936996,SplitAxis=5 + IsDrop=1 + DTemplateNum=256
19179882982937508,SplitAxis=5 + IsDrop=1 + DTemplateNum=256
19179882982938020,SplitAxis=5 + IsDrop=1 + DTemplateNum=256
19179882982938532,SplitAxis=5 + IsDrop=1 + DTemplateNum=256
19179883519807908,SplitAxis=5 + IsDrop=1 + DTemplateNum=768
19179883519808420,SplitAxis=5 + IsDrop=1 + DTemplateNum=768
19179883519808932,SplitAxis=5 + IsDrop=1 + DTemplateNum=768
19179883519809444,SplitAxis=5 + IsDrop=1 + DTemplateNum=768
19182080395579424,IsAttenMask=0 + DeterType=3
19182080395579552,IsAttenMask=0 + DeterType=3
19182080395579680,IsAttenMask=0 + DeterType=3
19182080395579808,IsAttenMask=0 + DeterType=3
19182080395579936,IsAttenMask=0 + DeterType=3
19182080395580064,IsAttenMask=0 + DeterType=3
19182080395580192,IsAttenMask=0 + DeterType=3
19182080395580320,IsAttenMask=0 + DeterType=3
19182080932450336,IsAttenMask=0 + DeterType=3
19182080932450464,IsAttenMask=0 + DeterType=3
19182080932450592,IsAttenMask=0 + DeterType=3
19182080932450720,IsAttenMask=0 + DeterType=3
19182080932450848,IsAttenMask=0 + DeterType=3
19182080932450976,IsAttenMask=0 + DeterType=3
19182080932451104,IsAttenMask=0 + DeterType=3
19182080932451232,IsAttenMask=0 + DeterType=3
19182081469321248,IsAttenMask=0 + DeterType=3
19182081469321376,IsAttenMask=0 + DeterType=3
19182081469321504,IsAttenMask=0 + DeterType=3
19182081469321632,IsAttenMask=0 + DeterType=3
19182081469321760,IsAttenMask=0 + DeterType=3
19182081469321888,IsAttenMask=0 + DeterType=3
19182081469322016,IsAttenMask=0 + DeterType=3
19182081469322144,IsAttenMask=0 + DeterType=3
19182082006192160,IsAttenMask=0 + DeterType=3
19182082006192288,IsAttenMask=0 + DeterType=3
19182082006192416,IsAttenMask=0 + DeterType=3
19182082006192544,IsAttenMask=0 + DeterType=3
19182082006192672,IsAttenMask=0 + DeterType=3
19182082006192800,IsAttenMask=0 + DeterType=3
19182082006192928,IsAttenMask=0 + DeterType=3
19182082006193056,IsAttenMask=0 + DeterType=3
19182082543063072,IsAttenMask=0 + DeterType=3
19182082543063200,IsAttenMask=0 + DeterType=3
19182082543063328,IsAttenMask=0 + DeterType=3
19182082543063456,IsAttenMask=0 + DeterType=3
19182082543063584,IsAttenMask=0 + DeterType=3
19182082543063712,IsAttenMask=0 + DeterType=3
19182082543063840,IsAttenMask=0 + DeterType=3
19182082543063968,IsAttenMask=0 + DeterType=3
19184279418834976,IsAttenMask=0 + DeterType=4
19184279418835104,IsAttenMask=0 + DeterType=4
19184279418835108,IsAttenMask=0 + DeterType=4
19184279418835232,IsAttenMask=0 + DeterType=4
19184279418835360,IsAttenMask=0 + DeterType=4
19184279418835364,IsAttenMask=0 + DeterType=4
19184279418835488,IsAttenMask=0 + DeterType=4
19184279418835616,IsAttenMask=0 + DeterType=4
19184279418835620,IsAttenMask=0 + DeterType=4
19184279418835744,IsAttenMask=0 + DeterType=4
19184279418835872,IsAttenMask=0 + DeterType=4
19184279418835876,IsAttenMask=0 + DeterType=4
19184279955705888,IsAttenMask=0 + DeterType=4
19184279955706016,IsAttenMask=0 + DeterType=4
19184279955706020,IsAttenMask=0 + DeterType=4
19184279955706144,IsAttenMask=0 + DeterType=4
19184279955706272,IsAttenMask=0 + DeterType=4
19184279955706276,IsAttenMask=0 + DeterType=4
19184279955706400,IsAttenMask=0 + DeterType=4
19184279955706528,IsAttenMask=0 + DeterType=4
19184279955706532,IsAttenMask=0 + DeterType=4
19184279955706656,IsAttenMask=0 + DeterType=4
19184279955706784,IsAttenMask=0 + DeterType=4
19184279955706788,IsAttenMask=0 + DeterType=4
19184280492576800,IsAttenMask=0 + DeterType=4
19184280492576928,IsAttenMask=0 + DeterType=4
19184280492576932,IsAttenMask=0 + DeterType=4
19184280492577056,IsAttenMask=0 + DeterType=4
19184280492577184,IsAttenMask=0 + DeterType=4
19184280492577188,IsAttenMask=0 + DeterType=4 | SplitAxis=5 + IsDrop=1 + DTemplateNum=192
19184280492577312,IsAttenMask=0 + DeterType=4
19184280492577440,IsAttenMask=0 + DeterType=4
19184280492577444,IsAttenMask=0 + DeterType=4
19184280492577568,IsAttenMask=0 + DeterType=4
19184280492577696,IsAttenMask=0 + DeterType=4
19184280492577700,IsAttenMask=0 + DeterType=4 | SplitAxis=5 + IsDrop=1 + DTemplateNum=192
19184280492578212,SplitAxis=5 + IsDrop=1 + DTemplateNum=192
19184280492578724,SplitAxis=5 + IsDrop=1 + DTemplateNum=192
19184281029447712,IsAttenMask=0 + DeterType=4
19184281029447840,IsAttenMask=0 + DeterType=4
19184281029447844,IsAttenMask=0 + DeterType=4
19184281029447968,IsAttenMask=0 + DeterType=4
19184281029448096,IsAttenMask=0 + DeterType=4
19184281029448100,IsAttenMask=0 + DeterType=4 | SplitAxis=5 + IsDrop=1 + DTemplateNum=256
19184281029448224,IsAttenMask=0 + DeterType=4
19184281029448352,IsAttenMask=0 + DeterType=4
19184281029448356,IsAttenMask=0 + DeterType=4
19184281029448480,IsAttenMask=0 + DeterType=4
19184281029448608,IsAttenMask=0 + DeterType=4
19184281029448612,IsAttenMask=0 + DeterType=4 | SplitAxis=5 + IsDrop=1 + DTemplateNum=256
19184281029449124,SplitAxis=5 + IsDrop=1 + DTemplateNum=256
19184281029449636,SplitAxis=5 + IsDrop=1 + DTemplateNum=256
19184281566318624,IsAttenMask=0 + DeterType=4
19184281566318752,IsAttenMask=0 + DeterType=4
19184281566318756,IsAttenMask=0 + DeterType=4
19184281566318880,IsAttenMask=0 + DeterType=4
19184281566319008,IsAttenMask=0 + DeterType=4
19184281566319012,IsAttenMask=0 + DeterType=4 | SplitAxis=5 + IsDrop=1 + DTemplateNum=768
19184281566319136,IsAttenMask=0 + DeterType=4
19184281566319264,IsAttenMask=0 + DeterType=4
19184281566319268,IsAttenMask=0 + DeterType=4
19184281566319392,IsAttenMask=0 + DeterType=4
19184281566319520,IsAttenMask=0 + DeterType=4
19184281566319524,IsAttenMask=0 + DeterType=4 | SplitAxis=5 + IsDrop=1 + DTemplateNum=768
19184281566320036,SplitAxis=5 + IsDrop=1 + DTemplateNum=768
19184281566320548,SplitAxis=5 + IsDrop=1 + DTemplateNum=768
19210667697901730,IsTnd=1 + IsBn2MultiBlk=1
19210667697901986,IsTnd=1 + IsBn2MultiBlk=1
19210667697902242,IsTnd=1 + IsBn2MultiBlk=1
19210667697902498,IsTnd=1 + IsBn2MultiBlk=1
19210667697902754,IsTnd=1 + IsBn2MultiBlk=1
19210667697903010,IsTnd=1 + IsBn2MultiBlk=1
19210667697903266,IsTnd=1 + IsBn2MultiBlk=1
19210667697903522,IsTnd=1 + IsBn2MultiBlk=1
19210668234772642,IsTnd=1 + IsBn2MultiBlk=1
19210668234772898,IsTnd=1 + IsBn2MultiBlk=1
19210668234773154,IsTnd=1 + IsBn2MultiBlk=1
19210668234773410,IsTnd=1 + IsBn2MultiBlk=1
19210668234773666,IsTnd=1 + IsBn2MultiBlk=1
19210668234773922,IsTnd=1 + IsBn2MultiBlk=1
19210668234774178,IsTnd=1 + IsBn2MultiBlk=1
19210668234774434,IsTnd=1 + IsBn2MultiBlk=1
19210668771643554,IsTnd=1 + IsBn2MultiBlk=1 | SplitAxis=1 + IsTnd=1 + DTemplateNum=192
19210668771643810,IsTnd=1 + IsBn2MultiBlk=1 | SplitAxis=1 + IsTnd=1 + DTemplateNum=192
19210668771644066,IsTnd=1 + IsBn2MultiBlk=1 | SplitAxis=1 + IsTnd=1 + DTemplateNum=192
19210668771644322,IsTnd=1 + IsBn2MultiBlk=1 | SplitAxis=1 + IsTnd=1 + DTemplateNum=192
19210668771644578,IsTnd=1 + IsBn2MultiBlk=1 | SplitAxis=1 + IsTnd=1 + DTemplateNum=192
19210668771644834,IsTnd=1 + IsBn2MultiBlk=1 | SplitAxis=1 + IsTnd=1 + DTemplateNum=192
19210668771645090,IsTnd=1 + IsBn2MultiBlk=1 | SplitAxis=1 + IsTnd=1 + DTemplateNum=192
19210668771645346,IsTnd=1 + IsBn2MultiBlk=1 | SplitAxis=1 + IsTnd=1 + DTemplateNum=192
19210669308514466,IsTnd=1 + IsBn2MultiBlk=1 | SplitAxis=1 + IsTnd=1 + DTemplateNum=256
19210669308514722,IsTnd=1 + IsBn2MultiBlk=1 | SplitAxis=1 + IsTnd=1 + DTemplateNum=256
19210669308514978,IsTnd=1 + IsBn2MultiBlk=1 | SplitAxis=1 + IsTnd=1 + DTemplateNum=256
19210669308515234,IsTnd=1 + IsBn2MultiBlk=1 | SplitAxis=1 + IsTnd=1 + DTemplateNum=256
19210669308515490,IsTnd=1 + IsBn2MultiBlk=1 | SplitAxis=1 + IsTnd=1 + DTemplateNum=256
19210669308515746,IsTnd=1 + IsBn2MultiBlk=1 | SplitAxis=1 + IsTnd=1 + DTemplateNum=256
19210669308516002,IsTnd=1 + IsBn2MultiBlk=1 | SplitAxis=1 + IsTnd=1 + DTemplateNum=256
19210669308516258,IsTnd=1 + IsBn2MultiBlk=1 | SplitAxis=1 + IsTnd=1 + DTemplateNum=256
19210669845385378,IsTnd=1 + IsBn2MultiBlk=1 | SplitAxis=1 + IsTnd=1 + DTemplateNum=768
19210669845385634,IsTnd=1 + IsBn2MultiBlk=1 | SplitAxis=1 + IsTnd=1 + DTemplateNum=768
19210669845385890,IsTnd=1 + IsBn2MultiBlk=1 | SplitAxis=1 + IsTnd=1 + DTemplateNum=768
19210669845386146,IsTnd=1 + IsBn2MultiBlk=1 | SplitAxis=1 + IsTnd=1 + DTemplateNum=768
19210669845386402,IsTnd=1 + IsBn2MultiBlk=1 | SplitAxis=1 + IsTnd=1 + DTemplateNum=768
19210669845386658,IsTnd=1 + IsBn2MultiBlk=1 | SplitAxis=1 + IsTnd=1 + DTemplateNum=768
19210669845386914,IsTnd=1 + IsBn2MultiBlk=1 | SplitAxis=1 + IsTnd=1 + DTemplateNum=768
19210669845387170,IsTnd=1 + IsBn2MultiBlk=1 | SplitAxis=1 + IsTnd=1 + DTemplateNum=768
19281037515821092,SplitAxis=5 + IsTnd=0 + DTemplateNum=192
19281037515821218,SplitAxis=1 + IsTnd=1 + DTemplateNum=192
19281037515821348,SplitAxis=5 + IsDrop=1 + DTemplateNum=192 | SplitAxis=5 + IsTnd=0 + DTemplateNum=192
19281037515821474,SplitAxis=1 + IsTnd=1 + DTemplateNum=192
19281037515821476,SplitAxis=5 + IsDrop=1 + DTemplateNum=192
19281037515821604,SplitAxis=5 + IsTnd=0 + DTemplateNum=192
19281037515821730,SplitAxis=1 + IsTnd=1 + DTemplateNum=192
19281037515821860,SplitAxis=5 + IsDrop=1 + DTemplateNum=192 | SplitAxis=5 + IsTnd=0 + DTemplateNum=192
19281037515821986,SplitAxis=1 + IsTnd=1 + DTemplateNum=192
19281037515821988,SplitAxis=5 + IsDrop=1 + DTemplateNum=192
19281037515822116,SplitAxis=5 + IsTnd=0 + DTemplateNum=192
19281037515822242,SplitAxis=1 + IsTnd=1 + DTemplateNum=192
19281037515822372,SplitAxis=5 + IsDrop=1 + DTemplateNum=192 | SplitAxis=5 + IsTnd=0 + DTemplateNum=192
19281037515822498,SplitAxis=1 + IsTnd=1 + DTemplateNum=192
19281037515822500,SplitAxis=5 + IsDrop=1 + DTemplateNum=192
19281037515822628,SplitAxis=5 + IsTnd=0 + DTemplateNum=192
19281037515822754,SplitAxis=1 + IsTnd=1 + DTemplateNum=192
19281037515822884,SplitAxis=5 + IsDrop=1 + DTemplateNum=192 | SplitAxis=5 + IsTnd=0 + DTemplateNum=192
19281037515823010,SplitAxis=1 + IsTnd=1 + DTemplateNum=192
19281037515823012,SplitAxis=5 + IsDrop=1 + DTemplateNum=192
19281038052692004,SplitAxis=5 + IsTnd=0 + DTemplateNum=256
19281038052692130,SplitAxis=1 + IsTnd=1 + DTemplateNum=256
19281038052692260,SplitAxis=5 + IsDrop=1 + DTemplateNum=256 | SplitAxis=5 + IsTnd=0 + DTemplateNum=256
19281038052692386,SplitAxis=1 + IsTnd=1 + DTemplateNum=256
19281038052692388,SplitAxis=5 + IsDrop=1 + DTemplateNum=256
19281038052692516,SplitAxis=5 + IsTnd=0 + DTemplateNum=256
19281038052692642,SplitAxis=1 + IsTnd=1 + DTemplateNum=256
19281038052692772,SplitAxis=5 + IsDrop=1 + DTemplateNum=256 | SplitAxis=5 + IsTnd=0 + DTemplateNum=256
19281038052692898,SplitAxis=1 + IsTnd=1 + DTemplateNum=256
19281038052692900,SplitAxis=5 + IsDrop=1 + DTemplateNum=256
19281038052693028,SplitAxis=5 + IsTnd=0 + DTemplateNum=256
19281038052693154,SplitAxis=1 + IsTnd=1 + DTemplateNum=256
19281038052693284,SplitAxis=5 + IsDrop=1 + DTemplateNum=256 | SplitAxis=5 + IsTnd=0 + DTemplateNum=256
19281038052693410,SplitAxis=1 + IsTnd=1 + DTemplateNum=256
19281038052693412,SplitAxis=5 + IsDrop=1 + DTemplateNum=256
19281038052693540,SplitAxis=5 + IsTnd=0 + DTemplateNum=256
19281038052693666,SplitAxis=1 + IsTnd=1 + DTemplateNum=256
19281038052693796,SplitAxis=5 + IsDrop=1 + DTemplateNum=256 | SplitAxis=5 + IsTnd=0 + DTemplateNum=256
19281038052693922,SplitAxis=1 + IsTnd=1 + DTemplateNum=256
19281038052693924,SplitAxis=5 + IsDrop=1 + DTemplateNum=256
19281038589562916,SplitAxis=5 + IsTnd=0 + DTemplateNum=768
19281038589563042,SplitAxis=1 + IsTnd=1 + DTemplateNum=768
19281038589563172,SplitAxis=5 + IsDrop=1 + DTemplateNum=768 | SplitAxis=5 + IsTnd=0 + DTemplateNum=768
19281038589563298,SplitAxis=1 + IsTnd=1 + DTemplateNum=768
19281038589563300,SplitAxis=5 + IsDrop=1 + DTemplateNum=768
19281038589563428,SplitAxis=5 + IsTnd=0 + DTemplateNum=768
19281038589563554,SplitAxis=1 + IsTnd=1 + DTemplateNum=768
19281038589563684,SplitAxis=5 + IsDrop=1 + DTemplateNum=768 | SplitAxis=5 + IsTnd=0 + DTemplateNum=768
19281038589563810,SplitAxis=1 + IsTnd=1 + DTemplateNum=768
19281038589563812,SplitAxis=5 + IsDrop=1 + DTemplateNum=768
19281038589563940,SplitAxis=5 + IsTnd=0 + DTemplateNum=768
19281038589564066,SplitAxis=1 + IsTnd=1 + DTemplateNum=768
19281038589564196,SplitAxis=5 + IsDrop=1 + DTemplateNum=768 | SplitAxis=5 + IsTnd=0 + DTemplateNum=768
19281038589564322,SplitAxis=1 + IsTnd=1 + DTemplateNum=768
19281038589564324,SplitAxis=5 + IsDrop=1 + DTemplateNum=768
19281038589564452,SplitAxis=5 + IsTnd=0 + DTemplateNum=768
19281038589564578,SplitAxis=1 + IsTnd=1 + DTemplateNum=768
19281038589564708,SplitAxis=5 + IsDrop=1 + DTemplateNum=768 | SplitAxis=5 + IsTnd=0 + DTemplateNum=768
19281038589564834,SplitAxis=1 + IsTnd=1 + DTemplateNum=768
19281038589564836,SplitAxis=5 + IsDrop=1 + DTemplateNum=768
19287633511845920,IsAttenMask=0 + DeterType=3
19287633511846048,IsAttenMask=0 + DeterType=3
19287633511846176,IsAttenMask=0 + DeterType=3
19287633511846304,IsAttenMask=0 + DeterType=3
19287633511846432,IsAttenMask=0 + DeterType=3
19287633511846560,IsAttenMask=0 + DeterType=3
19287633511846688,IsAttenMask=0 + DeterType=3
19287633511846816,IsAttenMask=0 + DeterType=3
19287634048716832,IsAttenMask=0 + DeterType=3
19287634048716960,IsAttenMask=0 + DeterType=3
19287634048717088,IsAttenMask=0 + DeterType=3
19287634048717216,IsAttenMask=0 + DeterType=3
19287634048717344,IsAttenMask=0 + DeterType=3
19287634048717472,IsAttenMask=0 + DeterType=3
19287634048717600,IsAttenMask=0 + DeterType=3
19287634048717728,IsAttenMask=0 + DeterType=3
19287634585587744,IsAttenMask=0 + DeterType=3
19287634585587872,IsAttenMask=0 + DeterType=3
19287634585588000,IsAttenMask=0 + DeterType=3
19287634585588128,IsAttenMask=0 + DeterType=3
19287634585588256,IsAttenMask=0 + DeterType=3
19287634585588384,IsAttenMask=0 + DeterType=3
19287634585588512,IsAttenMask=0 + DeterType=3
19287634585588640,IsAttenMask=0 + DeterType=3
19287635122458656,IsAttenMask=0 + DeterType=3
19287635122458784,IsAttenMask=0 + DeterType=3
19287635122458912,IsAttenMask=0 + DeterType=3
19287635122459040,IsAttenMask=0 + DeterType=3
19287635122459168,IsAttenMask=0 + DeterType=3
19287635122459296,IsAttenMask=0 + DeterType=3
19287635122459424,IsAttenMask=0 + DeterType=3
19287635122459552,IsAttenMask=0 + DeterType=3
19287635659329568,IsAttenMask=0 + DeterType=3
19287635659329696,IsAttenMask=0 + DeterType=3
19287635659329824,IsAttenMask=0 + DeterType=3
19287635659329952,IsAttenMask=0 + DeterType=3
19287635659330080,IsAttenMask=0 + DeterType=3
19287635659330208,IsAttenMask=0 + DeterType=3
19287635659330336,IsAttenMask=0 + DeterType=3
19287635659330464,IsAttenMask=0 + DeterType=3
19289832535101472,IsAttenMask=0 + DeterType=4
19289832535101600,IsAttenMask=0 + DeterType=4
19289832535101728,IsAttenMask=0 + DeterType=4
19289832535101856,IsAttenMask=0 + DeterType=4
19289832535101984,IsAttenMask=0 + DeterType=4
19289832535102112,IsAttenMask=0 + DeterType=4
19289832535102240,IsAttenMask=0 + DeterType=4
19289832535102368,IsAttenMask=0 + DeterType=4
19289833071972384,IsAttenMask=0 + DeterType=4
19289833071972512,IsAttenMask=0 + DeterType=4
19289833071972640,IsAttenMask=0 + DeterType=4
19289833071972768,IsAttenMask=0 + DeterType=4
19289833071972896,IsAttenMask=0 + DeterType=4
19289833071973024,IsAttenMask=0 + DeterType=4
19289833071973152,IsAttenMask=0 + DeterType=4
19289833071973280,IsAttenMask=0 + DeterType=4
19289833608843296,IsAttenMask=0 + DeterType=4
19289833608843424,IsAttenMask=0 + DeterType=4
19289833608843552,IsAttenMask=0 + DeterType=4
19289833608843680,IsAttenMask=0 + DeterType=4
19289833608843808,IsAttenMask=0 + DeterType=4
19289833608843936,IsAttenMask=0 + DeterType=4
19289833608844064,IsAttenMask=0 + DeterType=4
19289833608844192,IsAttenMask=0 + DeterType=4
19289834145714208,IsAttenMask=0 + DeterType=4
19289834145714336,IsAttenMask=0 + DeterType=4
19289834145714464,IsAttenMask=0 + DeterType=4
19289834145714592,IsAttenMask=0 + DeterType=4
19289834145714720,IsAttenMask=0 + DeterType=4
19289834145714848,IsAttenMask=0 + DeterType=4
19289834145714976,IsAttenMask=0 + DeterType=4
19289834145715104,IsAttenMask=0 + DeterType=4
19289834682585120,IsAttenMask=0 + DeterType=4
19289834682585248,IsAttenMask=0 + DeterType=4
19289834682585376,IsAttenMask=0 + DeterType=4
19289834682585504,IsAttenMask=0 + DeterType=4
19289834682585632,IsAttenMask=0 + DeterType=4
19289834682585760,IsAttenMask=0 + DeterType=4
19289834682585888,IsAttenMask=0 + DeterType=4
19289834682586016,IsAttenMask=0 + DeterType=4
19320619934421412,SplitAxis=5 + IsDrop=1 + DTemplateNum=192
19320619934421924,SplitAxis=5 + IsDrop=1 + DTemplateNum=192
19320619934422436,SplitAxis=5 + IsDrop=1 + DTemplateNum=192
19320619934422948,SplitAxis=5 + IsDrop=1 + DTemplateNum=192
19320620471292324,SplitAxis=5 + IsDrop=1 + DTemplateNum=256
19320620471292836,SplitAxis=5 + IsDrop=1 + DTemplateNum=256
19320620471293348,SplitAxis=5 + IsDrop=1 + DTemplateNum=256
19320620471293860,SplitAxis=5 + IsDrop=1 + DTemplateNum=256
19320621008163236,SplitAxis=5 + IsDrop=1 + DTemplateNum=768
19320621008163748,SplitAxis=5 + IsDrop=1 + DTemplateNum=768
19320621008164260,SplitAxis=5 + IsDrop=1 + DTemplateNum=768
19320621008164772,SplitAxis=5 + IsDrop=1 + DTemplateNum=768
19322817883934752,IsAttenMask=0 + DeterType=3
19322817883934880,IsAttenMask=0 + DeterType=3
19322817883935008,IsAttenMask=0 + DeterType=3
19322817883935136,IsAttenMask=0 + DeterType=3
19322817883935264,IsAttenMask=0 + DeterType=3
19322817883935392,IsAttenMask=0 + DeterType=3
19322817883935520,IsAttenMask=0 + DeterType=3
19322817883935648,IsAttenMask=0 + DeterType=3
19322818420805664,IsAttenMask=0 + DeterType=3
19322818420805792,IsAttenMask=0 + DeterType=3
19322818420805920,IsAttenMask=0 + DeterType=3
19322818420806048,IsAttenMask=0 + DeterType=3
19322818420806176,IsAttenMask=0 + DeterType=3
19322818420806304,IsAttenMask=0 + DeterType=3
19322818420806432,IsAttenMask=0 + DeterType=3
19322818420806560,IsAttenMask=0 + DeterType=3
19322818957676576,IsAttenMask=0 + DeterType=3
19322818957676704,IsAttenMask=0 + DeterType=3
19322818957676832,IsAttenMask=0 + DeterType=3
19322818957676960,IsAttenMask=0 + DeterType=3
19322818957677088,IsAttenMask=0 + DeterType=3
19322818957677216,IsAttenMask=0 + DeterType=3
19322818957677344,IsAttenMask=0 + DeterType=3
19322818957677472,IsAttenMask=0 + DeterType=3
19322819494547488,IsAttenMask=0 + DeterType=3
19322819494547616,IsAttenMask=0 + DeterType=3
19322819494547744,IsAttenMask=0 + DeterType=3
19322819494547872,IsAttenMask=0 + DeterType=3
19322819494548000,IsAttenMask=0 + DeterType=3
19322819494548128,IsAttenMask=0 + DeterType=3
19322819494548256,IsAttenMask=0 + DeterType=3
19322819494548384,IsAttenMask=0 + DeterType=3
19322820031418400,IsAttenMask=0 + DeterType=3
19322820031418528,IsAttenMask=0 + DeterType=3
19322820031418656,IsAttenMask=0 + DeterType=3
19322820031418784,IsAttenMask=0 + DeterType=3
19322820031418912,IsAttenMask=0 + DeterType=3
19322820031419040,IsAttenMask=0 + DeterType=3
19322820031419168,IsAttenMask=0 + DeterType=3
19322820031419296,IsAttenMask=0 + DeterType=3
19325016907190304,IsAttenMask=0 + DeterType=4
19325016907190432,IsAttenMask=0 + DeterType=4
19325016907190436,IsAttenMask=0 + DeterType=4
19325016907190560,IsAttenMask=0 + DeterType=4
19325016907190688,IsAttenMask=0 + DeterType=4
19325016907190692,IsAttenMask=0 + DeterType=4
19325016907190816,IsAttenMask=0 + DeterType=4
19325016907190944,IsAttenMask=0 + DeterType=4
19325016907190948,IsAttenMask=0 + DeterType=4
19325016907191072,IsAttenMask=0 + DeterType=4
19325016907191200,IsAttenMask=0 + DeterType=4
19325016907191204,IsAttenMask=0 + DeterType=4
19325017444061216,IsAttenMask=0 + DeterType=4
19325017444061344,IsAttenMask=0 + DeterType=4
19325017444061348,IsAttenMask=0 + DeterType=4
19325017444061472,IsAttenMask=0 + DeterType=4
19325017444061600,IsAttenMask=0 + DeterType=4
19325017444061604,IsAttenMask=0 + DeterType=4
19325017444061728,IsAttenMask=0 + DeterType=4
19325017444061856,IsAttenMask=0 + DeterType=4
19325017444061860,IsAttenMask=0 + DeterType=4
19325017444061984,IsAttenMask=0 + DeterType=4
19325017444062112,IsAttenMask=0 + DeterType=4
19325017444062116,IsAttenMask=0 + DeterType=4
19325017980932128,IsAttenMask=0 + DeterType=4
19325017980932256,IsAttenMask=0 + DeterType=4
19325017980932260,IsAttenMask=0 + DeterType=4
19325017980932384,IsAttenMask=0 + DeterType=4
19325017980932512,IsAttenMask=0 + DeterType=4
19325017980932516,IsAttenMask=0 + DeterType=4 | SplitAxis=5 + IsDrop=1 + DTemplateNum=192
19325017980932640,IsAttenMask=0 + DeterType=4
19325017980932768,IsAttenMask=0 + DeterType=4
19325017980932772,IsAttenMask=0 + DeterType=4
19325017980932896,IsAttenMask=0 + DeterType=4
19325017980933024,IsAttenMask=0 + DeterType=4
19325017980933028,IsAttenMask=0 + DeterType=4 | SplitAxis=5 + IsDrop=1 + DTemplateNum=192
19325017980933540,SplitAxis=5 + IsDrop=1 + DTemplateNum=192
19325017980934052,SplitAxis=5 + IsDrop=1 + DTemplateNum=192
19325018517803040,IsAttenMask=0 + DeterType=4
19325018517803168,IsAttenMask=0 + DeterType=4
19325018517803172,IsAttenMask=0 + DeterType=4
19325018517803296,IsAttenMask=0 + DeterType=4
19325018517803424,IsAttenMask=0 + DeterType=4
19325018517803428,IsAttenMask=0 + DeterType=4 | SplitAxis=5 + IsDrop=1 + DTemplateNum=256
19325018517803552,IsAttenMask=0 + DeterType=4
19325018517803680,IsAttenMask=0 + DeterType=4
19325018517803684,IsAttenMask=0 + DeterType=4
19325018517803808,IsAttenMask=0 + DeterType=4
19325018517803936,IsAttenMask=0 + DeterType=4
19325018517803940,IsAttenMask=0 + DeterType=4 | SplitAxis=5 + IsDrop=1 + DTemplateNum=256
19325018517804452,SplitAxis=5 + IsDrop=1 + DTemplateNum=256
19325018517804964,SplitAxis=5 + IsDrop=1 + DTemplateNum=256
19325019054673952,IsAttenMask=0 + DeterType=4
19325019054674080,IsAttenMask=0 + DeterType=4
19325019054674084,IsAttenMask=0 + DeterType=4
19325019054674208,IsAttenMask=0 + DeterType=4
19325019054674336,IsAttenMask=0 + DeterType=4
19325019054674340,IsAttenMask=0 + DeterType=4 | SplitAxis=5 + IsDrop=1 + DTemplateNum=768
19325019054674464,IsAttenMask=0 + DeterType=4
19325019054674592,IsAttenMask=0 + DeterType=4
19325019054674596,IsAttenMask=0 + DeterType=4
19325019054674720,IsAttenMask=0 + DeterType=4
19325019054674848,IsAttenMask=0 + DeterType=4
19325019054674852,IsAttenMask=0 + DeterType=4 | SplitAxis=5 + IsDrop=1 + DTemplateNum=768
19325019054675364,SplitAxis=5 + IsDrop=1 + DTemplateNum=768
19325019054675876,SplitAxis=5 + IsDrop=1 + DTemplateNum=768
19351405186256930,IsBn2MultiBlk=1 + IsDNoEqual=1
19351405186257058,IsBn2MultiBlk=1 + IsDNoEqual=1 | IsTnd=1 + IsBn2MultiBlk=1
19351405186257186,IsBn2MultiBlk=1 + IsDNoEqual=1
19351405186257314,IsBn2MultiBlk=1 + IsDNoEqual=1 | IsTnd=1 + IsBn2MultiBlk=1
19351405186257442,IsBn2MultiBlk=1 + IsDNoEqual=1
19351405186257570,IsBn2MultiBlk=1 + IsDNoEqual=1 | IsTnd=1 + IsBn2MultiBlk=1
19351405186257698,IsBn2MultiBlk=1 + IsDNoEqual=1
19351405186257826,IsBn2MultiBlk=1 + IsDNoEqual=1 | IsTnd=1 + IsBn2MultiBlk=1
19351405186257954,IsBn2MultiBlk=1 + IsDNoEqual=1
19351405186258082,IsBn2MultiBlk=1 + IsDNoEqual=1 | IsTnd=1 + IsBn2MultiBlk=1
19351405186258210,IsBn2MultiBlk=1 + IsDNoEqual=1
19351405186258338,IsBn2MultiBlk=1 + IsDNoEqual=1 | IsTnd=1 + IsBn2MultiBlk=1
19351405186258466,IsBn2MultiBlk=1 + IsDNoEqual=1
19351405186258594,IsBn2MultiBlk=1 + IsDNoEqual=1 | IsTnd=1 + IsBn2MultiBlk=1
19351405186258722,IsBn2MultiBlk=1 + IsDNoEqual=1
19351405186258850,IsBn2MultiBlk=1 + IsDNoEqual=1 | IsTnd=1 + IsBn2MultiBlk=1
19351405723127842,IsBn2MultiBlk=1 + IsDNoEqual=1
19351405723127970,IsBn2MultiBlk=1 + IsDNoEqual=1 | IsTnd=1 + IsBn2MultiBlk=1
19351405723128098,IsBn2MultiBlk=1 + IsDNoEqual=1
19351405723128226,IsBn2MultiBlk=1 + IsDNoEqual=1 | IsTnd=1 + IsBn2MultiBlk=1
19351405723128354,IsBn2MultiBlk=1 + IsDNoEqual=1
19351405723128482,IsBn2MultiBlk=1 + IsDNoEqual=1 | IsTnd=1 + IsBn2MultiBlk=1
19351405723128610,IsBn2MultiBlk=1 + IsDNoEqual=1
19351405723128738,IsBn2MultiBlk=1 + IsDNoEqual=1 | IsTnd=1 + IsBn2MultiBlk=1
19351405723128866,IsBn2MultiBlk=1 + IsDNoEqual=1
19351405723128994,IsBn2MultiBlk=1 + IsDNoEqual=1 | IsTnd=1 + IsBn2MultiBlk=1
19351405723129122,IsBn2MultiBlk=1 + IsDNoEqual=1
19351405723129250,IsBn2MultiBlk=1 + IsDNoEqual=1 | IsTnd=1 + IsBn2MultiBlk=1
19351405723129378,IsBn2MultiBlk=1 + IsDNoEqual=1
19351405723129506,IsBn2MultiBlk=1 + IsDNoEqual=1 | IsTnd=1 + IsBn2MultiBlk=1
19351405723129634,IsBn2MultiBlk=1 + IsDNoEqual=1
19351405723129762,IsBn2MultiBlk=1 + IsDNoEqual=1 | IsTnd=1 + IsBn2MultiBlk=1
19351406259998754,IsBn2MultiBlk=1 + IsDNoEqual=1
19351406259998882,IsBn2MultiBlk=1 + IsDNoEqual=1 | IsTnd=1 + IsBn2MultiBlk=1 | SplitAxis=1 + IsTnd=1 + DTemplateNum=192
19351406259999010,IsBn2MultiBlk=1 + IsDNoEqual=1
19351406259999138,IsBn2MultiBlk=1 + IsDNoEqual=1 | IsTnd=1 + IsBn2MultiBlk=1 | SplitAxis=1 + IsTnd=1 + DTemplateNum=192
19351406259999266,IsBn2MultiBlk=1 + IsDNoEqual=1
19351406259999394,IsBn2MultiBlk=1 + IsDNoEqual=1 | IsTnd=1 + IsBn2MultiBlk=1 | SplitAxis=1 + IsTnd=1 + DTemplateNum=192
19351406259999522,IsBn2MultiBlk=1 + IsDNoEqual=1
19351406259999650,IsBn2MultiBlk=1 + IsDNoEqual=1 | IsTnd=1 + IsBn2MultiBlk=1 | SplitAxis=1 + IsTnd=1 + DTemplateNum=192
19351406259999778,IsBn2MultiBlk=1 + IsDNoEqual=1
19351406259999906,IsBn2MultiBlk=1 + IsDNoEqual=1 | IsTnd=1 + IsBn2MultiBlk=1 | SplitAxis=1 + IsTnd=1 + DTemplateNum=192
19351406260000034,IsBn2MultiBlk=1 + IsDNoEqual=1
19351406260000162,IsBn2MultiBlk=1 + IsDNoEqual=1 | IsTnd=1 + IsBn2MultiBlk=1 | SplitAxis=1 + IsTnd=1 + DTemplateNum=192
19351406260000290,IsBn2MultiBlk=1 + IsDNoEqual=1
19351406260000418,IsBn2MultiBlk=1 + IsDNoEqual=1 | IsTnd=1 + IsBn2MultiBlk=1 | SplitAxis=1 + IsTnd=1 + DTemplateNum=192
19351406260000546,IsBn2MultiBlk=1 + IsDNoEqual=1
19351406260000674,IsBn2MultiBlk=1 + IsDNoEqual=1 | IsTnd=1 + IsBn2MultiBlk=1 | SplitAxis=1 + IsTnd=1 + DTemplateNum=192
19351406796869666,IsBn2MultiBlk=1 + IsDNoEqual=1
19351406796869794,IsBn2MultiBlk=1 + IsDNoEqual=1 | IsTnd=1 + IsBn2MultiBlk=1 | SplitAxis=1 + IsTnd=1 + DTemplateNum=256
19351406796869922,IsBn2MultiBlk=1 + IsDNoEqual=1
19351406796870050,IsBn2MultiBlk=1 + IsDNoEqual=1 | IsTnd=1 + IsBn2MultiBlk=1 | SplitAxis=1 + IsTnd=1 + DTemplateNum=256
19351406796870178,IsBn2MultiBlk=1 + IsDNoEqual=1
19351406796870306,IsBn2MultiBlk=1 + IsDNoEqual=1 | IsTnd=1 + IsBn2MultiBlk=1 | SplitAxis=1 + IsTnd=1 + DTemplateNum=256
19351406796870434,IsBn2MultiBlk=1 + IsDNoEqual=1
19351406796870562,IsBn2MultiBlk=1 + IsDNoEqual=1 | IsTnd=1 + IsBn2MultiBlk=1 | SplitAxis=1 + IsTnd=1 + DTemplateNum=256
19351406796870690,IsBn2MultiBlk=1 + IsDNoEqual=1
19351406796870818,IsBn2MultiBlk=1 + IsDNoEqual=1 | IsTnd=1 + IsBn2MultiBlk=1 | SplitAxis=1 + IsTnd=1 + DTemplateNum=256
19351406796870946,IsBn2MultiBlk=1 + IsDNoEqual=1
19351406796871074,IsBn2MultiBlk=1 + IsDNoEqual=1 | IsTnd=1 + IsBn2MultiBlk=1 | SplitAxis=1 + IsTnd=1 + DTemplateNum=256
19351406796871202,IsBn2MultiBlk=1 + IsDNoEqual=1
19351406796871330,IsBn2MultiBlk=1 + IsDNoEqual=1 | IsTnd=1 + IsBn2MultiBlk=1 | SplitAxis=1 + IsTnd=1 + DTemplateNum=256
19351406796871458,IsBn2MultiBlk=1 + IsDNoEqual=1
19351406796871586,IsBn2MultiBlk=1 + IsDNoEqual=1 | IsTnd=1 + IsBn2MultiBlk=1 | SplitAxis=1 + IsTnd=1 + DTemplateNum=256
19351407333740578,IsBn2MultiBlk=1 + IsDNoEqual=1
19351407333740706,IsBn2MultiBlk=1 + IsDNoEqual=1 | IsTnd=1 + IsBn2MultiBlk=1 | SplitAxis=1 + IsTnd=1 + DTemplateNum=768
19351407333740834,IsBn2MultiBlk=1 + IsDNoEqual=1
19351407333740962,IsBn2MultiBlk=1 + IsDNoEqual=1 | IsTnd=1 + IsBn2MultiBlk=1 | SplitAxis=1 + IsTnd=1 + DTemplateNum=768
19351407333741090,IsBn2MultiBlk=1 + IsDNoEqual=1
19351407333741218,IsBn2MultiBlk=1 + IsDNoEqual=1 | IsTnd=1 + IsBn2MultiBlk=1 | SplitAxis=1 + IsTnd=1 + DTemplateNum=768
19351407333741346,IsBn2MultiBlk=1 + IsDNoEqual=1
19351407333741474,IsBn2MultiBlk=1 + IsDNoEqual=1 | IsTnd=1 + IsBn2MultiBlk=1 | SplitAxis=1 + IsTnd=1 + DTemplateNum=768
19351407333741602,IsBn2MultiBlk=1 + IsDNoEqual=1
19351407333741730,IsBn2MultiBlk=1 + IsDNoEqual=1 | IsTnd=1 + IsBn2MultiBlk=1 | SplitAxis=1 + IsTnd=1 + DTemplateNum=768
19351407333741858,IsBn2MultiBlk=1 + IsDNoEqual=1
19351407333741986,IsBn2MultiBlk=1 + IsDNoEqual=1 | IsTnd=1 + IsBn2MultiBlk=1 | SplitAxis=1 + IsTnd=1 + DTemplateNum=768
19351407333742114,IsBn2MultiBlk=1 + IsDNoEqual=1
19351407333742242,IsBn2MultiBlk=1 + IsDNoEqual=1 | IsTnd=1 + IsBn2MultiBlk=1 | SplitAxis=1 + IsTnd=1 + DTemplateNum=768
19351407333742370,IsBn2MultiBlk=1 + IsDNoEqual=1
19351407333742498,IsBn2MultiBlk=1 + IsDNoEqual=1 | IsTnd=1 + IsBn2MultiBlk=1 | SplitAxis=1 + IsTnd=1 + DTemplateNum=768
19421773930434594,IsRope=1 + DTemplateNum=64 | IsRope=1 + IsDNoEqual=0
19421773930434722,IsRope=1 + DTemplateNum=64 | IsRope=1 + IsDNoEqual=0
19421773930434850,IsRope=1 + DTemplateNum=64 | IsRope=1 + IsDNoEqual=0
19421773930434978,IsRope=1 + DTemplateNum=64 | IsRope=1 + IsDNoEqual=0
19421773930435106,IsRope=1 + DTemplateNum=64 | IsRope=1 + IsDNoEqual=0
19421773930435234,IsRope=1 + DTemplateNum=64 | IsRope=1 + IsDNoEqual=0
19421773930435362,IsRope=1 + DTemplateNum=64 | IsRope=1 + IsDNoEqual=0
19421773930435490,IsRope=1 + DTemplateNum=64 | IsRope=1 + IsDNoEqual=0
19421773930435618,IsRope=1 + DTemplateNum=64 | IsRope=1 + IsDNoEqual=0
19421773930435746,IsRope=1 + DTemplateNum=64 | IsRope=1 + IsDNoEqual=0
19421773930435874,IsRope=1 + DTemplateNum=64 | IsRope=1 + IsDNoEqual=0
19421773930436002,IsRope=1 + DTemplateNum=64 | IsRope=1 + IsDNoEqual=0
19421773930436130,IsRope=1 + DTemplateNum=64 | IsRope=1 + IsDNoEqual=0
19421773930436258,IsRope=1 + DTemplateNum=64 | IsRope=1 + IsDNoEqual=0
19421773930436386,IsRope=1 + DTemplateNum=64 | IsRope=1 + IsDNoEqual=0
19421773930436514,IsRope=1 + DTemplateNum=64 | IsRope=1 + IsDNoEqual=0
19421774467305506,IsRope=1 + DTemplateNum=128 | IsRope=1 + IsDNoEqual=0
19421774467305634,IsRope=1 + DTemplateNum=128 | IsRope=1 + IsDNoEqual=0
19421774467305762,IsRope=1 + DTemplateNum=128 | IsRope=1 + IsDNoEqual=0
19421774467305890,IsRope=1 + DTemplateNum=128 | IsRope=1 + IsDNoEqual=0
19421774467306018,IsRope=1 + DTemplateNum=128 | IsRope=1 + IsDNoEqual=0
19421774467306146,IsRope=1 + DTemplateNum=128 | IsRope=1 + IsDNoEqual=0
19421774467306274,IsRope=1 + DTemplateNum=128 | IsRope=1 + IsDNoEqual=0
19421774467306402,IsRope=1 + DTemplateNum=128 | IsRope=1 + IsDNoEqual=0
19421774467306530,IsRope=1 + DTemplateNum=128 | IsRope=1 + IsDNoEqual=0
19421774467306658,IsRope=1 + DTemplateNum=128 | IsRope=1 + IsDNoEqual=0
19421774467306786,IsRope=1 + DTemplateNum=128 | IsRope=1 + IsDNoEqual=0
19421774467306914,IsRope=1 + DTemplateNum=128 | IsRope=1 + IsDNoEqual=0
19421774467307042,IsRope=1 + DTemplateNum=128 | IsRope=1 + IsDNoEqual=0
19421774467307170,IsRope=1 + DTemplateNum=128 | IsRope=1 + IsDNoEqual=0
19421774467307298,IsRope=1 + DTemplateNum=128 | IsRope=1 + IsDNoEqual=0
19421774467307426,IsRope=1 + DTemplateNum=128 | IsRope=1 + IsDNoEqual=0
19421775004176418,IsRope=1 + IsDNoEqual=0
19421775004176546,IsRope=1 + IsDNoEqual=0 | SplitAxis=1 + IsTnd=1 + DTemplateNum=192
19421775004176674,IsRope=1 + IsDNoEqual=0
19421775004176802,IsRope=1 + IsDNoEqual=0 | SplitAxis=1 + IsTnd=1 + DTemplateNum=192
19421775004176930,IsRope=1 + IsDNoEqual=0
19421775004177058,IsRope=1 + IsDNoEqual=0 | SplitAxis=1 + IsTnd=1 + DTemplateNum=192
19421775004177186,IsRope=1 + IsDNoEqual=0
19421775004177314,IsRope=1 + IsDNoEqual=0 | SplitAxis=1 + IsTnd=1 + DTemplateNum=192
19421775004177442,IsRope=1 + IsDNoEqual=0
19421775004177570,IsRope=1 + IsDNoEqual=0 | SplitAxis=1 + IsTnd=1 + DTemplateNum=192
19421775004177698,IsRope=1 + IsDNoEqual=0
19421775004177826,IsRope=1 + IsDNoEqual=0 | SplitAxis=1 + IsTnd=1 + DTemplateNum=192
19421775004177954,IsRope=1 + IsDNoEqual=0
19421775004178082,IsRope=1 + IsDNoEqual=0 | SplitAxis=1 + IsTnd=1 + DTemplateNum=192
19421775004178210,IsRope=1 + IsDNoEqual=0
19421775004178338,IsRope=1 + IsDNoEqual=0 | SplitAxis=1 + IsTnd=1 + DTemplateNum=192
19421775541047330,IsRope=1 + DTemplateNum=256 | IsRope=1 + IsDNoEqual=0
19421775541047458,IsRope=1 + DTemplateNum=256 | IsRope=1 + IsDNoEqual=0 | SplitAxis=1 + IsTnd=1 + DTemplateNum=256
19421775541047586,IsRope=1 + DTemplateNum=256 | IsRope=1 + IsDNoEqual=0
19421775541047714,IsRope=1 + DTemplateNum=256 | IsRope=1 + IsDNoEqual=0 | SplitAxis=1 + IsTnd=1 + DTemplateNum=256
19421775541047842,IsRope=1 + DTemplateNum=256 | IsRope=1 + IsDNoEqual=0
19421775541047970,IsRope=1 + DTemplateNum=256 | IsRope=1 + IsDNoEqual=0 | SplitAxis=1 + IsTnd=1 + DTemplateNum=256
19421775541048098,IsRope=1 + DTemplateNum=256 | IsRope=1 + IsDNoEqual=0
19421775541048226,IsRope=1 + DTemplateNum=256 | IsRope=1 + IsDNoEqual=0 | SplitAxis=1 + IsTnd=1 + DTemplateNum=256
19421775541048354,IsRope=1 + DTemplateNum=256 | IsRope=1 + IsDNoEqual=0
19421775541048482,IsRope=1 + DTemplateNum=256 | IsRope=1 + IsDNoEqual=0 | SplitAxis=1 + IsTnd=1 + DTemplateNum=256
19421775541048610,IsRope=1 + DTemplateNum=256 | IsRope=1 + IsDNoEqual=0
19421775541048738,IsRope=1 + DTemplateNum=256 | IsRope=1 + IsDNoEqual=0 | SplitAxis=1 + IsTnd=1 + DTemplateNum=256
19421775541048866,IsRope=1 + DTemplateNum=256 | IsRope=1 + IsDNoEqual=0
19421775541048994,IsRope=1 + DTemplateNum=256 | IsRope=1 + IsDNoEqual=0 | SplitAxis=1 + IsTnd=1 + DTemplateNum=256
19421775541049122,IsRope=1 + DTemplateNum=256 | IsRope=1 + IsDNoEqual=0
19421775541049250,IsRope=1 + DTemplateNum=256 | IsRope=1 + IsDNoEqual=0 | SplitAxis=1 + IsTnd=1 + DTemplateNum=256
19421776077918242,IsRope=1 + DTemplateNum=768 | IsRope=1 + IsDNoEqual=0
19421776077918370,IsRope=1 + DTemplateNum=768 | IsRope=1 + IsDNoEqual=0 | SplitAxis=1 + IsTnd=1 + DTemplateNum=768
19421776077918498,IsRope=1 + DTemplateNum=768 | IsRope=1 + IsDNoEqual=0
19421776077918626,IsRope=1 + DTemplateNum=768 | IsRope=1 + IsDNoEqual=0 | SplitAxis=1 + IsTnd=1 + DTemplateNum=768
19421776077918754,IsRope=1 + DTemplateNum=768 | IsRope=1 + IsDNoEqual=0
19421776077918882,IsRope=1 + DTemplateNum=768 | IsRope=1 + IsDNoEqual=0 | SplitAxis=1 + IsTnd=1 + DTemplateNum=768
19421776077919010,IsRope=1 + DTemplateNum=768 | IsRope=1 + IsDNoEqual=0
19421776077919138,IsRope=1 + DTemplateNum=768 | IsRope=1 + IsDNoEqual=0 | SplitAxis=1 + IsTnd=1 + DTemplateNum=768
19421776077919266,IsRope=1 + DTemplateNum=768 | IsRope=1 + IsDNoEqual=0
19421776077919394,IsRope=1 + DTemplateNum=768 | IsRope=1 + IsDNoEqual=0 | SplitAxis=1 + IsTnd=1 + DTemplateNum=768
19421776077919522,IsRope=1 + DTemplateNum=768 | IsRope=1 + IsDNoEqual=0
19421776077919650,IsRope=1 + DTemplateNum=768 | IsRope=1 + IsDNoEqual=0 | SplitAxis=1 + IsTnd=1 + DTemplateNum=768
19421776077919778,IsRope=1 + DTemplateNum=768 | IsRope=1 + IsDNoEqual=0
19421776077919906,IsRope=1 + DTemplateNum=768 | IsRope=1 + IsDNoEqual=0 | SplitAxis=1 + IsTnd=1 + DTemplateNum=768
19421776077920034,IsRope=1 + DTemplateNum=768 | IsRope=1 + IsDNoEqual=0
19421776077920162,IsRope=1 + DTemplateNum=768 | IsRope=1 + IsDNoEqual=0 | SplitAxis=1 + IsTnd=1 + DTemplateNum=768
19492142674612258,IsRope=1 + DTemplateNum=64 | IsRope=1 + IsDNoEqual=0 | IsBn2MultiBlk=1 + IsRope=1
19492142674612386,IsRope=1 + DTemplateNum=64 | IsRope=1 + IsDNoEqual=0 | IsBn2MultiBlk=1 + IsRope=1 | IsTnd=1 + IsBn2MultiBlk=1
19492142674612514,IsRope=1 + DTemplateNum=64 | IsRope=1 + IsDNoEqual=0 | IsBn2MultiBlk=1 + IsRope=1
19492142674612642,IsRope=1 + DTemplateNum=64 | IsRope=1 + IsDNoEqual=0 | IsBn2MultiBlk=1 + IsRope=1 | IsTnd=1 + IsBn2MultiBlk=1
19492142674612770,IsRope=1 + DTemplateNum=64 | IsRope=1 + IsDNoEqual=0 | IsBn2MultiBlk=1 + IsRope=1
19492142674612898,IsRope=1 + DTemplateNum=64 | IsRope=1 + IsDNoEqual=0 | IsBn2MultiBlk=1 + IsRope=1 | IsTnd=1 + IsBn2MultiBlk=1
19492142674613026,IsRope=1 + DTemplateNum=64 | IsRope=1 + IsDNoEqual=0 | IsBn2MultiBlk=1 + IsRope=1
19492142674613154,IsRope=1 + DTemplateNum=64 | IsRope=1 + IsDNoEqual=0 | IsBn2MultiBlk=1 + IsRope=1 | IsTnd=1 + IsBn2MultiBlk=1
19492142674613282,IsRope=1 + DTemplateNum=64 | IsRope=1 + IsDNoEqual=0 | IsBn2MultiBlk=1 + IsRope=1
19492142674613410,IsRope=1 + DTemplateNum=64 | IsRope=1 + IsDNoEqual=0 | IsBn2MultiBlk=1 + IsRope=1 | IsTnd=1 + IsBn2MultiBlk=1
19492142674613538,IsRope=1 + DTemplateNum=64 | IsRope=1 + IsDNoEqual=0 | IsBn2MultiBlk=1 + IsRope=1
19492142674613666,IsRope=1 + DTemplateNum=64 | IsRope=1 + IsDNoEqual=0 | IsBn2MultiBlk=1 + IsRope=1 | IsTnd=1 + IsBn2MultiBlk=1
19492142674613794,IsRope=1 + DTemplateNum=64 | IsRope=1 + IsDNoEqual=0 | IsBn2MultiBlk=1 + IsRope=1
19492142674613922,IsRope=1 + DTemplateNum=64 | IsRope=1 + IsDNoEqual=0 | IsBn2MultiBlk=1 + IsRope=1 | IsTnd=1 + IsBn2MultiBlk=1
19492142674614050,IsRope=1 + DTemplateNum=64 | IsRope=1 + IsDNoEqual=0 | IsBn2MultiBlk=1 + IsRope=1
19492142674614178,IsRope=1 + DTemplateNum=64 | IsRope=1 + IsDNoEqual=0 | IsBn2MultiBlk=1 + IsRope=1 | IsTnd=1 + IsBn2MultiBlk=1
19492143211483170,IsRope=1 + DTemplateNum=128 | IsRope=1 + IsDNoEqual=0 | IsBn2MultiBlk=1 + IsRope=1
19492143211483298,IsRope=1 + DTemplateNum=128 | IsRope=1 + IsDNoEqual=0 | IsBn2MultiBlk=1 + IsRope=1 | IsTnd=1 + IsBn2MultiBlk=1
19492143211483426,IsRope=1 + DTemplateNum=128 | IsRope=1 + IsDNoEqual=0 | IsBn2MultiBlk=1 + IsRope=1
19492143211483554,IsRope=1 + DTemplateNum=128 | IsRope=1 + IsDNoEqual=0 | IsBn2MultiBlk=1 + IsRope=1 | IsTnd=1 + IsBn2MultiBlk=1
19492143211483682,IsRope=1 + DTemplateNum=128 | IsRope=1 + IsDNoEqual=0 | IsBn2MultiBlk=1 + IsRope=1
19492143211483810,IsRope=1 + DTemplateNum=128 | IsRope=1 + IsDNoEqual=0 | IsBn2MultiBlk=1 + IsRope=1 | IsTnd=1 + IsBn2MultiBlk=1
19492143211483938,IsRope=1 + DTemplateNum=128 | IsRope=1 + IsDNoEqual=0 | IsBn2MultiBlk=1 + IsRope=1
19492143211484066,IsRope=1 + DTemplateNum=128 | IsRope=1 + IsDNoEqual=0 | IsBn2MultiBlk=1 + IsRope=1 | IsTnd=1 + IsBn2MultiBlk=1
19492143211484194,IsRope=1 + DTemplateNum=128 | IsRope=1 + IsDNoEqual=0 | IsBn2MultiBlk=1 + IsRope=1
19492143211484322,IsRope=1 + DTemplateNum=128 | IsRope=1 + IsDNoEqual=0 | IsBn2MultiBlk=1 + IsRope=1 | IsTnd=1 + IsBn2MultiBlk=1
19492143211484450,IsRope=1 + DTemplateNum=128 | IsRope=1 + IsDNoEqual=0 | IsBn2MultiBlk=1 + IsRope=1
19492143211484578,IsRope=1 + DTemplateNum=128 | IsRope=1 + IsDNoEqual=0 | IsBn2MultiBlk=1 + IsRope=1 | IsTnd=1 + IsBn2MultiBlk=1
19492143211484706,IsRope=1 + DTemplateNum=128 | IsRope=1 + IsDNoEqual=0 | IsBn2MultiBlk=1 + IsRope=1
19492143211484834,IsRope=1 + DTemplateNum=128 | IsRope=1 + IsDNoEqual=0 | IsBn2MultiBlk=1 + IsRope=1 | IsTnd=1 + IsBn2MultiBlk=1
19492143211484962,IsRope=1 + DTemplateNum=128 | IsRope=1 + IsDNoEqual=0 | IsBn2MultiBlk=1 + IsRope=1
19492143211485090,IsRope=1 + DTemplateNum=128 | IsRope=1 + IsDNoEqual=0 | IsBn2MultiBlk=1 + IsRope=1 | IsTnd=1 + IsBn2MultiBlk=1
19492143748354082,IsRope=1 + IsDNoEqual=0 | IsBn2MultiBlk=1 + IsRope=1
19492143748354210,IsRope=1 + IsDNoEqual=0 | IsBn2MultiBlk=1 + IsRope=1 | IsTnd=1 + IsBn2MultiBlk=1 | SplitAxis=1 + IsTnd=1 + DTemplateNum=192
19492143748354338,IsRope=1 + IsDNoEqual=0 | IsBn2MultiBlk=1 + IsRope=1
19492143748354466,IsRope=1 + IsDNoEqual=0 | IsBn2MultiBlk=1 + IsRope=1 | IsTnd=1 + IsBn2MultiBlk=1 | SplitAxis=1 + IsTnd=1 + DTemplateNum=192
19492143748354594,IsRope=1 + IsDNoEqual=0 | IsBn2MultiBlk=1 + IsRope=1
19492143748354722,IsRope=1 + IsDNoEqual=0 | IsBn2MultiBlk=1 + IsRope=1 | IsTnd=1 + IsBn2MultiBlk=1 | SplitAxis=1 + IsTnd=1 + DTemplateNum=192
19492143748354850,IsRope=1 + IsDNoEqual=0 | IsBn2MultiBlk=1 + IsRope=1
19492143748354978,IsRope=1 + IsDNoEqual=0 | IsBn2MultiBlk=1 + IsRope=1 | IsTnd=1 + IsBn2MultiBlk=1 | SplitAxis=1 + IsTnd=1 + DTemplateNum=192
19492143748355106,IsRope=1 + IsDNoEqual=0 | IsBn2MultiBlk=1 + IsRope=1
19492143748355234,IsRope=1 + IsDNoEqual=0 | IsBn2MultiBlk=1 + IsRope=1 | IsTnd=1 + IsBn2MultiBlk=1 | SplitAxis=1 + IsTnd=1 + DTemplateNum=192
19492143748355362,IsRope=1 + IsDNoEqual=0 | IsBn2MultiBlk=1 + IsRope=1
19492143748355490,IsRope=1 + IsDNoEqual=0 | IsBn2MultiBlk=1 + IsRope=1 | IsTnd=1 + IsBn2MultiBlk=1 | SplitAxis=1 + IsTnd=1 + DTemplateNum=192
19492143748355618,IsRope=1 + IsDNoEqual=0 | IsBn2MultiBlk=1 + IsRope=1
19492143748355746,IsRope=1 + IsDNoEqual=0 | IsBn2MultiBlk=1 + IsRope=1 | IsTnd=1 + IsBn2MultiBlk=1 | SplitAxis=1 + IsTnd=1 + DTemplateNum=192
19492143748355874,IsRope=1 + IsDNoEqual=0 | IsBn2MultiBlk=1 + IsRope=1
19492143748356002,IsRope=1 + IsDNoEqual=0 | IsBn2MultiBlk=1 + IsRope=1 | IsTnd=1 + IsBn2MultiBlk=1 | SplitAxis=1 + IsTnd=1 + DTemplateNum=192
19492144285224994,IsRope=1 + DTemplateNum=256 | IsRope=1 + IsDNoEqual=0 | IsBn2MultiBlk=1 + IsRope=1
19492144285225122,IsRope=1 + DTemplateNum=256 | IsRope=1 + IsDNoEqual=0 | IsBn2MultiBlk=1 + IsRope=1 | IsTnd=1 + IsBn2MultiBlk=1 | SplitAxis=1 + IsTnd=1 + DTemplateNum=256
19492144285225250,IsRope=1 + DTemplateNum=256 | IsRope=1 + IsDNoEqual=0 | IsBn2MultiBlk=1 + IsRope=1
19492144285225378,IsRope=1 + DTemplateNum=256 | IsRope=1 + IsDNoEqual=0 | IsBn2MultiBlk=1 + IsRope=1 | IsTnd=1 + IsBn2MultiBlk=1 | SplitAxis=1 + IsTnd=1 + DTemplateNum=256
19492144285225506,IsRope=1 + DTemplateNum=256 | IsRope=1 + IsDNoEqual=0 | IsBn2MultiBlk=1 + IsRope=1
19492144285225634,IsRope=1 + DTemplateNum=256 | IsRope=1 + IsDNoEqual=0 | IsBn2MultiBlk=1 + IsRope=1 | IsTnd=1 + IsBn2MultiBlk=1 | SplitAxis=1 + IsTnd=1 + DTemplateNum=256
19492144285225762,IsRope=1 + DTemplateNum=256 | IsRope=1 + IsDNoEqual=0 | IsBn2MultiBlk=1 + IsRope=1
19492144285225890,IsRope=1 + DTemplateNum=256 | IsRope=1 + IsDNoEqual=0 | IsBn2MultiBlk=1 + IsRope=1 | IsTnd=1 + IsBn2MultiBlk=1 | SplitAxis=1 + IsTnd=1 + DTemplateNum=256
19492144285226018,IsRope=1 + DTemplateNum=256 | IsRope=1 + IsDNoEqual=0 | IsBn2MultiBlk=1 + IsRope=1
19492144285226146,IsRope=1 + DTemplateNum=256 | IsRope=1 + IsDNoEqual=0 | IsBn2MultiBlk=1 + IsRope=1 | IsTnd=1 + IsBn2MultiBlk=1 | SplitAxis=1 + IsTnd=1 + DTemplateNum=256
19492144285226274,IsRope=1 + DTemplateNum=256 | IsRope=1 + IsDNoEqual=0 | IsBn2MultiBlk=1 + IsRope=1
19492144285226402,IsRope=1 + DTemplateNum=256 | IsRope=1 + IsDNoEqual=0 | IsBn2MultiBlk=1 + IsRope=1 | IsTnd=1 + IsBn2MultiBlk=1 | SplitAxis=1 + IsTnd=1 + DTemplateNum=256
19492144285226530,IsRope=1 + DTemplateNum=256 | IsRope=1 + IsDNoEqual=0 | IsBn2MultiBlk=1 + IsRope=1
19492144285226658,IsRope=1 + DTemplateNum=256 | IsRope=1 + IsDNoEqual=0 | IsBn2MultiBlk=1 + IsRope=1 | IsTnd=1 + IsBn2MultiBlk=1 | SplitAxis=1 + IsTnd=1 + DTemplateNum=256
19492144285226786,IsRope=1 + DTemplateNum=256 | IsRope=1 + IsDNoEqual=0 | IsBn2MultiBlk=1 + IsRope=1
19492144285226914,IsRope=1 + DTemplateNum=256 | IsRope=1 + IsDNoEqual=0 | IsBn2MultiBlk=1 + IsRope=1 | IsTnd=1 + IsBn2MultiBlk=1 | SplitAxis=1 + IsTnd=1 + DTemplateNum=256
19492144822095906,IsRope=1 + DTemplateNum=768 | IsRope=1 + IsDNoEqual=0 | IsBn2MultiBlk=1 + IsRope=1
19492144822096034,IsRope=1 + DTemplateNum=768 | IsRope=1 + IsDNoEqual=0 | IsBn2MultiBlk=1 + IsRope=1 | IsTnd=1 + IsBn2MultiBlk=1 | SplitAxis=1 + IsTnd=1 + DTemplateNum=768
19492144822096162,IsRope=1 + DTemplateNum=768 | IsRope=1 + IsDNoEqual=0 | IsBn2MultiBlk=1 + IsRope=1
19492144822096290,IsRope=1 + DTemplateNum=768 | IsRope=1 + IsDNoEqual=0 | IsBn2MultiBlk=1 + IsRope=1 | IsTnd=1 + IsBn2MultiBlk=1 | SplitAxis=1 + IsTnd=1 + DTemplateNum=768
19492144822096418,IsRope=1 + DTemplateNum=768 | IsRope=1 + IsDNoEqual=0 | IsBn2MultiBlk=1 + IsRope=1
19492144822096546,IsRope=1 + DTemplateNum=768 | IsRope=1 + IsDNoEqual=0 | IsBn2MultiBlk=1 + IsRope=1 | IsTnd=1 + IsBn2MultiBlk=1 | SplitAxis=1 + IsTnd=1 + DTemplateNum=768
19492144822096674,IsRope=1 + DTemplateNum=768 | IsRope=1 + IsDNoEqual=0 | IsBn2MultiBlk=1 + IsRope=1
19492144822096802,IsRope=1 + DTemplateNum=768 | IsRope=1 + IsDNoEqual=0 | IsBn2MultiBlk=1 + IsRope=1 | IsTnd=1 + IsBn2MultiBlk=1 | SplitAxis=1 + IsTnd=1 + DTemplateNum=768
19492144822096930,IsRope=1 + DTemplateNum=768 | IsRope=1 + IsDNoEqual=0 | IsBn2MultiBlk=1 + IsRope=1
19492144822097058,IsRope=1 + DTemplateNum=768 | IsRope=1 + IsDNoEqual=0 | IsBn2MultiBlk=1 + IsRope=1 | IsTnd=1 + IsBn2MultiBlk=1 | SplitAxis=1 + IsTnd=1 + DTemplateNum=768
19492144822097186,IsRope=1 + DTemplateNum=768 | IsRope=1 + IsDNoEqual=0 | IsBn2MultiBlk=1 + IsRope=1
19492144822097314,IsRope=1 + DTemplateNum=768 | IsRope=1 + IsDNoEqual=0 | IsBn2MultiBlk=1 + IsRope=1 | IsTnd=1 + IsBn2MultiBlk=1 | SplitAxis=1 + IsTnd=1 + DTemplateNum=768
19492144822097442,IsRope=1 + DTemplateNum=768 | IsRope=1 + IsDNoEqual=0 | IsBn2MultiBlk=1 + IsRope=1
19492144822097570,IsRope=1 + DTemplateNum=768 | IsRope=1 + IsDNoEqual=0 | IsBn2MultiBlk=1 + IsRope=1 | IsTnd=1 + IsBn2MultiBlk=1 | SplitAxis=1 + IsTnd=1 + DTemplateNum=768
19492144822097698,IsRope=1 + DTemplateNum=768 | IsRope=1 + IsDNoEqual=0 | IsBn2MultiBlk=1 + IsRope=1
19492144822097826,IsRope=1 + DTemplateNum=768 | IsRope=1 + IsDNoEqual=0 | IsBn2MultiBlk=1 + IsRope=1 | IsTnd=1 + IsBn2MultiBlk=1 | SplitAxis=1 + IsTnd=1 + DTemplateNum=768
19562511418789922,IsRope=1 + DTemplateNum=64
19562511418790050,IsRope=1 + DTemplateNum=64
19562511418790178,IsRope=1 + DTemplateNum=64
19562511418790306,IsRope=1 + DTemplateNum=64
19562511418790434,IsRope=1 + DTemplateNum=64
19562511418790562,IsRope=1 + DTemplateNum=64
19562511418790690,IsRope=1 + DTemplateNum=64
19562511418790818,IsRope=1 + DTemplateNum=64
19562511418790946,IsRope=1 + DTemplateNum=64
19562511418791074,IsRope=1 + DTemplateNum=64
19562511418791202,IsRope=1 + DTemplateNum=64
19562511418791330,IsRope=1 + DTemplateNum=64
19562511418791458,IsRope=1 + DTemplateNum=64
19562511418791586,IsRope=1 + DTemplateNum=64
19562511418791714,IsRope=1 + DTemplateNum=64
19562511418791842,IsRope=1 + DTemplateNum=64
19562511955660834,IsRope=1 + DTemplateNum=128
19562511955660962,IsRope=1 + DTemplateNum=128
19562511955661090,IsRope=1 + DTemplateNum=128
19562511955661218,IsRope=1 + DTemplateNum=128
19562511955661346,IsRope=1 + DTemplateNum=128
19562511955661474,IsRope=1 + DTemplateNum=128
19562511955661602,IsRope=1 + DTemplateNum=128
19562511955661730,IsRope=1 + DTemplateNum=128
19562511955661858,IsRope=1 + DTemplateNum=128
19562511955661986,IsRope=1 + DTemplateNum=128
19562511955662114,IsRope=1 + DTemplateNum=128
19562511955662242,IsRope=1 + DTemplateNum=128
19562511955662370,IsRope=1 + DTemplateNum=128
19562511955662498,IsRope=1 + DTemplateNum=128
19562511955662626,IsRope=1 + DTemplateNum=128
19562511955662754,IsRope=1 + DTemplateNum=128
19562512492531874,SplitAxis=1 + IsTnd=1 + DTemplateNum=192
19562512492532130,SplitAxis=1 + IsTnd=1 + DTemplateNum=192
19562512492532386,SplitAxis=1 + IsTnd=1 + DTemplateNum=192
19562512492532642,SplitAxis=1 + IsTnd=1 + DTemplateNum=192
19562512492532898,SplitAxis=1 + IsTnd=1 + DTemplateNum=192
19562512492533154,SplitAxis=1 + IsTnd=1 + DTemplateNum=192
19562512492533410,SplitAxis=1 + IsTnd=1 + DTemplateNum=192
19562512492533666,SplitAxis=1 + IsTnd=1 + DTemplateNum=192
19562513029402658,IsRope=1 + DTemplateNum=256
19562513029402786,IsRope=1 + DTemplateNum=256 | SplitAxis=1 + IsTnd=1 + DTemplateNum=256
19562513029402914,IsRope=1 + DTemplateNum=256
19562513029403042,IsRope=1 + DTemplateNum=256 | SplitAxis=1 + IsTnd=1 + DTemplateNum=256
19562513029403170,IsRope=1 + DTemplateNum=256
19562513029403298,IsRope=1 + DTemplateNum=256 | SplitAxis=1 + IsTnd=1 + DTemplateNum=256
19562513029403426,IsRope=1 + DTemplateNum=256
19562513029403554,IsRope=1 + DTemplateNum=256 | SplitAxis=1 + IsTnd=1 + DTemplateNum=256
19562513029403682,IsRope=1 + DTemplateNum=256
19562513029403810,IsRope=1 + DTemplateNum=256 | SplitAxis=1 + IsTnd=1 + DTemplateNum=256
19562513029403938,IsRope=1 + DTemplateNum=256
19562513029404066,IsRope=1 + DTemplateNum=256 | SplitAxis=1 + IsTnd=1 + DTemplateNum=256
19562513029404194,IsRope=1 + DTemplateNum=256
19562513029404322,IsRope=1 + DTemplateNum=256 | SplitAxis=1 + IsTnd=1 + DTemplateNum=256
19562513029404450,IsRope=1 + DTemplateNum=256
19562513029404578,IsRope=1 + DTemplateNum=256 | SplitAxis=1 + IsTnd=1 + DTemplateNum=256
19562513566273570,IsRope=1 + DTemplateNum=768
19562513566273698,IsRope=1 + DTemplateNum=768 | SplitAxis=1 + IsTnd=1 + DTemplateNum=768
19562513566273826,IsRope=1 + DTemplateNum=768
19562513566273954,IsRope=1 + DTemplateNum=768 | SplitAxis=1 + IsTnd=1 + DTemplateNum=768
19562513566274082,IsRope=1 + DTemplateNum=768
19562513566274210,IsRope=1 + DTemplateNum=768 | SplitAxis=1 + IsTnd=1 + DTemplateNum=768
19562513566274338,IsRope=1 + DTemplateNum=768
19562513566274466,IsRope=1 + DTemplateNum=768 | SplitAxis=1 + IsTnd=1 + DTemplateNum=768
19562513566274594,IsRope=1 + DTemplateNum=768
19562513566274722,IsRope=1 + DTemplateNum=768 | SplitAxis=1 + IsTnd=1 + DTemplateNum=768
19562513566274850,IsRope=1 + DTemplateNum=768
19562513566274978,IsRope=1 + DTemplateNum=768 | SplitAxis=1 + IsTnd=1 + DTemplateNum=768
19562513566275106,IsRope=1 + DTemplateNum=768
19562513566275234,IsRope=1 + DTemplateNum=768 | SplitAxis=1 + IsTnd=1 + DTemplateNum=768
19562513566275362,IsRope=1 + DTemplateNum=768
19562513566275490,IsRope=1 + DTemplateNum=768 | SplitAxis=1 + IsTnd=1 + DTemplateNum=768
19569109562298400,IsAttenMask=0 + DeterType=3
19569109562298528,IsAttenMask=0 + DeterType=3
19569109562298656,IsAttenMask=0 + DeterType=3
19569109562298784,IsAttenMask=0 + DeterType=3
19569109562298912,IsAttenMask=0 + DeterType=3
19569109562299040,IsAttenMask=0 + DeterType=3
19569109562299168,IsAttenMask=0 + DeterType=3
19569109562299296,IsAttenMask=0 + DeterType=3
19571308585553952,IsAttenMask=0 + DeterType=4
19571308585554080,IsAttenMask=0 + DeterType=4
19571308585554208,IsAttenMask=0 + DeterType=4
19571308585554336,IsAttenMask=0 + DeterType=4
19571308585554464,IsAttenMask=0 + DeterType=4
19571308585554592,IsAttenMask=0 + DeterType=4
19571308585554720,IsAttenMask=0 + DeterType=4
19571308585554848,IsAttenMask=0 + DeterType=4
19604293934387232,IsAttenMask=0 + DeterType=3
19604293934387360,IsAttenMask=0 + DeterType=3
19604293934387488,IsAttenMask=0 + DeterType=3
19604293934387616,IsAttenMask=0 + DeterType=3
19604293934387744,IsAttenMask=0 + DeterType=3
19604293934387872,IsAttenMask=0 + DeterType=3
19604293934388000,IsAttenMask=0 + DeterType=3
19604293934388128,IsAttenMask=0 + DeterType=3
19606492957642784,IsAttenMask=0 + DeterType=4
19606492957642912,IsAttenMask=0 + DeterType=4
19606492957643040,IsAttenMask=0 + DeterType=4
19606492957643168,IsAttenMask=0 + DeterType=4
19606492957643296,IsAttenMask=0 + DeterType=4
19606492957643424,IsAttenMask=0 + DeterType=4
19606492957643552,IsAttenMask=0 + DeterType=4
19606492957643680,IsAttenMask=0 + DeterType=4
19632880162967586,IsRope=1 + DTemplateNum=64 | IsBn2MultiBlk=1 + IsRope=1 | IsBn2MultiBlk=1 + IsDNoEqual=1
19632880162967714,IsRope=1 + DTemplateNum=64 | IsBn2MultiBlk=1 + IsRope=1 | IsBn2MultiBlk=1 + IsDNoEqual=1 | IsTnd=1 + IsBn2MultiBlk=1
19632880162967842,IsRope=1 + DTemplateNum=64 | IsBn2MultiBlk=1 + IsRope=1 | IsBn2MultiBlk=1 + IsDNoEqual=1
19632880162967970,IsRope=1 + DTemplateNum=64 | IsBn2MultiBlk=1 + IsRope=1 | IsBn2MultiBlk=1 + IsDNoEqual=1 | IsTnd=1 + IsBn2MultiBlk=1
19632880162968098,IsRope=1 + DTemplateNum=64 | IsBn2MultiBlk=1 + IsRope=1 | IsBn2MultiBlk=1 + IsDNoEqual=1
19632880162968226,IsRope=1 + DTemplateNum=64 | IsBn2MultiBlk=1 + IsRope=1 | IsBn2MultiBlk=1 + IsDNoEqual=1 | IsTnd=1 + IsBn2MultiBlk=1
19632880162968354,IsRope=1 + DTemplateNum=64 | IsBn2MultiBlk=1 + IsRope=1 | IsBn2MultiBlk=1 + IsDNoEqual=1
19632880162968482,IsRope=1 + DTemplateNum=64 | IsBn2MultiBlk=1 + IsRope=1 | IsBn2MultiBlk=1 + IsDNoEqual=1 | IsTnd=1 + IsBn2MultiBlk=1
19632880162968610,IsRope=1 + DTemplateNum=64 | IsBn2MultiBlk=1 + IsRope=1 | IsBn2MultiBlk=1 + IsDNoEqual=1
19632880162968738,IsRope=1 + DTemplateNum=64 | IsBn2MultiBlk=1 + IsRope=1 | IsBn2MultiBlk=1 + IsDNoEqual=1 | IsTnd=1 + IsBn2MultiBlk=1
19632880162968866,IsRope=1 + DTemplateNum=64 | IsBn2MultiBlk=1 + IsRope=1 | IsBn2MultiBlk=1 + IsDNoEqual=1
19632880162968994,IsRope=1 + DTemplateNum=64 | IsBn2MultiBlk=1 + IsRope=1 | IsBn2MultiBlk=1 + IsDNoEqual=1 | IsTnd=1 + IsBn2MultiBlk=1
19632880162969122,IsRope=1 + DTemplateNum=64 | IsBn2MultiBlk=1 + IsRope=1 | IsBn2MultiBlk=1 + IsDNoEqual=1
19632880162969250,IsRope=1 + DTemplateNum=64 | IsBn2MultiBlk=1 + IsRope=1 | IsBn2MultiBlk=1 + IsDNoEqual=1 | IsTnd=1 + IsBn2MultiBlk=1
19632880162969378,IsRope=1 + DTemplateNum=64 | IsBn2MultiBlk=1 + IsRope=1 | IsBn2MultiBlk=1 + IsDNoEqual=1
19632880162969506,IsRope=1 + DTemplateNum=64 | IsBn2MultiBlk=1 + IsRope=1 | IsBn2MultiBlk=1 + IsDNoEqual=1 | IsTnd=1 + IsBn2MultiBlk=1
19632880699838498,IsRope=1 + DTemplateNum=128 | IsBn2MultiBlk=1 + IsRope=1 | IsBn2MultiBlk=1 + IsDNoEqual=1
19632880699838626,IsRope=1 + DTemplateNum=128 | IsBn2MultiBlk=1 + IsRope=1 | IsBn2MultiBlk=1 + IsDNoEqual=1 | IsTnd=1 + IsBn2MultiBlk=1
19632880699838754,IsRope=1 + DTemplateNum=128 | IsBn2MultiBlk=1 + IsRope=1 | IsBn2MultiBlk=1 + IsDNoEqual=1
19632880699838882,IsRope=1 + DTemplateNum=128 | IsBn2MultiBlk=1 + IsRope=1 | IsBn2MultiBlk=1 + IsDNoEqual=1 | IsTnd=1 + IsBn2MultiBlk=1
19632880699839010,IsRope=1 + DTemplateNum=128 | IsBn2MultiBlk=1 + IsRope=1 | IsBn2MultiBlk=1 + IsDNoEqual=1
19632880699839138,IsRope=1 + DTemplateNum=128 | IsBn2MultiBlk=1 + IsRope=1 | IsBn2MultiBlk=1 + IsDNoEqual=1 | IsTnd=1 + IsBn2MultiBlk=1
19632880699839266,IsRope=1 + DTemplateNum=128 | IsBn2MultiBlk=1 + IsRope=1 | IsBn2MultiBlk=1 + IsDNoEqual=1
19632880699839394,IsRope=1 + DTemplateNum=128 | IsBn2MultiBlk=1 + IsRope=1 | IsBn2MultiBlk=1 + IsDNoEqual=1 | IsTnd=1 + IsBn2MultiBlk=1
19632880699839522,IsRope=1 + DTemplateNum=128 | IsBn2MultiBlk=1 + IsRope=1 | IsBn2MultiBlk=1 + IsDNoEqual=1
19632880699839650,IsRope=1 + DTemplateNum=128 | IsBn2MultiBlk=1 + IsRope=1 | IsBn2MultiBlk=1 + IsDNoEqual=1 | IsTnd=1 + IsBn2MultiBlk=1
19632880699839778,IsRope=1 + DTemplateNum=128 | IsBn2MultiBlk=1 + IsRope=1 | IsBn2MultiBlk=1 + IsDNoEqual=1
19632880699839906,IsRope=1 + DTemplateNum=128 | IsBn2MultiBlk=1 + IsRope=1 | IsBn2MultiBlk=1 + IsDNoEqual=1 | IsTnd=1 + IsBn2MultiBlk=1
19632880699840034,IsRope=1 + DTemplateNum=128 | IsBn2MultiBlk=1 + IsRope=1 | IsBn2MultiBlk=1 + IsDNoEqual=1
19632880699840162,IsRope=1 + DTemplateNum=128 | IsBn2MultiBlk=1 + IsRope=1 | IsBn2MultiBlk=1 + IsDNoEqual=1 | IsTnd=1 + IsBn2MultiBlk=1
19632880699840290,IsRope=1 + DTemplateNum=128 | IsBn2MultiBlk=1 + IsRope=1 | IsBn2MultiBlk=1 + IsDNoEqual=1
19632880699840418,IsRope=1 + DTemplateNum=128 | IsBn2MultiBlk=1 + IsRope=1 | IsBn2MultiBlk=1 + IsDNoEqual=1 | IsTnd=1 + IsBn2MultiBlk=1
19632881236709410,IsBn2MultiBlk=1 + IsRope=1 | IsBn2MultiBlk=1 + IsDNoEqual=1
19632881236709538,IsBn2MultiBlk=1 + IsRope=1 | IsBn2MultiBlk=1 + IsDNoEqual=1 | IsTnd=1 + IsBn2MultiBlk=1 | SplitAxis=1 + IsTnd=1 + DTemplateNum=192
19632881236709666,IsBn2MultiBlk=1 + IsRope=1 | IsBn2MultiBlk=1 + IsDNoEqual=1
19632881236709794,IsBn2MultiBlk=1 + IsRope=1 | IsBn2MultiBlk=1 + IsDNoEqual=1 | IsTnd=1 + IsBn2MultiBlk=1 | SplitAxis=1 + IsTnd=1 + DTemplateNum=192
19632881236709922,IsBn2MultiBlk=1 + IsRope=1 | IsBn2MultiBlk=1 + IsDNoEqual=1
19632881236710050,IsBn2MultiBlk=1 + IsRope=1 | IsBn2MultiBlk=1 + IsDNoEqual=1 | IsTnd=1 + IsBn2MultiBlk=1 | SplitAxis=1 + IsTnd=1 + DTemplateNum=192
19632881236710178,IsBn2MultiBlk=1 + IsRope=1 | IsBn2MultiBlk=1 + IsDNoEqual=1
19632881236710306,IsBn2MultiBlk=1 + IsRope=1 | IsBn2MultiBlk=1 + IsDNoEqual=1 | IsTnd=1 + IsBn2MultiBlk=1 | SplitAxis=1 + IsTnd=1 + DTemplateNum=192
19632881236710434,IsBn2MultiBlk=1 + IsRope=1 | IsBn2MultiBlk=1 + IsDNoEqual=1
19632881236710562,IsBn2MultiBlk=1 + IsRope=1 | IsBn2MultiBlk=1 + IsDNoEqual=1 | IsTnd=1 + IsBn2MultiBlk=1 | SplitAxis=1 + IsTnd=1 + DTemplateNum=192
19632881236710690,IsBn2MultiBlk=1 + IsRope=1 | IsBn2MultiBlk=1 + IsDNoEqual=1
19632881236710818,IsBn2MultiBlk=1 + IsRope=1 | IsBn2MultiBlk=1 + IsDNoEqual=1 | IsTnd=1 + IsBn2MultiBlk=1 | SplitAxis=1 + IsTnd=1 + DTemplateNum=192
19632881236710946,IsBn2MultiBlk=1 + IsRope=1 | IsBn2MultiBlk=1 + IsDNoEqual=1
19632881236711074,IsBn2MultiBlk=1 + IsRope=1 | IsBn2MultiBlk=1 + IsDNoEqual=1 | IsTnd=1 + IsBn2MultiBlk=1 | SplitAxis=1 + IsTnd=1 + DTemplateNum=192
19632881236711202,IsBn2MultiBlk=1 + IsRope=1 | IsBn2MultiBlk=1 + IsDNoEqual=1
19632881236711330,IsBn2MultiBlk=1 + IsRope=1 | IsBn2MultiBlk=1 + IsDNoEqual=1 | IsTnd=1 + IsBn2MultiBlk=1 | SplitAxis=1 + IsTnd=1 + DTemplateNum=192
19632881773580322,IsRope=1 + DTemplateNum=256 | IsBn2MultiBlk=1 + IsRope=1 | IsBn2MultiBlk=1 + IsDNoEqual=1
19632881773580450,IsRope=1 + DTemplateNum=256 | IsBn2MultiBlk=1 + IsRope=1 | IsBn2MultiBlk=1 + IsDNoEqual=1 | IsTnd=1 + IsBn2MultiBlk=1 | SplitAxis=1 + IsTnd=1 + DTemplateNum=256
19632881773580578,IsRope=1 + DTemplateNum=256 | IsBn2MultiBlk=1 + IsRope=1 | IsBn2MultiBlk=1 + IsDNoEqual=1
19632881773580706,IsRope=1 + DTemplateNum=256 | IsBn2MultiBlk=1 + IsRope=1 | IsBn2MultiBlk=1 + IsDNoEqual=1 | IsTnd=1 + IsBn2MultiBlk=1 | SplitAxis=1 + IsTnd=1 + DTemplateNum=256
19632881773580834,IsRope=1 + DTemplateNum=256 | IsBn2MultiBlk=1 + IsRope=1 | IsBn2MultiBlk=1 + IsDNoEqual=1
19632881773580962,IsRope=1 + DTemplateNum=256 | IsBn2MultiBlk=1 + IsRope=1 | IsBn2MultiBlk=1 + IsDNoEqual=1 | IsTnd=1 + IsBn2MultiBlk=1 | SplitAxis=1 + IsTnd=1 + DTemplateNum=256
19632881773581090,IsRope=1 + DTemplateNum=256 | IsBn2MultiBlk=1 + IsRope=1 | IsBn2MultiBlk=1 + IsDNoEqual=1
19632881773581218,IsRope=1 + DTemplateNum=256 | IsBn2MultiBlk=1 + IsRope=1 | IsBn2MultiBlk=1 + IsDNoEqual=1 | IsTnd=1 + IsBn2MultiBlk=1 | SplitAxis=1 + IsTnd=1 + DTemplateNum=256
19632881773581346,IsRope=1 + DTemplateNum=256 | IsBn2MultiBlk=1 + IsRope=1 | IsBn2MultiBlk=1 + IsDNoEqual=1
19632881773581474,IsRope=1 + DTemplateNum=256 | IsBn2MultiBlk=1 + IsRope=1 | IsBn2MultiBlk=1 + IsDNoEqual=1 | IsTnd=1 + IsBn2MultiBlk=1 | SplitAxis=1 + IsTnd=1 + DTemplateNum=256
19632881773581602,IsRope=1 + DTemplateNum=256 | IsBn2MultiBlk=1 + IsRope=1 | IsBn2MultiBlk=1 + IsDNoEqual=1
19632881773581730,IsRope=1 + DTemplateNum=256 | IsBn2MultiBlk=1 + IsRope=1 | IsBn2MultiBlk=1 + IsDNoEqual=1 | IsTnd=1 + IsBn2MultiBlk=1 | SplitAxis=1 + IsTnd=1 + DTemplateNum=256
19632881773581858,IsRope=1 + DTemplateNum=256 | IsBn2MultiBlk=1 + IsRope=1 | IsBn2MultiBlk=1 + IsDNoEqual=1
19632881773581986,IsRope=1 + DTemplateNum=256 | IsBn2MultiBlk=1 + IsRope=1 | IsBn2MultiBlk=1 + IsDNoEqual=1 | IsTnd=1 + IsBn2MultiBlk=1 | SplitAxis=1 + IsTnd=1 + DTemplateNum=256
19632881773582114,IsRope=1 + DTemplateNum=256 | IsBn2MultiBlk=1 + IsRope=1 | IsBn2MultiBlk=1 + IsDNoEqual=1
19632881773582242,IsRope=1 + DTemplateNum=256 | IsBn2MultiBlk=1 + IsRope=1 | IsBn2MultiBlk=1 + IsDNoEqual=1 | IsTnd=1 + IsBn2MultiBlk=1 | SplitAxis=1 + IsTnd=1 + DTemplateNum=256
19632882310451234,IsRope=1 + DTemplateNum=768 | IsBn2MultiBlk=1 + IsRope=1 | IsBn2MultiBlk=1 + IsDNoEqual=1
19632882310451362,IsRope=1 + DTemplateNum=768 | IsBn2MultiBlk=1 + IsRope=1 | IsBn2MultiBlk=1 + IsDNoEqual=1 | IsTnd=1 + IsBn2MultiBlk=1 | SplitAxis=1 + IsTnd=1 + DTemplateNum=768
19632882310451490,IsRope=1 + DTemplateNum=768 | IsBn2MultiBlk=1 + IsRope=1 | IsBn2MultiBlk=1 + IsDNoEqual=1
19632882310451618,IsRope=1 + DTemplateNum=768 | IsBn2MultiBlk=1 + IsRope=1 | IsBn2MultiBlk=1 + IsDNoEqual=1 | IsTnd=1 + IsBn2MultiBlk=1 | SplitAxis=1 + IsTnd=1 + DTemplateNum=768
19632882310451746,IsRope=1 + DTemplateNum=768 | IsBn2MultiBlk=1 + IsRope=1 | IsBn2MultiBlk=1 + IsDNoEqual=1
19632882310451874,IsRope=1 + DTemplateNum=768 | IsBn2MultiBlk=1 + IsRope=1 | IsBn2MultiBlk=1 + IsDNoEqual=1 | IsTnd=1 + IsBn2MultiBlk=1 | SplitAxis=1 + IsTnd=1 + DTemplateNum=768
19632882310452002,IsRope=1 + DTemplateNum=768 | IsBn2MultiBlk=1 + IsRope=1 | IsBn2MultiBlk=1 + IsDNoEqual=1
19632882310452130,IsRope=1 + DTemplateNum=768 | IsBn2MultiBlk=1 + IsRope=1 | IsBn2MultiBlk=1 + IsDNoEqual=1 | IsTnd=1 + IsBn2MultiBlk=1 | SplitAxis=1 + IsTnd=1 + DTemplateNum=768
19632882310452258,IsRope=1 + DTemplateNum=768 | IsBn2MultiBlk=1 + IsRope=1 | IsBn2MultiBlk=1 + IsDNoEqual=1
19632882310452386,IsRope=1 + DTemplateNum=768 | IsBn2MultiBlk=1 + IsRope=1 | IsBn2MultiBlk=1 + IsDNoEqual=1 | IsTnd=1 + IsBn2MultiBlk=1 | SplitAxis=1 + IsTnd=1 + DTemplateNum=768
19632882310452514,IsRope=1 + DTemplateNum=768 | IsBn2MultiBlk=1 + IsRope=1 | IsBn2MultiBlk=1 + IsDNoEqual=1
19632882310452642,IsRope=1 + DTemplateNum=768 | IsBn2MultiBlk=1 + IsRope=1 | IsBn2MultiBlk=1 + IsDNoEqual=1 | IsTnd=1 + IsBn2MultiBlk=1 | SplitAxis=1 + IsTnd=1 + DTemplateNum=768
19632882310452770,IsRope=1 + DTemplateNum=768 | IsBn2MultiBlk=1 + IsRope=1 | IsBn2MultiBlk=1 + IsDNoEqual=1
19632882310452898,IsRope=1 + DTemplateNum=768 | IsBn2MultiBlk=1 + IsRope=1 | IsBn2MultiBlk=1 + IsDNoEqual=1 | IsTnd=1 + IsBn2MultiBlk=1 | SplitAxis=1 + IsTnd=1 + DTemplateNum=768
19632882310453026,IsRope=1 + DTemplateNum=768 | IsBn2MultiBlk=1 + IsRope=1 | IsBn2MultiBlk=1 + IsDNoEqual=1
19632882310453154,IsRope=1 + DTemplateNum=768 | IsBn2MultiBlk=1 + IsRope=1 | IsBn2MultiBlk=1 + IsDNoEqual=1 | IsTnd=1 + IsBn2MultiBlk=1 | SplitAxis=1 + IsTnd=1 + DTemplateNum=768
19703249980887092,SplitAxis=5 + IsTnd=0 + DTemplateNum=192
19703249980887218,SplitAxis=1 + IsTnd=1 + DTemplateNum=192
19703249980887348,SplitAxis=5 + IsDrop=1 + DTemplateNum=192 | SplitAxis=5 + IsTnd=0 + DTemplateNum=192
19703249980887474,SplitAxis=1 + IsTnd=1 + DTemplateNum=192
19703249980887476,SplitAxis=5 + IsDrop=1 + DTemplateNum=192
19703249980887604,SplitAxis=5 + IsTnd=0 + DTemplateNum=192
19703249980887730,SplitAxis=1 + IsTnd=1 + DTemplateNum=192
19703249980887860,SplitAxis=5 + IsDrop=1 + DTemplateNum=192 | SplitAxis=5 + IsTnd=0 + DTemplateNum=192
19703249980887986,SplitAxis=1 + IsTnd=1 + DTemplateNum=192
19703249980887988,SplitAxis=5 + IsDrop=1 + DTemplateNum=192
19703249980888116,SplitAxis=5 + IsTnd=0 + DTemplateNum=192
19703249980888242,SplitAxis=1 + IsTnd=1 + DTemplateNum=192
19703249980888372,SplitAxis=5 + IsDrop=1 + DTemplateNum=192 | SplitAxis=5 + IsTnd=0 + DTemplateNum=192
19703249980888498,SplitAxis=1 + IsTnd=1 + DTemplateNum=192
19703249980888500,SplitAxis=5 + IsDrop=1 + DTemplateNum=192
19703249980888628,SplitAxis=5 + IsTnd=0 + DTemplateNum=192
19703249980888754,SplitAxis=1 + IsTnd=1 + DTemplateNum=192
19703249980888884,SplitAxis=5 + IsDrop=1 + DTemplateNum=192 | SplitAxis=5 + IsTnd=0 + DTemplateNum=192
19703249980889010,SplitAxis=1 + IsTnd=1 + DTemplateNum=192
19703249980889012,SplitAxis=5 + IsDrop=1 + DTemplateNum=192
19703250517758004,SplitAxis=5 + IsTnd=0 + DTemplateNum=256
19703250517758130,SplitAxis=1 + IsTnd=1 + DTemplateNum=256
19703250517758260,SplitAxis=5 + IsDrop=1 + DTemplateNum=256 | SplitAxis=5 + IsTnd=0 + DTemplateNum=256
19703250517758386,SplitAxis=1 + IsTnd=1 + DTemplateNum=256
19703250517758388,SplitAxis=5 + IsDrop=1 + DTemplateNum=256
19703250517758516,SplitAxis=5 + IsTnd=0 + DTemplateNum=256
19703250517758642,SplitAxis=1 + IsTnd=1 + DTemplateNum=256
19703250517758772,SplitAxis=5 + IsDrop=1 + DTemplateNum=256 | SplitAxis=5 + IsTnd=0 + DTemplateNum=256
19703250517758898,SplitAxis=1 + IsTnd=1 + DTemplateNum=256
19703250517758900,SplitAxis=5 + IsDrop=1 + DTemplateNum=256
19703250517759028,SplitAxis=5 + IsTnd=0 + DTemplateNum=256
19703250517759154,SplitAxis=1 + IsTnd=1 + DTemplateNum=256
19703250517759284,SplitAxis=5 + IsDrop=1 + DTemplateNum=256 | SplitAxis=5 + IsTnd=0 + DTemplateNum=256
19703250517759410,SplitAxis=1 + IsTnd=1 + DTemplateNum=256
19703250517759412,SplitAxis=5 + IsDrop=1 + DTemplateNum=256
19703250517759540,SplitAxis=5 + IsTnd=0 + DTemplateNum=256
19703250517759666,SplitAxis=1 + IsTnd=1 + DTemplateNum=256
19703250517759796,SplitAxis=5 + IsDrop=1 + DTemplateNum=256 | SplitAxis=5 + IsTnd=0 + DTemplateNum=256
19703250517759922,SplitAxis=1 + IsTnd=1 + DTemplateNum=256
19703250517759924,SplitAxis=5 + IsDrop=1 + DTemplateNum=256
19703251054628916,SplitAxis=5 + IsTnd=0 + DTemplateNum=768
19703251054629042,SplitAxis=1 + IsTnd=1 + DTemplateNum=768
19703251054629172,SplitAxis=5 + IsDrop=1 + DTemplateNum=768 | SplitAxis=5 + IsTnd=0 + DTemplateNum=768
19703251054629298,SplitAxis=1 + IsTnd=1 + DTemplateNum=768
19703251054629300,SplitAxis=5 + IsDrop=1 + DTemplateNum=768
19703251054629428,SplitAxis=5 + IsTnd=0 + DTemplateNum=768
19703251054629554,SplitAxis=1 + IsTnd=1 + DTemplateNum=768
19703251054629684,SplitAxis=5 + IsDrop=1 + DTemplateNum=768 | SplitAxis=5 + IsTnd=0 + DTemplateNum=768
19703251054629810,SplitAxis=1 + IsTnd=1 + DTemplateNum=768
19703251054629812,SplitAxis=5 + IsDrop=1 + DTemplateNum=768
19703251054629940,SplitAxis=5 + IsTnd=0 + DTemplateNum=768
19703251054630066,SplitAxis=1 + IsTnd=1 + DTemplateNum=768
19703251054630196,SplitAxis=5 + IsDrop=1 + DTemplateNum=768 | SplitAxis=5 + IsTnd=0 + DTemplateNum=768
19703251054630322,SplitAxis=1 + IsTnd=1 + DTemplateNum=768
19703251054630324,SplitAxis=5 + IsDrop=1 + DTemplateNum=768
19703251054630452,SplitAxis=5 + IsTnd=0 + DTemplateNum=768
19703251054630578,SplitAxis=1 + IsTnd=1 + DTemplateNum=768
19703251054630708,SplitAxis=5 + IsDrop=1 + DTemplateNum=768 | SplitAxis=5 + IsTnd=0 + DTemplateNum=768
19703251054630834,SplitAxis=1 + IsTnd=1 + DTemplateNum=768
19703251054630836,SplitAxis=5 + IsDrop=1 + DTemplateNum=768
19709845976911920,IsAttenMask=0 + DeterType=3
19709845976912048,IsAttenMask=0 + DeterType=3
19709845976912176,IsAttenMask=0 + DeterType=3
19709845976912304,IsAttenMask=0 + DeterType=3
19709845976912432,IsAttenMask=0 + DeterType=3
19709845976912560,IsAttenMask=0 + DeterType=3
19709845976912688,IsAttenMask=0 + DeterType=3
19709845976912816,IsAttenMask=0 + DeterType=3
19709846513782832,IsAttenMask=0 + DeterType=3
19709846513782960,IsAttenMask=0 + DeterType=3
19709846513783088,IsAttenMask=0 + DeterType=3
19709846513783216,IsAttenMask=0 + DeterType=3
19709846513783344,IsAttenMask=0 + DeterType=3
19709846513783472,IsAttenMask=0 + DeterType=3
19709846513783600,IsAttenMask=0 + DeterType=3
19709846513783728,IsAttenMask=0 + DeterType=3
19709847050653744,IsAttenMask=0 + DeterType=3
19709847050653872,IsAttenMask=0 + DeterType=3
19709847050654000,IsAttenMask=0 + DeterType=3
19709847050654128,IsAttenMask=0 + DeterType=3
19709847050654256,IsAttenMask=0 + DeterType=3
19709847050654384,IsAttenMask=0 + DeterType=3
19709847050654512,IsAttenMask=0 + DeterType=3
19709847050654640,IsAttenMask=0 + DeterType=3
19709847587524656,IsAttenMask=0 + DeterType=3
19709847587524784,IsAttenMask=0 + DeterType=3
19709847587524912,IsAttenMask=0 + DeterType=3
19709847587525040,IsAttenMask=0 + DeterType=3
19709847587525168,IsAttenMask=0 + DeterType=3
19709847587525296,IsAttenMask=0 + DeterType=3
19709847587525424,IsAttenMask=0 + DeterType=3
19709847587525552,IsAttenMask=0 + DeterType=3
19709848124395568,IsAttenMask=0 + DeterType=3
19709848124395696,IsAttenMask=0 + DeterType=3
19709848124395824,IsAttenMask=0 + DeterType=3
19709848124395952,IsAttenMask=0 + DeterType=3
19709848124396080,IsAttenMask=0 + DeterType=3
19709848124396208,IsAttenMask=0 + DeterType=3
19709848124396336,IsAttenMask=0 + DeterType=3
19709848124396464,IsAttenMask=0 + DeterType=3
19712045000167472,IsAttenMask=0 + DeterType=4
19712045000167600,IsAttenMask=0 + DeterType=4
19712045000167728,IsAttenMask=0 + DeterType=4
19712045000167856,IsAttenMask=0 + DeterType=4
19712045000167984,IsAttenMask=0 + DeterType=4
19712045000168112,IsAttenMask=0 + DeterType=4
19712045000168240,IsAttenMask=0 + DeterType=4
19712045000168368,IsAttenMask=0 + DeterType=4
19712045537038384,IsAttenMask=0 + DeterType=4
19712045537038512,IsAttenMask=0 + DeterType=4
19712045537038640,IsAttenMask=0 + DeterType=4
19712045537038768,IsAttenMask=0 + DeterType=4
19712045537038896,IsAttenMask=0 + DeterType=4
19712045537039024,IsAttenMask=0 + DeterType=4
19712045537039152,IsAttenMask=0 + DeterType=4
19712045537039280,IsAttenMask=0 + DeterType=4
19712046073909296,IsAttenMask=0 + DeterType=4
19712046073909424,IsAttenMask=0 + DeterType=4
19712046073909552,IsAttenMask=0 + DeterType=4
19712046073909680,IsAttenMask=0 + DeterType=4
19712046073909808,IsAttenMask=0 + DeterType=4
19712046073909936,IsAttenMask=0 + DeterType=4
19712046073910064,IsAttenMask=0 + DeterType=4
19712046073910192,IsAttenMask=0 + DeterType=4
19712046610780208,IsAttenMask=0 + DeterType=4
19712046610780336,IsAttenMask=0 + DeterType=4
19712046610780464,IsAttenMask=0 + DeterType=4
19712046610780592,IsAttenMask=0 + DeterType=4
19712046610780720,IsAttenMask=0 + DeterType=4
19712046610780848,IsAttenMask=0 + DeterType=4
19712046610780976,IsAttenMask=0 + DeterType=4
19712046610781104,IsAttenMask=0 + DeterType=4
19712047147651120,IsAttenMask=0 + DeterType=4
19712047147651248,IsAttenMask=0 + DeterType=4
19712047147651376,IsAttenMask=0 + DeterType=4
19712047147651504,IsAttenMask=0 + DeterType=4
19712047147651632,IsAttenMask=0 + DeterType=4
19712047147651760,IsAttenMask=0 + DeterType=4
19712047147651888,IsAttenMask=0 + DeterType=4
19712047147652016,IsAttenMask=0 + DeterType=4
19742832399487412,SplitAxis=5 + IsDrop=1 + DTemplateNum=192
19742832399487924,SplitAxis=5 + IsDrop=1 + DTemplateNum=192
19742832399488436,SplitAxis=5 + IsDrop=1 + DTemplateNum=192
19742832399488948,SplitAxis=5 + IsDrop=1 + DTemplateNum=192
19742832936358324,SplitAxis=5 + IsDrop=1 + DTemplateNum=256
19742832936358836,SplitAxis=5 + IsDrop=1 + DTemplateNum=256
19742832936359348,SplitAxis=5 + IsDrop=1 + DTemplateNum=256
19742832936359860,SplitAxis=5 + IsDrop=1 + DTemplateNum=256
19742833473229236,SplitAxis=5 + IsDrop=1 + DTemplateNum=768
19742833473229748,SplitAxis=5 + IsDrop=1 + DTemplateNum=768
19742833473230260,SplitAxis=5 + IsDrop=1 + DTemplateNum=768
19742833473230772,SplitAxis=5 + IsDrop=1 + DTemplateNum=768
19745030349000752,IsAttenMask=0 + DeterType=3
19745030349000880,IsAttenMask=0 + DeterType=3
19745030349001008,IsAttenMask=0 + DeterType=3
19745030349001136,IsAttenMask=0 + DeterType=3
19745030349001264,IsAttenMask=0 + DeterType=3
19745030349001392,IsAttenMask=0 + DeterType=3
19745030349001520,IsAttenMask=0 + DeterType=3
19745030349001648,IsAttenMask=0 + DeterType=3
19745030885871664,IsAttenMask=0 + DeterType=3
19745030885871792,IsAttenMask=0 + DeterType=3
19745030885871920,IsAttenMask=0 + DeterType=3
19745030885872048,IsAttenMask=0 + DeterType=3
19745030885872176,IsAttenMask=0 + DeterType=3
19745030885872304,IsAttenMask=0 + DeterType=3
19745030885872432,IsAttenMask=0 + DeterType=3
19745030885872560,IsAttenMask=0 + DeterType=3
19745031422742576,IsAttenMask=0 + DeterType=3
19745031422742704,IsAttenMask=0 + DeterType=3
19745031422742832,IsAttenMask=0 + DeterType=3
19745031422742960,IsAttenMask=0 + DeterType=3
19745031422743088,IsAttenMask=0 + DeterType=3
19745031422743216,IsAttenMask=0 + DeterType=3
19745031422743344,IsAttenMask=0 + DeterType=3
19745031422743472,IsAttenMask=0 + DeterType=3
19745031959613488,IsAttenMask=0 + DeterType=3
19745031959613616,IsAttenMask=0 + DeterType=3
19745031959613744,IsAttenMask=0 + DeterType=3
19745031959613872,IsAttenMask=0 + DeterType=3
19745031959614000,IsAttenMask=0 + DeterType=3
19745031959614128,IsAttenMask=0 + DeterType=3
19745031959614256,IsAttenMask=0 + DeterType=3
19745031959614384,IsAttenMask=0 + DeterType=3
19745032496484400,IsAttenMask=0 + DeterType=3
19745032496484528,IsAttenMask=0 + DeterType=3
19745032496484656,IsAttenMask=0 + DeterType=3
19745032496484784,IsAttenMask=0 + DeterType=3
19745032496484912,IsAttenMask=0 + DeterType=3
19745032496485040,IsAttenMask=0 + DeterType=3
19745032496485168,IsAttenMask=0 + DeterType=3
19745032496485296,IsAttenMask=0 + DeterType=3
19747229372256304,IsAttenMask=0 + DeterType=4
19747229372256432,IsAttenMask=0 + DeterType=4
19747229372256436,IsAttenMask=0 + DeterType=4
19747229372256560,IsAttenMask=0 + DeterType=4
19747229372256688,IsAttenMask=0 + DeterType=4
19747229372256692,IsAttenMask=0 + DeterType=4
19747229372256816,IsAttenMask=0 + DeterType=4
19747229372256944,IsAttenMask=0 + DeterType=4
19747229372256948,IsAttenMask=0 + DeterType=4
19747229372257072,IsAttenMask=0 + DeterType=4
19747229372257200,IsAttenMask=0 + DeterType=4
19747229372257204,IsAttenMask=0 + DeterType=4
19747229909127216,IsAttenMask=0 + DeterType=4
19747229909127344,IsAttenMask=0 + DeterType=4
19747229909127348,IsAttenMask=0 + DeterType=4
19747229909127472,IsAttenMask=0 + DeterType=4
19747229909127600,IsAttenMask=0 + DeterType=4
19747229909127604,IsAttenMask=0 + DeterType=4
19747229909127728,IsAttenMask=0 + DeterType=4
19747229909127856,IsAttenMask=0 + DeterType=4
19747229909127860,IsAttenMask=0 + DeterType=4
19747229909127984,IsAttenMask=0 + DeterType=4
19747229909128112,IsAttenMask=0 + DeterType=4
19747229909128116,IsAttenMask=0 + DeterType=4
19747230445998128,IsAttenMask=0 + DeterType=4
19747230445998256,IsAttenMask=0 + DeterType=4
19747230445998260,IsAttenMask=0 + DeterType=4
19747230445998384,IsAttenMask=0 + DeterType=4
19747230445998512,IsAttenMask=0 + DeterType=4
19747230445998516,IsAttenMask=0 + DeterType=4 | SplitAxis=5 + IsDrop=1 + DTemplateNum=192
19747230445998640,IsAttenMask=0 + DeterType=4
19747230445998768,IsAttenMask=0 + DeterType=4
19747230445998772,IsAttenMask=0 + DeterType=4
19747230445998896,IsAttenMask=0 + DeterType=4
19747230445999024,IsAttenMask=0 + DeterType=4
19747230445999028,IsAttenMask=0 + DeterType=4 | SplitAxis=5 + IsDrop=1 + DTemplateNum=192
19747230445999540,SplitAxis=5 + IsDrop=1 + DTemplateNum=192
19747230446000052,SplitAxis=5 + IsDrop=1 + DTemplateNum=192
19747230982869040,IsAttenMask=0 + DeterType=4
19747230982869168,IsAttenMask=0 + DeterType=4
19747230982869172,IsAttenMask=0 + DeterType=4
19747230982869296,IsAttenMask=0 + DeterType=4
19747230982869424,IsAttenMask=0 + DeterType=4
19747230982869428,IsAttenMask=0 + DeterType=4 | SplitAxis=5 + IsDrop=1 + DTemplateNum=256
19747230982869552,IsAttenMask=0 + DeterType=4
19747230982869680,IsAttenMask=0 + DeterType=4
19747230982869684,IsAttenMask=0 + DeterType=4
19747230982869808,IsAttenMask=0 + DeterType=4
19747230982869936,IsAttenMask=0 + DeterType=4
19747230982869940,IsAttenMask=0 + DeterType=4 | SplitAxis=5 + IsDrop=1 + DTemplateNum=256
19747230982870452,SplitAxis=5 + IsDrop=1 + DTemplateNum=256
19747230982870964,SplitAxis=5 + IsDrop=1 + DTemplateNum=256
19747231519739952,IsAttenMask=0 + DeterType=4
19747231519740080,IsAttenMask=0 + DeterType=4
19747231519740084,IsAttenMask=0 + DeterType=4
19747231519740208,IsAttenMask=0 + DeterType=4
19747231519740336,IsAttenMask=0 + DeterType=4
19747231519740340,IsAttenMask=0 + DeterType=4 | SplitAxis=5 + IsDrop=1 + DTemplateNum=768
19747231519740464,IsAttenMask=0 + DeterType=4
19747231519740592,IsAttenMask=0 + DeterType=4
19747231519740596,IsAttenMask=0 + DeterType=4
19747231519740720,IsAttenMask=0 + DeterType=4
19747231519740848,IsAttenMask=0 + DeterType=4
19747231519740852,IsAttenMask=0 + DeterType=4 | SplitAxis=5 + IsDrop=1 + DTemplateNum=768
19747231519741364,SplitAxis=5 + IsDrop=1 + DTemplateNum=768
19747231519741876,SplitAxis=5 + IsDrop=1 + DTemplateNum=768
19773617651323058,IsTnd=1 + IsBn2MultiBlk=1
19773617651323314,IsTnd=1 + IsBn2MultiBlk=1
19773617651323570,IsTnd=1 + IsBn2MultiBlk=1
19773617651323826,IsTnd=1 + IsBn2MultiBlk=1
19773617651324082,IsTnd=1 + IsBn2MultiBlk=1
19773617651324338,IsTnd=1 + IsBn2MultiBlk=1
19773617651324594,IsTnd=1 + IsBn2MultiBlk=1
19773617651324850,IsTnd=1 + IsBn2MultiBlk=1
19773618188193970,IsTnd=1 + IsBn2MultiBlk=1
19773618188194226,IsTnd=1 + IsBn2MultiBlk=1
19773618188194482,IsTnd=1 + IsBn2MultiBlk=1
19773618188194738,IsTnd=1 + IsBn2MultiBlk=1
19773618188194994,IsTnd=1 + IsBn2MultiBlk=1
19773618188195250,IsTnd=1 + IsBn2MultiBlk=1
19773618188195506,IsTnd=1 + IsBn2MultiBlk=1
19773618188195762,IsTnd=1 + IsBn2MultiBlk=1
19773618725064882,IsTnd=1 + IsBn2MultiBlk=1 | SplitAxis=1 + IsTnd=1 + DTemplateNum=192
19773618725065138,IsTnd=1 + IsBn2MultiBlk=1 | SplitAxis=1 + IsTnd=1 + DTemplateNum=192
19773618725065394,IsTnd=1 + IsBn2MultiBlk=1 | SplitAxis=1 + IsTnd=1 + DTemplateNum=192
19773618725065650,IsTnd=1 + IsBn2MultiBlk=1 | SplitAxis=1 + IsTnd=1 + DTemplateNum=192
19773618725065906,IsTnd=1 + IsBn2MultiBlk=1 | SplitAxis=1 + IsTnd=1 + DTemplateNum=192
19773618725066162,IsTnd=1 + IsBn2MultiBlk=1 | SplitAxis=1 + IsTnd=1 + DTemplateNum=192
19773618725066418,IsTnd=1 + IsBn2MultiBlk=1 | SplitAxis=1 + IsTnd=1 + DTemplateNum=192
19773618725066674,IsTnd=1 + IsBn2MultiBlk=1 | SplitAxis=1 + IsTnd=1 + DTemplateNum=192
19773619261935794,IsTnd=1 + IsBn2MultiBlk=1 | SplitAxis=1 + IsTnd=1 + DTemplateNum=256
19773619261936050,IsTnd=1 + IsBn2MultiBlk=1 | SplitAxis=1 + IsTnd=1 + DTemplateNum=256
19773619261936306,IsTnd=1 + IsBn2MultiBlk=1 | SplitAxis=1 + IsTnd=1 + DTemplateNum=256
19773619261936562,IsTnd=1 + IsBn2MultiBlk=1 | SplitAxis=1 + IsTnd=1 + DTemplateNum=256
19773619261936818,IsTnd=1 + IsBn2MultiBlk=1 | SplitAxis=1 + IsTnd=1 + DTemplateNum=256
19773619261937074,IsTnd=1 + IsBn2MultiBlk=1 | SplitAxis=1 + IsTnd=1 + DTemplateNum=256
19773619261937330,IsTnd=1 + IsBn2MultiBlk=1 | SplitAxis=1 + IsTnd=1 + DTemplateNum=256
19773619261937586,IsTnd=1 + IsBn2MultiBlk=1 | SplitAxis=1 + IsTnd=1 + DTemplateNum=256
19773619798806706,IsTnd=1 + IsBn2MultiBlk=1 | SplitAxis=1 + IsTnd=1 + DTemplateNum=768
19773619798806962,IsTnd=1 + IsBn2MultiBlk=1 | SplitAxis=1 + IsTnd=1 + DTemplateNum=768
19773619798807218,IsTnd=1 + IsBn2MultiBlk=1 | SplitAxis=1 + IsTnd=1 + DTemplateNum=768
19773619798807474,IsTnd=1 + IsBn2MultiBlk=1 | SplitAxis=1 + IsTnd=1 + DTemplateNum=768
19773619798807730,IsTnd=1 + IsBn2MultiBlk=1 | SplitAxis=1 + IsTnd=1 + DTemplateNum=768
19773619798807986,IsTnd=1 + IsBn2MultiBlk=1 | SplitAxis=1 + IsTnd=1 + DTemplateNum=768
19773619798808242,IsTnd=1 + IsBn2MultiBlk=1 | SplitAxis=1 + IsTnd=1 + DTemplateNum=768
19773619798808498,IsTnd=1 + IsBn2MultiBlk=1 | SplitAxis=1 + IsTnd=1 + DTemplateNum=768
19843987469242420,SplitAxis=5 + IsTnd=0 + DTemplateNum=192
19843987469242546,SplitAxis=1 + IsTnd=1 + DTemplateNum=192
19843987469242676,SplitAxis=5 + IsDrop=1 + DTemplateNum=192 | SplitAxis=5 + IsTnd=0 + DTemplateNum=192
19843987469242802,SplitAxis=1 + IsTnd=1 + DTemplateNum=192
19843987469242804,SplitAxis=5 + IsDrop=1 + DTemplateNum=192
19843987469242932,SplitAxis=5 + IsTnd=0 + DTemplateNum=192
19843987469243058,SplitAxis=1 + IsTnd=1 + DTemplateNum=192
19843987469243188,SplitAxis=5 + IsDrop=1 + DTemplateNum=192 | SplitAxis=5 + IsTnd=0 + DTemplateNum=192
19843987469243314,SplitAxis=1 + IsTnd=1 + DTemplateNum=192
19843987469243316,SplitAxis=5 + IsDrop=1 + DTemplateNum=192
19843987469243444,SplitAxis=5 + IsTnd=0 + DTemplateNum=192
19843987469243570,SplitAxis=1 + IsTnd=1 + DTemplateNum=192
19843987469243700,SplitAxis=5 + IsDrop=1 + DTemplateNum=192 | SplitAxis=5 + IsTnd=0 + DTemplateNum=192
19843987469243826,SplitAxis=1 + IsTnd=1 + DTemplateNum=192
19843987469243828,SplitAxis=5 + IsDrop=1 + DTemplateNum=192
19843987469243956,SplitAxis=5 + IsTnd=0 + DTemplateNum=192
19843987469244082,SplitAxis=1 + IsTnd=1 + DTemplateNum=192
19843987469244212,SplitAxis=5 + IsDrop=1 + DTemplateNum=192 | SplitAxis=5 + IsTnd=0 + DTemplateNum=192
19843987469244338,SplitAxis=1 + IsTnd=1 + DTemplateNum=192
19843987469244340,SplitAxis=5 + IsDrop=1 + DTemplateNum=192
19843988006113332,SplitAxis=5 + IsTnd=0 + DTemplateNum=256
19843988006113458,SplitAxis=1 + IsTnd=1 + DTemplateNum=256
19843988006113588,SplitAxis=5 + IsDrop=1 + DTemplateNum=256 | SplitAxis=5 + IsTnd=0 + DTemplateNum=256
19843988006113714,SplitAxis=1 + IsTnd=1 + DTemplateNum=256
19843988006113716,SplitAxis=5 + IsDrop=1 + DTemplateNum=256
19843988006113844,SplitAxis=5 + IsTnd=0 + DTemplateNum=256
19843988006113970,SplitAxis=1 + IsTnd=1 + DTemplateNum=256
19843988006114100,SplitAxis=5 + IsDrop=1 + DTemplateNum=256 | SplitAxis=5 + IsTnd=0 + DTemplateNum=256
19843988006114226,SplitAxis=1 + IsTnd=1 + DTemplateNum=256
19843988006114228,SplitAxis=5 + IsDrop=1 + DTemplateNum=256
19843988006114356,SplitAxis=5 + IsTnd=0 + DTemplateNum=256
19843988006114482,SplitAxis=1 + IsTnd=1 + DTemplateNum=256
19843988006114612,SplitAxis=5 + IsDrop=1 + DTemplateNum=256 | SplitAxis=5 + IsTnd=0 + DTemplateNum=256
19843988006114738,SplitAxis=1 + IsTnd=1 + DTemplateNum=256
19843988006114740,SplitAxis=5 + IsDrop=1 + DTemplateNum=256
19843988006114868,SplitAxis=5 + IsTnd=0 + DTemplateNum=256
19843988006114994,SplitAxis=1 + IsTnd=1 + DTemplateNum=256
19843988006115124,SplitAxis=5 + IsDrop=1 + DTemplateNum=256 | SplitAxis=5 + IsTnd=0 + DTemplateNum=256
19843988006115250,SplitAxis=1 + IsTnd=1 + DTemplateNum=256
19843988006115252,SplitAxis=5 + IsDrop=1 + DTemplateNum=256
19843988542984244,SplitAxis=5 + IsTnd=0 + DTemplateNum=768
19843988542984370,SplitAxis=1 + IsTnd=1 + DTemplateNum=768
19843988542984500,SplitAxis=5 + IsDrop=1 + DTemplateNum=768 | SplitAxis=5 + IsTnd=0 + DTemplateNum=768
19843988542984626,SplitAxis=1 + IsTnd=1 + DTemplateNum=768
19843988542984628,SplitAxis=5 + IsDrop=1 + DTemplateNum=768
19843988542984756,SplitAxis=5 + IsTnd=0 + DTemplateNum=768
19843988542984882,SplitAxis=1 + IsTnd=1 + DTemplateNum=768
19843988542985012,SplitAxis=5 + IsDrop=1 + DTemplateNum=768 | SplitAxis=5 + IsTnd=0 + DTemplateNum=768
19843988542985138,SplitAxis=1 + IsTnd=1 + DTemplateNum=768
19843988542985140,SplitAxis=5 + IsDrop=1 + DTemplateNum=768
19843988542985268,SplitAxis=5 + IsTnd=0 + DTemplateNum=768
19843988542985394,SplitAxis=1 + IsTnd=1 + DTemplateNum=768
19843988542985524,SplitAxis=5 + IsDrop=1 + DTemplateNum=768 | SplitAxis=5 + IsTnd=0 + DTemplateNum=768
19843988542985650,SplitAxis=1 + IsTnd=1 + DTemplateNum=768
19843988542985652,SplitAxis=5 + IsDrop=1 + DTemplateNum=768
19843988542985780,SplitAxis=5 + IsTnd=0 + DTemplateNum=768
19843988542985906,SplitAxis=1 + IsTnd=1 + DTemplateNum=768
19843988542986036,SplitAxis=5 + IsDrop=1 + DTemplateNum=768 | SplitAxis=5 + IsTnd=0 + DTemplateNum=768
19843988542986162,SplitAxis=1 + IsTnd=1 + DTemplateNum=768
19843988542986164,SplitAxis=5 + IsDrop=1 + DTemplateNum=768
19850583465267248,IsAttenMask=0 + DeterType=3
19850583465267376,IsAttenMask=0 + DeterType=3
19850583465267504,IsAttenMask=0 + DeterType=3
19850583465267632,IsAttenMask=0 + DeterType=3
19850583465267760,IsAttenMask=0 + DeterType=3
19850583465267888,IsAttenMask=0 + DeterType=3
19850583465268016,IsAttenMask=0 + DeterType=3
19850583465268144,IsAttenMask=0 + DeterType=3
19850584002138160,IsAttenMask=0 + DeterType=3
19850584002138288,IsAttenMask=0 + DeterType=3
19850584002138416,IsAttenMask=0 + DeterType=3
19850584002138544,IsAttenMask=0 + DeterType=3
19850584002138672,IsAttenMask=0 + DeterType=3
19850584002138800,IsAttenMask=0 + DeterType=3
19850584002138928,IsAttenMask=0 + DeterType=3
19850584002139056,IsAttenMask=0 + DeterType=3
19850584539009072,IsAttenMask=0 + DeterType=3
19850584539009200,IsAttenMask=0 + DeterType=3
19850584539009328,IsAttenMask=0 + DeterType=3
19850584539009456,IsAttenMask=0 + DeterType=3
19850584539009584,IsAttenMask=0 + DeterType=3
19850584539009712,IsAttenMask=0 + DeterType=3
19850584539009840,IsAttenMask=0 + DeterType=3
19850584539009968,IsAttenMask=0 + DeterType=3
19850585075879984,IsAttenMask=0 + DeterType=3
19850585075880112,IsAttenMask=0 + DeterType=3
19850585075880240,IsAttenMask=0 + DeterType=3
19850585075880368,IsAttenMask=0 + DeterType=3
19850585075880496,IsAttenMask=0 + DeterType=3
19850585075880624,IsAttenMask=0 + DeterType=3
19850585075880752,IsAttenMask=0 + DeterType=3
19850585075880880,IsAttenMask=0 + DeterType=3
19850585612750896,IsAttenMask=0 + DeterType=3
19850585612751024,IsAttenMask=0 + DeterType=3
19850585612751152,IsAttenMask=0 + DeterType=3
19850585612751280,IsAttenMask=0 + DeterType=3
19850585612751408,IsAttenMask=0 + DeterType=3
19850585612751536,IsAttenMask=0 + DeterType=3
19850585612751664,IsAttenMask=0 + DeterType=3
19850585612751792,IsAttenMask=0 + DeterType=3
19852782488522800,IsAttenMask=0 + DeterType=4
19852782488522928,IsAttenMask=0 + DeterType=4
19852782488523056,IsAttenMask=0 + DeterType=4
19852782488523184,IsAttenMask=0 + DeterType=4
19852782488523312,IsAttenMask=0 + DeterType=4
19852782488523440,IsAttenMask=0 + DeterType=4
19852782488523568,IsAttenMask=0 + DeterType=4
19852782488523696,IsAttenMask=0 + DeterType=4
19852783025393712,IsAttenMask=0 + DeterType=4
19852783025393840,IsAttenMask=0 + DeterType=4
19852783025393968,IsAttenMask=0 + DeterType=4
19852783025394096,IsAttenMask=0 + DeterType=4
19852783025394224,IsAttenMask=0 + DeterType=4
19852783025394352,IsAttenMask=0 + DeterType=4
19852783025394480,IsAttenMask=0 + DeterType=4
19852783025394608,IsAttenMask=0 + DeterType=4
19852783562264624,IsAttenMask=0 + DeterType=4
19852783562264752,IsAttenMask=0 + DeterType=4
19852783562264880,IsAttenMask=0 + DeterType=4
19852783562265008,IsAttenMask=0 + DeterType=4
19852783562265136,IsAttenMask=0 + DeterType=4
19852783562265264,IsAttenMask=0 + DeterType=4
19852783562265392,IsAttenMask=0 + DeterType=4
19852783562265520,IsAttenMask=0 + DeterType=4
19852784099135536,IsAttenMask=0 + DeterType=4
19852784099135664,IsAttenMask=0 + DeterType=4
19852784099135792,IsAttenMask=0 + DeterType=4
19852784099135920,IsAttenMask=0 + DeterType=4
19852784099136048,IsAttenMask=0 + DeterType=4
19852784099136176,IsAttenMask=0 + DeterType=4
19852784099136304,IsAttenMask=0 + DeterType=4
19852784099136432,IsAttenMask=0 + DeterType=4
19852784636006448,IsAttenMask=0 + DeterType=4
19852784636006576,IsAttenMask=0 + DeterType=4
19852784636006704,IsAttenMask=0 + DeterType=4
19852784636006832,IsAttenMask=0 + DeterType=4
19852784636006960,IsAttenMask=0 + DeterType=4
19852784636007088,IsAttenMask=0 + DeterType=4
19852784636007216,IsAttenMask=0 + DeterType=4
19852784636007344,IsAttenMask=0 + DeterType=4
19883569887842740,SplitAxis=5 + IsDrop=1 + DTemplateNum=192
19883569887843252,SplitAxis=5 + IsDrop=1 + DTemplateNum=192
19883569887843764,SplitAxis=5 + IsDrop=1 + DTemplateNum=192
19883569887844276,SplitAxis=5 + IsDrop=1 + DTemplateNum=192
19883570424713652,SplitAxis=5 + IsDrop=1 + DTemplateNum=256
19883570424714164,SplitAxis=5 + IsDrop=1 + DTemplateNum=256
19883570424714676,SplitAxis=5 + IsDrop=1 + DTemplateNum=256
19883570424715188,SplitAxis=5 + IsDrop=1 + DTemplateNum=256
19883570961584564,SplitAxis=5 + IsDrop=1 + DTemplateNum=768
19883570961585076,SplitAxis=5 + IsDrop=1 + DTemplateNum=768
19883570961585588,SplitAxis=5 + IsDrop=1 + DTemplateNum=768
19883570961586100,SplitAxis=5 + IsDrop=1 + DTemplateNum=768
19885767837356080,IsAttenMask=0 + DeterType=3
19885767837356208,IsAttenMask=0 + DeterType=3
19885767837356336,IsAttenMask=0 + DeterType=3
19885767837356464,IsAttenMask=0 + DeterType=3
19885767837356592,IsAttenMask=0 + DeterType=3
19885767837356720,IsAttenMask=0 + DeterType=3
19885767837356848,IsAttenMask=0 + DeterType=3
19885767837356976,IsAttenMask=0 + DeterType=3
19885768374226992,IsAttenMask=0 + DeterType=3
19885768374227120,IsAttenMask=0 + DeterType=3
19885768374227248,IsAttenMask=0 + DeterType=3
19885768374227376,IsAttenMask=0 + DeterType=3
19885768374227504,IsAttenMask=0 + DeterType=3
19885768374227632,IsAttenMask=0 + DeterType=3
19885768374227760,IsAttenMask=0 + DeterType=3
19885768374227888,IsAttenMask=0 + DeterType=3
19885768911097904,IsAttenMask=0 + DeterType=3
19885768911098032,IsAttenMask=0 + DeterType=3
19885768911098160,IsAttenMask=0 + DeterType=3
19885768911098288,IsAttenMask=0 + DeterType=3
19885768911098416,IsAttenMask=0 + DeterType=3
19885768911098544,IsAttenMask=0 + DeterType=3
19885768911098672,IsAttenMask=0 + DeterType=3
19885768911098800,IsAttenMask=0 + DeterType=3
19885769447968816,IsAttenMask=0 + DeterType=3
19885769447968944,IsAttenMask=0 + DeterType=3
19885769447969072,IsAttenMask=0 + DeterType=3
19885769447969200,IsAttenMask=0 + DeterType=3
19885769447969328,IsAttenMask=0 + DeterType=3
19885769447969456,IsAttenMask=0 + DeterType=3
19885769447969584,IsAttenMask=0 + DeterType=3
19885769447969712,IsAttenMask=0 + DeterType=3
19885769984839728,IsAttenMask=0 + DeterType=3
19885769984839856,IsAttenMask=0 + DeterType=3
19885769984839984,IsAttenMask=0 + DeterType=3
19885769984840112,IsAttenMask=0 + DeterType=3
19885769984840240,IsAttenMask=0 + DeterType=3
19885769984840368,IsAttenMask=0 + DeterType=3
19885769984840496,IsAttenMask=0 + DeterType=3
19885769984840624,IsAttenMask=0 + DeterType=3
19887966860611632,IsAttenMask=0 + DeterType=4
19887966860611760,IsAttenMask=0 + DeterType=4
19887966860611764,IsAttenMask=0 + DeterType=4
19887966860611888,IsAttenMask=0 + DeterType=4
19887966860612016,IsAttenMask=0 + DeterType=4
19887966860612020,IsAttenMask=0 + DeterType=4
19887966860612144,IsAttenMask=0 + DeterType=4
19887966860612272,IsAttenMask=0 + DeterType=4
19887966860612276,IsAttenMask=0 + DeterType=4
19887966860612400,IsAttenMask=0 + DeterType=4
19887966860612528,IsAttenMask=0 + DeterType=4
19887966860612532,IsAttenMask=0 + DeterType=4
19887967397482544,IsAttenMask=0 + DeterType=4
19887967397482672,IsAttenMask=0 + DeterType=4
19887967397482676,IsAttenMask=0 + DeterType=4
19887967397482800,IsAttenMask=0 + DeterType=4
19887967397482928,IsAttenMask=0 + DeterType=4
19887967397482932,IsAttenMask=0 + DeterType=4
19887967397483056,IsAttenMask=0 + DeterType=4
19887967397483184,IsAttenMask=0 + DeterType=4
19887967397483188,IsAttenMask=0 + DeterType=4
19887967397483312,IsAttenMask=0 + DeterType=4
19887967397483440,IsAttenMask=0 + DeterType=4
19887967397483444,IsAttenMask=0 + DeterType=4
19887967934353456,IsAttenMask=0 + DeterType=4
19887967934353584,IsAttenMask=0 + DeterType=4
19887967934353588,IsAttenMask=0 + DeterType=4
19887967934353712,IsAttenMask=0 + DeterType=4
19887967934353840,IsAttenMask=0 + DeterType=4
19887967934353844,IsAttenMask=0 + DeterType=4 | SplitAxis=5 + IsDrop=1 + DTemplateNum=192
19887967934353968,IsAttenMask=0 + DeterType=4
19887967934354096,IsAttenMask=0 + DeterType=4
19887967934354100,IsAttenMask=0 + DeterType=4
19887967934354224,IsAttenMask=0 + DeterType=4
19887967934354352,IsAttenMask=0 + DeterType=4
19887967934354356,IsAttenMask=0 + DeterType=4 | SplitAxis=5 + IsDrop=1 + DTemplateNum=192
19887967934354868,SplitAxis=5 + IsDrop=1 + DTemplateNum=192
19887967934355380,SplitAxis=5 + IsDrop=1 + DTemplateNum=192
19887968471224368,IsAttenMask=0 + DeterType=4
19887968471224496,IsAttenMask=0 + DeterType=4
19887968471224500,IsAttenMask=0 + DeterType=4
19887968471224624,IsAttenMask=0 + DeterType=4
19887968471224752,IsAttenMask=0 + DeterType=4
19887968471224756,IsAttenMask=0 + DeterType=4 | SplitAxis=5 + IsDrop=1 + DTemplateNum=256
19887968471224880,IsAttenMask=0 + DeterType=4
19887968471225008,IsAttenMask=0 + DeterType=4
19887968471225012,IsAttenMask=0 + DeterType=4
19887968471225136,IsAttenMask=0 + DeterType=4
19887968471225264,IsAttenMask=0 + DeterType=4
19887968471225268,IsAttenMask=0 + DeterType=4 | SplitAxis=5 + IsDrop=1 + DTemplateNum=256
19887968471225780,SplitAxis=5 + IsDrop=1 + DTemplateNum=256
19887968471226292,SplitAxis=5 + IsDrop=1 + DTemplateNum=256
19887969008095280,IsAttenMask=0 + DeterType=4
19887969008095408,IsAttenMask=0 + DeterType=4
19887969008095412,IsAttenMask=0 + DeterType=4
19887969008095536,IsAttenMask=0 + DeterType=4
19887969008095664,IsAttenMask=0 + DeterType=4
19887969008095668,IsAttenMask=0 + DeterType=4 | SplitAxis=5 + IsDrop=1 + DTemplateNum=768
19887969008095792,IsAttenMask=0 + DeterType=4
19887969008095920,IsAttenMask=0 + DeterType=4
19887969008095924,IsAttenMask=0 + DeterType=4
19887969008096048,IsAttenMask=0 + DeterType=4
19887969008096176,IsAttenMask=0 + DeterType=4
19887969008096180,IsAttenMask=0 + DeterType=4 | SplitAxis=5 + IsDrop=1 + DTemplateNum=768
19887969008096692,SplitAxis=5 + IsDrop=1 + DTemplateNum=768
19887969008097204,SplitAxis=5 + IsDrop=1 + DTemplateNum=768
19914355139678258,IsBn2MultiBlk=1 + IsDNoEqual=1
19914355139678386,IsBn2MultiBlk=1 + IsDNoEqual=1 | IsTnd=1 + IsBn2MultiBlk=1
19914355139678514,IsBn2MultiBlk=1 + IsDNoEqual=1
19914355139678642,IsBn2MultiBlk=1 + IsDNoEqual=1 | IsTnd=1 + IsBn2MultiBlk=1
19914355139678770,IsBn2MultiBlk=1 + IsDNoEqual=1
19914355139678898,IsBn2MultiBlk=1 + IsDNoEqual=1 | IsTnd=1 + IsBn2MultiBlk=1
19914355139679026,IsBn2MultiBlk=1 + IsDNoEqual=1
19914355139679154,IsBn2MultiBlk=1 + IsDNoEqual=1 | IsTnd=1 + IsBn2MultiBlk=1
19914355139679282,IsBn2MultiBlk=1 + IsDNoEqual=1
19914355139679410,IsBn2MultiBlk=1 + IsDNoEqual=1 | IsTnd=1 + IsBn2MultiBlk=1
19914355139679538,IsBn2MultiBlk=1 + IsDNoEqual=1
19914355139679666,IsBn2MultiBlk=1 + IsDNoEqual=1 | IsTnd=1 + IsBn2MultiBlk=1
19914355139679794,IsBn2MultiBlk=1 + IsDNoEqual=1
19914355139679922,IsBn2MultiBlk=1 + IsDNoEqual=1 | IsTnd=1 + IsBn2MultiBlk=1
19914355139680050,IsBn2MultiBlk=1 + IsDNoEqual=1
19914355139680178,IsBn2MultiBlk=1 + IsDNoEqual=1 | IsTnd=1 + IsBn2MultiBlk=1
19914355676549170,IsBn2MultiBlk=1 + IsDNoEqual=1
19914355676549298,IsBn2MultiBlk=1 + IsDNoEqual=1 | IsTnd=1 + IsBn2MultiBlk=1
19914355676549426,IsBn2MultiBlk=1 + IsDNoEqual=1
19914355676549554,IsBn2MultiBlk=1 + IsDNoEqual=1 | IsTnd=1 + IsBn2MultiBlk=1
19914355676549682,IsBn2MultiBlk=1 + IsDNoEqual=1
19914355676549810,IsBn2MultiBlk=1 + IsDNoEqual=1 | IsTnd=1 + IsBn2MultiBlk=1
19914355676549938,IsBn2MultiBlk=1 + IsDNoEqual=1
19914355676550066,IsBn2MultiBlk=1 + IsDNoEqual=1 | IsTnd=1 + IsBn2MultiBlk=1
19914355676550194,IsBn2MultiBlk=1 + IsDNoEqual=1
19914355676550322,IsBn2MultiBlk=1 + IsDNoEqual=1 | IsTnd=1 + IsBn2MultiBlk=1
19914355676550450,IsBn2MultiBlk=1 + IsDNoEqual=1
19914355676550578,IsBn2MultiBlk=1 + IsDNoEqual=1 | IsTnd=1 + IsBn2MultiBlk=1
19914355676550706,IsBn2MultiBlk=1 + IsDNoEqual=1
19914355676550834,IsBn2MultiBlk=1 + IsDNoEqual=1 | IsTnd=1 + IsBn2MultiBlk=1
19914355676550962,IsBn2MultiBlk=1 + IsDNoEqual=1
19914355676551090,IsBn2MultiBlk=1 + IsDNoEqual=1 | IsTnd=1 + IsBn2MultiBlk=1
19914356213420082,IsBn2MultiBlk=1 + IsDNoEqual=1
19914356213420210,IsBn2MultiBlk=1 + IsDNoEqual=1 | IsTnd=1 + IsBn2MultiBlk=1 | SplitAxis=1 + IsTnd=1 + DTemplateNum=192
19914356213420338,IsBn2MultiBlk=1 + IsDNoEqual=1
19914356213420466,IsBn2MultiBlk=1 + IsDNoEqual=1 | IsTnd=1 + IsBn2MultiBlk=1 | SplitAxis=1 + IsTnd=1 + DTemplateNum=192
19914356213420594,IsBn2MultiBlk=1 + IsDNoEqual=1
19914356213420722,IsBn2MultiBlk=1 + IsDNoEqual=1 | IsTnd=1 + IsBn2MultiBlk=1 | SplitAxis=1 + IsTnd=1 + DTemplateNum=192
19914356213420850,IsBn2MultiBlk=1 + IsDNoEqual=1
19914356213420978,IsBn2MultiBlk=1 + IsDNoEqual=1 | IsTnd=1 + IsBn2MultiBlk=1 | SplitAxis=1 + IsTnd=1 + DTemplateNum=192
19914356213421106,IsBn2MultiBlk=1 + IsDNoEqual=1
19914356213421234,IsBn2MultiBlk=1 + IsDNoEqual=1 | IsTnd=1 + IsBn2MultiBlk=1 | SplitAxis=1 + IsTnd=1 + DTemplateNum=192
19914356213421362,IsBn2MultiBlk=1 + IsDNoEqual=1
19914356213421490,IsBn2MultiBlk=1 + IsDNoEqual=1 | IsTnd=1 + IsBn2MultiBlk=1 | SplitAxis=1 + IsTnd=1 + DTemplateNum=192
19914356213421618,IsBn2MultiBlk=1 + IsDNoEqual=1
19914356213421746,IsBn2MultiBlk=1 + IsDNoEqual=1 | IsTnd=1 + IsBn2MultiBlk=1 | SplitAxis=1 + IsTnd=1 + DTemplateNum=192
19914356213421874,IsBn2MultiBlk=1 + IsDNoEqual=1
19914356213422002,IsBn2MultiBlk=1 + IsDNoEqual=1 | IsTnd=1 + IsBn2MultiBlk=1 | SplitAxis=1 + IsTnd=1 + DTemplateNum=192
19914356750290994,IsBn2MultiBlk=1 + IsDNoEqual=1
19914356750291122,IsBn2MultiBlk=1 + IsDNoEqual=1 | IsTnd=1 + IsBn2MultiBlk=1 | SplitAxis=1 + IsTnd=1 + DTemplateNum=256
19914356750291250,IsBn2MultiBlk=1 + IsDNoEqual=1
19914356750291378,IsBn2MultiBlk=1 + IsDNoEqual=1 | IsTnd=1 + IsBn2MultiBlk=1 | SplitAxis=1 + IsTnd=1 + DTemplateNum=256
19914356750291506,IsBn2MultiBlk=1 + IsDNoEqual=1
19914356750291634,IsBn2MultiBlk=1 + IsDNoEqual=1 | IsTnd=1 + IsBn2MultiBlk=1 | SplitAxis=1 + IsTnd=1 + DTemplateNum=256
19914356750291762,IsBn2MultiBlk=1 + IsDNoEqual=1
19914356750291890,IsBn2MultiBlk=1 + IsDNoEqual=1 | IsTnd=1 + IsBn2MultiBlk=1 | SplitAxis=1 + IsTnd=1 + DTemplateNum=256
19914356750292018,IsBn2MultiBlk=1 + IsDNoEqual=1
19914356750292146,IsBn2MultiBlk=1 + IsDNoEqual=1 | IsTnd=1 + IsBn2MultiBlk=1 | SplitAxis=1 + IsTnd=1 + DTemplateNum=256
19914356750292274,IsBn2MultiBlk=1 + IsDNoEqual=1
19914356750292402,IsBn2MultiBlk=1 + IsDNoEqual=1 | IsTnd=1 + IsBn2MultiBlk=1 | SplitAxis=1 + IsTnd=1 + DTemplateNum=256
19914356750292530,IsBn2MultiBlk=1 + IsDNoEqual=1
19914356750292658,IsBn2MultiBlk=1 + IsDNoEqual=1 | IsTnd=1 + IsBn2MultiBlk=1 | SplitAxis=1 + IsTnd=1 + DTemplateNum=256
19914356750292786,IsBn2MultiBlk=1 + IsDNoEqual=1
19914356750292914,IsBn2MultiBlk=1 + IsDNoEqual=1 | IsTnd=1 + IsBn2MultiBlk=1 | SplitAxis=1 + IsTnd=1 + DTemplateNum=256
19914357287161906,IsBn2MultiBlk=1 + IsDNoEqual=1
19914357287162034,IsBn2MultiBlk=1 + IsDNoEqual=1 | IsTnd=1 + IsBn2MultiBlk=1 | SplitAxis=1 + IsTnd=1 + DTemplateNum=768
19914357287162162,IsBn2MultiBlk=1 + IsDNoEqual=1
19914357287162290,IsBn2MultiBlk=1 + IsDNoEqual=1 | IsTnd=1 + IsBn2MultiBlk=1 | SplitAxis=1 + IsTnd=1 + DTemplateNum=768
19914357287162418,IsBn2MultiBlk=1 + IsDNoEqual=1
19914357287162546,IsBn2MultiBlk=1 + IsDNoEqual=1 | IsTnd=1 + IsBn2MultiBlk=1 | SplitAxis=1 + IsTnd=1 + DTemplateNum=768
19914357287162674,IsBn2MultiBlk=1 + IsDNoEqual=1
19914357287162802,IsBn2MultiBlk=1 + IsDNoEqual=1 | IsTnd=1 + IsBn2MultiBlk=1 | SplitAxis=1 + IsTnd=1 + DTemplateNum=768
19914357287162930,IsBn2MultiBlk=1 + IsDNoEqual=1
19914357287163058,IsBn2MultiBlk=1 + IsDNoEqual=1 | IsTnd=1 + IsBn2MultiBlk=1 | SplitAxis=1 + IsTnd=1 + DTemplateNum=768
19914357287163186,IsBn2MultiBlk=1 + IsDNoEqual=1
19914357287163314,IsBn2MultiBlk=1 + IsDNoEqual=1 | IsTnd=1 + IsBn2MultiBlk=1 | SplitAxis=1 + IsTnd=1 + DTemplateNum=768
19914357287163442,IsBn2MultiBlk=1 + IsDNoEqual=1
19914357287163570,IsBn2MultiBlk=1 + IsDNoEqual=1 | IsTnd=1 + IsBn2MultiBlk=1 | SplitAxis=1 + IsTnd=1 + DTemplateNum=768
19914357287163698,IsBn2MultiBlk=1 + IsDNoEqual=1
19914357287163826,IsBn2MultiBlk=1 + IsDNoEqual=1 | IsTnd=1 + IsBn2MultiBlk=1 | SplitAxis=1 + IsTnd=1 + DTemplateNum=768
19984723883855922,IsRope=1 + DTemplateNum=64 | IsRope=1 + IsDNoEqual=0
19984723883856050,IsRope=1 + DTemplateNum=64 | IsRope=1 + IsDNoEqual=0
19984723883856178,IsRope=1 + DTemplateNum=64 | IsRope=1 + IsDNoEqual=0
19984723883856306,IsRope=1 + DTemplateNum=64 | IsRope=1 + IsDNoEqual=0
19984723883856434,IsRope=1 + DTemplateNum=64 | IsRope=1 + IsDNoEqual=0
19984723883856562,IsRope=1 + DTemplateNum=64 | IsRope=1 + IsDNoEqual=0
19984723883856690,IsRope=1 + DTemplateNum=64 | IsRope=1 + IsDNoEqual=0
19984723883856818,IsRope=1 + DTemplateNum=64 | IsRope=1 + IsDNoEqual=0
19984723883856946,IsRope=1 + DTemplateNum=64 | IsRope=1 + IsDNoEqual=0
19984723883857074,IsRope=1 + DTemplateNum=64 | IsRope=1 + IsDNoEqual=0
19984723883857202,IsRope=1 + DTemplateNum=64 | IsRope=1 + IsDNoEqual=0
19984723883857330,IsRope=1 + DTemplateNum=64 | IsRope=1 + IsDNoEqual=0
19984723883857458,IsRope=1 + DTemplateNum=64 | IsRope=1 + IsDNoEqual=0
19984723883857586,IsRope=1 + DTemplateNum=64 | IsRope=1 + IsDNoEqual=0
19984723883857714,IsRope=1 + DTemplateNum=64 | IsRope=1 + IsDNoEqual=0
19984723883857842,IsRope=1 + DTemplateNum=64 | IsRope=1 + IsDNoEqual=0
19984724420726834,IsRope=1 + DTemplateNum=128 | IsRope=1 + IsDNoEqual=0
19984724420726962,IsRope=1 + DTemplateNum=128 | IsRope=1 + IsDNoEqual=0
19984724420727090,IsRope=1 + DTemplateNum=128 | IsRope=1 + IsDNoEqual=0
19984724420727218,IsRope=1 + DTemplateNum=128 | IsRope=1 + IsDNoEqual=0
19984724420727346,IsRope=1 + DTemplateNum=128 | IsRope=1 + IsDNoEqual=0
19984724420727474,IsRope=1 + DTemplateNum=128 | IsRope=1 + IsDNoEqual=0
19984724420727602,IsRope=1 + DTemplateNum=128 | IsRope=1 + IsDNoEqual=0
19984724420727730,IsRope=1 + DTemplateNum=128 | IsRope=1 + IsDNoEqual=0
19984724420727858,IsRope=1 + DTemplateNum=128 | IsRope=1 + IsDNoEqual=0
19984724420727986,IsRope=1 + DTemplateNum=128 | IsRope=1 + IsDNoEqual=0
19984724420728114,IsRope=1 + DTemplateNum=128 | IsRope=1 + IsDNoEqual=0
19984724420728242,IsRope=1 + DTemplateNum=128 | IsRope=1 + IsDNoEqual=0
19984724420728370,IsRope=1 + DTemplateNum=128 | IsRope=1 + IsDNoEqual=0
19984724420728498,IsRope=1 + DTemplateNum=128 | IsRope=1 + IsDNoEqual=0
19984724420728626,IsRope=1 + DTemplateNum=128 | IsRope=1 + IsDNoEqual=0
19984724420728754,IsRope=1 + DTemplateNum=128 | IsRope=1 + IsDNoEqual=0
19984724957597746,IsRope=1 + IsDNoEqual=0
19984724957597874,IsRope=1 + IsDNoEqual=0 | SplitAxis=1 + IsTnd=1 + DTemplateNum=192
19984724957598002,IsRope=1 + IsDNoEqual=0
19984724957598130,IsRope=1 + IsDNoEqual=0 | SplitAxis=1 + IsTnd=1 + DTemplateNum=192
19984724957598258,IsRope=1 + IsDNoEqual=0
19984724957598386,IsRope=1 + IsDNoEqual=0 | SplitAxis=1 + IsTnd=1 + DTemplateNum=192
19984724957598514,IsRope=1 + IsDNoEqual=0
19984724957598642,IsRope=1 + IsDNoEqual=0 | SplitAxis=1 + IsTnd=1 + DTemplateNum=192
19984724957598770,IsRope=1 + IsDNoEqual=0
19984724957598898,IsRope=1 + IsDNoEqual=0 | SplitAxis=1 + IsTnd=1 + DTemplateNum=192
19984724957599026,IsRope=1 + IsDNoEqual=0
19984724957599154,IsRope=1 + IsDNoEqual=0 | SplitAxis=1 + IsTnd=1 + DTemplateNum=192
19984724957599282,IsRope=1 + IsDNoEqual=0
19984724957599410,IsRope=1 + IsDNoEqual=0 | SplitAxis=1 + IsTnd=1 + DTemplateNum=192
19984724957599538,IsRope=1 + IsDNoEqual=0
19984724957599666,IsRope=1 + IsDNoEqual=0 | SplitAxis=1 + IsTnd=1 + DTemplateNum=192
19984725494468658,IsRope=1 + DTemplateNum=256 | IsRope=1 + IsDNoEqual=0
19984725494468786,IsRope=1 + DTemplateNum=256 | IsRope=1 + IsDNoEqual=0 | SplitAxis=1 + IsTnd=1 + DTemplateNum=256
19984725494468914,IsRope=1 + DTemplateNum=256 | IsRope=1 + IsDNoEqual=0
19984725494469042,IsRope=1 + DTemplateNum=256 | IsRope=1 + IsDNoEqual=0 | SplitAxis=1 + IsTnd=1 + DTemplateNum=256
19984725494469170,IsRope=1 + DTemplateNum=256 | IsRope=1 + IsDNoEqual=0
19984725494469298,IsRope=1 + DTemplateNum=256 | IsRope=1 + IsDNoEqual=0 | SplitAxis=1 + IsTnd=1 + DTemplateNum=256
19984725494469426,IsRope=1 + DTemplateNum=256 | IsRope=1 + IsDNoEqual=0
19984725494469554,IsRope=1 + DTemplateNum=256 | IsRope=1 + IsDNoEqual=0 | SplitAxis=1 + IsTnd=1 + DTemplateNum=256
19984725494469682,IsRope=1 + DTemplateNum=256 | IsRope=1 + IsDNoEqual=0
19984725494469810,IsRope=1 + DTemplateNum=256 | IsRope=1 + IsDNoEqual=0 | SplitAxis=1 + IsTnd=1 + DTemplateNum=256
19984725494469938,IsRope=1 + DTemplateNum=256 | IsRope=1 + IsDNoEqual=0
19984725494470066,IsRope=1 + DTemplateNum=256 | IsRope=1 + IsDNoEqual=0 | SplitAxis=1 + IsTnd=1 + DTemplateNum=256
19984725494470194,IsRope=1 + DTemplateNum=256 | IsRope=1 + IsDNoEqual=0
19984725494470322,IsRope=1 + DTemplateNum=256 | IsRope=1 + IsDNoEqual=0 | SplitAxis=1 + IsTnd=1 + DTemplateNum=256
19984725494470450,IsRope=1 + DTemplateNum=256 | IsRope=1 + IsDNoEqual=0
19984725494470578,IsRope=1 + DTemplateNum=256 | IsRope=1 + IsDNoEqual=0 | SplitAxis=1 + IsTnd=1 + DTemplateNum=256
19984726031339570,IsRope=1 + DTemplateNum=768 | IsRope=1 + IsDNoEqual=0
19984726031339698,IsRope=1 + DTemplateNum=768 | IsRope=1 + IsDNoEqual=0 | SplitAxis=1 + IsTnd=1 + DTemplateNum=768
19984726031339826,IsRope=1 + DTemplateNum=768 | IsRope=1 + IsDNoEqual=0
19984726031339954,IsRope=1 + DTemplateNum=768 | IsRope=1 + IsDNoEqual=0 | SplitAxis=1 + IsTnd=1 + DTemplateNum=768
19984726031340082,IsRope=1 + DTemplateNum=768 | IsRope=1 + IsDNoEqual=0
19984726031340210,IsRope=1 + DTemplateNum=768 | IsRope=1 + IsDNoEqual=0 | SplitAxis=1 + IsTnd=1 + DTemplateNum=768
19984726031340338,IsRope=1 + DTemplateNum=768 | IsRope=1 + IsDNoEqual=0
19984726031340466,IsRope=1 + DTemplateNum=768 | IsRope=1 + IsDNoEqual=0 | SplitAxis=1 + IsTnd=1 + DTemplateNum=768
19984726031340594,IsRope=1 + DTemplateNum=768 | IsRope=1 + IsDNoEqual=0
19984726031340722,IsRope=1 + DTemplateNum=768 | IsRope=1 + IsDNoEqual=0 | SplitAxis=1 + IsTnd=1 + DTemplateNum=768
19984726031340850,IsRope=1 + DTemplateNum=768 | IsRope=1 + IsDNoEqual=0
19984726031340978,IsRope=1 + DTemplateNum=768 | IsRope=1 + IsDNoEqual=0 | SplitAxis=1 + IsTnd=1 + DTemplateNum=768
19984726031341106,IsRope=1 + DTemplateNum=768 | IsRope=1 + IsDNoEqual=0
19984726031341234,IsRope=1 + DTemplateNum=768 | IsRope=1 + IsDNoEqual=0 | SplitAxis=1 + IsTnd=1 + DTemplateNum=768
19984726031341362,IsRope=1 + DTemplateNum=768 | IsRope=1 + IsDNoEqual=0
19984726031341490,IsRope=1 + DTemplateNum=768 | IsRope=1 + IsDNoEqual=0 | SplitAxis=1 + IsTnd=1 + DTemplateNum=768
20055092628033586,IsRope=1 + DTemplateNum=64 | IsRope=1 + IsDNoEqual=0 | IsBn2MultiBlk=1 + IsRope=1
20055092628033714,IsRope=1 + DTemplateNum=64 | IsRope=1 + IsDNoEqual=0 | IsBn2MultiBlk=1 + IsRope=1 | IsTnd=1 + IsBn2MultiBlk=1
20055092628033842,IsRope=1 + DTemplateNum=64 | IsRope=1 + IsDNoEqual=0 | IsBn2MultiBlk=1 + IsRope=1
20055092628033970,IsRope=1 + DTemplateNum=64 | IsRope=1 + IsDNoEqual=0 | IsBn2MultiBlk=1 + IsRope=1 | IsTnd=1 + IsBn2MultiBlk=1
20055092628034098,IsRope=1 + DTemplateNum=64 | IsRope=1 + IsDNoEqual=0 | IsBn2MultiBlk=1 + IsRope=1
20055092628034226,IsRope=1 + DTemplateNum=64 | IsRope=1 + IsDNoEqual=0 | IsBn2MultiBlk=1 + IsRope=1 | IsTnd=1 + IsBn2MultiBlk=1
20055092628034354,IsRope=1 + DTemplateNum=64 | IsRope=1 + IsDNoEqual=0 | IsBn2MultiBlk=1 + IsRope=1
20055092628034482,IsRope=1 + DTemplateNum=64 | IsRope=1 + IsDNoEqual=0 | IsBn2MultiBlk=1 + IsRope=1 | IsTnd=1 + IsBn2MultiBlk=1
20055092628034610,IsRope=1 + DTemplateNum=64 | IsRope=1 + IsDNoEqual=0 | IsBn2MultiBlk=1 + IsRope=1
20055092628034738,IsRope=1 + DTemplateNum=64 | IsRope=1 + IsDNoEqual=0 | IsBn2MultiBlk=1 + IsRope=1 | IsTnd=1 + IsBn2MultiBlk=1
20055092628034866,IsRope=1 + DTemplateNum=64 | IsRope=1 + IsDNoEqual=0 | IsBn2MultiBlk=1 + IsRope=1
20055092628034994,IsRope=1 + DTemplateNum=64 | IsRope=1 + IsDNoEqual=0 | IsBn2MultiBlk=1 + IsRope=1 | IsTnd=1 + IsBn2MultiBlk=1
20055092628035122,IsRope=1 + DTemplateNum=64 | IsRope=1 + IsDNoEqual=0 | IsBn2MultiBlk=1 + IsRope=1
20055092628035250,IsRope=1 + DTemplateNum=64 | IsRope=1 + IsDNoEqual=0 | IsBn2MultiBlk=1 + IsRope=1 | IsTnd=1 + IsBn2MultiBlk=1
20055092628035378,IsRope=1 + DTemplateNum=64 | IsRope=1 + IsDNoEqual=0 | IsBn2MultiBlk=1 + IsRope=1
20055092628035506,IsRope=1 + DTemplateNum=64 | IsRope=1 + IsDNoEqual=0 | IsBn2MultiBlk=1 + IsRope=1 | IsTnd=1 + IsBn2MultiBlk=1
20055093164904498,IsRope=1 + DTemplateNum=128 | IsRope=1 + IsDNoEqual=0 | IsBn2MultiBlk=1 + IsRope=1
20055093164904626,IsRope=1 + DTemplateNum=128 | IsRope=1 + IsDNoEqual=0 | IsBn2MultiBlk=1 + IsRope=1 | IsTnd=1 + IsBn2MultiBlk=1
20055093164904754,IsRope=1 + DTemplateNum=128 | IsRope=1 + IsDNoEqual=0 | IsBn2MultiBlk=1 + IsRope=1
20055093164904882,IsRope=1 + DTemplateNum=128 | IsRope=1 + IsDNoEqual=0 | IsBn2MultiBlk=1 + IsRope=1 | IsTnd=1 + IsBn2MultiBlk=1
20055093164905010,IsRope=1 + DTemplateNum=128 | IsRope=1 + IsDNoEqual=0 | IsBn2MultiBlk=1 + IsRope=1
20055093164905138,IsRope=1 + DTemplateNum=128 | IsRope=1 + IsDNoEqual=0 | IsBn2MultiBlk=1 + IsRope=1 | IsTnd=1 + IsBn2MultiBlk=1
20055093164905266,IsRope=1 + DTemplateNum=128 | IsRope=1 + IsDNoEqual=0 | IsBn2MultiBlk=1 + IsRope=1
20055093164905394,IsRope=1 + DTemplateNum=128 | IsRope=1 + IsDNoEqual=0 | IsBn2MultiBlk=1 + IsRope=1 | IsTnd=1 + IsBn2MultiBlk=1
20055093164905522,IsRope=1 + DTemplateNum=128 | IsRope=1 + IsDNoEqual=0 | IsBn2MultiBlk=1 + IsRope=1
20055093164905650,IsRope=1 + DTemplateNum=128 | IsRope=1 + IsDNoEqual=0 | IsBn2MultiBlk=1 + IsRope=1 | IsTnd=1 + IsBn2MultiBlk=1
20055093164905778,IsRope=1 + DTemplateNum=128 | IsRope=1 + IsDNoEqual=0 | IsBn2MultiBlk=1 + IsRope=1
20055093164905906,IsRope=1 + DTemplateNum=128 | IsRope=1 + IsDNoEqual=0 | IsBn2MultiBlk=1 + IsRope=1 | IsTnd=1 + IsBn2MultiBlk=1
20055093164906034,IsRope=1 + DTemplateNum=128 | IsRope=1 + IsDNoEqual=0 | IsBn2MultiBlk=1 + IsRope=1
20055093164906162,IsRope=1 + DTemplateNum=128 | IsRope=1 + IsDNoEqual=0 | IsBn2MultiBlk=1 + IsRope=1 | IsTnd=1 + IsBn2MultiBlk=1
20055093164906290,IsRope=1 + DTemplateNum=128 | IsRope=1 + IsDNoEqual=0 | IsBn2MultiBlk=1 + IsRope=1
20055093164906418,IsRope=1 + DTemplateNum=128 | IsRope=1 + IsDNoEqual=0 | IsBn2MultiBlk=1 + IsRope=1 | IsTnd=1 + IsBn2MultiBlk=1
20055093701775410,IsRope=1 + IsDNoEqual=0 | IsBn2MultiBlk=1 + IsRope=1
20055093701775538,IsRope=1 + IsDNoEqual=0 | IsBn2MultiBlk=1 + IsRope=1 | IsTnd=1 + IsBn2MultiBlk=1 | SplitAxis=1 + IsTnd=1 + DTemplateNum=192
20055093701775666,IsRope=1 + IsDNoEqual=0 | IsBn2MultiBlk=1 + IsRope=1
20055093701775794,IsRope=1 + IsDNoEqual=0 | IsBn2MultiBlk=1 + IsRope=1 | IsTnd=1 + IsBn2MultiBlk=1 | SplitAxis=1 + IsTnd=1 + DTemplateNum=192
20055093701775922,IsRope=1 + IsDNoEqual=0 | IsBn2MultiBlk=1 + IsRope=1
20055093701776050,IsRope=1 + IsDNoEqual=0 | IsBn2MultiBlk=1 + IsRope=1 | IsTnd=1 + IsBn2MultiBlk=1 | SplitAxis=1 + IsTnd=1 + DTemplateNum=192
20055093701776178,IsRope=1 + IsDNoEqual=0 | IsBn2MultiBlk=1 + IsRope=1
20055093701776306,IsRope=1 + IsDNoEqual=0 | IsBn2MultiBlk=1 + IsRope=1 | IsTnd=1 + IsBn2MultiBlk=1 | SplitAxis=1 + IsTnd=1 + DTemplateNum=192
20055093701776434,IsRope=1 + IsDNoEqual=0 | IsBn2MultiBlk=1 + IsRope=1
20055093701776562,IsRope=1 + IsDNoEqual=0 | IsBn2MultiBlk=1 + IsRope=1 | IsTnd=1 + IsBn2MultiBlk=1 | SplitAxis=1 + IsTnd=1 + DTemplateNum=192
20055093701776690,IsRope=1 + IsDNoEqual=0 | IsBn2MultiBlk=1 + IsRope=1
20055093701776818,IsRope=1 + IsDNoEqual=0 | IsBn2MultiBlk=1 + IsRope=1 | IsTnd=1 + IsBn2MultiBlk=1 | SplitAxis=1 + IsTnd=1 + DTemplateNum=192
20055093701776946,IsRope=1 + IsDNoEqual=0 | IsBn2MultiBlk=1 + IsRope=1
20055093701777074,IsRope=1 + IsDNoEqual=0 | IsBn2MultiBlk=1 + IsRope=1 | IsTnd=1 + IsBn2MultiBlk=1 | SplitAxis=1 + IsTnd=1 + DTemplateNum=192
20055093701777202,IsRope=1 + IsDNoEqual=0 | IsBn2MultiBlk=1 + IsRope=1
20055093701777330,IsRope=1 + IsDNoEqual=0 | IsBn2MultiBlk=1 + IsRope=1 | IsTnd=1 + IsBn2MultiBlk=1 | SplitAxis=1 + IsTnd=1 + DTemplateNum=192
20055094238646322,IsRope=1 + DTemplateNum=256 | IsRope=1 + IsDNoEqual=0 | IsBn2MultiBlk=1 + IsRope=1
20055094238646450,IsRope=1 + DTemplateNum=256 | IsRope=1 + IsDNoEqual=0 | IsBn2MultiBlk=1 + IsRope=1 | IsTnd=1 + IsBn2MultiBlk=1 | SplitAxis=1 + IsTnd=1 + DTemplateNum=256
20055094238646578,IsRope=1 + DTemplateNum=256 | IsRope=1 + IsDNoEqual=0 | IsBn2MultiBlk=1 + IsRope=1
20055094238646706,IsRope=1 + DTemplateNum=256 | IsRope=1 + IsDNoEqual=0 | IsBn2MultiBlk=1 + IsRope=1 | IsTnd=1 + IsBn2MultiBlk=1 | SplitAxis=1 + IsTnd=1 + DTemplateNum=256
20055094238646834,IsRope=1 + DTemplateNum=256 | IsRope=1 + IsDNoEqual=0 | IsBn2MultiBlk=1 + IsRope=1
20055094238646962,IsRope=1 + DTemplateNum=256 | IsRope=1 + IsDNoEqual=0 | IsBn2MultiBlk=1 + IsRope=1 | IsTnd=1 + IsBn2MultiBlk=1 | SplitAxis=1 + IsTnd=1 + DTemplateNum=256
20055094238647090,IsRope=1 + DTemplateNum=256 | IsRope=1 + IsDNoEqual=0 | IsBn2MultiBlk=1 + IsRope=1
20055094238647218,IsRope=1 + DTemplateNum=256 | IsRope=1 + IsDNoEqual=0 | IsBn2MultiBlk=1 + IsRope=1 | IsTnd=1 + IsBn2MultiBlk=1 | SplitAxis=1 + IsTnd=1 + DTemplateNum=256
20055094238647346,IsRope=1 + DTemplateNum=256 | IsRope=1 + IsDNoEqual=0 | IsBn2MultiBlk=1 + IsRope=1
20055094238647474,IsRope=1 + DTemplateNum=256 | IsRope=1 + IsDNoEqual=0 | IsBn2MultiBlk=1 + IsRope=1 | IsTnd=1 + IsBn2MultiBlk=1 | SplitAxis=1 + IsTnd=1 + DTemplateNum=256
20055094238647602,IsRope=1 + DTemplateNum=256 | IsRope=1 + IsDNoEqual=0 | IsBn2MultiBlk=1 + IsRope=1
20055094238647730,IsRope=1 + DTemplateNum=256 | IsRope=1 + IsDNoEqual=0 | IsBn2MultiBlk=1 + IsRope=1 | IsTnd=1 + IsBn2MultiBlk=1 | SplitAxis=1 + IsTnd=1 + DTemplateNum=256
20055094238647858,IsRope=1 + DTemplateNum=256 | IsRope=1 + IsDNoEqual=0 | IsBn2MultiBlk=1 + IsRope=1
20055094238647986,IsRope=1 + DTemplateNum=256 | IsRope=1 + IsDNoEqual=0 | IsBn2MultiBlk=1 + IsRope=1 | IsTnd=1 + IsBn2MultiBlk=1 | SplitAxis=1 + IsTnd=1 + DTemplateNum=256
20055094238648114,IsRope=1 + DTemplateNum=256 | IsRope=1 + IsDNoEqual=0 | IsBn2MultiBlk=1 + IsRope=1
20055094238648242,IsRope=1 + DTemplateNum=256 | IsRope=1 + IsDNoEqual=0 | IsBn2MultiBlk=1 + IsRope=1 | IsTnd=1 + IsBn2MultiBlk=1 | SplitAxis=1 + IsTnd=1 + DTemplateNum=256
20055094775517234,IsRope=1 + DTemplateNum=768 | IsRope=1 + IsDNoEqual=0 | IsBn2MultiBlk=1 + IsRope=1
20055094775517362,IsRope=1 + DTemplateNum=768 | IsRope=1 + IsDNoEqual=0 | IsBn2MultiBlk=1 + IsRope=1 | IsTnd=1 + IsBn2MultiBlk=1 | SplitAxis=1 + IsTnd=1 + DTemplateNum=768
20055094775517490,IsRope=1 + DTemplateNum=768 | IsRope=1 + IsDNoEqual=0 | IsBn2MultiBlk=1 + IsRope=1
20055094775517618,IsRope=1 + DTemplateNum=768 | IsRope=1 + IsDNoEqual=0 | IsBn2MultiBlk=1 + IsRope=1 | IsTnd=1 + IsBn2MultiBlk=1 | SplitAxis=1 + IsTnd=1 + DTemplateNum=768
20055094775517746,IsRope=1 + DTemplateNum=768 | IsRope=1 + IsDNoEqual=0 | IsBn2MultiBlk=1 + IsRope=1
20055094775517874,IsRope=1 + DTemplateNum=768 | IsRope=1 + IsDNoEqual=0 | IsBn2MultiBlk=1 + IsRope=1 | IsTnd=1 + IsBn2MultiBlk=1 | SplitAxis=1 + IsTnd=1 + DTemplateNum=768
20055094775518002,IsRope=1 + DTemplateNum=768 | IsRope=1 + IsDNoEqual=0 | IsBn2MultiBlk=1 + IsRope=1
20055094775518130,IsRope=1 + DTemplateNum=768 | IsRope=1 + IsDNoEqual=0 | IsBn2MultiBlk=1 + IsRope=1 | IsTnd=1 + IsBn2MultiBlk=1 | SplitAxis=1 + IsTnd=1 + DTemplateNum=768
20055094775518258,IsRope=1 + DTemplateNum=768 | IsRope=1 + IsDNoEqual=0 | IsBn2MultiBlk=1 + IsRope=1
20055094775518386,IsRope=1 + DTemplateNum=768 | IsRope=1 + IsDNoEqual=0 | IsBn2MultiBlk=1 + IsRope=1 | IsTnd=1 + IsBn2MultiBlk=1 | SplitAxis=1 + IsTnd=1 + DTemplateNum=768
20055094775518514,IsRope=1 + DTemplateNum=768 | IsRope=1 + IsDNoEqual=0 | IsBn2MultiBlk=1 + IsRope=1
20055094775518642,IsRope=1 + DTemplateNum=768 | IsRope=1 + IsDNoEqual=0 | IsBn2MultiBlk=1 + IsRope=1 | IsTnd=1 + IsBn2MultiBlk=1 | SplitAxis=1 + IsTnd=1 + DTemplateNum=768
20055094775518770,IsRope=1 + DTemplateNum=768 | IsRope=1 + IsDNoEqual=0 | IsBn2MultiBlk=1 + IsRope=1
20055094775518898,IsRope=1 + DTemplateNum=768 | IsRope=1 + IsDNoEqual=0 | IsBn2MultiBlk=1 + IsRope=1 | IsTnd=1 + IsBn2MultiBlk=1 | SplitAxis=1 + IsTnd=1 + DTemplateNum=768
20055094775519026,IsRope=1 + DTemplateNum=768 | IsRope=1 + IsDNoEqual=0 | IsBn2MultiBlk=1 + IsRope=1
20055094775519154,IsRope=1 + DTemplateNum=768 | IsRope=1 + IsDNoEqual=0 | IsBn2MultiBlk=1 + IsRope=1 | IsTnd=1 + IsBn2MultiBlk=1 | SplitAxis=1 + IsTnd=1 + DTemplateNum=768
20125461372211250,IsRope=1 + DTemplateNum=64
20125461372211378,IsRope=1 + DTemplateNum=64
20125461372211506,IsRope=1 + DTemplateNum=64
20125461372211634,IsRope=1 + DTemplateNum=64
20125461372211762,IsRope=1 + DTemplateNum=64
20125461372211890,IsRope=1 + DTemplateNum=64
20125461372212018,IsRope=1 + DTemplateNum=64
20125461372212146,IsRope=1 + DTemplateNum=64
20125461372212274,IsRope=1 + DTemplateNum=64
20125461372212402,IsRope=1 + DTemplateNum=64
20125461372212530,IsRope=1 + DTemplateNum=64
20125461372212658,IsRope=1 + DTemplateNum=64
20125461372212786,IsRope=1 + DTemplateNum=64
20125461372212914,IsRope=1 + DTemplateNum=64
20125461372213042,IsRope=1 + DTemplateNum=64
20125461372213170,IsRope=1 + DTemplateNum=64
20125461909082162,IsRope=1 + DTemplateNum=128
20125461909082290,IsRope=1 + DTemplateNum=128
20125461909082418,IsRope=1 + DTemplateNum=128
20125461909082546,IsRope=1 + DTemplateNum=128
20125461909082674,IsRope=1 + DTemplateNum=128
20125461909082802,IsRope=1 + DTemplateNum=128
20125461909082930,IsRope=1 + DTemplateNum=128
20125461909083058,IsRope=1 + DTemplateNum=128
20125461909083186,IsRope=1 + DTemplateNum=128
20125461909083314,IsRope=1 + DTemplateNum=128
20125461909083442,IsRope=1 + DTemplateNum=128
20125461909083570,IsRope=1 + DTemplateNum=128
20125461909083698,IsRope=1 + DTemplateNum=128
20125461909083826,IsRope=1 + DTemplateNum=128
20125461909083954,IsRope=1 + DTemplateNum=128
20125461909084082,IsRope=1 + DTemplateNum=128
20125462445953202,SplitAxis=1 + IsTnd=1 + DTemplateNum=192
20125462445953458,SplitAxis=1 + IsTnd=1 + DTemplateNum=192
20125462445953714,SplitAxis=1 + IsTnd=1 + DTemplateNum=192
20125462445953970,SplitAxis=1 + IsTnd=1 + DTemplateNum=192
20125462445954226,SplitAxis=1 + IsTnd=1 + DTemplateNum=192
20125462445954482,SplitAxis=1 + IsTnd=1 + DTemplateNum=192
20125462445954738,SplitAxis=1 + IsTnd=1 + DTemplateNum=192
20125462445954994,SplitAxis=1 + IsTnd=1 + DTemplateNum=192
20125462982823986,IsRope=1 + DTemplateNum=256
20125462982824114,IsRope=1 + DTemplateNum=256 | SplitAxis=1 + IsTnd=1 + DTemplateNum=256
20125462982824242,IsRope=1 + DTemplateNum=256
20125462982824370,IsRope=1 + DTemplateNum=256 | SplitAxis=1 + IsTnd=1 + DTemplateNum=256
20125462982824498,IsRope=1 + DTemplateNum=256
20125462982824626,IsRope=1 + DTemplateNum=256 | SplitAxis=1 + IsTnd=1 + DTemplateNum=256
20125462982824754,IsRope=1 + DTemplateNum=256
20125462982824882,IsRope=1 + DTemplateNum=256 | SplitAxis=1 + IsTnd=1 + DTemplateNum=256
20125462982825010,IsRope=1 + DTemplateNum=256
20125462982825138,IsRope=1 + DTemplateNum=256 | SplitAxis=1 + IsTnd=1 + DTemplateNum=256
20125462982825266,IsRope=1 + DTemplateNum=256
20125462982825394,IsRope=1 + DTemplateNum=256 | SplitAxis=1 + IsTnd=1 + DTemplateNum=256
20125462982825522,IsRope=1 + DTemplateNum=256
20125462982825650,IsRope=1 + DTemplateNum=256 | SplitAxis=1 + IsTnd=1 + DTemplateNum=256
20125462982825778,IsRope=1 + DTemplateNum=256
20125462982825906,IsRope=1 + DTemplateNum=256 | SplitAxis=1 + IsTnd=1 + DTemplateNum=256
20125463519694898,IsRope=1 + DTemplateNum=768
20125463519695026,IsRope=1 + DTemplateNum=768 | SplitAxis=1 + IsTnd=1 + DTemplateNum=768
20125463519695154,IsRope=1 + DTemplateNum=768
20125463519695282,IsRope=1 + DTemplateNum=768 | SplitAxis=1 + IsTnd=1 + DTemplateNum=768
20125463519695410,IsRope=1 + DTemplateNum=768
20125463519695538,IsRope=1 + DTemplateNum=768 | SplitAxis=1 + IsTnd=1 + DTemplateNum=768
20125463519695666,IsRope=1 + DTemplateNum=768
20125463519695794,IsRope=1 + DTemplateNum=768 | SplitAxis=1 + IsTnd=1 + DTemplateNum=768
20125463519695922,IsRope=1 + DTemplateNum=768
20125463519696050,IsRope=1 + DTemplateNum=768 | SplitAxis=1 + IsTnd=1 + DTemplateNum=768
20125463519696178,IsRope=1 + DTemplateNum=768
20125463519696306,IsRope=1 + DTemplateNum=768 | SplitAxis=1 + IsTnd=1 + DTemplateNum=768
20125463519696434,IsRope=1 + DTemplateNum=768
20125463519696562,IsRope=1 + DTemplateNum=768 | SplitAxis=1 + IsTnd=1 + DTemplateNum=768
20125463519696690,IsRope=1 + DTemplateNum=768
20125463519696818,IsRope=1 + DTemplateNum=768 | SplitAxis=1 + IsTnd=1 + DTemplateNum=768
20132059515719728,IsAttenMask=0 + DeterType=3
20132059515719856,IsAttenMask=0 + DeterType=3
20132059515719984,IsAttenMask=0 + DeterType=3
20132059515720112,IsAttenMask=0 + DeterType=3
20132059515720240,IsAttenMask=0 + DeterType=3
20132059515720368,IsAttenMask=0 + DeterType=3
20132059515720496,IsAttenMask=0 + DeterType=3
20132059515720624,IsAttenMask=0 + DeterType=3
20134258538975280,IsAttenMask=0 + DeterType=4
20134258538975408,IsAttenMask=0 + DeterType=4
20134258538975536,IsAttenMask=0 + DeterType=4
20134258538975664,IsAttenMask=0 + DeterType=4
20134258538975792,IsAttenMask=0 + DeterType=4
20134258538975920,IsAttenMask=0 + DeterType=4
20134258538976048,IsAttenMask=0 + DeterType=4
20134258538976176,IsAttenMask=0 + DeterType=4
20167243887808560,IsAttenMask=0 + DeterType=3
20167243887808688,IsAttenMask=0 + DeterType=3
20167243887808816,IsAttenMask=0 + DeterType=3
20167243887808944,IsAttenMask=0 + DeterType=3
20167243887809072,IsAttenMask=0 + DeterType=3
20167243887809200,IsAttenMask=0 + DeterType=3
20167243887809328,IsAttenMask=0 + DeterType=3
20167243887809456,IsAttenMask=0 + DeterType=3
20169442911064112,IsAttenMask=0 + DeterType=4
20169442911064240,IsAttenMask=0 + DeterType=4
20169442911064368,IsAttenMask=0 + DeterType=4
20169442911064496,IsAttenMask=0 + DeterType=4
20169442911064624,IsAttenMask=0 + DeterType=4
20169442911064752,IsAttenMask=0 + DeterType=4
20169442911064880,IsAttenMask=0 + DeterType=4
20169442911065008,IsAttenMask=0 + DeterType=4
20195830116388914,IsRope=1 + DTemplateNum=64 | IsBn2MultiBlk=1 + IsRope=1 | IsBn2MultiBlk=1 + IsDNoEqual=1
20195830116389042,IsRope=1 + DTemplateNum=64 | IsBn2MultiBlk=1 + IsRope=1 | IsBn2MultiBlk=1 + IsDNoEqual=1 | IsTnd=1 + IsBn2MultiBlk=1
20195830116389170,IsRope=1 + DTemplateNum=64 | IsBn2MultiBlk=1 + IsRope=1 | IsBn2MultiBlk=1 + IsDNoEqual=1
20195830116389298,IsRope=1 + DTemplateNum=64 | IsBn2MultiBlk=1 + IsRope=1 | IsBn2MultiBlk=1 + IsDNoEqual=1 | IsTnd=1 + IsBn2MultiBlk=1
20195830116389426,IsRope=1 + DTemplateNum=64 | IsBn2MultiBlk=1 + IsRope=1 | IsBn2MultiBlk=1 + IsDNoEqual=1
20195830116389554,IsRope=1 + DTemplateNum=64 | IsBn2MultiBlk=1 + IsRope=1 | IsBn2MultiBlk=1 + IsDNoEqual=1 | IsTnd=1 + IsBn2MultiBlk=1
20195830116389682,IsRope=1 + DTemplateNum=64 | IsBn2MultiBlk=1 + IsRope=1 | IsBn2MultiBlk=1 + IsDNoEqual=1
20195830116389810,IsRope=1 + DTemplateNum=64 | IsBn2MultiBlk=1 + IsRope=1 | IsBn2MultiBlk=1 + IsDNoEqual=1 | IsTnd=1 + IsBn2MultiBlk=1
20195830116389938,IsRope=1 + DTemplateNum=64 | IsBn2MultiBlk=1 + IsRope=1 | IsBn2MultiBlk=1 + IsDNoEqual=1
20195830116390066,IsRope=1 + DTemplateNum=64 | IsBn2MultiBlk=1 + IsRope=1 | IsBn2MultiBlk=1 + IsDNoEqual=1 | IsTnd=1 + IsBn2MultiBlk=1
20195830116390194,IsRope=1 + DTemplateNum=64 | IsBn2MultiBlk=1 + IsRope=1 | IsBn2MultiBlk=1 + IsDNoEqual=1
20195830116390322,IsRope=1 + DTemplateNum=64 | IsBn2MultiBlk=1 + IsRope=1 | IsBn2MultiBlk=1 + IsDNoEqual=1 | IsTnd=1 + IsBn2MultiBlk=1
20195830116390450,IsRope=1 + DTemplateNum=64 | IsBn2MultiBlk=1 + IsRope=1 | IsBn2MultiBlk=1 + IsDNoEqual=1
20195830116390578,IsRope=1 + DTemplateNum=64 | IsBn2MultiBlk=1 + IsRope=1 | IsBn2MultiBlk=1 + IsDNoEqual=1 | IsTnd=1 + IsBn2MultiBlk=1
20195830116390706,IsRope=1 + DTemplateNum=64 | IsBn2MultiBlk=1 + IsRope=1 | IsBn2MultiBlk=1 + IsDNoEqual=1
20195830116390834,IsRope=1 + DTemplateNum=64 | IsBn2MultiBlk=1 + IsRope=1 | IsBn2MultiBlk=1 + IsDNoEqual=1 | IsTnd=1 + IsBn2MultiBlk=1
20195830653259826,IsRope=1 + DTemplateNum=128 | IsBn2MultiBlk=1 + IsRope=1 | IsBn2MultiBlk=1 + IsDNoEqual=1
20195830653259954,IsRope=1 + DTemplateNum=128 | IsBn2MultiBlk=1 + IsRope=1 | IsBn2MultiBlk=1 + IsDNoEqual=1 | IsTnd=1 + IsBn2MultiBlk=1
20195830653260082,IsRope=1 + DTemplateNum=128 | IsBn2MultiBlk=1 + IsRope=1 | IsBn2MultiBlk=1 + IsDNoEqual=1
20195830653260210,IsRope=1 + DTemplateNum=128 | IsBn2MultiBlk=1 + IsRope=1 | IsBn2MultiBlk=1 + IsDNoEqual=1 | IsTnd=1 + IsBn2MultiBlk=1
20195830653260338,IsRope=1 + DTemplateNum=128 | IsBn2MultiBlk=1 + IsRope=1 | IsBn2MultiBlk=1 + IsDNoEqual=1
20195830653260466,IsRope=1 + DTemplateNum=128 | IsBn2MultiBlk=1 + IsRope=1 | IsBn2MultiBlk=1 + IsDNoEqual=1 | IsTnd=1 + IsBn2MultiBlk=1
20195830653260594,IsRope=1 + DTemplateNum=128 | IsBn2MultiBlk=1 + IsRope=1 | IsBn2MultiBlk=1 + IsDNoEqual=1
20195830653260722,IsRope=1 + DTemplateNum=128 | IsBn2MultiBlk=1 + IsRope=1 | IsBn2MultiBlk=1 + IsDNoEqual=1 | IsTnd=1 + IsBn2MultiBlk=1
20195830653260850,IsRope=1 + DTemplateNum=128 | IsBn2MultiBlk=1 + IsRope=1 | IsBn2MultiBlk=1 + IsDNoEqual=1
20195830653260978,IsRope=1 + DTemplateNum=128 | IsBn2MultiBlk=1 + IsRope=1 | IsBn2MultiBlk=1 + IsDNoEqual=1 | IsTnd=1 + IsBn2MultiBlk=1
20195830653261106,IsRope=1 + DTemplateNum=128 | IsBn2MultiBlk=1 + IsRope=1 | IsBn2MultiBlk=1 + IsDNoEqual=1
20195830653261234,IsRope=1 + DTemplateNum=128 | IsBn2MultiBlk=1 + IsRope=1 | IsBn2MultiBlk=1 + IsDNoEqual=1 | IsTnd=1 + IsBn2MultiBlk=1
20195830653261362,IsRope=1 + DTemplateNum=128 | IsBn2MultiBlk=1 + IsRope=1 | IsBn2MultiBlk=1 + IsDNoEqual=1
20195830653261490,IsRope=1 + DTemplateNum=128 | IsBn2MultiBlk=1 + IsRope=1 | IsBn2MultiBlk=1 + IsDNoEqual=1 | IsTnd=1 + IsBn2MultiBlk=1
20195830653261618,IsRope=1 + DTemplateNum=128 | IsBn2MultiBlk=1 + IsRope=1 | IsBn2MultiBlk=1 + IsDNoEqual=1
20195830653261746,IsRope=1 + DTemplateNum=128 | IsBn2MultiBlk=1 + IsRope=1 | IsBn2MultiBlk=1 + IsDNoEqual=1 | IsTnd=1 + IsBn2MultiBlk=1
20195831190130738,IsBn2MultiBlk=1 + IsRope=1 | IsBn2MultiBlk=1 + IsDNoEqual=1
20195831190130866,IsBn2MultiBlk=1 + IsRope=1 | IsBn2MultiBlk=1 + IsDNoEqual=1 | IsTnd=1 + IsBn2MultiBlk=1 | SplitAxis=1 + IsTnd=1 + DTemplateNum=192
20195831190130994,IsBn2MultiBlk=1 + IsRope=1 | IsBn2MultiBlk=1 + IsDNoEqual=1
20195831190131122,IsBn2MultiBlk=1 + IsRope=1 | IsBn2MultiBlk=1 + IsDNoEqual=1 | IsTnd=1 + IsBn2MultiBlk=1 | SplitAxis=1 + IsTnd=1 + DTemplateNum=192
20195831190131250,IsBn2MultiBlk=1 + IsRope=1 | IsBn2MultiBlk=1 + IsDNoEqual=1
20195831190131378,IsBn2MultiBlk=1 + IsRope=1 | IsBn2MultiBlk=1 + IsDNoEqual=1 | IsTnd=1 + IsBn2MultiBlk=1 | SplitAxis=1 + IsTnd=1 + DTemplateNum=192
20195831190131506,IsBn2MultiBlk=1 + IsRope=1 | IsBn2MultiBlk=1 + IsDNoEqual=1
20195831190131634,IsBn2MultiBlk=1 + IsRope=1 | IsBn2MultiBlk=1 + IsDNoEqual=1 | IsTnd=1 + IsBn2MultiBlk=1 | SplitAxis=1 + IsTnd=1 + DTemplateNum=192
20195831190131762,IsBn2MultiBlk=1 + IsRope=1 | IsBn2MultiBlk=1 + IsDNoEqual=1
20195831190131890,IsBn2MultiBlk=1 + IsRope=1 | IsBn2MultiBlk=1 + IsDNoEqual=1 | IsTnd=1 + IsBn2MultiBlk=1 | SplitAxis=1 + IsTnd=1 + DTemplateNum=192
20195831190132018,IsBn2MultiBlk=1 + IsRope=1 | IsBn2MultiBlk=1 + IsDNoEqual=1
20195831190132146,IsBn2MultiBlk=1 + IsRope=1 | IsBn2MultiBlk=1 + IsDNoEqual=1 | IsTnd=1 + IsBn2MultiBlk=1 | SplitAxis=1 + IsTnd=1 + DTemplateNum=192
20195831190132274,IsBn2MultiBlk=1 + IsRope=1 | IsBn2MultiBlk=1 + IsDNoEqual=1
20195831190132402,IsBn2MultiBlk=1 + IsRope=1 | IsBn2MultiBlk=1 + IsDNoEqual=1 | IsTnd=1 + IsBn2MultiBlk=1 | SplitAxis=1 + IsTnd=1 + DTemplateNum=192
20195831190132530,IsBn2MultiBlk=1 + IsRope=1 | IsBn2MultiBlk=1 + IsDNoEqual=1
20195831190132658,IsBn2MultiBlk=1 + IsRope=1 | IsBn2MultiBlk=1 + IsDNoEqual=1 | IsTnd=1 + IsBn2MultiBlk=1 | SplitAxis=1 + IsTnd=1 + DTemplateNum=192
20195831727001650,IsRope=1 + DTemplateNum=256 | IsBn2MultiBlk=1 + IsRope=1 | IsBn2MultiBlk=1 + IsDNoEqual=1
20195831727001778,IsRope=1 + DTemplateNum=256 | IsBn2MultiBlk=1 + IsRope=1 | IsBn2MultiBlk=1 + IsDNoEqual=1 | IsTnd=1 + IsBn2MultiBlk=1 | SplitAxis=1 + IsTnd=1 + DTemplateNum=256
20195831727001906,IsRope=1 + DTemplateNum=256 | IsBn2MultiBlk=1 + IsRope=1 | IsBn2MultiBlk=1 + IsDNoEqual=1
20195831727002034,IsRope=1 + DTemplateNum=256 | IsBn2MultiBlk=1 + IsRope=1 | IsBn2MultiBlk=1 + IsDNoEqual=1 | IsTnd=1 + IsBn2MultiBlk=1 | SplitAxis=1 + IsTnd=1 + DTemplateNum=256
20195831727002162,IsRope=1 + DTemplateNum=256 | IsBn2MultiBlk=1 + IsRope=1 | IsBn2MultiBlk=1 + IsDNoEqual=1
20195831727002290,IsRope=1 + DTemplateNum=256 | IsBn2MultiBlk=1 + IsRope=1 | IsBn2MultiBlk=1 + IsDNoEqual=1 | IsTnd=1 + IsBn2MultiBlk=1 | SplitAxis=1 + IsTnd=1 + DTemplateNum=256
20195831727002418,IsRope=1 + DTemplateNum=256 | IsBn2MultiBlk=1 + IsRope=1 | IsBn2MultiBlk=1 + IsDNoEqual=1
20195831727002546,IsRope=1 + DTemplateNum=256 | IsBn2MultiBlk=1 + IsRope=1 | IsBn2MultiBlk=1 + IsDNoEqual=1 | IsTnd=1 + IsBn2MultiBlk=1 | SplitAxis=1 + IsTnd=1 + DTemplateNum=256
20195831727002674,IsRope=1 + DTemplateNum=256 | IsBn2MultiBlk=1 + IsRope=1 | IsBn2MultiBlk=1 + IsDNoEqual=1
20195831727002802,IsRope=1 + DTemplateNum=256 | IsBn2MultiBlk=1 + IsRope=1 | IsBn2MultiBlk=1 + IsDNoEqual=1 | IsTnd=1 + IsBn2MultiBlk=1 | SplitAxis=1 + IsTnd=1 + DTemplateNum=256
20195831727002930,IsRope=1 + DTemplateNum=256 | IsBn2MultiBlk=1 + IsRope=1 | IsBn2MultiBlk=1 + IsDNoEqual=1
20195831727003058,IsRope=1 + DTemplateNum=256 | IsBn2MultiBlk=1 + IsRope=1 | IsBn2MultiBlk=1 + IsDNoEqual=1 | IsTnd=1 + IsBn2MultiBlk=1 | SplitAxis=1 + IsTnd=1 + DTemplateNum=256
20195831727003186,IsRope=1 + DTemplateNum=256 | IsBn2MultiBlk=1 + IsRope=1 | IsBn2MultiBlk=1 + IsDNoEqual=1
20195831727003314,IsRope=1 + DTemplateNum=256 | IsBn2MultiBlk=1 + IsRope=1 | IsBn2MultiBlk=1 + IsDNoEqual=1 | IsTnd=1 + IsBn2MultiBlk=1 | SplitAxis=1 + IsTnd=1 + DTemplateNum=256
20195831727003442,IsRope=1 + DTemplateNum=256 | IsBn2MultiBlk=1 + IsRope=1 | IsBn2MultiBlk=1 + IsDNoEqual=1
20195831727003570,IsRope=1 + DTemplateNum=256 | IsBn2MultiBlk=1 + IsRope=1 | IsBn2MultiBlk=1 + IsDNoEqual=1 | IsTnd=1 + IsBn2MultiBlk=1 | SplitAxis=1 + IsTnd=1 + DTemplateNum=256
20195832263872562,IsRope=1 + DTemplateNum=768 | IsBn2MultiBlk=1 + IsRope=1 | IsBn2MultiBlk=1 + IsDNoEqual=1
20195832263872690,IsRope=1 + DTemplateNum=768 | IsBn2MultiBlk=1 + IsRope=1 | IsBn2MultiBlk=1 + IsDNoEqual=1 | IsTnd=1 + IsBn2MultiBlk=1 | SplitAxis=1 + IsTnd=1 + DTemplateNum=768
20195832263872818,IsRope=1 + DTemplateNum=768 | IsBn2MultiBlk=1 + IsRope=1 | IsBn2MultiBlk=1 + IsDNoEqual=1
20195832263872946,IsRope=1 + DTemplateNum=768 | IsBn2MultiBlk=1 + IsRope=1 | IsBn2MultiBlk=1 + IsDNoEqual=1 | IsTnd=1 + IsBn2MultiBlk=1 | SplitAxis=1 + IsTnd=1 + DTemplateNum=768
20195832263873074,IsRope=1 + DTemplateNum=768 | IsBn2MultiBlk=1 + IsRope=1 | IsBn2MultiBlk=1 + IsDNoEqual=1
20195832263873202,IsRope=1 + DTemplateNum=768 | IsBn2MultiBlk=1 + IsRope=1 | IsBn2MultiBlk=1 + IsDNoEqual=1 | IsTnd=1 + IsBn2MultiBlk=1 | SplitAxis=1 + IsTnd=1 + DTemplateNum=768
20195832263873330,IsRope=1 + DTemplateNum=768 | IsBn2MultiBlk=1 + IsRope=1 | IsBn2MultiBlk=1 + IsDNoEqual=1
20195832263873458,IsRope=1 + DTemplateNum=768 | IsBn2MultiBlk=1 + IsRope=1 | IsBn2MultiBlk=1 + IsDNoEqual=1 | IsTnd=1 + IsBn2MultiBlk=1 | SplitAxis=1 + IsTnd=1 + DTemplateNum=768
20195832263873586,IsRope=1 + DTemplateNum=768 | IsBn2MultiBlk=1 + IsRope=1 | IsBn2MultiBlk=1 + IsDNoEqual=1
20195832263873714,IsRope=1 + DTemplateNum=768 | IsBn2MultiBlk=1 + IsRope=1 | IsBn2MultiBlk=1 + IsDNoEqual=1 | IsTnd=1 + IsBn2MultiBlk=1 | SplitAxis=1 + IsTnd=1 + DTemplateNum=768
20195832263873842,IsRope=1 + DTemplateNum=768 | IsBn2MultiBlk=1 + IsRope=1 | IsBn2MultiBlk=1 + IsDNoEqual=1
20195832263873970,IsRope=1 + DTemplateNum=768 | IsBn2MultiBlk=1 + IsRope=1 | IsBn2MultiBlk=1 + IsDNoEqual=1 | IsTnd=1 + IsBn2MultiBlk=1 | SplitAxis=1 + IsTnd=1 + DTemplateNum=768
20195832263874098,IsRope=1 + DTemplateNum=768 | IsBn2MultiBlk=1 + IsRope=1 | IsBn2MultiBlk=1 + IsDNoEqual=1
20195832263874226,IsRope=1 + DTemplateNum=768 | IsBn2MultiBlk=1 + IsRope=1 | IsBn2MultiBlk=1 + IsDNoEqual=1 | IsTnd=1 + IsBn2MultiBlk=1 | SplitAxis=1 + IsTnd=1 + DTemplateNum=768
20195832263874354,IsRope=1 + DTemplateNum=768 | IsBn2MultiBlk=1 + IsRope=1 | IsBn2MultiBlk=1 + IsDNoEqual=1
20195832263874482,IsRope=1 + DTemplateNum=768 | IsBn2MultiBlk=1 + IsRope=1 | IsBn2MultiBlk=1 + IsDNoEqual=1 | IsTnd=1 + IsBn2MultiBlk=1 | SplitAxis=1 + IsTnd=1 + DTemplateNum=768
23650496187732000,IsAttenMask=0 + DeterType=3
23650496187732128,IsAttenMask=0 + DeterType=3
23650496187732256,IsAttenMask=0 + DeterType=3
23650496187732384,IsAttenMask=0 + DeterType=3
23650496187732512,IsAttenMask=0 + DeterType=3
23650496187732640,IsAttenMask=0 + DeterType=3
23650496187732768,IsAttenMask=0 + DeterType=3
23650496187732896,IsAttenMask=0 + DeterType=3
23652695210987552,IsAttenMask=0 + DeterType=4
23652695210987680,IsAttenMask=0 + DeterType=4
23652695210987808,IsAttenMask=0 + DeterType=4
23652695210987936,IsAttenMask=0 + DeterType=4
23652695210988064,IsAttenMask=0 + DeterType=4
23652695210988192,IsAttenMask=0 + DeterType=4
23652695210988320,IsAttenMask=0 + DeterType=4
23652695210988448,IsAttenMask=0 + DeterType=4
23685680559820832,IsAttenMask=0 + DeterType=3
23685680559820960,IsAttenMask=0 + DeterType=3
23685680559821088,IsAttenMask=0 + DeterType=3
23685680559821216,IsAttenMask=0 + DeterType=3
23685680559821344,IsAttenMask=0 + DeterType=3
23685680559821472,IsAttenMask=0 + DeterType=3
23685680559821600,IsAttenMask=0 + DeterType=3
23685680559821728,IsAttenMask=0 + DeterType=3
23687879583076384,IsAttenMask=0 + DeterType=4
23687879583076512,IsAttenMask=0 + DeterType=4
23687879583076640,IsAttenMask=0 + DeterType=4
23687879583076768,IsAttenMask=0 + DeterType=4
23687879583076896,IsAttenMask=0 + DeterType=4
23687879583077024,IsAttenMask=0 + DeterType=4
23687879583077152,IsAttenMask=0 + DeterType=4
23687879583077280,IsAttenMask=0 + DeterType=4
23791233676087328,IsAttenMask=0 + DeterType=3
23791233676087456,IsAttenMask=0 + DeterType=3
23791233676087584,IsAttenMask=0 + DeterType=3
23791233676087712,IsAttenMask=0 + DeterType=3
23791233676087840,IsAttenMask=0 + DeterType=3
23791233676087968,IsAttenMask=0 + DeterType=3
23791233676088096,IsAttenMask=0 + DeterType=3
23791233676088224,IsAttenMask=0 + DeterType=3
23793432699342880,IsAttenMask=0 + DeterType=4
23793432699343008,IsAttenMask=0 + DeterType=4
23793432699343136,IsAttenMask=0 + DeterType=4
23793432699343264,IsAttenMask=0 + DeterType=4
23793432699343392,IsAttenMask=0 + DeterType=4
23793432699343520,IsAttenMask=0 + DeterType=4
23793432699343648,IsAttenMask=0 + DeterType=4
23793432699343776,IsAttenMask=0 + DeterType=4
23826418048176160,IsAttenMask=0 + DeterType=3
23826418048176288,IsAttenMask=0 + DeterType=3
23826418048176416,IsAttenMask=0 + DeterType=3
23826418048176544,IsAttenMask=0 + DeterType=3
23826418048176672,IsAttenMask=0 + DeterType=3
23826418048176800,IsAttenMask=0 + DeterType=3
23826418048176928,IsAttenMask=0 + DeterType=3
23826418048177056,IsAttenMask=0 + DeterType=3
23828617071431712,IsAttenMask=0 + DeterType=4
23828617071431840,IsAttenMask=0 + DeterType=4
23828617071431968,IsAttenMask=0 + DeterType=4
23828617071432096,IsAttenMask=0 + DeterType=4
23828617071432224,IsAttenMask=0 + DeterType=4
23828617071432352,IsAttenMask=0 + DeterType=4
23828617071432480,IsAttenMask=0 + DeterType=4
23828617071432608,IsAttenMask=0 + DeterType=4
24213446141153328,IsAttenMask=0 + DeterType=3
24213446141153456,IsAttenMask=0 + DeterType=3
24213446141153584,IsAttenMask=0 + DeterType=3
24213446141153712,IsAttenMask=0 + DeterType=3
24213446141153840,IsAttenMask=0 + DeterType=3
24213446141153968,IsAttenMask=0 + DeterType=3
24213446141154096,IsAttenMask=0 + DeterType=3
24213446141154224,IsAttenMask=0 + DeterType=3
24215645164408880,IsAttenMask=0 + DeterType=4
24215645164409008,IsAttenMask=0 + DeterType=4
24215645164409136,IsAttenMask=0 + DeterType=4
24215645164409264,IsAttenMask=0 + DeterType=4
24215645164409392,IsAttenMask=0 + DeterType=4
24215645164409520,IsAttenMask=0 + DeterType=4
24215645164409648,IsAttenMask=0 + DeterType=4
24215645164409776,IsAttenMask=0 + DeterType=4
24248630513242160,IsAttenMask=0 + DeterType=3
24248630513242288,IsAttenMask=0 + DeterType=3
24248630513242416,IsAttenMask=0 + DeterType=3
24248630513242544,IsAttenMask=0 + DeterType=3
24248630513242672,IsAttenMask=0 + DeterType=3
24248630513242800,IsAttenMask=0 + DeterType=3
24248630513242928,IsAttenMask=0 + DeterType=3
24248630513243056,IsAttenMask=0 + DeterType=3
24250829536497712,IsAttenMask=0 + DeterType=4
24250829536497840,IsAttenMask=0 + DeterType=4
24250829536497968,IsAttenMask=0 + DeterType=4
24250829536498096,IsAttenMask=0 + DeterType=4
24250829536498224,IsAttenMask=0 + DeterType=4
24250829536498352,IsAttenMask=0 + DeterType=4
24250829536498480,IsAttenMask=0 + DeterType=4
24250829536498608,IsAttenMask=0 + DeterType=4
24354183629508656,IsAttenMask=0 + DeterType=3
24354183629508784,IsAttenMask=0 + DeterType=3
24354183629508912,IsAttenMask=0 + DeterType=3
24354183629509040,IsAttenMask=0 + DeterType=3
24354183629509168,IsAttenMask=0 + DeterType=3
24354183629509296,IsAttenMask=0 + DeterType=3
24354183629509424,IsAttenMask=0 + DeterType=3
24354183629509552,IsAttenMask=0 + DeterType=3
24356382652764208,IsAttenMask=0 + DeterType=4
24356382652764336,IsAttenMask=0 + DeterType=4
24356382652764464,IsAttenMask=0 + DeterType=4
24356382652764592,IsAttenMask=0 + DeterType=4
24356382652764720,IsAttenMask=0 + DeterType=4
24356382652764848,IsAttenMask=0 + DeterType=4
24356382652764976,IsAttenMask=0 + DeterType=4
24356382652765104,IsAttenMask=0 + DeterType=4
24389368001597488,IsAttenMask=0 + DeterType=3
24389368001597616,IsAttenMask=0 + DeterType=3
24389368001597744,IsAttenMask=0 + DeterType=3
24389368001597872,IsAttenMask=0 + DeterType=3
24389368001598000,IsAttenMask=0 + DeterType=3
24389368001598128,IsAttenMask=0 + DeterType=3
24389368001598256,IsAttenMask=0 + DeterType=3
24389368001598384,IsAttenMask=0 + DeterType=3
24391567024853040,IsAttenMask=0 + DeterType=4
24391567024853168,IsAttenMask=0 + DeterType=4
24391567024853296,IsAttenMask=0 + DeterType=4
24391567024853424,IsAttenMask=0 + DeterType=4
24391567024853552,IsAttenMask=0 + DeterType=4
24391567024853680,IsAttenMask=0 + DeterType=4
24391567024853808,IsAttenMask=0 + DeterType=4
24391567024853936,IsAttenMask=0 + DeterType=4
27588946301554832,IsTndSwizzle=1 + DeterType=2
27588946301555088,IsTndSwizzle=1 + DeterType=2
27588946301555344,IsTndSwizzle=1 + DeterType=2
27588946301555600,IsTndSwizzle=1 + DeterType=2
27588946301555856,IsTndSwizzle=1 + DeterType=2
27588946301556112,IsTndSwizzle=1 + DeterType=2
27588946301556368,IsTndSwizzle=1 + DeterType=2
27588946301556624,IsTndSwizzle=1 + DeterType=2
27588946838425744,IsTndSwizzle=1 + DeterType=2
27588946838426000,IsTndSwizzle=1 + DeterType=2
27588946838426256,IsTndSwizzle=1 + DeterType=2
27588946838426512,IsTndSwizzle=1 + DeterType=2
27588946838426768,IsTndSwizzle=1 + DeterType=2
27588946838427024,IsTndSwizzle=1 + DeterType=2
27588946838427280,IsTndSwizzle=1 + DeterType=2
27588946838427536,IsTndSwizzle=1 + DeterType=2
27588947375296656,IsTndSwizzle=1 + DeterType=2
27588947375296912,IsTndSwizzle=1 + DeterType=2
27588947375297168,IsTndSwizzle=1 + DeterType=2
27588947375297424,IsTndSwizzle=1 + DeterType=2
27588947375297680,IsTndSwizzle=1 + DeterType=2
27588947375297936,IsTndSwizzle=1 + DeterType=2
27588947375298192,IsTndSwizzle=1 + DeterType=2
27588947375298448,IsTndSwizzle=1 + DeterType=2
27588947912167568,IsTndSwizzle=1 + DeterType=2
27588947912167824,IsTndSwizzle=1 + DeterType=2
27588947912168080,IsTndSwizzle=1 + DeterType=2
27588947912168336,IsTndSwizzle=1 + DeterType=2
27588947912168592,IsTndSwizzle=1 + DeterType=2
27588947912168848,IsTndSwizzle=1 + DeterType=2
27588947912169104,IsTndSwizzle=1 + DeterType=2
27588947912169360,IsTndSwizzle=1 + DeterType=2
27588948449036432,IsTndSwizzle=1 + DeterType=2
27588948449036688,IsTndSwizzle=1 + DeterType=2
27588948449036944,IsTndSwizzle=1 + DeterType=2
27588948449037200,IsTndSwizzle=1 + DeterType=2
27588948449037456,IsTndSwizzle=1 + DeterType=2
27588948449037712,IsTndSwizzle=1 + DeterType=2
27588948449037968,IsTndSwizzle=1 + DeterType=2
27588948449038224,IsTndSwizzle=1 + DeterType=2
27588948449038480,IsTndSwizzle=1 + DeterType=2 | InputDType=1 + DTemplateNum=768 + S1TemplateNum=128
27588948449038736,IsTndSwizzle=1 + DeterType=2 | InputDType=1 + DTemplateNum=768 + S1TemplateNum=128
27588948449038992,IsTndSwizzle=1 + DeterType=2 | InputDType=1 + DTemplateNum=768 + S1TemplateNum=128
27588948449039248,IsTndSwizzle=1 + DeterType=2 | InputDType=1 + DTemplateNum=768 + S1TemplateNum=128
27588948449039504,IsTndSwizzle=1 + DeterType=2 | InputDType=1 + DTemplateNum=768 + S1TemplateNum=128
27588948449039760,IsTndSwizzle=1 + DeterType=2 | InputDType=1 + DTemplateNum=768 + S1TemplateNum=128
27588948449040016,IsTndSwizzle=1 + DeterType=2 | InputDType=1 + DTemplateNum=768 + S1TemplateNum=128
27588948449040272,IsTndSwizzle=1 + DeterType=2 | InputDType=1 + DTemplateNum=768 + S1TemplateNum=128
27591145324810384,IsTndSwizzle=1 + DeterType=3 | IsAttenMask=0 + DeterType=3
27591145324810640,IsTndSwizzle=1 + DeterType=3 | IsAttenMask=0 + DeterType=3
27591145324810896,IsTndSwizzle=1 + DeterType=3 | IsAttenMask=0 + DeterType=3
27591145324811152,IsTndSwizzle=1 + DeterType=3 | IsAttenMask=0 + DeterType=3
27591145324811408,IsTndSwizzle=1 + DeterType=3
27591145324811664,IsTndSwizzle=1 + DeterType=3
27591145324811920,IsTndSwizzle=1 + DeterType=3
27591145324812176,IsTndSwizzle=1 + DeterType=3
27591145861681296,IsTndSwizzle=1 + DeterType=3 | IsAttenMask=0 + DeterType=3
27591145861681552,IsTndSwizzle=1 + DeterType=3 | IsAttenMask=0 + DeterType=3
27591145861681808,IsTndSwizzle=1 + DeterType=3 | IsAttenMask=0 + DeterType=3
27591145861682064,IsTndSwizzle=1 + DeterType=3 | IsAttenMask=0 + DeterType=3
27591145861682320,IsTndSwizzle=1 + DeterType=3
27591145861682576,IsTndSwizzle=1 + DeterType=3
27591145861682832,IsTndSwizzle=1 + DeterType=3
27591145861683088,IsTndSwizzle=1 + DeterType=3
27591146398552208,IsTndSwizzle=1 + DeterType=3 | IsAttenMask=0 + DeterType=3
27591146398552464,IsTndSwizzle=1 + DeterType=3 | IsAttenMask=0 + DeterType=3
27591146398552720,IsTndSwizzle=1 + DeterType=3 | IsAttenMask=0 + DeterType=3
27591146398552976,IsTndSwizzle=1 + DeterType=3 | IsAttenMask=0 + DeterType=3
27591146398553232,IsTndSwizzle=1 + DeterType=3
27591146398553488,IsTndSwizzle=1 + DeterType=3
27591146398553744,IsTndSwizzle=1 + DeterType=3
27591146398554000,IsTndSwizzle=1 + DeterType=3
27591146935423120,IsTndSwizzle=1 + DeterType=3 | IsAttenMask=0 + DeterType=3
27591146935423376,IsTndSwizzle=1 + DeterType=3 | IsAttenMask=0 + DeterType=3
27591146935423632,IsTndSwizzle=1 + DeterType=3 | IsAttenMask=0 + DeterType=3
27591146935423888,IsTndSwizzle=1 + DeterType=3 | IsAttenMask=0 + DeterType=3
27591146935424144,IsTndSwizzle=1 + DeterType=3
27591146935424400,IsTndSwizzle=1 + DeterType=3
27591146935424656,IsTndSwizzle=1 + DeterType=3
27591146935424912,IsTndSwizzle=1 + DeterType=3
27591147472291984,IsTndSwizzle=1 + DeterType=3 | IsAttenMask=0 + DeterType=3
27591147472292240,IsTndSwizzle=1 + DeterType=3 | IsAttenMask=0 + DeterType=3
27591147472292496,IsTndSwizzle=1 + DeterType=3 | IsAttenMask=0 + DeterType=3
27591147472292752,IsTndSwizzle=1 + DeterType=3 | IsAttenMask=0 + DeterType=3
27591147472293008,IsTndSwizzle=1 + DeterType=3
27591147472293264,IsTndSwizzle=1 + DeterType=3
27591147472293520,IsTndSwizzle=1 + DeterType=3
27591147472293776,IsTndSwizzle=1 + DeterType=3
27591147472294032,IsTndSwizzle=1 + DeterType=3 | IsAttenMask=0 + DeterType=3 | InputDType=1 + DTemplateNum=768 + S1TemplateNum=128
27591147472294288,IsTndSwizzle=1 + DeterType=3 | IsAttenMask=0 + DeterType=3 | InputDType=1 + DTemplateNum=768 + S1TemplateNum=128
27591147472294544,IsTndSwizzle=1 + DeterType=3 | IsAttenMask=0 + DeterType=3 | InputDType=1 + DTemplateNum=768 + S1TemplateNum=128
27591147472294800,IsTndSwizzle=1 + DeterType=3 | IsAttenMask=0 + DeterType=3 | InputDType=1 + DTemplateNum=768 + S1TemplateNum=128
27591147472295056,IsTndSwizzle=1 + DeterType=3 | InputDType=1 + DTemplateNum=768 + S1TemplateNum=128
27591147472295312,IsTndSwizzle=1 + DeterType=3 | InputDType=1 + DTemplateNum=768 + S1TemplateNum=128
27591147472295568,IsTndSwizzle=1 + DeterType=3 | InputDType=1 + DTemplateNum=768 + S1TemplateNum=128
27591147472295824,IsTndSwizzle=1 + DeterType=3 | InputDType=1 + DTemplateNum=768 + S1TemplateNum=128
27593344348065936,IsTndSwizzle=1 + DeterType=4 | IsAttenMask=0 + DeterType=4
27593344348066192,IsTndSwizzle=1 + DeterType=4 | IsAttenMask=0 + DeterType=4
27593344348066448,IsTndSwizzle=1 + DeterType=4 | IsAttenMask=0 + DeterType=4
27593344348066704,IsTndSwizzle=1 + DeterType=4 | IsAttenMask=0 + DeterType=4
27593344348066960,IsTndSwizzle=1 + DeterType=4
27593344348067216,IsTndSwizzle=1 + DeterType=4
27593344348067472,IsTndSwizzle=1 + DeterType=4
27593344348067728,IsTndSwizzle=1 + DeterType=4
27593344884936848,IsTndSwizzle=1 + DeterType=4 | IsAttenMask=0 + DeterType=4
27593344884937104,IsTndSwizzle=1 + DeterType=4 | IsAttenMask=0 + DeterType=4
27593344884937360,IsTndSwizzle=1 + DeterType=4 | IsAttenMask=0 + DeterType=4
27593344884937616,IsTndSwizzle=1 + DeterType=4 | IsAttenMask=0 + DeterType=4
27593344884937872,IsTndSwizzle=1 + DeterType=4
27593344884938128,IsTndSwizzle=1 + DeterType=4
27593344884938384,IsTndSwizzle=1 + DeterType=4
27593344884938640,IsTndSwizzle=1 + DeterType=4
27593345421807760,IsTndSwizzle=1 + DeterType=4 | IsAttenMask=0 + DeterType=4
27593345421808016,IsTndSwizzle=1 + DeterType=4 | IsAttenMask=0 + DeterType=4
27593345421808272,IsTndSwizzle=1 + DeterType=4 | IsAttenMask=0 + DeterType=4
27593345421808528,IsTndSwizzle=1 + DeterType=4 | IsAttenMask=0 + DeterType=4
27593345421808784,IsTndSwizzle=1 + DeterType=4
27593345421809040,IsTndSwizzle=1 + DeterType=4
27593345421809296,IsTndSwizzle=1 + DeterType=4
27593345421809552,IsTndSwizzle=1 + DeterType=4
27593345958678672,IsTndSwizzle=1 + DeterType=4 | IsAttenMask=0 + DeterType=4
27593345958678928,IsTndSwizzle=1 + DeterType=4 | IsAttenMask=0 + DeterType=4
27593345958679184,IsTndSwizzle=1 + DeterType=4 | IsAttenMask=0 + DeterType=4
27593345958679440,IsTndSwizzle=1 + DeterType=4 | IsAttenMask=0 + DeterType=4
27593345958679696,IsTndSwizzle=1 + DeterType=4
27593345958679952,IsTndSwizzle=1 + DeterType=4
27593345958680208,IsTndSwizzle=1 + DeterType=4
27593345958680464,IsTndSwizzle=1 + DeterType=4
27593346495547536,IsTndSwizzle=1 + DeterType=4 | IsAttenMask=0 + DeterType=4
27593346495547792,IsTndSwizzle=1 + DeterType=4 | IsAttenMask=0 + DeterType=4
27593346495548048,IsTndSwizzle=1 + DeterType=4 | IsAttenMask=0 + DeterType=4
27593346495548304,IsTndSwizzle=1 + DeterType=4 | IsAttenMask=0 + DeterType=4
27593346495548560,IsTndSwizzle=1 + DeterType=4
27593346495548816,IsTndSwizzle=1 + DeterType=4
27593346495549072,IsTndSwizzle=1 + DeterType=4
27593346495549328,IsTndSwizzle=1 + DeterType=4
27593346495549584,IsTndSwizzle=1 + DeterType=4 | IsAttenMask=0 + DeterType=4 | InputDType=1 + DTemplateNum=768 + S1TemplateNum=128
27593346495549840,IsTndSwizzle=1 + DeterType=4 | IsAttenMask=0 + DeterType=4 | InputDType=1 + DTemplateNum=768 + S1TemplateNum=128
27593346495550096,IsTndSwizzle=1 + DeterType=4 | IsAttenMask=0 + DeterType=4 | InputDType=1 + DTemplateNum=768 + S1TemplateNum=128
27593346495550352,IsTndSwizzle=1 + DeterType=4 | IsAttenMask=0 + DeterType=4 | InputDType=1 + DTemplateNum=768 + S1TemplateNum=128
27593346495550608,IsTndSwizzle=1 + DeterType=4 | InputDType=1 + DTemplateNum=768 + S1TemplateNum=128
27593346495550864,IsTndSwizzle=1 + DeterType=4 | InputDType=1 + DTemplateNum=768 + S1TemplateNum=128
27593346495551120,IsTndSwizzle=1 + DeterType=4 | InputDType=1 + DTemplateNum=768 + S1TemplateNum=128
27593346495551376,IsTndSwizzle=1 + DeterType=4 | InputDType=1 + DTemplateNum=768 + S1TemplateNum=128
27624130673643664,IsTndSwizzle=1 + DeterType=2
27624130673643920,IsTndSwizzle=1 + DeterType=2
27624130673644176,IsTndSwizzle=1 + DeterType=2
27624130673644432,IsTndSwizzle=1 + DeterType=2
27624130673644688,IsTndSwizzle=1 + DeterType=2
27624130673644944,IsTndSwizzle=1 + DeterType=2
27624130673645200,IsTndSwizzle=1 + DeterType=2
27624130673645456,IsTndSwizzle=1 + DeterType=2
27624131210514576,IsTndSwizzle=1 + DeterType=2
27624131210514832,IsTndSwizzle=1 + DeterType=2
27624131210515088,IsTndSwizzle=1 + DeterType=2
27624131210515344,IsTndSwizzle=1 + DeterType=2
27624131210515600,IsTndSwizzle=1 + DeterType=2
27624131210515856,IsTndSwizzle=1 + DeterType=2
27624131210516112,IsTndSwizzle=1 + DeterType=2
27624131210516368,IsTndSwizzle=1 + DeterType=2
27624131747385488,IsTndSwizzle=1 + DeterType=2
27624131747385744,IsTndSwizzle=1 + DeterType=2
27624131747386000,IsTndSwizzle=1 + DeterType=2
27624131747386256,IsTndSwizzle=1 + DeterType=2
27624131747386512,IsTndSwizzle=1 + DeterType=2
27624131747386768,IsTndSwizzle=1 + DeterType=2
27624131747387024,IsTndSwizzle=1 + DeterType=2
27624131747387280,IsTndSwizzle=1 + DeterType=2
27624132284256400,IsTndSwizzle=1 + DeterType=2
27624132284256656,IsTndSwizzle=1 + DeterType=2
27624132284256912,IsTndSwizzle=1 + DeterType=2
27624132284257168,IsTndSwizzle=1 + DeterType=2
27624132284257424,IsTndSwizzle=1 + DeterType=2
27624132284257680,IsTndSwizzle=1 + DeterType=2
27624132284257936,IsTndSwizzle=1 + DeterType=2
27624132284258192,IsTndSwizzle=1 + DeterType=2
27624132821125264,IsTndSwizzle=1 + DeterType=2
27624132821125520,IsTndSwizzle=1 + DeterType=2
27624132821125776,IsTndSwizzle=1 + DeterType=2
27624132821126032,IsTndSwizzle=1 + DeterType=2
27624132821126288,IsTndSwizzle=1 + DeterType=2
27624132821126544,IsTndSwizzle=1 + DeterType=2
27624132821126800,IsTndSwizzle=1 + DeterType=2
27624132821127056,IsTndSwizzle=1 + DeterType=2
27624132821127312,IsTndSwizzle=1 + DeterType=2 | InputDType=1 + DTemplateNum=768 + S1TemplateNum=128
27624132821127568,IsTndSwizzle=1 + DeterType=2 | InputDType=1 + DTemplateNum=768 + S1TemplateNum=128
27624132821127824,IsTndSwizzle=1 + DeterType=2 | InputDType=1 + DTemplateNum=768 + S1TemplateNum=128
27624132821128080,IsTndSwizzle=1 + DeterType=2 | InputDType=1 + DTemplateNum=768 + S1TemplateNum=128
27624132821128336,IsTndSwizzle=1 + DeterType=2 | InputDType=1 + DTemplateNum=768 + S1TemplateNum=128
27624132821128592,IsTndSwizzle=1 + DeterType=2 | InputDType=1 + DTemplateNum=768 + S1TemplateNum=128
27624132821128848,IsTndSwizzle=1 + DeterType=2 | InputDType=1 + DTemplateNum=768 + S1TemplateNum=128
27624132821129104,IsTndSwizzle=1 + DeterType=2 | InputDType=1 + DTemplateNum=768 + S1TemplateNum=128
27626329696899216,IsTndSwizzle=1 + DeterType=3 | IsAttenMask=0 + DeterType=3
27626329696899472,IsTndSwizzle=1 + DeterType=3 | IsAttenMask=0 + DeterType=3
27626329696899728,IsTndSwizzle=1 + DeterType=3 | IsAttenMask=0 + DeterType=3
27626329696899984,IsTndSwizzle=1 + DeterType=3 | IsAttenMask=0 + DeterType=3
27626329696900240,IsTndSwizzle=1 + DeterType=3
27626329696900496,IsTndSwizzle=1 + DeterType=3
27626329696900752,IsTndSwizzle=1 + DeterType=3
27626329696901008,IsTndSwizzle=1 + DeterType=3
27626330233770128,IsTndSwizzle=1 + DeterType=3 | IsAttenMask=0 + DeterType=3
27626330233770384,IsTndSwizzle=1 + DeterType=3 | IsAttenMask=0 + DeterType=3
27626330233770640,IsTndSwizzle=1 + DeterType=3 | IsAttenMask=0 + DeterType=3
27626330233770896,IsTndSwizzle=1 + DeterType=3 | IsAttenMask=0 + DeterType=3
27626330233771152,IsTndSwizzle=1 + DeterType=3
27626330233771408,IsTndSwizzle=1 + DeterType=3
27626330233771664,IsTndSwizzle=1 + DeterType=3
27626330233771920,IsTndSwizzle=1 + DeterType=3
27626330770641040,IsTndSwizzle=1 + DeterType=3 | IsAttenMask=0 + DeterType=3
27626330770641296,IsTndSwizzle=1 + DeterType=3 | IsAttenMask=0 + DeterType=3
27626330770641552,IsTndSwizzle=1 + DeterType=3 | IsAttenMask=0 + DeterType=3
27626330770641808,IsTndSwizzle=1 + DeterType=3 | IsAttenMask=0 + DeterType=3
27626330770642064,IsTndSwizzle=1 + DeterType=3
27626330770642320,IsTndSwizzle=1 + DeterType=3
27626330770642576,IsTndSwizzle=1 + DeterType=3
27626330770642832,IsTndSwizzle=1 + DeterType=3
27626331307511952,IsTndSwizzle=1 + DeterType=3 | IsAttenMask=0 + DeterType=3
27626331307512208,IsTndSwizzle=1 + DeterType=3 | IsAttenMask=0 + DeterType=3
27626331307512464,IsTndSwizzle=1 + DeterType=3 | IsAttenMask=0 + DeterType=3
27626331307512720,IsTndSwizzle=1 + DeterType=3 | IsAttenMask=0 + DeterType=3
27626331307512976,IsTndSwizzle=1 + DeterType=3
27626331307513232,IsTndSwizzle=1 + DeterType=3
27626331307513488,IsTndSwizzle=1 + DeterType=3
27626331307513744,IsTndSwizzle=1 + DeterType=3
27626331844380816,IsTndSwizzle=1 + DeterType=3 | IsAttenMask=0 + DeterType=3
27626331844381072,IsTndSwizzle=1 + DeterType=3 | IsAttenMask=0 + DeterType=3
27626331844381328,IsTndSwizzle=1 + DeterType=3 | IsAttenMask=0 + DeterType=3
27626331844381584,IsTndSwizzle=1 + DeterType=3 | IsAttenMask=0 + DeterType=3
27626331844381840,IsTndSwizzle=1 + DeterType=3
27626331844382096,IsTndSwizzle=1 + DeterType=3
27626331844382352,IsTndSwizzle=1 + DeterType=3
27626331844382608,IsTndSwizzle=1 + DeterType=3
27626331844382864,IsTndSwizzle=1 + DeterType=3 | IsAttenMask=0 + DeterType=3 | InputDType=1 + DTemplateNum=768 + S1TemplateNum=128
27626331844383120,IsTndSwizzle=1 + DeterType=3 | IsAttenMask=0 + DeterType=3 | InputDType=1 + DTemplateNum=768 + S1TemplateNum=128
27626331844383376,IsTndSwizzle=1 + DeterType=3 | IsAttenMask=0 + DeterType=3 | InputDType=1 + DTemplateNum=768 + S1TemplateNum=128
27626331844383632,IsTndSwizzle=1 + DeterType=3 | IsAttenMask=0 + DeterType=3 | InputDType=1 + DTemplateNum=768 + S1TemplateNum=128
27626331844383888,IsTndSwizzle=1 + DeterType=3 | InputDType=1 + DTemplateNum=768 + S1TemplateNum=128
27626331844384144,IsTndSwizzle=1 + DeterType=3 | InputDType=1 + DTemplateNum=768 + S1TemplateNum=128
27626331844384400,IsTndSwizzle=1 + DeterType=3 | InputDType=1 + DTemplateNum=768 + S1TemplateNum=128
27626331844384656,IsTndSwizzle=1 + DeterType=3 | InputDType=1 + DTemplateNum=768 + S1TemplateNum=128
27628528720154768,IsTndSwizzle=1 + DeterType=4 | IsAttenMask=0 + DeterType=4
27628528720155024,IsTndSwizzle=1 + DeterType=4 | IsAttenMask=0 + DeterType=4
27628528720155280,IsTndSwizzle=1 + DeterType=4 | IsAttenMask=0 + DeterType=4
27628528720155536,IsTndSwizzle=1 + DeterType=4 | IsAttenMask=0 + DeterType=4
27628528720155792,IsTndSwizzle=1 + DeterType=4
27628528720156048,IsTndSwizzle=1 + DeterType=4
27628528720156304,IsTndSwizzle=1 + DeterType=4
27628528720156560,IsTndSwizzle=1 + DeterType=4
27628529257025680,IsTndSwizzle=1 + DeterType=4 | IsAttenMask=0 + DeterType=4
27628529257025936,IsTndSwizzle=1 + DeterType=4 | IsAttenMask=0 + DeterType=4
27628529257026192,IsTndSwizzle=1 + DeterType=4 | IsAttenMask=0 + DeterType=4
27628529257026448,IsTndSwizzle=1 + DeterType=4 | IsAttenMask=0 + DeterType=4
27628529257026704,IsTndSwizzle=1 + DeterType=4
27628529257026960,IsTndSwizzle=1 + DeterType=4
27628529257027216,IsTndSwizzle=1 + DeterType=4
27628529257027472,IsTndSwizzle=1 + DeterType=4
27628529793896592,IsTndSwizzle=1 + DeterType=4 | IsAttenMask=0 + DeterType=4
27628529793896848,IsTndSwizzle=1 + DeterType=4 | IsAttenMask=0 + DeterType=4
27628529793897104,IsTndSwizzle=1 + DeterType=4 | IsAttenMask=0 + DeterType=4
27628529793897360,IsTndSwizzle=1 + DeterType=4 | IsAttenMask=0 + DeterType=4
27628529793897616,IsTndSwizzle=1 + DeterType=4
27628529793897872,IsTndSwizzle=1 + DeterType=4
27628529793898128,IsTndSwizzle=1 + DeterType=4
27628529793898384,IsTndSwizzle=1 + DeterType=4
27628530330767504,IsTndSwizzle=1 + DeterType=4 | IsAttenMask=0 + DeterType=4
27628530330767760,IsTndSwizzle=1 + DeterType=4 | IsAttenMask=0 + DeterType=4
27628530330768016,IsTndSwizzle=1 + DeterType=4 | IsAttenMask=0 + DeterType=4
27628530330768272,IsTndSwizzle=1 + DeterType=4 | IsAttenMask=0 + DeterType=4
27628530330768528,IsTndSwizzle=1 + DeterType=4
27628530330768784,IsTndSwizzle=1 + DeterType=4
27628530330769040,IsTndSwizzle=1 + DeterType=4
27628530330769296,IsTndSwizzle=1 + DeterType=4
27628530867636368,IsTndSwizzle=1 + DeterType=4 | IsAttenMask=0 + DeterType=4
27628530867636624,IsTndSwizzle=1 + DeterType=4 | IsAttenMask=0 + DeterType=4
27628530867636880,IsTndSwizzle=1 + DeterType=4 | IsAttenMask=0 + DeterType=4
27628530867637136,IsTndSwizzle=1 + DeterType=4 | IsAttenMask=0 + DeterType=4
27628530867637392,IsTndSwizzle=1 + DeterType=4
27628530867637648,IsTndSwizzle=1 + DeterType=4
27628530867637904,IsTndSwizzle=1 + DeterType=4
27628530867638160,IsTndSwizzle=1 + DeterType=4
27628530867638416,IsTndSwizzle=1 + DeterType=4 | IsAttenMask=0 + DeterType=4 | InputDType=1 + DTemplateNum=768 + S1TemplateNum=128
27628530867638672,IsTndSwizzle=1 + DeterType=4 | IsAttenMask=0 + DeterType=4 | InputDType=1 + DTemplateNum=768 + S1TemplateNum=128
27628530867638928,IsTndSwizzle=1 + DeterType=4 | IsAttenMask=0 + DeterType=4 | InputDType=1 + DTemplateNum=768 + S1TemplateNum=128
27628530867639184,IsTndSwizzle=1 + DeterType=4 | IsAttenMask=0 + DeterType=4 | InputDType=1 + DTemplateNum=768 + S1TemplateNum=128
27628530867639440,IsTndSwizzle=1 + DeterType=4 | InputDType=1 + DTemplateNum=768 + S1TemplateNum=128
27628530867639696,IsTndSwizzle=1 + DeterType=4 | InputDType=1 + DTemplateNum=768 + S1TemplateNum=128
27628530867639952,IsTndSwizzle=1 + DeterType=4 | InputDType=1 + DTemplateNum=768 + S1TemplateNum=128
27628530867640208,IsTndSwizzle=1 + DeterType=4 | InputDType=1 + DTemplateNum=768 + S1TemplateNum=128
27729683789910160,IsTndSwizzle=1 + DeterType=2
27729683789910416,IsTndSwizzle=1 + DeterType=2
27729683789910672,IsTndSwizzle=1 + DeterType=2
27729683789910928,IsTndSwizzle=1 + DeterType=2
27729683789911184,IsTndSwizzle=1 + DeterType=2
27729683789911440,IsTndSwizzle=1 + DeterType=2
27729683789911696,IsTndSwizzle=1 + DeterType=2
27729683789911952,IsTndSwizzle=1 + DeterType=2
27729684326781072,IsTndSwizzle=1 + DeterType=2
27729684326781328,IsTndSwizzle=1 + DeterType=2
27729684326781584,IsTndSwizzle=1 + DeterType=2
27729684326781840,IsTndSwizzle=1 + DeterType=2
27729684326782096,IsTndSwizzle=1 + DeterType=2
27729684326782352,IsTndSwizzle=1 + DeterType=2
27729684326782608,IsTndSwizzle=1 + DeterType=2
27729684326782864,IsTndSwizzle=1 + DeterType=2
27729684863651984,IsTndSwizzle=1 + DeterType=2
27729684863652240,IsTndSwizzle=1 + DeterType=2
27729684863652496,IsTndSwizzle=1 + DeterType=2
27729684863652752,IsTndSwizzle=1 + DeterType=2
27729684863653008,IsTndSwizzle=1 + DeterType=2
27729684863653264,IsTndSwizzle=1 + DeterType=2
27729684863653520,IsTndSwizzle=1 + DeterType=2
27729684863653776,IsTndSwizzle=1 + DeterType=2
27729685400522896,IsTndSwizzle=1 + DeterType=2
27729685400523152,IsTndSwizzle=1 + DeterType=2
27729685400523408,IsTndSwizzle=1 + DeterType=2
27729685400523664,IsTndSwizzle=1 + DeterType=2
27729685400523920,IsTndSwizzle=1 + DeterType=2
27729685400524176,IsTndSwizzle=1 + DeterType=2
27729685400524432,IsTndSwizzle=1 + DeterType=2
27729685400524688,IsTndSwizzle=1 + DeterType=2
27729685937391760,IsTndSwizzle=1 + DeterType=2
27729685937392016,IsTndSwizzle=1 + DeterType=2
27729685937392272,IsTndSwizzle=1 + DeterType=2
27729685937392528,IsTndSwizzle=1 + DeterType=2
27729685937392784,IsTndSwizzle=1 + DeterType=2
27729685937393040,IsTndSwizzle=1 + DeterType=2
27729685937393296,IsTndSwizzle=1 + DeterType=2
27729685937393552,IsTndSwizzle=1 + DeterType=2
27729685937393808,IsTndSwizzle=1 + DeterType=2 | InputDType=1 + DTemplateNum=768 + S1TemplateNum=128
27729685937394064,IsTndSwizzle=1 + DeterType=2 | InputDType=1 + DTemplateNum=768 + S1TemplateNum=128
27729685937394320,IsTndSwizzle=1 + DeterType=2 | InputDType=1 + DTemplateNum=768 + S1TemplateNum=128
27729685937394576,IsTndSwizzle=1 + DeterType=2 | InputDType=1 + DTemplateNum=768 + S1TemplateNum=128
27729685937394832,IsTndSwizzle=1 + DeterType=2 | InputDType=1 + DTemplateNum=768 + S1TemplateNum=128
27729685937395088,IsTndSwizzle=1 + DeterType=2 | InputDType=1 + DTemplateNum=768 + S1TemplateNum=128
27729685937395344,IsTndSwizzle=1 + DeterType=2 | InputDType=1 + DTemplateNum=768 + S1TemplateNum=128
27729685937395600,IsTndSwizzle=1 + DeterType=2 | InputDType=1 + DTemplateNum=768 + S1TemplateNum=128
27731882813165712,IsTndSwizzle=1 + DeterType=3 | IsAttenMask=0 + DeterType=3
27731882813165968,IsTndSwizzle=1 + DeterType=3 | IsAttenMask=0 + DeterType=3
27731882813166224,IsTndSwizzle=1 + DeterType=3 | IsAttenMask=0 + DeterType=3
27731882813166480,IsTndSwizzle=1 + DeterType=3 | IsAttenMask=0 + DeterType=3
27731882813166736,IsTndSwizzle=1 + DeterType=3
27731882813166992,IsTndSwizzle=1 + DeterType=3
27731882813167248,IsTndSwizzle=1 + DeterType=3
27731882813167504,IsTndSwizzle=1 + DeterType=3
27731883350036624,IsTndSwizzle=1 + DeterType=3 | IsAttenMask=0 + DeterType=3
27731883350036880,IsTndSwizzle=1 + DeterType=3 | IsAttenMask=0 + DeterType=3
27731883350037136,IsTndSwizzle=1 + DeterType=3 | IsAttenMask=0 + DeterType=3
27731883350037392,IsTndSwizzle=1 + DeterType=3 | IsAttenMask=0 + DeterType=3
27731883350037648,IsTndSwizzle=1 + DeterType=3
27731883350037904,IsTndSwizzle=1 + DeterType=3
27731883350038160,IsTndSwizzle=1 + DeterType=3
27731883350038416,IsTndSwizzle=1 + DeterType=3
27731883886907536,IsTndSwizzle=1 + DeterType=3 | IsAttenMask=0 + DeterType=3
27731883886907792,IsTndSwizzle=1 + DeterType=3 | IsAttenMask=0 + DeterType=3
27731883886908048,IsTndSwizzle=1 + DeterType=3 | IsAttenMask=0 + DeterType=3
27731883886908304,IsTndSwizzle=1 + DeterType=3 | IsAttenMask=0 + DeterType=3
27731883886908560,IsTndSwizzle=1 + DeterType=3
27731883886908816,IsTndSwizzle=1 + DeterType=3
27731883886909072,IsTndSwizzle=1 + DeterType=3
27731883886909328,IsTndSwizzle=1 + DeterType=3
27731884423778448,IsTndSwizzle=1 + DeterType=3 | IsAttenMask=0 + DeterType=3
27731884423778704,IsTndSwizzle=1 + DeterType=3 | IsAttenMask=0 + DeterType=3
27731884423778960,IsTndSwizzle=1 + DeterType=3 | IsAttenMask=0 + DeterType=3
27731884423779216,IsTndSwizzle=1 + DeterType=3 | IsAttenMask=0 + DeterType=3
27731884423779472,IsTndSwizzle=1 + DeterType=3
27731884423779728,IsTndSwizzle=1 + DeterType=3
27731884423779984,IsTndSwizzle=1 + DeterType=3
27731884423780240,IsTndSwizzle=1 + DeterType=3
27731884960647312,IsTndSwizzle=1 + DeterType=3 | IsAttenMask=0 + DeterType=3
27731884960647568,IsTndSwizzle=1 + DeterType=3 | IsAttenMask=0 + DeterType=3
27731884960647824,IsTndSwizzle=1 + DeterType=3 | IsAttenMask=0 + DeterType=3
27731884960648080,IsTndSwizzle=1 + DeterType=3 | IsAttenMask=0 + DeterType=3
27731884960648336,IsTndSwizzle=1 + DeterType=3
27731884960648592,IsTndSwizzle=1 + DeterType=3
27731884960648848,IsTndSwizzle=1 + DeterType=3
27731884960649104,IsTndSwizzle=1 + DeterType=3
27731884960649360,IsTndSwizzle=1 + DeterType=3 | IsAttenMask=0 + DeterType=3 | InputDType=1 + DTemplateNum=768 + S1TemplateNum=128
27731884960649616,IsTndSwizzle=1 + DeterType=3 | IsAttenMask=0 + DeterType=3 | InputDType=1 + DTemplateNum=768 + S1TemplateNum=128
27731884960649872,IsTndSwizzle=1 + DeterType=3 | IsAttenMask=0 + DeterType=3 | InputDType=1 + DTemplateNum=768 + S1TemplateNum=128
27731884960650128,IsTndSwizzle=1 + DeterType=3 | IsAttenMask=0 + DeterType=3 | InputDType=1 + DTemplateNum=768 + S1TemplateNum=128
27731884960650384,IsTndSwizzle=1 + DeterType=3 | InputDType=1 + DTemplateNum=768 + S1TemplateNum=128
27731884960650640,IsTndSwizzle=1 + DeterType=3 | InputDType=1 + DTemplateNum=768 + S1TemplateNum=128
27731884960650896,IsTndSwizzle=1 + DeterType=3 | InputDType=1 + DTemplateNum=768 + S1TemplateNum=128
27731884960651152,IsTndSwizzle=1 + DeterType=3 | InputDType=1 + DTemplateNum=768 + S1TemplateNum=128
27734081836421264,IsTndSwizzle=1 + DeterType=4 | IsAttenMask=0 + DeterType=4
27734081836421520,IsTndSwizzle=1 + DeterType=4 | IsAttenMask=0 + DeterType=4
27734081836421776,IsTndSwizzle=1 + DeterType=4 | IsAttenMask=0 + DeterType=4
27734081836422032,IsTndSwizzle=1 + DeterType=4 | IsAttenMask=0 + DeterType=4
27734081836422288,IsTndSwizzle=1 + DeterType=4
27734081836422544,IsTndSwizzle=1 + DeterType=4
27734081836422800,IsTndSwizzle=1 + DeterType=4
27734081836423056,IsTndSwizzle=1 + DeterType=4
27734082373292176,IsTndSwizzle=1 + DeterType=4 | IsAttenMask=0 + DeterType=4
27734082373292432,IsTndSwizzle=1 + DeterType=4 | IsAttenMask=0 + DeterType=4
27734082373292688,IsTndSwizzle=1 + DeterType=4 | IsAttenMask=0 + DeterType=4
27734082373292944,IsTndSwizzle=1 + DeterType=4 | IsAttenMask=0 + DeterType=4
27734082373293200,IsTndSwizzle=1 + DeterType=4
27734082373293456,IsTndSwizzle=1 + DeterType=4
27734082373293712,IsTndSwizzle=1 + DeterType=4
27734082373293968,IsTndSwizzle=1 + DeterType=4
27734082910163088,IsTndSwizzle=1 + DeterType=4 | IsAttenMask=0 + DeterType=4
27734082910163344,IsTndSwizzle=1 + DeterType=4 | IsAttenMask=0 + DeterType=4
27734082910163600,IsTndSwizzle=1 + DeterType=4 | IsAttenMask=0 + DeterType=4
27734082910163856,IsTndSwizzle=1 + DeterType=4 | IsAttenMask=0 + DeterType=4
27734082910164112,IsTndSwizzle=1 + DeterType=4
27734082910164368,IsTndSwizzle=1 + DeterType=4
27734082910164624,IsTndSwizzle=1 + DeterType=4
27734082910164880,IsTndSwizzle=1 + DeterType=4
27734083447034000,IsTndSwizzle=1 + DeterType=4 | IsAttenMask=0 + DeterType=4
27734083447034256,IsTndSwizzle=1 + DeterType=4 | IsAttenMask=0 + DeterType=4
27734083447034512,IsTndSwizzle=1 + DeterType=4 | IsAttenMask=0 + DeterType=4
27734083447034768,IsTndSwizzle=1 + DeterType=4 | IsAttenMask=0 + DeterType=4
27734083447035024,IsTndSwizzle=1 + DeterType=4
27734083447035280,IsTndSwizzle=1 + DeterType=4
27734083447035536,IsTndSwizzle=1 + DeterType=4
27734083447035792,IsTndSwizzle=1 + DeterType=4
27734083983902864,IsTndSwizzle=1 + DeterType=4 | IsAttenMask=0 + DeterType=4
27734083983903120,IsTndSwizzle=1 + DeterType=4 | IsAttenMask=0 + DeterType=4
27734083983903376,IsTndSwizzle=1 + DeterType=4 | IsAttenMask=0 + DeterType=4
27734083983903632,IsTndSwizzle=1 + DeterType=4 | IsAttenMask=0 + DeterType=4
27734083983903888,IsTndSwizzle=1 + DeterType=4
27734083983904144,IsTndSwizzle=1 + DeterType=4
27734083983904400,IsTndSwizzle=1 + DeterType=4
27734083983904656,IsTndSwizzle=1 + DeterType=4
27734083983904912,IsTndSwizzle=1 + DeterType=4 | IsAttenMask=0 + DeterType=4 | InputDType=1 + DTemplateNum=768 + S1TemplateNum=128
27734083983905168,IsTndSwizzle=1 + DeterType=4 | IsAttenMask=0 + DeterType=4 | InputDType=1 + DTemplateNum=768 + S1TemplateNum=128
27734083983905424,IsTndSwizzle=1 + DeterType=4 | IsAttenMask=0 + DeterType=4 | InputDType=1 + DTemplateNum=768 + S1TemplateNum=128
27734083983905680,IsTndSwizzle=1 + DeterType=4 | IsAttenMask=0 + DeterType=4 | InputDType=1 + DTemplateNum=768 + S1TemplateNum=128
27734083983905936,IsTndSwizzle=1 + DeterType=4 | InputDType=1 + DTemplateNum=768 + S1TemplateNum=128
27734083983906192,IsTndSwizzle=1 + DeterType=4 | InputDType=1 + DTemplateNum=768 + S1TemplateNum=128
27734083983906448,IsTndSwizzle=1 + DeterType=4 | InputDType=1 + DTemplateNum=768 + S1TemplateNum=128
27734083983906704,IsTndSwizzle=1 + DeterType=4 | InputDType=1 + DTemplateNum=768 + S1TemplateNum=128
27764868161998992,IsTndSwizzle=1 + DeterType=2
27764868161999248,IsTndSwizzle=1 + DeterType=2
27764868161999504,IsTndSwizzle=1 + DeterType=2
27764868161999760,IsTndSwizzle=1 + DeterType=2
27764868162000016,IsTndSwizzle=1 + DeterType=2
27764868162000272,IsTndSwizzle=1 + DeterType=2
27764868162000528,IsTndSwizzle=1 + DeterType=2
27764868162000784,IsTndSwizzle=1 + DeterType=2
27764868698869904,IsTndSwizzle=1 + DeterType=2
27764868698870160,IsTndSwizzle=1 + DeterType=2
27764868698870416,IsTndSwizzle=1 + DeterType=2
27764868698870672,IsTndSwizzle=1 + DeterType=2
27764868698870928,IsTndSwizzle=1 + DeterType=2
27764868698871184,IsTndSwizzle=1 + DeterType=2
27764868698871440,IsTndSwizzle=1 + DeterType=2
27764868698871696,IsTndSwizzle=1 + DeterType=2
27764869235740816,IsTndSwizzle=1 + DeterType=2
27764869235741072,IsTndSwizzle=1 + DeterType=2
27764869235741328,IsTndSwizzle=1 + DeterType=2
27764869235741584,IsTndSwizzle=1 + DeterType=2
27764869235741840,IsTndSwizzle=1 + DeterType=2
27764869235742096,IsTndSwizzle=1 + DeterType=2
27764869235742352,IsTndSwizzle=1 + DeterType=2
27764869235742608,IsTndSwizzle=1 + DeterType=2
27764869772611728,IsTndSwizzle=1 + DeterType=2
27764869772611984,IsTndSwizzle=1 + DeterType=2
27764869772612240,IsTndSwizzle=1 + DeterType=2
27764869772612496,IsTndSwizzle=1 + DeterType=2
27764869772612752,IsTndSwizzle=1 + DeterType=2
27764869772613008,IsTndSwizzle=1 + DeterType=2
27764869772613264,IsTndSwizzle=1 + DeterType=2
27764869772613520,IsTndSwizzle=1 + DeterType=2
27764870309480592,IsTndSwizzle=1 + DeterType=2
27764870309480848,IsTndSwizzle=1 + DeterType=2
27764870309481104,IsTndSwizzle=1 + DeterType=2
27764870309481360,IsTndSwizzle=1 + DeterType=2
27764870309481616,IsTndSwizzle=1 + DeterType=2
27764870309481872,IsTndSwizzle=1 + DeterType=2
27764870309482128,IsTndSwizzle=1 + DeterType=2
27764870309482384,IsTndSwizzle=1 + DeterType=2
27764870309482640,IsTndSwizzle=1 + DeterType=2 | InputDType=1 + DTemplateNum=768 + S1TemplateNum=128
27764870309482896,IsTndSwizzle=1 + DeterType=2 | InputDType=1 + DTemplateNum=768 + S1TemplateNum=128
27764870309483152,IsTndSwizzle=1 + DeterType=2 | InputDType=1 + DTemplateNum=768 + S1TemplateNum=128
27764870309483408,IsTndSwizzle=1 + DeterType=2 | InputDType=1 + DTemplateNum=768 + S1TemplateNum=128
27764870309483664,IsTndSwizzle=1 + DeterType=2 | InputDType=1 + DTemplateNum=768 + S1TemplateNum=128
27764870309483920,IsTndSwizzle=1 + DeterType=2 | InputDType=1 + DTemplateNum=768 + S1TemplateNum=128
27764870309484176,IsTndSwizzle=1 + DeterType=2 | InputDType=1 + DTemplateNum=768 + S1TemplateNum=128
27764870309484432,IsTndSwizzle=1 + DeterType=2 | InputDType=1 + DTemplateNum=768 + S1TemplateNum=128
27767067185254544,IsTndSwizzle=1 + DeterType=3 | IsAttenMask=0 + DeterType=3
27767067185254800,IsTndSwizzle=1 + DeterType=3 | IsAttenMask=0 + DeterType=3
27767067185255056,IsTndSwizzle=1 + DeterType=3 | IsAttenMask=0 + DeterType=3
27767067185255312,IsTndSwizzle=1 + DeterType=3 | IsAttenMask=0 + DeterType=3
27767067185255568,IsTndSwizzle=1 + DeterType=3
27767067185255824,IsTndSwizzle=1 + DeterType=3
27767067185256080,IsTndSwizzle=1 + DeterType=3
27767067185256336,IsTndSwizzle=1 + DeterType=3
27767067722125456,IsTndSwizzle=1 + DeterType=3 | IsAttenMask=0 + DeterType=3
27767067722125712,IsTndSwizzle=1 + DeterType=3 | IsAttenMask=0 + DeterType=3
27767067722125968,IsTndSwizzle=1 + DeterType=3 | IsAttenMask=0 + DeterType=3
27767067722126224,IsTndSwizzle=1 + DeterType=3 | IsAttenMask=0 + DeterType=3
27767067722126480,IsTndSwizzle=1 + DeterType=3
27767067722126736,IsTndSwizzle=1 + DeterType=3
27767067722126992,IsTndSwizzle=1 + DeterType=3
27767067722127248,IsTndSwizzle=1 + DeterType=3
27767068258996368,IsTndSwizzle=1 + DeterType=3 | IsAttenMask=0 + DeterType=3
27767068258996624,IsTndSwizzle=1 + DeterType=3 | IsAttenMask=0 + DeterType=3
27767068258996880,IsTndSwizzle=1 + DeterType=3 | IsAttenMask=0 + DeterType=3
27767068258997136,IsTndSwizzle=1 + DeterType=3 | IsAttenMask=0 + DeterType=3
27767068258997392,IsTndSwizzle=1 + DeterType=3
27767068258997648,IsTndSwizzle=1 + DeterType=3
27767068258997904,IsTndSwizzle=1 + DeterType=3
27767068258998160,IsTndSwizzle=1 + DeterType=3
27767068795867280,IsTndSwizzle=1 + DeterType=3 | IsAttenMask=0 + DeterType=3
27767068795867536,IsTndSwizzle=1 + DeterType=3 | IsAttenMask=0 + DeterType=3
27767068795867792,IsTndSwizzle=1 + DeterType=3 | IsAttenMask=0 + DeterType=3
27767068795868048,IsTndSwizzle=1 + DeterType=3 | IsAttenMask=0 + DeterType=3
27767068795868304,IsTndSwizzle=1 + DeterType=3
27767068795868560,IsTndSwizzle=1 + DeterType=3
27767068795868816,IsTndSwizzle=1 + DeterType=3
27767068795869072,IsTndSwizzle=1 + DeterType=3
27767069332736144,IsTndSwizzle=1 + DeterType=3 | IsAttenMask=0 + DeterType=3
27767069332736400,IsTndSwizzle=1 + DeterType=3 | IsAttenMask=0 + DeterType=3
27767069332736656,IsTndSwizzle=1 + DeterType=3 | IsAttenMask=0 + DeterType=3
27767069332736912,IsTndSwizzle=1 + DeterType=3 | IsAttenMask=0 + DeterType=3
27767069332737168,IsTndSwizzle=1 + DeterType=3
27767069332737424,IsTndSwizzle=1 + DeterType=3
27767069332737680,IsTndSwizzle=1 + DeterType=3
27767069332737936,IsTndSwizzle=1 + DeterType=3
27767069332738192,IsTndSwizzle=1 + DeterType=3 | IsAttenMask=0 + DeterType=3 | InputDType=1 + DTemplateNum=768 + S1TemplateNum=128
27767069332738448,IsTndSwizzle=1 + DeterType=3 | IsAttenMask=0 + DeterType=3 | InputDType=1 + DTemplateNum=768 + S1TemplateNum=128
27767069332738704,IsTndSwizzle=1 + DeterType=3 | IsAttenMask=0 + DeterType=3 | InputDType=1 + DTemplateNum=768 + S1TemplateNum=128
27767069332738960,IsTndSwizzle=1 + DeterType=3 | IsAttenMask=0 + DeterType=3 | InputDType=1 + DTemplateNum=768 + S1TemplateNum=128
27767069332739216,IsTndSwizzle=1 + DeterType=3 | InputDType=1 + DTemplateNum=768 + S1TemplateNum=128
27767069332739472,IsTndSwizzle=1 + DeterType=3 | InputDType=1 + DTemplateNum=768 + S1TemplateNum=128
27767069332739728,IsTndSwizzle=1 + DeterType=3 | InputDType=1 + DTemplateNum=768 + S1TemplateNum=128
27767069332739984,IsTndSwizzle=1 + DeterType=3 | InputDType=1 + DTemplateNum=768 + S1TemplateNum=128
27769266208510096,IsTndSwizzle=1 + DeterType=4 | IsAttenMask=0 + DeterType=4
27769266208510352,IsTndSwizzle=1 + DeterType=4 | IsAttenMask=0 + DeterType=4
27769266208510608,IsTndSwizzle=1 + DeterType=4 | IsAttenMask=0 + DeterType=4
27769266208510864,IsTndSwizzle=1 + DeterType=4 | IsAttenMask=0 + DeterType=4
27769266208511120,IsTndSwizzle=1 + DeterType=4
27769266208511376,IsTndSwizzle=1 + DeterType=4
27769266208511632,IsTndSwizzle=1 + DeterType=4
27769266208511888,IsTndSwizzle=1 + DeterType=4
27769266745381008,IsTndSwizzle=1 + DeterType=4 | IsAttenMask=0 + DeterType=4
27769266745381264,IsTndSwizzle=1 + DeterType=4 | IsAttenMask=0 + DeterType=4
27769266745381520,IsTndSwizzle=1 + DeterType=4 | IsAttenMask=0 + DeterType=4
27769266745381776,IsTndSwizzle=1 + DeterType=4 | IsAttenMask=0 + DeterType=4
27769266745382032,IsTndSwizzle=1 + DeterType=4
27769266745382288,IsTndSwizzle=1 + DeterType=4
27769266745382544,IsTndSwizzle=1 + DeterType=4
27769266745382800,IsTndSwizzle=1 + DeterType=4
27769267282251920,IsTndSwizzle=1 + DeterType=4 | IsAttenMask=0 + DeterType=4
27769267282252176,IsTndSwizzle=1 + DeterType=4 | IsAttenMask=0 + DeterType=4
27769267282252432,IsTndSwizzle=1 + DeterType=4 | IsAttenMask=0 + DeterType=4
27769267282252688,IsTndSwizzle=1 + DeterType=4 | IsAttenMask=0 + DeterType=4
27769267282252944,IsTndSwizzle=1 + DeterType=4
27769267282253200,IsTndSwizzle=1 + DeterType=4
27769267282253456,IsTndSwizzle=1 + DeterType=4
27769267282253712,IsTndSwizzle=1 + DeterType=4
27769267819122832,IsTndSwizzle=1 + DeterType=4 | IsAttenMask=0 + DeterType=4
27769267819123088,IsTndSwizzle=1 + DeterType=4 | IsAttenMask=0 + DeterType=4
27769267819123344,IsTndSwizzle=1 + DeterType=4 | IsAttenMask=0 + DeterType=4
27769267819123600,IsTndSwizzle=1 + DeterType=4 | IsAttenMask=0 + DeterType=4
27769267819123856,IsTndSwizzle=1 + DeterType=4
27769267819124112,IsTndSwizzle=1 + DeterType=4
27769267819124368,IsTndSwizzle=1 + DeterType=4
27769267819124624,IsTndSwizzle=1 + DeterType=4
27769268355991696,IsTndSwizzle=1 + DeterType=4 | IsAttenMask=0 + DeterType=4
27769268355991952,IsTndSwizzle=1 + DeterType=4 | IsAttenMask=0 + DeterType=4
27769268355992208,IsTndSwizzle=1 + DeterType=4 | IsAttenMask=0 + DeterType=4
27769268355992464,IsTndSwizzle=1 + DeterType=4 | IsAttenMask=0 + DeterType=4
27769268355992720,IsTndSwizzle=1 + DeterType=4
27769268355992976,IsTndSwizzle=1 + DeterType=4
27769268355993232,IsTndSwizzle=1 + DeterType=4
27769268355993488,IsTndSwizzle=1 + DeterType=4
27769268355993744,IsTndSwizzle=1 + DeterType=4 | IsAttenMask=0 + DeterType=4 | InputDType=1 + DTemplateNum=768 + S1TemplateNum=128
27769268355994000,IsTndSwizzle=1 + DeterType=4 | IsAttenMask=0 + DeterType=4 | InputDType=1 + DTemplateNum=768 + S1TemplateNum=128
27769268355994256,IsTndSwizzle=1 + DeterType=4 | IsAttenMask=0 + DeterType=4 | InputDType=1 + DTemplateNum=768 + S1TemplateNum=128
27769268355994512,IsTndSwizzle=1 + DeterType=4 | IsAttenMask=0 + DeterType=4 | InputDType=1 + DTemplateNum=768 + S1TemplateNum=128
27769268355994768,IsTndSwizzle=1 + DeterType=4 | InputDType=1 + DTemplateNum=768 + S1TemplateNum=128
27769268355995024,IsTndSwizzle=1 + DeterType=4 | InputDType=1 + DTemplateNum=768 + S1TemplateNum=128
27769268355995280,IsTndSwizzle=1 + DeterType=4 | InputDType=1 + DTemplateNum=768 + S1TemplateNum=128
27769268355995536,IsTndSwizzle=1 + DeterType=4 | InputDType=1 + DTemplateNum=768 + S1TemplateNum=128
28147499282207140,SplitAxis=5 + IsDrop=1 + DTemplateNum=192
28147499282207652,SplitAxis=5 + IsDrop=1 + DTemplateNum=192
28147499282208164,SplitAxis=5 + IsDrop=1 + DTemplateNum=192
28147499282208676,SplitAxis=5 + IsDrop=1 + DTemplateNum=192
28147499819078052,SplitAxis=5 + IsDrop=1 + DTemplateNum=256
28147499819078564,SplitAxis=5 + IsDrop=1 + DTemplateNum=256
28147499819079076,SplitAxis=5 + IsDrop=1 + DTemplateNum=256
28147499819079588,SplitAxis=5 + IsDrop=1 + DTemplateNum=256
28147500355948964,SplitAxis=5 + IsDrop=1 + DTemplateNum=768
28147500355949476,SplitAxis=5 + IsDrop=1 + DTemplateNum=768
28147500355949988,SplitAxis=5 + IsDrop=1 + DTemplateNum=768
28147500355950500,SplitAxis=5 + IsDrop=1 + DTemplateNum=768
28151896254976160,IsTndSwizzle=1 + DeterType=2
28151896254976416,IsTndSwizzle=1 + DeterType=2
28151896254976672,IsTndSwizzle=1 + DeterType=2
28151896254976928,IsTndSwizzle=1 + DeterType=2
28151896254977184,IsTndSwizzle=1 + DeterType=2
28151896254977440,IsTndSwizzle=1 + DeterType=2
28151896254977696,IsTndSwizzle=1 + DeterType=2
28151896254977952,IsTndSwizzle=1 + DeterType=2
28151896791847072,IsTndSwizzle=1 + DeterType=2
28151896791847328,IsTndSwizzle=1 + DeterType=2
28151896791847584,IsTndSwizzle=1 + DeterType=2
28151896791847840,IsTndSwizzle=1 + DeterType=2
28151896791848096,IsTndSwizzle=1 + DeterType=2
28151896791848352,IsTndSwizzle=1 + DeterType=2
28151896791848608,IsTndSwizzle=1 + DeterType=2
28151896791848864,IsTndSwizzle=1 + DeterType=2
28151897328717984,IsTndSwizzle=1 + DeterType=2
28151897328718240,IsTndSwizzle=1 + DeterType=2
28151897328718496,IsTndSwizzle=1 + DeterType=2
28151897328718752,IsTndSwizzle=1 + DeterType=2
28151897328719008,IsTndSwizzle=1 + DeterType=2
28151897328719264,IsTndSwizzle=1 + DeterType=2
28151897328719520,IsTndSwizzle=1 + DeterType=2
28151897328719776,IsTndSwizzle=1 + DeterType=2
28151897865588896,IsTndSwizzle=1 + DeterType=2
28151897865589152,IsTndSwizzle=1 + DeterType=2
28151897865589408,IsTndSwizzle=1 + DeterType=2
28151897865589664,IsTndSwizzle=1 + DeterType=2
28151897865589920,IsTndSwizzle=1 + DeterType=2
28151897865590176,IsTndSwizzle=1 + DeterType=2
28151897865590432,IsTndSwizzle=1 + DeterType=2
28151897865590688,IsTndSwizzle=1 + DeterType=2
28151898402459808,IsTndSwizzle=1 + DeterType=2
28151898402460064,IsTndSwizzle=1 + DeterType=2
28151898402460320,IsTndSwizzle=1 + DeterType=2
28151898402460576,IsTndSwizzle=1 + DeterType=2
28151898402460832,IsTndSwizzle=1 + DeterType=2
28151898402461088,IsTndSwizzle=1 + DeterType=2
28151898402461344,IsTndSwizzle=1 + DeterType=2
28151898402461600,IsTndSwizzle=1 + DeterType=2
28154095278231712,IsTndSwizzle=1 + DeterType=3 | IsAttenMask=0 + DeterType=3
28154095278231968,IsTndSwizzle=1 + DeterType=3 | IsAttenMask=0 + DeterType=3
28154095278232224,IsTndSwizzle=1 + DeterType=3 | IsAttenMask=0 + DeterType=3
28154095278232480,IsTndSwizzle=1 + DeterType=3 | IsAttenMask=0 + DeterType=3
28154095278232736,IsTndSwizzle=1 + DeterType=3
28154095278232992,IsTndSwizzle=1 + DeterType=3
28154095278233248,IsTndSwizzle=1 + DeterType=3
28154095278233504,IsTndSwizzle=1 + DeterType=3
28154095815102624,IsTndSwizzle=1 + DeterType=3 | IsAttenMask=0 + DeterType=3
28154095815102880,IsTndSwizzle=1 + DeterType=3 | IsAttenMask=0 + DeterType=3
28154095815103136,IsTndSwizzle=1 + DeterType=3 | IsAttenMask=0 + DeterType=3
28154095815103392,IsTndSwizzle=1 + DeterType=3 | IsAttenMask=0 + DeterType=3
28154095815103648,IsTndSwizzle=1 + DeterType=3
28154095815103904,IsTndSwizzle=1 + DeterType=3
28154095815104160,IsTndSwizzle=1 + DeterType=3
28154095815104416,IsTndSwizzle=1 + DeterType=3
28154096351973536,IsTndSwizzle=1 + DeterType=3 | IsAttenMask=0 + DeterType=3
28154096351973792,IsTndSwizzle=1 + DeterType=3 | IsAttenMask=0 + DeterType=3
28154096351974048,IsTndSwizzle=1 + DeterType=3 | IsAttenMask=0 + DeterType=3
28154096351974304,IsTndSwizzle=1 + DeterType=3 | IsAttenMask=0 + DeterType=3
28154096351974560,IsTndSwizzle=1 + DeterType=3
28154096351974816,IsTndSwizzle=1 + DeterType=3
28154096351975072,IsTndSwizzle=1 + DeterType=3
28154096351975328,IsTndSwizzle=1 + DeterType=3
28154096888844448,IsTndSwizzle=1 + DeterType=3 | IsAttenMask=0 + DeterType=3
28154096888844704,IsTndSwizzle=1 + DeterType=3 | IsAttenMask=0 + DeterType=3
28154096888844960,IsTndSwizzle=1 + DeterType=3 | IsAttenMask=0 + DeterType=3
28154096888845216,IsTndSwizzle=1 + DeterType=3 | IsAttenMask=0 + DeterType=3
28154096888845472,IsTndSwizzle=1 + DeterType=3
28154096888845728,IsTndSwizzle=1 + DeterType=3
28154096888845984,IsTndSwizzle=1 + DeterType=3
28154096888846240,IsTndSwizzle=1 + DeterType=3
28154097425715360,IsTndSwizzle=1 + DeterType=3 | IsAttenMask=0 + DeterType=3
28154097425715616,IsTndSwizzle=1 + DeterType=3 | IsAttenMask=0 + DeterType=3
28154097425715872,IsTndSwizzle=1 + DeterType=3 | IsAttenMask=0 + DeterType=3
28154097425716128,IsTndSwizzle=1 + DeterType=3 | IsAttenMask=0 + DeterType=3
28154097425716384,IsTndSwizzle=1 + DeterType=3
28154097425716640,IsTndSwizzle=1 + DeterType=3
28154097425716896,IsTndSwizzle=1 + DeterType=3
28154097425717152,IsTndSwizzle=1 + DeterType=3
28156294301487264,IsTndSwizzle=1 + DeterType=4 | IsAttenMask=0 + DeterType=4
28156294301487520,IsTndSwizzle=1 + DeterType=4 | IsAttenMask=0 + DeterType=4
28156294301487776,IsTndSwizzle=1 + DeterType=4 | IsAttenMask=0 + DeterType=4
28156294301488032,IsTndSwizzle=1 + DeterType=4 | IsAttenMask=0 + DeterType=4
28156294301488288,IsTndSwizzle=1 + DeterType=4
28156294301488544,IsTndSwizzle=1 + DeterType=4
28156294301488800,IsTndSwizzle=1 + DeterType=4
28156294301489056,IsTndSwizzle=1 + DeterType=4
28156294838358176,IsTndSwizzle=1 + DeterType=4 | IsAttenMask=0 + DeterType=4
28156294838358432,IsTndSwizzle=1 + DeterType=4 | IsAttenMask=0 + DeterType=4
28156294838358688,IsTndSwizzle=1 + DeterType=4 | IsAttenMask=0 + DeterType=4
28156294838358944,IsTndSwizzle=1 + DeterType=4 | IsAttenMask=0 + DeterType=4
28156294838359200,IsTndSwizzle=1 + DeterType=4
28156294838359456,IsTndSwizzle=1 + DeterType=4
28156294838359712,IsTndSwizzle=1 + DeterType=4
28156294838359968,IsTndSwizzle=1 + DeterType=4
28156295375229088,IsTndSwizzle=1 + DeterType=4 | IsAttenMask=0 + DeterType=4
28156295375229344,IsTndSwizzle=1 + DeterType=4 | IsAttenMask=0 + DeterType=4
28156295375229600,IsTndSwizzle=1 + DeterType=4 | IsAttenMask=0 + DeterType=4
28156295375229856,IsTndSwizzle=1 + DeterType=4 | IsAttenMask=0 + DeterType=4
28156295375230112,IsTndSwizzle=1 + DeterType=4
28156295375230368,IsTndSwizzle=1 + DeterType=4
28156295375230624,IsTndSwizzle=1 + DeterType=4
28156295375230880,IsTndSwizzle=1 + DeterType=4
28156295912100000,IsTndSwizzle=1 + DeterType=4 | IsAttenMask=0 + DeterType=4
28156295912100256,IsTndSwizzle=1 + DeterType=4 | IsAttenMask=0 + DeterType=4
28156295912100512,IsTndSwizzle=1 + DeterType=4 | IsAttenMask=0 + DeterType=4
28156295912100768,IsTndSwizzle=1 + DeterType=4 | IsAttenMask=0 + DeterType=4
28156295912101024,IsTndSwizzle=1 + DeterType=4
28156295912101280,IsTndSwizzle=1 + DeterType=4
28156295912101536,IsTndSwizzle=1 + DeterType=4
28156295912101792,IsTndSwizzle=1 + DeterType=4
28156296448970912,IsTndSwizzle=1 + DeterType=4 | IsAttenMask=0 + DeterType=4
28156296448971168,IsTndSwizzle=1 + DeterType=4 | IsAttenMask=0 + DeterType=4
28156296448971424,IsTndSwizzle=1 + DeterType=4 | IsAttenMask=0 + DeterType=4
28156296448971680,IsTndSwizzle=1 + DeterType=4 | IsAttenMask=0 + DeterType=4
28156296448971936,IsTndSwizzle=1 + DeterType=4
28156296448972192,IsTndSwizzle=1 + DeterType=4
28156296448972448,IsTndSwizzle=1 + DeterType=4
28156296448972704,IsTndSwizzle=1 + DeterType=4
28187080627064992,IsTndSwizzle=1 + DeterType=2
28187080627065248,IsTndSwizzle=1 + DeterType=2
28187080627065504,IsTndSwizzle=1 + DeterType=2
28187080627065760,IsTndSwizzle=1 + DeterType=2
28187080627066016,IsTndSwizzle=1 + DeterType=2
28187080627066272,IsTndSwizzle=1 + DeterType=2
28187080627066528,IsTndSwizzle=1 + DeterType=2
28187080627066784,IsTndSwizzle=1 + DeterType=2
28187081163935904,IsTndSwizzle=1 + DeterType=2
28187081163936160,IsTndSwizzle=1 + DeterType=2
28187081163936416,IsTndSwizzle=1 + DeterType=2
28187081163936672,IsTndSwizzle=1 + DeterType=2
28187081163936928,IsTndSwizzle=1 + DeterType=2
28187081163937184,IsTndSwizzle=1 + DeterType=2
28187081163937440,IsTndSwizzle=1 + DeterType=2
28187081163937696,IsTndSwizzle=1 + DeterType=2
28187081700806816,IsTndSwizzle=1 + DeterType=2
28187081700807072,IsTndSwizzle=1 + DeterType=2
28187081700807328,IsTndSwizzle=1 + DeterType=2
28187081700807584,IsTndSwizzle=1 + DeterType=2
28187081700807840,IsTndSwizzle=1 + DeterType=2
28187081700808096,IsTndSwizzle=1 + DeterType=2
28187081700808352,IsTndSwizzle=1 + DeterType=2
28187081700808608,IsTndSwizzle=1 + DeterType=2
28187082237677728,IsTndSwizzle=1 + DeterType=2
28187082237677984,IsTndSwizzle=1 + DeterType=2
28187082237678240,IsTndSwizzle=1 + DeterType=2
28187082237678496,IsTndSwizzle=1 + DeterType=2
28187082237678752,IsTndSwizzle=1 + DeterType=2
28187082237679008,IsTndSwizzle=1 + DeterType=2
28187082237679264,IsTndSwizzle=1 + DeterType=2
28187082237679520,IsTndSwizzle=1 + DeterType=2
28187082774548640,IsTndSwizzle=1 + DeterType=2
28187082774548896,IsTndSwizzle=1 + DeterType=2
28187082774549152,IsTndSwizzle=1 + DeterType=2
28187082774549408,IsTndSwizzle=1 + DeterType=2
28187082774549664,IsTndSwizzle=1 + DeterType=2
28187082774549920,IsTndSwizzle=1 + DeterType=2
28187082774550176,IsTndSwizzle=1 + DeterType=2
28187082774550432,IsTndSwizzle=1 + DeterType=2
28189279650320544,IsTndSwizzle=1 + DeterType=3 | IsAttenMask=0 + DeterType=3
28189279650320800,IsTndSwizzle=1 + DeterType=3 | IsAttenMask=0 + DeterType=3
28189279650321056,IsTndSwizzle=1 + DeterType=3 | IsAttenMask=0 + DeterType=3
28189279650321312,IsTndSwizzle=1 + DeterType=3 | IsAttenMask=0 + DeterType=3
28189279650321568,IsTndSwizzle=1 + DeterType=3
28189279650321824,IsTndSwizzle=1 + DeterType=3
28189279650322080,IsTndSwizzle=1 + DeterType=3
28189279650322336,IsTndSwizzle=1 + DeterType=3
28189280187191456,IsTndSwizzle=1 + DeterType=3 | IsAttenMask=0 + DeterType=3
28189280187191712,IsTndSwizzle=1 + DeterType=3 | IsAttenMask=0 + DeterType=3
28189280187191968,IsTndSwizzle=1 + DeterType=3 | IsAttenMask=0 + DeterType=3
28189280187192224,IsTndSwizzle=1 + DeterType=3 | IsAttenMask=0 + DeterType=3
28189280187192480,IsTndSwizzle=1 + DeterType=3
28189280187192736,IsTndSwizzle=1 + DeterType=3
28189280187192992,IsTndSwizzle=1 + DeterType=3
28189280187193248,IsTndSwizzle=1 + DeterType=3
28189280724062368,IsTndSwizzle=1 + DeterType=3 | IsAttenMask=0 + DeterType=3
28189280724062624,IsTndSwizzle=1 + DeterType=3 | IsAttenMask=0 + DeterType=3
28189280724062880,IsTndSwizzle=1 + DeterType=3 | IsAttenMask=0 + DeterType=3
28189280724063136,IsTndSwizzle=1 + DeterType=3 | IsAttenMask=0 + DeterType=3
28189280724063392,IsTndSwizzle=1 + DeterType=3
28189280724063648,IsTndSwizzle=1 + DeterType=3
28189280724063904,IsTndSwizzle=1 + DeterType=3
28189280724064160,IsTndSwizzle=1 + DeterType=3
28189281260933280,IsTndSwizzle=1 + DeterType=3 | IsAttenMask=0 + DeterType=3
28189281260933536,IsTndSwizzle=1 + DeterType=3 | IsAttenMask=0 + DeterType=3
28189281260933792,IsTndSwizzle=1 + DeterType=3 | IsAttenMask=0 + DeterType=3
28189281260934048,IsTndSwizzle=1 + DeterType=3 | IsAttenMask=0 + DeterType=3
28189281260934304,IsTndSwizzle=1 + DeterType=3
28189281260934560,IsTndSwizzle=1 + DeterType=3
28189281260934816,IsTndSwizzle=1 + DeterType=3
28189281260935072,IsTndSwizzle=1 + DeterType=3
28189281797804192,IsTndSwizzle=1 + DeterType=3 | IsAttenMask=0 + DeterType=3
28189281797804448,IsTndSwizzle=1 + DeterType=3 | IsAttenMask=0 + DeterType=3
28189281797804704,IsTndSwizzle=1 + DeterType=3 | IsAttenMask=0 + DeterType=3
28189281797804960,IsTndSwizzle=1 + DeterType=3 | IsAttenMask=0 + DeterType=3
28189281797805216,IsTndSwizzle=1 + DeterType=3
28189281797805472,IsTndSwizzle=1 + DeterType=3
28189281797805728,IsTndSwizzle=1 + DeterType=3
28189281797805984,IsTndSwizzle=1 + DeterType=3
28191478673576096,IsTndSwizzle=1 + DeterType=4 | IsAttenMask=0 + DeterType=4
28191478673576352,IsTndSwizzle=1 + DeterType=4 | IsAttenMask=0 + DeterType=4
28191478673576608,IsTndSwizzle=1 + DeterType=4 | IsAttenMask=0 + DeterType=4
28191478673576864,IsTndSwizzle=1 + DeterType=4 | IsAttenMask=0 + DeterType=4
28191478673577120,IsTndSwizzle=1 + DeterType=4
28191478673577376,IsTndSwizzle=1 + DeterType=4
28191478673577632,IsTndSwizzle=1 + DeterType=4
28191478673577888,IsTndSwizzle=1 + DeterType=4
28191479210447008,IsTndSwizzle=1 + DeterType=4 | IsAttenMask=0 + DeterType=4
28191479210447264,IsTndSwizzle=1 + DeterType=4 | IsAttenMask=0 + DeterType=4
28191479210447520,IsTndSwizzle=1 + DeterType=4 | IsAttenMask=0 + DeterType=4
28191479210447776,IsTndSwizzle=1 + DeterType=4 | IsAttenMask=0 + DeterType=4
28191479210448032,IsTndSwizzle=1 + DeterType=4
28191479210448288,IsTndSwizzle=1 + DeterType=4
28191479210448544,IsTndSwizzle=1 + DeterType=4
28191479210448800,IsTndSwizzle=1 + DeterType=4
28191479747317920,IsTndSwizzle=1 + DeterType=4 | IsAttenMask=0 + DeterType=4
28191479747318176,IsTndSwizzle=1 + DeterType=4 | IsAttenMask=0 + DeterType=4
28191479747318432,IsTndSwizzle=1 + DeterType=4 | IsAttenMask=0 + DeterType=4
28191479747318688,IsTndSwizzle=1 + DeterType=4 | IsAttenMask=0 + DeterType=4
28191479747318944,IsTndSwizzle=1 + DeterType=4
28191479747319200,IsTndSwizzle=1 + DeterType=4
28191479747319456,IsTndSwizzle=1 + DeterType=4
28191479747319712,IsTndSwizzle=1 + DeterType=4
28191480284188832,IsTndSwizzle=1 + DeterType=4 | IsAttenMask=0 + DeterType=4
28191480284189088,IsTndSwizzle=1 + DeterType=4 | IsAttenMask=0 + DeterType=4
28191480284189344,IsTndSwizzle=1 + DeterType=4 | IsAttenMask=0 + DeterType=4
28191480284189600,IsTndSwizzle=1 + DeterType=4 | IsAttenMask=0 + DeterType=4
28191480284189856,IsTndSwizzle=1 + DeterType=4
28191480284190112,IsTndSwizzle=1 + DeterType=4
28191480284190368,IsTndSwizzle=1 + DeterType=4
28191480284190624,IsTndSwizzle=1 + DeterType=4
28191480821059744,IsTndSwizzle=1 + DeterType=4 | IsAttenMask=0 + DeterType=4
28191480821060000,IsTndSwizzle=1 + DeterType=4 | IsAttenMask=0 + DeterType=4
28191480821060256,IsTndSwizzle=1 + DeterType=4 | IsAttenMask=0 + DeterType=4
28191480821060512,IsTndSwizzle=1 + DeterType=4 | IsAttenMask=0 + DeterType=4
28191480821060768,IsTndSwizzle=1 + DeterType=4
28191480821061024,IsTndSwizzle=1 + DeterType=4
28191480821061280,IsTndSwizzle=1 + DeterType=4
28191480821061536,IsTndSwizzle=1 + DeterType=4
28288236770562468,SplitAxis=5 + IsDrop=1 + DTemplateNum=192
28288236770562980,SplitAxis=5 + IsDrop=1 + DTemplateNum=192
28288236770563492,SplitAxis=5 + IsDrop=1 + DTemplateNum=192
28288236770564004,SplitAxis=5 + IsDrop=1 + DTemplateNum=192
28288237307433380,SplitAxis=5 + IsDrop=1 + DTemplateNum=256
28288237307433892,SplitAxis=5 + IsDrop=1 + DTemplateNum=256
28288237307434404,SplitAxis=5 + IsDrop=1 + DTemplateNum=256
28288237307434916,SplitAxis=5 + IsDrop=1 + DTemplateNum=256
28288237844304292,SplitAxis=5 + IsDrop=1 + DTemplateNum=768
28288237844304804,SplitAxis=5 + IsDrop=1 + DTemplateNum=768
28288237844305316,SplitAxis=5 + IsDrop=1 + DTemplateNum=768
28288237844305828,SplitAxis=5 + IsDrop=1 + DTemplateNum=768
28292633743331488,IsTndSwizzle=1 + DeterType=2
28292633743331744,IsTndSwizzle=1 + DeterType=2
28292633743332000,IsTndSwizzle=1 + DeterType=2
28292633743332256,IsTndSwizzle=1 + DeterType=2
28292633743332512,IsTndSwizzle=1 + DeterType=2
28292633743332768,IsTndSwizzle=1 + DeterType=2
28292633743333024,IsTndSwizzle=1 + DeterType=2
28292633743333280,IsTndSwizzle=1 + DeterType=2
28292634280202400,IsTndSwizzle=1 + DeterType=2
28292634280202656,IsTndSwizzle=1 + DeterType=2
28292634280202912,IsTndSwizzle=1 + DeterType=2
28292634280203168,IsTndSwizzle=1 + DeterType=2
28292634280203424,IsTndSwizzle=1 + DeterType=2
28292634280203680,IsTndSwizzle=1 + DeterType=2
28292634280203936,IsTndSwizzle=1 + DeterType=2
28292634280204192,IsTndSwizzle=1 + DeterType=2
28292634817073312,IsTndSwizzle=1 + DeterType=2
28292634817073568,IsTndSwizzle=1 + DeterType=2
28292634817073824,IsTndSwizzle=1 + DeterType=2
28292634817074080,IsTndSwizzle=1 + DeterType=2
28292634817074336,IsTndSwizzle=1 + DeterType=2
28292634817074592,IsTndSwizzle=1 + DeterType=2
28292634817074848,IsTndSwizzle=1 + DeterType=2
28292634817075104,IsTndSwizzle=1 + DeterType=2
28292635353944224,IsTndSwizzle=1 + DeterType=2
28292635353944480,IsTndSwizzle=1 + DeterType=2
28292635353944736,IsTndSwizzle=1 + DeterType=2
28292635353944992,IsTndSwizzle=1 + DeterType=2
28292635353945248,IsTndSwizzle=1 + DeterType=2
28292635353945504,IsTndSwizzle=1 + DeterType=2
28292635353945760,IsTndSwizzle=1 + DeterType=2
28292635353946016,IsTndSwizzle=1 + DeterType=2
28292635890815136,IsTndSwizzle=1 + DeterType=2
28292635890815392,IsTndSwizzle=1 + DeterType=2
28292635890815648,IsTndSwizzle=1 + DeterType=2
28292635890815904,IsTndSwizzle=1 + DeterType=2
28292635890816160,IsTndSwizzle=1 + DeterType=2
28292635890816416,IsTndSwizzle=1 + DeterType=2
28292635890816672,IsTndSwizzle=1 + DeterType=2
28292635890816928,IsTndSwizzle=1 + DeterType=2
28294832766587040,IsTndSwizzle=1 + DeterType=3 | IsAttenMask=0 + DeterType=3
28294832766587296,IsTndSwizzle=1 + DeterType=3 | IsAttenMask=0 + DeterType=3
28294832766587552,IsTndSwizzle=1 + DeterType=3 | IsAttenMask=0 + DeterType=3
28294832766587808,IsTndSwizzle=1 + DeterType=3 | IsAttenMask=0 + DeterType=3
28294832766588064,IsTndSwizzle=1 + DeterType=3
28294832766588320,IsTndSwizzle=1 + DeterType=3
28294832766588576,IsTndSwizzle=1 + DeterType=3
28294832766588832,IsTndSwizzle=1 + DeterType=3
28294833303457952,IsTndSwizzle=1 + DeterType=3 | IsAttenMask=0 + DeterType=3
28294833303458208,IsTndSwizzle=1 + DeterType=3 | IsAttenMask=0 + DeterType=3
28294833303458464,IsTndSwizzle=1 + DeterType=3 | IsAttenMask=0 + DeterType=3
28294833303458720,IsTndSwizzle=1 + DeterType=3 | IsAttenMask=0 + DeterType=3
28294833303458976,IsTndSwizzle=1 + DeterType=3
28294833303459232,IsTndSwizzle=1 + DeterType=3
28294833303459488,IsTndSwizzle=1 + DeterType=3
28294833303459744,IsTndSwizzle=1 + DeterType=3
28294833840328864,IsTndSwizzle=1 + DeterType=3 | IsAttenMask=0 + DeterType=3
28294833840329120,IsTndSwizzle=1 + DeterType=3 | IsAttenMask=0 + DeterType=3
28294833840329376,IsTndSwizzle=1 + DeterType=3 | IsAttenMask=0 + DeterType=3
28294833840329632,IsTndSwizzle=1 + DeterType=3 | IsAttenMask=0 + DeterType=3
28294833840329888,IsTndSwizzle=1 + DeterType=3
28294833840330144,IsTndSwizzle=1 + DeterType=3
28294833840330400,IsTndSwizzle=1 + DeterType=3
28294833840330656,IsTndSwizzle=1 + DeterType=3
28294834377199776,IsTndSwizzle=1 + DeterType=3 | IsAttenMask=0 + DeterType=3
28294834377200032,IsTndSwizzle=1 + DeterType=3 | IsAttenMask=0 + DeterType=3
28294834377200288,IsTndSwizzle=1 + DeterType=3 | IsAttenMask=0 + DeterType=3
28294834377200544,IsTndSwizzle=1 + DeterType=3 | IsAttenMask=0 + DeterType=3
28294834377200800,IsTndSwizzle=1 + DeterType=3
28294834377201056,IsTndSwizzle=1 + DeterType=3
28294834377201312,IsTndSwizzle=1 + DeterType=3
28294834377201568,IsTndSwizzle=1 + DeterType=3
28294834914070688,IsTndSwizzle=1 + DeterType=3 | IsAttenMask=0 + DeterType=3
28294834914070944,IsTndSwizzle=1 + DeterType=3 | IsAttenMask=0 + DeterType=3
28294834914071200,IsTndSwizzle=1 + DeterType=3 | IsAttenMask=0 + DeterType=3
28294834914071456,IsTndSwizzle=1 + DeterType=3 | IsAttenMask=0 + DeterType=3
28294834914071712,IsTndSwizzle=1 + DeterType=3
28294834914071968,IsTndSwizzle=1 + DeterType=3
28294834914072224,IsTndSwizzle=1 + DeterType=3
28294834914072480,IsTndSwizzle=1 + DeterType=3
28297031789842592,IsTndSwizzle=1 + DeterType=4 | IsAttenMask=0 + DeterType=4
28297031789842848,IsTndSwizzle=1 + DeterType=4 | IsAttenMask=0 + DeterType=4
28297031789843104,IsTndSwizzle=1 + DeterType=4 | IsAttenMask=0 + DeterType=4
28297031789843360,IsTndSwizzle=1 + DeterType=4 | IsAttenMask=0 + DeterType=4
28297031789843616,IsTndSwizzle=1 + DeterType=4
28297031789843872,IsTndSwizzle=1 + DeterType=4
28297031789844128,IsTndSwizzle=1 + DeterType=4
28297031789844384,IsTndSwizzle=1 + DeterType=4
28297032326713504,IsTndSwizzle=1 + DeterType=4 | IsAttenMask=0 + DeterType=4
28297032326713760,IsTndSwizzle=1 + DeterType=4 | IsAttenMask=0 + DeterType=4
28297032326714016,IsTndSwizzle=1 + DeterType=4 | IsAttenMask=0 + DeterType=4
28297032326714272,IsTndSwizzle=1 + DeterType=4 | IsAttenMask=0 + DeterType=4
28297032326714528,IsTndSwizzle=1 + DeterType=4
28297032326714784,IsTndSwizzle=1 + DeterType=4
28297032326715040,IsTndSwizzle=1 + DeterType=4
28297032326715296,IsTndSwizzle=1 + DeterType=4
28297032863584416,IsTndSwizzle=1 + DeterType=4 | IsAttenMask=0 + DeterType=4
28297032863584672,IsTndSwizzle=1 + DeterType=4 | IsAttenMask=0 + DeterType=4
28297032863584928,IsTndSwizzle=1 + DeterType=4 | IsAttenMask=0 + DeterType=4
28297032863585184,IsTndSwizzle=1 + DeterType=4 | IsAttenMask=0 + DeterType=4
28297032863585440,IsTndSwizzle=1 + DeterType=4
28297032863585696,IsTndSwizzle=1 + DeterType=4
28297032863585952,IsTndSwizzle=1 + DeterType=4
28297032863586208,IsTndSwizzle=1 + DeterType=4
28297033400455328,IsTndSwizzle=1 + DeterType=4 | IsAttenMask=0 + DeterType=4
28297033400455584,IsTndSwizzle=1 + DeterType=4 | IsAttenMask=0 + DeterType=4
28297033400455840,IsTndSwizzle=1 + DeterType=4 | IsAttenMask=0 + DeterType=4
28297033400456096,IsTndSwizzle=1 + DeterType=4 | IsAttenMask=0 + DeterType=4
28297033400456352,IsTndSwizzle=1 + DeterType=4
28297033400456608,IsTndSwizzle=1 + DeterType=4
28297033400456864,IsTndSwizzle=1 + DeterType=4
28297033400457120,IsTndSwizzle=1 + DeterType=4
28297033937326240,IsTndSwizzle=1 + DeterType=4 | IsAttenMask=0 + DeterType=4
28297033937326496,IsTndSwizzle=1 + DeterType=4 | IsAttenMask=0 + DeterType=4
28297033937326752,IsTndSwizzle=1 + DeterType=4 | IsAttenMask=0 + DeterType=4
28297033937327008,IsTndSwizzle=1 + DeterType=4 | IsAttenMask=0 + DeterType=4
28297033937327264,IsTndSwizzle=1 + DeterType=4
28297033937327520,IsTndSwizzle=1 + DeterType=4
28297033937327776,IsTndSwizzle=1 + DeterType=4
28297033937328032,IsTndSwizzle=1 + DeterType=4
28327818115420320,IsTndSwizzle=1 + DeterType=2
28327818115420576,IsTndSwizzle=1 + DeterType=2
28327818115420832,IsTndSwizzle=1 + DeterType=2
28327818115421088,IsTndSwizzle=1 + DeterType=2
28327818115421344,IsTndSwizzle=1 + DeterType=2
28327818115421600,IsTndSwizzle=1 + DeterType=2
28327818115421856,IsTndSwizzle=1 + DeterType=2
28327818115422112,IsTndSwizzle=1 + DeterType=2
28327818652291232,IsTndSwizzle=1 + DeterType=2
28327818652291488,IsTndSwizzle=1 + DeterType=2
28327818652291744,IsTndSwizzle=1 + DeterType=2
28327818652292000,IsTndSwizzle=1 + DeterType=2
28327818652292256,IsTndSwizzle=1 + DeterType=2
28327818652292512,IsTndSwizzle=1 + DeterType=2
28327818652292768,IsTndSwizzle=1 + DeterType=2
28327818652293024,IsTndSwizzle=1 + DeterType=2
28327819189162144,IsTndSwizzle=1 + DeterType=2
28327819189162400,IsTndSwizzle=1 + DeterType=2
28327819189162656,IsTndSwizzle=1 + DeterType=2
28327819189162912,IsTndSwizzle=1 + DeterType=2
28327819189163168,IsTndSwizzle=1 + DeterType=2
28327819189163424,IsTndSwizzle=1 + DeterType=2
28327819189163680,IsTndSwizzle=1 + DeterType=2
28327819189163936,IsTndSwizzle=1 + DeterType=2
28327819726033056,IsTndSwizzle=1 + DeterType=2
28327819726033312,IsTndSwizzle=1 + DeterType=2
28327819726033568,IsTndSwizzle=1 + DeterType=2
28327819726033824,IsTndSwizzle=1 + DeterType=2
28327819726034080,IsTndSwizzle=1 + DeterType=2
28327819726034336,IsTndSwizzle=1 + DeterType=2
28327819726034592,IsTndSwizzle=1 + DeterType=2
28327819726034848,IsTndSwizzle=1 + DeterType=2
28327820262903968,IsTndSwizzle=1 + DeterType=2
28327820262904224,IsTndSwizzle=1 + DeterType=2
28327820262904480,IsTndSwizzle=1 + DeterType=2
28327820262904736,IsTndSwizzle=1 + DeterType=2
28327820262904992,IsTndSwizzle=1 + DeterType=2
28327820262905248,IsTndSwizzle=1 + DeterType=2
28327820262905504,IsTndSwizzle=1 + DeterType=2
28327820262905760,IsTndSwizzle=1 + DeterType=2
28330017138675872,IsTndSwizzle=1 + DeterType=3 | IsAttenMask=0 + DeterType=3
28330017138676128,IsTndSwizzle=1 + DeterType=3 | IsAttenMask=0 + DeterType=3
28330017138676384,IsTndSwizzle=1 + DeterType=3 | IsAttenMask=0 + DeterType=3
28330017138676640,IsTndSwizzle=1 + DeterType=3 | IsAttenMask=0 + DeterType=3
28330017138676896,IsTndSwizzle=1 + DeterType=3
28330017138677152,IsTndSwizzle=1 + DeterType=3
28330017138677408,IsTndSwizzle=1 + DeterType=3
28330017138677664,IsTndSwizzle=1 + DeterType=3
28330017675546784,IsTndSwizzle=1 + DeterType=3 | IsAttenMask=0 + DeterType=3
28330017675547040,IsTndSwizzle=1 + DeterType=3 | IsAttenMask=0 + DeterType=3
28330017675547296,IsTndSwizzle=1 + DeterType=3 | IsAttenMask=0 + DeterType=3
28330017675547552,IsTndSwizzle=1 + DeterType=3 | IsAttenMask=0 + DeterType=3
28330017675547808,IsTndSwizzle=1 + DeterType=3
28330017675548064,IsTndSwizzle=1 + DeterType=3
28330017675548320,IsTndSwizzle=1 + DeterType=3
28330017675548576,IsTndSwizzle=1 + DeterType=3
28330018212417696,IsTndSwizzle=1 + DeterType=3 | IsAttenMask=0 + DeterType=3
28330018212417952,IsTndSwizzle=1 + DeterType=3 | IsAttenMask=0 + DeterType=3
28330018212418208,IsTndSwizzle=1 + DeterType=3 | IsAttenMask=0 + DeterType=3
28330018212418464,IsTndSwizzle=1 + DeterType=3 | IsAttenMask=0 + DeterType=3
28330018212418720,IsTndSwizzle=1 + DeterType=3
28330018212418976,IsTndSwizzle=1 + DeterType=3
28330018212419232,IsTndSwizzle=1 + DeterType=3
28330018212419488,IsTndSwizzle=1 + DeterType=3
28330018749288608,IsTndSwizzle=1 + DeterType=3 | IsAttenMask=0 + DeterType=3
28330018749288864,IsTndSwizzle=1 + DeterType=3 | IsAttenMask=0 + DeterType=3
28330018749289120,IsTndSwizzle=1 + DeterType=3 | IsAttenMask=0 + DeterType=3
28330018749289376,IsTndSwizzle=1 + DeterType=3 | IsAttenMask=0 + DeterType=3
28330018749289632,IsTndSwizzle=1 + DeterType=3
28330018749289888,IsTndSwizzle=1 + DeterType=3
28330018749290144,IsTndSwizzle=1 + DeterType=3
28330018749290400,IsTndSwizzle=1 + DeterType=3
28330019286159520,IsTndSwizzle=1 + DeterType=3 | IsAttenMask=0 + DeterType=3
28330019286159776,IsTndSwizzle=1 + DeterType=3 | IsAttenMask=0 + DeterType=3
28330019286160032,IsTndSwizzle=1 + DeterType=3 | IsAttenMask=0 + DeterType=3
28330019286160288,IsTndSwizzle=1 + DeterType=3 | IsAttenMask=0 + DeterType=3
28330019286160544,IsTndSwizzle=1 + DeterType=3
28330019286160800,IsTndSwizzle=1 + DeterType=3
28330019286161056,IsTndSwizzle=1 + DeterType=3
28330019286161312,IsTndSwizzle=1 + DeterType=3
28332216161931424,IsTndSwizzle=1 + DeterType=4 | IsAttenMask=0 + DeterType=4
28332216161931680,IsTndSwizzle=1 + DeterType=4 | IsAttenMask=0 + DeterType=4
28332216161931936,IsTndSwizzle=1 + DeterType=4 | IsAttenMask=0 + DeterType=4
28332216161932192,IsTndSwizzle=1 + DeterType=4 | IsAttenMask=0 + DeterType=4
28332216161932448,IsTndSwizzle=1 + DeterType=4
28332216161932704,IsTndSwizzle=1 + DeterType=4
28332216161932960,IsTndSwizzle=1 + DeterType=4
28332216161933216,IsTndSwizzle=1 + DeterType=4
28332216698802336,IsTndSwizzle=1 + DeterType=4 | IsAttenMask=0 + DeterType=4
28332216698802592,IsTndSwizzle=1 + DeterType=4 | IsAttenMask=0 + DeterType=4
28332216698802848,IsTndSwizzle=1 + DeterType=4 | IsAttenMask=0 + DeterType=4
28332216698803104,IsTndSwizzle=1 + DeterType=4 | IsAttenMask=0 + DeterType=4
28332216698803360,IsTndSwizzle=1 + DeterType=4
28332216698803616,IsTndSwizzle=1 + DeterType=4
28332216698803872,IsTndSwizzle=1 + DeterType=4
28332216698804128,IsTndSwizzle=1 + DeterType=4
28332217235673248,IsTndSwizzle=1 + DeterType=4 | IsAttenMask=0 + DeterType=4
28332217235673504,IsTndSwizzle=1 + DeterType=4 | IsAttenMask=0 + DeterType=4
28332217235673760,IsTndSwizzle=1 + DeterType=4 | IsAttenMask=0 + DeterType=4
28332217235674016,IsTndSwizzle=1 + DeterType=4 | IsAttenMask=0 + DeterType=4
28332217235674272,IsTndSwizzle=1 + DeterType=4
28332217235674528,IsTndSwizzle=1 + DeterType=4
28332217235674784,IsTndSwizzle=1 + DeterType=4
28332217235675040,IsTndSwizzle=1 + DeterType=4
28332217772544160,IsTndSwizzle=1 + DeterType=4 | IsAttenMask=0 + DeterType=4
28332217772544416,IsTndSwizzle=1 + DeterType=4 | IsAttenMask=0 + DeterType=4
28332217772544672,IsTndSwizzle=1 + DeterType=4 | IsAttenMask=0 + DeterType=4
28332217772544928,IsTndSwizzle=1 + DeterType=4 | IsAttenMask=0 + DeterType=4
28332217772545184,IsTndSwizzle=1 + DeterType=4
28332217772545440,IsTndSwizzle=1 + DeterType=4
28332217772545696,IsTndSwizzle=1 + DeterType=4
28332217772545952,IsTndSwizzle=1 + DeterType=4
28332218309415072,IsTndSwizzle=1 + DeterType=4 | IsAttenMask=0 + DeterType=4
28332218309415328,IsTndSwizzle=1 + DeterType=4 | IsAttenMask=0 + DeterType=4
28332218309415584,IsTndSwizzle=1 + DeterType=4 | IsAttenMask=0 + DeterType=4
28332218309415840,IsTndSwizzle=1 + DeterType=4 | IsAttenMask=0 + DeterType=4
28332218309416096,IsTndSwizzle=1 + DeterType=4
28332218309416352,IsTndSwizzle=1 + DeterType=4
28332218309416608,IsTndSwizzle=1 + DeterType=4
28332218309416864,IsTndSwizzle=1 + DeterType=4
28574109793783968,IsTndSwizzle=1 + DeterType=2
28574109793784224,IsTndSwizzle=1 + DeterType=2
28574109793784480,IsTndSwizzle=1 + DeterType=2
28574109793784736,IsTndSwizzle=1 + DeterType=2
28574109793784992,IsTndSwizzle=1 + DeterType=2
28574109793785248,IsTndSwizzle=1 + DeterType=2
28574109793785504,IsTndSwizzle=1 + DeterType=2
28574109793785760,IsTndSwizzle=1 + DeterType=2
28576308817039520,IsTndSwizzle=1 + DeterType=3 | IsAttenMask=0 + DeterType=3
28576308817039776,IsTndSwizzle=1 + DeterType=3 | IsAttenMask=0 + DeterType=3
28576308817040032,IsTndSwizzle=1 + DeterType=3 | IsAttenMask=0 + DeterType=3
28576308817040288,IsTndSwizzle=1 + DeterType=3 | IsAttenMask=0 + DeterType=3
28576308817040544,IsTndSwizzle=1 + DeterType=3
28576308817040800,IsTndSwizzle=1 + DeterType=3
28576308817041056,IsTndSwizzle=1 + DeterType=3
28576308817041312,IsTndSwizzle=1 + DeterType=3
28578507840295072,IsTndSwizzle=1 + DeterType=4 | IsAttenMask=0 + DeterType=4
28578507840295328,IsTndSwizzle=1 + DeterType=4 | IsAttenMask=0 + DeterType=4
28578507840295584,IsTndSwizzle=1 + DeterType=4 | IsAttenMask=0 + DeterType=4
28578507840295840,IsTndSwizzle=1 + DeterType=4 | IsAttenMask=0 + DeterType=4
28578507840296096,IsTndSwizzle=1 + DeterType=4
28578507840296352,IsTndSwizzle=1 + DeterType=4
28578507840296608,IsTndSwizzle=1 + DeterType=4
28578507840296864,IsTndSwizzle=1 + DeterType=4
28609294165872800,IsTndSwizzle=1 + DeterType=2
28609294165873056,IsTndSwizzle=1 + DeterType=2
28609294165873312,IsTndSwizzle=1 + DeterType=2
28609294165873568,IsTndSwizzle=1 + DeterType=2
28609294165873824,IsTndSwizzle=1 + DeterType=2
28609294165874080,IsTndSwizzle=1 + DeterType=2
28609294165874336,IsTndSwizzle=1 + DeterType=2
28609294165874592,IsTndSwizzle=1 + DeterType=2
28611493189128352,IsTndSwizzle=1 + DeterType=3 | IsAttenMask=0 + DeterType=3
28611493189128608,IsTndSwizzle=1 + DeterType=3 | IsAttenMask=0 + DeterType=3
28611493189128864,IsTndSwizzle=1 + DeterType=3 | IsAttenMask=0 + DeterType=3
28611493189129120,IsTndSwizzle=1 + DeterType=3 | IsAttenMask=0 + DeterType=3
28611493189129376,IsTndSwizzle=1 + DeterType=3
28611493189129632,IsTndSwizzle=1 + DeterType=3
28611493189129888,IsTndSwizzle=1 + DeterType=3
28611493189130144,IsTndSwizzle=1 + DeterType=3
28613692212383904,IsTndSwizzle=1 + DeterType=4 | IsAttenMask=0 + DeterType=4
28613692212384160,IsTndSwizzle=1 + DeterType=4 | IsAttenMask=0 + DeterType=4
28613692212384416,IsTndSwizzle=1 + DeterType=4 | IsAttenMask=0 + DeterType=4
28613692212384672,IsTndSwizzle=1 + DeterType=4 | IsAttenMask=0 + DeterType=4
28613692212384928,IsTndSwizzle=1 + DeterType=4
28613692212385184,IsTndSwizzle=1 + DeterType=4
28613692212385440,IsTndSwizzle=1 + DeterType=4
28613692212385696,IsTndSwizzle=1 + DeterType=4
28710449235628468,SplitAxis=5 + IsDrop=1 + DTemplateNum=192
28710449235628980,SplitAxis=5 + IsDrop=1 + DTemplateNum=192
28710449235629492,SplitAxis=5 + IsDrop=1 + DTemplateNum=192
28710449235630004,SplitAxis=5 + IsDrop=1 + DTemplateNum=192
28710449772499380,SplitAxis=5 + IsDrop=1 + DTemplateNum=256
28710449772499892,SplitAxis=5 + IsDrop=1 + DTemplateNum=256
28710449772500404,SplitAxis=5 + IsDrop=1 + DTemplateNum=256
28710449772500916,SplitAxis=5 + IsDrop=1 + DTemplateNum=256
28710450309370292,SplitAxis=5 + IsDrop=1 + DTemplateNum=768
28710450309370804,SplitAxis=5 + IsDrop=1 + DTemplateNum=768
28710450309371316,SplitAxis=5 + IsDrop=1 + DTemplateNum=768
28710450309371828,SplitAxis=5 + IsDrop=1 + DTemplateNum=768
28714846208397488,IsTndSwizzle=1 + DeterType=2
28714846208397744,IsTndSwizzle=1 + DeterType=2
28714846208398000,IsTndSwizzle=1 + DeterType=2
28714846208398256,IsTndSwizzle=1 + DeterType=2
28714846208398512,IsTndSwizzle=1 + DeterType=2
28714846208398768,IsTndSwizzle=1 + DeterType=2
28714846208399024,IsTndSwizzle=1 + DeterType=2
28714846208399280,IsTndSwizzle=1 + DeterType=2
28714846745268400,IsTndSwizzle=1 + DeterType=2
28714846745268656,IsTndSwizzle=1 + DeterType=2
28714846745268912,IsTndSwizzle=1 + DeterType=2
28714846745269168,IsTndSwizzle=1 + DeterType=2
28714846745269424,IsTndSwizzle=1 + DeterType=2
28714846745269680,IsTndSwizzle=1 + DeterType=2
28714846745269936,IsTndSwizzle=1 + DeterType=2
28714846745270192,IsTndSwizzle=1 + DeterType=2
28714847282139312,IsTndSwizzle=1 + DeterType=2
28714847282139568,IsTndSwizzle=1 + DeterType=2
28714847282139824,IsTndSwizzle=1 + DeterType=2
28714847282140080,IsTndSwizzle=1 + DeterType=2
28714847282140336,IsTndSwizzle=1 + DeterType=2
28714847282140592,IsTndSwizzle=1 + DeterType=2
28714847282140848,IsTndSwizzle=1 + DeterType=2
28714847282141104,IsTndSwizzle=1 + DeterType=2
28714847819010224,IsTndSwizzle=1 + DeterType=2
28714847819010480,IsTndSwizzle=1 + DeterType=2
28714847819010736,IsTndSwizzle=1 + DeterType=2
28714847819010992,IsTndSwizzle=1 + DeterType=2
28714847819011248,IsTndSwizzle=1 + DeterType=2
28714847819011504,IsTndSwizzle=1 + DeterType=2
28714847819011760,IsTndSwizzle=1 + DeterType=2
28714847819012016,IsTndSwizzle=1 + DeterType=2
28714848355881136,IsTndSwizzle=1 + DeterType=2
28714848355881392,IsTndSwizzle=1 + DeterType=2
28714848355881648,IsTndSwizzle=1 + DeterType=2
28714848355881904,IsTndSwizzle=1 + DeterType=2
28714848355882160,IsTndSwizzle=1 + DeterType=2
28714848355882416,IsTndSwizzle=1 + DeterType=2
28714848355882672,IsTndSwizzle=1 + DeterType=2
28714848355882928,IsTndSwizzle=1 + DeterType=2
28717045231653040,IsTndSwizzle=1 + DeterType=3 | IsAttenMask=0 + DeterType=3
28717045231653296,IsTndSwizzle=1 + DeterType=3 | IsAttenMask=0 + DeterType=3
28717045231653552,IsTndSwizzle=1 + DeterType=3 | IsAttenMask=0 + DeterType=3
28717045231653808,IsTndSwizzle=1 + DeterType=3 | IsAttenMask=0 + DeterType=3
28717045231654064,IsTndSwizzle=1 + DeterType=3
28717045231654320,IsTndSwizzle=1 + DeterType=3
28717045231654576,IsTndSwizzle=1 + DeterType=3
28717045231654832,IsTndSwizzle=1 + DeterType=3
28717045768523952,IsTndSwizzle=1 + DeterType=3 | IsAttenMask=0 + DeterType=3
28717045768524208,IsTndSwizzle=1 + DeterType=3 | IsAttenMask=0 + DeterType=3
28717045768524464,IsTndSwizzle=1 + DeterType=3 | IsAttenMask=0 + DeterType=3
28717045768524720,IsTndSwizzle=1 + DeterType=3 | IsAttenMask=0 + DeterType=3
28717045768524976,IsTndSwizzle=1 + DeterType=3
28717045768525232,IsTndSwizzle=1 + DeterType=3
28717045768525488,IsTndSwizzle=1 + DeterType=3
28717045768525744,IsTndSwizzle=1 + DeterType=3
28717046305394864,IsTndSwizzle=1 + DeterType=3 | IsAttenMask=0 + DeterType=3
28717046305395120,IsTndSwizzle=1 + DeterType=3 | IsAttenMask=0 + DeterType=3
28717046305395376,IsTndSwizzle=1 + DeterType=3 | IsAttenMask=0 + DeterType=3
28717046305395632,IsTndSwizzle=1 + DeterType=3 | IsAttenMask=0 + DeterType=3
28717046305395888,IsTndSwizzle=1 + DeterType=3
28717046305396144,IsTndSwizzle=1 + DeterType=3
28717046305396400,IsTndSwizzle=1 + DeterType=3
28717046305396656,IsTndSwizzle=1 + DeterType=3
28717046842265776,IsTndSwizzle=1 + DeterType=3 | IsAttenMask=0 + DeterType=3
28717046842266032,IsTndSwizzle=1 + DeterType=3 | IsAttenMask=0 + DeterType=3
28717046842266288,IsTndSwizzle=1 + DeterType=3 | IsAttenMask=0 + DeterType=3
28717046842266544,IsTndSwizzle=1 + DeterType=3 | IsAttenMask=0 + DeterType=3
28717046842266800,IsTndSwizzle=1 + DeterType=3
28717046842267056,IsTndSwizzle=1 + DeterType=3
28717046842267312,IsTndSwizzle=1 + DeterType=3
28717046842267568,IsTndSwizzle=1 + DeterType=3
28717047379136688,IsTndSwizzle=1 + DeterType=3 | IsAttenMask=0 + DeterType=3
28717047379136944,IsTndSwizzle=1 + DeterType=3 | IsAttenMask=0 + DeterType=3
28717047379137200,IsTndSwizzle=1 + DeterType=3 | IsAttenMask=0 + DeterType=3
28717047379137456,IsTndSwizzle=1 + DeterType=3 | IsAttenMask=0 + DeterType=3
28717047379137712,IsTndSwizzle=1 + DeterType=3
28717047379137968,IsTndSwizzle=1 + DeterType=3
28717047379138224,IsTndSwizzle=1 + DeterType=3
28717047379138480,IsTndSwizzle=1 + DeterType=3
28719244254908592,IsTndSwizzle=1 + DeterType=4 | IsAttenMask=0 + DeterType=4
28719244254908848,IsTndSwizzle=1 + DeterType=4 | IsAttenMask=0 + DeterType=4
28719244254909104,IsTndSwizzle=1 + DeterType=4 | IsAttenMask=0 + DeterType=4
28719244254909360,IsTndSwizzle=1 + DeterType=4 | IsAttenMask=0 + DeterType=4
28719244254909616,IsTndSwizzle=1 + DeterType=4
28719244254909872,IsTndSwizzle=1 + DeterType=4
28719244254910128,IsTndSwizzle=1 + DeterType=4
28719244254910384,IsTndSwizzle=1 + DeterType=4
28719244791779504,IsTndSwizzle=1 + DeterType=4 | IsAttenMask=0 + DeterType=4
28719244791779760,IsTndSwizzle=1 + DeterType=4 | IsAttenMask=0 + DeterType=4
28719244791780016,IsTndSwizzle=1 + DeterType=4 | IsAttenMask=0 + DeterType=4
28719244791780272,IsTndSwizzle=1 + DeterType=4 | IsAttenMask=0 + DeterType=4
28719244791780528,IsTndSwizzle=1 + DeterType=4
28719244791780784,IsTndSwizzle=1 + DeterType=4
28719244791781040,IsTndSwizzle=1 + DeterType=4
28719244791781296,IsTndSwizzle=1 + DeterType=4
28719245328650416,IsTndSwizzle=1 + DeterType=4 | IsAttenMask=0 + DeterType=4
28719245328650672,IsTndSwizzle=1 + DeterType=4 | IsAttenMask=0 + DeterType=4
28719245328650928,IsTndSwizzle=1 + DeterType=4 | IsAttenMask=0 + DeterType=4
28719245328651184,IsTndSwizzle=1 + DeterType=4 | IsAttenMask=0 + DeterType=4
28719245328651440,IsTndSwizzle=1 + DeterType=4
28719245328651696,IsTndSwizzle=1 + DeterType=4
28719245328651952,IsTndSwizzle=1 + DeterType=4
28719245328652208,IsTndSwizzle=1 + DeterType=4
28719245865521328,IsTndSwizzle=1 + DeterType=4 | IsAttenMask=0 + DeterType=4
28719245865521584,IsTndSwizzle=1 + DeterType=4 | IsAttenMask=0 + DeterType=4
28719245865521840,IsTndSwizzle=1 + DeterType=4 | IsAttenMask=0 + DeterType=4
28719245865522096,IsTndSwizzle=1 + DeterType=4 | IsAttenMask=0 + DeterType=4
28719245865522352,IsTndSwizzle=1 + DeterType=4
28719245865522608,IsTndSwizzle=1 + DeterType=4
28719245865522864,IsTndSwizzle=1 + DeterType=4
28719245865523120,IsTndSwizzle=1 + DeterType=4
28719246402392240,IsTndSwizzle=1 + DeterType=4 | IsAttenMask=0 + DeterType=4
28719246402392496,IsTndSwizzle=1 + DeterType=4 | IsAttenMask=0 + DeterType=4
28719246402392752,IsTndSwizzle=1 + DeterType=4 | IsAttenMask=0 + DeterType=4
28719246402393008,IsTndSwizzle=1 + DeterType=4 | IsAttenMask=0 + DeterType=4
28719246402393264,IsTndSwizzle=1 + DeterType=4
28719246402393520,IsTndSwizzle=1 + DeterType=4
28719246402393776,IsTndSwizzle=1 + DeterType=4
28719246402394032,IsTndSwizzle=1 + DeterType=4
28750030580486320,IsTndSwizzle=1 + DeterType=2
28750030580486576,IsTndSwizzle=1 + DeterType=2
28750030580486832,IsTndSwizzle=1 + DeterType=2
28750030580487088,IsTndSwizzle=1 + DeterType=2
28750030580487344,IsTndSwizzle=1 + DeterType=2
28750030580487600,IsTndSwizzle=1 + DeterType=2
28750030580487856,IsTndSwizzle=1 + DeterType=2
28750030580488112,IsTndSwizzle=1 + DeterType=2
28750031117357232,IsTndSwizzle=1 + DeterType=2
28750031117357488,IsTndSwizzle=1 + DeterType=2
28750031117357744,IsTndSwizzle=1 + DeterType=2
28750031117358000,IsTndSwizzle=1 + DeterType=2
28750031117358256,IsTndSwizzle=1 + DeterType=2
28750031117358512,IsTndSwizzle=1 + DeterType=2
28750031117358768,IsTndSwizzle=1 + DeterType=2
28750031117359024,IsTndSwizzle=1 + DeterType=2
28750031654228144,IsTndSwizzle=1 + DeterType=2
28750031654228400,IsTndSwizzle=1 + DeterType=2
28750031654228656,IsTndSwizzle=1 + DeterType=2
28750031654228912,IsTndSwizzle=1 + DeterType=2
28750031654229168,IsTndSwizzle=1 + DeterType=2
28750031654229424,IsTndSwizzle=1 + DeterType=2
28750031654229680,IsTndSwizzle=1 + DeterType=2
28750031654229936,IsTndSwizzle=1 + DeterType=2
28750032191099056,IsTndSwizzle=1 + DeterType=2
28750032191099312,IsTndSwizzle=1 + DeterType=2
28750032191099568,IsTndSwizzle=1 + DeterType=2
28750032191099824,IsTndSwizzle=1 + DeterType=2
28750032191100080,IsTndSwizzle=1 + DeterType=2
28750032191100336,IsTndSwizzle=1 + DeterType=2
28750032191100592,IsTndSwizzle=1 + DeterType=2
28750032191100848,IsTndSwizzle=1 + DeterType=2
28750032727969968,IsTndSwizzle=1 + DeterType=2
28750032727970224,IsTndSwizzle=1 + DeterType=2
28750032727970480,IsTndSwizzle=1 + DeterType=2
28750032727970736,IsTndSwizzle=1 + DeterType=2
28750032727970992,IsTndSwizzle=1 + DeterType=2
28750032727971248,IsTndSwizzle=1 + DeterType=2
28750032727971504,IsTndSwizzle=1 + DeterType=2
28750032727971760,IsTndSwizzle=1 + DeterType=2
28752229603741872,IsTndSwizzle=1 + DeterType=3 | IsAttenMask=0 + DeterType=3
28752229603742128,IsTndSwizzle=1 + DeterType=3 | IsAttenMask=0 + DeterType=3
28752229603742384,IsTndSwizzle=1 + DeterType=3 | IsAttenMask=0 + DeterType=3
28752229603742640,IsTndSwizzle=1 + DeterType=3 | IsAttenMask=0 + DeterType=3
28752229603742896,IsTndSwizzle=1 + DeterType=3
28752229603743152,IsTndSwizzle=1 + DeterType=3
28752229603743408,IsTndSwizzle=1 + DeterType=3
28752229603743664,IsTndSwizzle=1 + DeterType=3
28752230140612784,IsTndSwizzle=1 + DeterType=3 | IsAttenMask=0 + DeterType=3
28752230140613040,IsTndSwizzle=1 + DeterType=3 | IsAttenMask=0 + DeterType=3
28752230140613296,IsTndSwizzle=1 + DeterType=3 | IsAttenMask=0 + DeterType=3
28752230140613552,IsTndSwizzle=1 + DeterType=3 | IsAttenMask=0 + DeterType=3
28752230140613808,IsTndSwizzle=1 + DeterType=3
28752230140614064,IsTndSwizzle=1 + DeterType=3
28752230140614320,IsTndSwizzle=1 + DeterType=3
28752230140614576,IsTndSwizzle=1 + DeterType=3
28752230677483696,IsTndSwizzle=1 + DeterType=3 | IsAttenMask=0 + DeterType=3
28752230677483952,IsTndSwizzle=1 + DeterType=3 | IsAttenMask=0 + DeterType=3
28752230677484208,IsTndSwizzle=1 + DeterType=3 | IsAttenMask=0 + DeterType=3
28752230677484464,IsTndSwizzle=1 + DeterType=3 | IsAttenMask=0 + DeterType=3
28752230677484720,IsTndSwizzle=1 + DeterType=3
28752230677484976,IsTndSwizzle=1 + DeterType=3
28752230677485232,IsTndSwizzle=1 + DeterType=3
28752230677485488,IsTndSwizzle=1 + DeterType=3
28752231214354608,IsTndSwizzle=1 + DeterType=3 | IsAttenMask=0 + DeterType=3
28752231214354864,IsTndSwizzle=1 + DeterType=3 | IsAttenMask=0 + DeterType=3
28752231214355120,IsTndSwizzle=1 + DeterType=3 | IsAttenMask=0 + DeterType=3
28752231214355376,IsTndSwizzle=1 + DeterType=3 | IsAttenMask=0 + DeterType=3
28752231214355632,IsTndSwizzle=1 + DeterType=3
28752231214355888,IsTndSwizzle=1 + DeterType=3
28752231214356144,IsTndSwizzle=1 + DeterType=3
28752231214356400,IsTndSwizzle=1 + DeterType=3
28752231751225520,IsTndSwizzle=1 + DeterType=3 | IsAttenMask=0 + DeterType=3
28752231751225776,IsTndSwizzle=1 + DeterType=3 | IsAttenMask=0 + DeterType=3
28752231751226032,IsTndSwizzle=1 + DeterType=3 | IsAttenMask=0 + DeterType=3
28752231751226288,IsTndSwizzle=1 + DeterType=3 | IsAttenMask=0 + DeterType=3
28752231751226544,IsTndSwizzle=1 + DeterType=3
28752231751226800,IsTndSwizzle=1 + DeterType=3
28752231751227056,IsTndSwizzle=1 + DeterType=3
28752231751227312,IsTndSwizzle=1 + DeterType=3
28754428626997424,IsTndSwizzle=1 + DeterType=4 | IsAttenMask=0 + DeterType=4
28754428626997680,IsTndSwizzle=1 + DeterType=4 | IsAttenMask=0 + DeterType=4
28754428626997936,IsTndSwizzle=1 + DeterType=4 | IsAttenMask=0 + DeterType=4
28754428626998192,IsTndSwizzle=1 + DeterType=4 | IsAttenMask=0 + DeterType=4
28754428626998448,IsTndSwizzle=1 + DeterType=4
28754428626998704,IsTndSwizzle=1 + DeterType=4
28754428626998960,IsTndSwizzle=1 + DeterType=4
28754428626999216,IsTndSwizzle=1 + DeterType=4
28754429163868336,IsTndSwizzle=1 + DeterType=4 | IsAttenMask=0 + DeterType=4
28754429163868592,IsTndSwizzle=1 + DeterType=4 | IsAttenMask=0 + DeterType=4
28754429163868848,IsTndSwizzle=1 + DeterType=4 | IsAttenMask=0 + DeterType=4
28754429163869104,IsTndSwizzle=1 + DeterType=4 | IsAttenMask=0 + DeterType=4
28754429163869360,IsTndSwizzle=1 + DeterType=4
28754429163869616,IsTndSwizzle=1 + DeterType=4
28754429163869872,IsTndSwizzle=1 + DeterType=4
28754429163870128,IsTndSwizzle=1 + DeterType=4
28754429700739248,IsTndSwizzle=1 + DeterType=4 | IsAttenMask=0 + DeterType=4
28754429700739504,IsTndSwizzle=1 + DeterType=4 | IsAttenMask=0 + DeterType=4
28754429700739760,IsTndSwizzle=1 + DeterType=4 | IsAttenMask=0 + DeterType=4
28754429700740016,IsTndSwizzle=1 + DeterType=4 | IsAttenMask=0 + DeterType=4
28754429700740272,IsTndSwizzle=1 + DeterType=4
28754429700740528,IsTndSwizzle=1 + DeterType=4
28754429700740784,IsTndSwizzle=1 + DeterType=4
28754429700741040,IsTndSwizzle=1 + DeterType=4
28754430237610160,IsTndSwizzle=1 + DeterType=4 | IsAttenMask=0 + DeterType=4
28754430237610416,IsTndSwizzle=1 + DeterType=4 | IsAttenMask=0 + DeterType=4
28754430237610672,IsTndSwizzle=1 + DeterType=4 | IsAttenMask=0 + DeterType=4
28754430237610928,IsTndSwizzle=1 + DeterType=4 | IsAttenMask=0 + DeterType=4
28754430237611184,IsTndSwizzle=1 + DeterType=4
28754430237611440,IsTndSwizzle=1 + DeterType=4
28754430237611696,IsTndSwizzle=1 + DeterType=4
28754430237611952,IsTndSwizzle=1 + DeterType=4
28754430774481072,IsTndSwizzle=1 + DeterType=4 | IsAttenMask=0 + DeterType=4
28754430774481328,IsTndSwizzle=1 + DeterType=4 | IsAttenMask=0 + DeterType=4
28754430774481584,IsTndSwizzle=1 + DeterType=4 | IsAttenMask=0 + DeterType=4
28754430774481840,IsTndSwizzle=1 + DeterType=4 | IsAttenMask=0 + DeterType=4
28754430774482096,IsTndSwizzle=1 + DeterType=4
28754430774482352,IsTndSwizzle=1 + DeterType=4
28754430774482608,IsTndSwizzle=1 + DeterType=4
28754430774482864,IsTndSwizzle=1 + DeterType=4
28851186723983796,SplitAxis=5 + IsDrop=1 + DTemplateNum=192
28851186723984308,SplitAxis=5 + IsDrop=1 + DTemplateNum=192
28851186723984820,SplitAxis=5 + IsDrop=1 + DTemplateNum=192
28851186723985332,SplitAxis=5 + IsDrop=1 + DTemplateNum=192
28851187260854708,SplitAxis=5 + IsDrop=1 + DTemplateNum=256
28851187260855220,SplitAxis=5 + IsDrop=1 + DTemplateNum=256
28851187260855732,SplitAxis=5 + IsDrop=1 + DTemplateNum=256
28851187260856244,SplitAxis=5 + IsDrop=1 + DTemplateNum=256
28851187797725620,SplitAxis=5 + IsDrop=1 + DTemplateNum=768
28851187797726132,SplitAxis=5 + IsDrop=1 + DTemplateNum=768
28851187797726644,SplitAxis=5 + IsDrop=1 + DTemplateNum=768
28851187797727156,SplitAxis=5 + IsDrop=1 + DTemplateNum=768
28855583696752816,IsTndSwizzle=1 + DeterType=2
28855583696753072,IsTndSwizzle=1 + DeterType=2
28855583696753328,IsTndSwizzle=1 + DeterType=2
28855583696753584,IsTndSwizzle=1 + DeterType=2
28855583696753840,IsTndSwizzle=1 + DeterType=2
28855583696754096,IsTndSwizzle=1 + DeterType=2
28855583696754352,IsTndSwizzle=1 + DeterType=2
28855583696754608,IsTndSwizzle=1 + DeterType=2
28855584233623728,IsTndSwizzle=1 + DeterType=2
28855584233623984,IsTndSwizzle=1 + DeterType=2
28855584233624240,IsTndSwizzle=1 + DeterType=2
28855584233624496,IsTndSwizzle=1 + DeterType=2
28855584233624752,IsTndSwizzle=1 + DeterType=2
28855584233625008,IsTndSwizzle=1 + DeterType=2
28855584233625264,IsTndSwizzle=1 + DeterType=2
28855584233625520,IsTndSwizzle=1 + DeterType=2
28855584770494640,IsTndSwizzle=1 + DeterType=2
28855584770494896,IsTndSwizzle=1 + DeterType=2
28855584770495152,IsTndSwizzle=1 + DeterType=2
28855584770495408,IsTndSwizzle=1 + DeterType=2
28855584770495664,IsTndSwizzle=1 + DeterType=2
28855584770495920,IsTndSwizzle=1 + DeterType=2
28855584770496176,IsTndSwizzle=1 + DeterType=2
28855584770496432,IsTndSwizzle=1 + DeterType=2
28855585307365552,IsTndSwizzle=1 + DeterType=2
28855585307365808,IsTndSwizzle=1 + DeterType=2
28855585307366064,IsTndSwizzle=1 + DeterType=2
28855585307366320,IsTndSwizzle=1 + DeterType=2
28855585307366576,IsTndSwizzle=1 + DeterType=2
28855585307366832,IsTndSwizzle=1 + DeterType=2
28855585307367088,IsTndSwizzle=1 + DeterType=2
28855585307367344,IsTndSwizzle=1 + DeterType=2
28855585844236464,IsTndSwizzle=1 + DeterType=2
28855585844236720,IsTndSwizzle=1 + DeterType=2
28855585844236976,IsTndSwizzle=1 + DeterType=2
28855585844237232,IsTndSwizzle=1 + DeterType=2
28855585844237488,IsTndSwizzle=1 + DeterType=2
28855585844237744,IsTndSwizzle=1 + DeterType=2
28855585844238000,IsTndSwizzle=1 + DeterType=2
28855585844238256,IsTndSwizzle=1 + DeterType=2
28857782720008368,IsTndSwizzle=1 + DeterType=3 | IsAttenMask=0 + DeterType=3
28857782720008624,IsTndSwizzle=1 + DeterType=3 | IsAttenMask=0 + DeterType=3
28857782720008880,IsTndSwizzle=1 + DeterType=3 | IsAttenMask=0 + DeterType=3
28857782720009136,IsTndSwizzle=1 + DeterType=3 | IsAttenMask=0 + DeterType=3
28857782720009392,IsTndSwizzle=1 + DeterType=3
28857782720009648,IsTndSwizzle=1 + DeterType=3
28857782720009904,IsTndSwizzle=1 + DeterType=3
28857782720010160,IsTndSwizzle=1 + DeterType=3
28857783256879280,IsTndSwizzle=1 + DeterType=3 | IsAttenMask=0 + DeterType=3
28857783256879536,IsTndSwizzle=1 + DeterType=3 | IsAttenMask=0 + DeterType=3
28857783256879792,IsTndSwizzle=1 + DeterType=3 | IsAttenMask=0 + DeterType=3
28857783256880048,IsTndSwizzle=1 + DeterType=3 | IsAttenMask=0 + DeterType=3
28857783256880304,IsTndSwizzle=1 + DeterType=3
28857783256880560,IsTndSwizzle=1 + DeterType=3
28857783256880816,IsTndSwizzle=1 + DeterType=3
28857783256881072,IsTndSwizzle=1 + DeterType=3
28857783793750192,IsTndSwizzle=1 + DeterType=3 | IsAttenMask=0 + DeterType=3
28857783793750448,IsTndSwizzle=1 + DeterType=3 | IsAttenMask=0 + DeterType=3
28857783793750704,IsTndSwizzle=1 + DeterType=3 | IsAttenMask=0 + DeterType=3
28857783793750960,IsTndSwizzle=1 + DeterType=3 | IsAttenMask=0 + DeterType=3
28857783793751216,IsTndSwizzle=1 + DeterType=3
28857783793751472,IsTndSwizzle=1 + DeterType=3
28857783793751728,IsTndSwizzle=1 + DeterType=3
28857783793751984,IsTndSwizzle=1 + DeterType=3
28857784330621104,IsTndSwizzle=1 + DeterType=3 | IsAttenMask=0 + DeterType=3
28857784330621360,IsTndSwizzle=1 + DeterType=3 | IsAttenMask=0 + DeterType=3
28857784330621616,IsTndSwizzle=1 + DeterType=3 | IsAttenMask=0 + DeterType=3
28857784330621872,IsTndSwizzle=1 + DeterType=3 | IsAttenMask=0 + DeterType=3
28857784330622128,IsTndSwizzle=1 + DeterType=3
28857784330622384,IsTndSwizzle=1 + DeterType=3
28857784330622640,IsTndSwizzle=1 + DeterType=3
28857784330622896,IsTndSwizzle=1 + DeterType=3
28857784867492016,IsTndSwizzle=1 + DeterType=3 | IsAttenMask=0 + DeterType=3
28857784867492272,IsTndSwizzle=1 + DeterType=3 | IsAttenMask=0 + DeterType=3
28857784867492528,IsTndSwizzle=1 + DeterType=3 | IsAttenMask=0 + DeterType=3
28857784867492784,IsTndSwizzle=1 + DeterType=3 | IsAttenMask=0 + DeterType=3
28857784867493040,IsTndSwizzle=1 + DeterType=3
28857784867493296,IsTndSwizzle=1 + DeterType=3
28857784867493552,IsTndSwizzle=1 + DeterType=3
28857784867493808,IsTndSwizzle=1 + DeterType=3
28859981743263920,IsTndSwizzle=1 + DeterType=4 | IsAttenMask=0 + DeterType=4
28859981743264176,IsTndSwizzle=1 + DeterType=4 | IsAttenMask=0 + DeterType=4
28859981743264432,IsTndSwizzle=1 + DeterType=4 | IsAttenMask=0 + DeterType=4
28859981743264688,IsTndSwizzle=1 + DeterType=4 | IsAttenMask=0 + DeterType=4
28859981743264944,IsTndSwizzle=1 + DeterType=4
28859981743265200,IsTndSwizzle=1 + DeterType=4
28859981743265456,IsTndSwizzle=1 + DeterType=4
28859981743265712,IsTndSwizzle=1 + DeterType=4
28859982280134832,IsTndSwizzle=1 + DeterType=4 | IsAttenMask=0 + DeterType=4
28859982280135088,IsTndSwizzle=1 + DeterType=4 | IsAttenMask=0 + DeterType=4
28859982280135344,IsTndSwizzle=1 + DeterType=4 | IsAttenMask=0 + DeterType=4
28859982280135600,IsTndSwizzle=1 + DeterType=4 | IsAttenMask=0 + DeterType=4
28859982280135856,IsTndSwizzle=1 + DeterType=4
28859982280136112,IsTndSwizzle=1 + DeterType=4
28859982280136368,IsTndSwizzle=1 + DeterType=4
28859982280136624,IsTndSwizzle=1 + DeterType=4
28859982817005744,IsTndSwizzle=1 + DeterType=4 | IsAttenMask=0 + DeterType=4
28859982817006000,IsTndSwizzle=1 + DeterType=4 | IsAttenMask=0 + DeterType=4
28859982817006256,IsTndSwizzle=1 + DeterType=4 | IsAttenMask=0 + DeterType=4
28859982817006512,IsTndSwizzle=1 + DeterType=4 | IsAttenMask=0 + DeterType=4
28859982817006768,IsTndSwizzle=1 + DeterType=4
28859982817007024,IsTndSwizzle=1 + DeterType=4
28859982817007280,IsTndSwizzle=1 + DeterType=4
28859982817007536,IsTndSwizzle=1 + DeterType=4
28859983353876656,IsTndSwizzle=1 + DeterType=4 | IsAttenMask=0 + DeterType=4
28859983353876912,IsTndSwizzle=1 + DeterType=4 | IsAttenMask=0 + DeterType=4
28859983353877168,IsTndSwizzle=1 + DeterType=4 | IsAttenMask=0 + DeterType=4
28859983353877424,IsTndSwizzle=1 + DeterType=4 | IsAttenMask=0 + DeterType=4
28859983353877680,IsTndSwizzle=1 + DeterType=4
28859983353877936,IsTndSwizzle=1 + DeterType=4
28859983353878192,IsTndSwizzle=1 + DeterType=4
28859983353878448,IsTndSwizzle=1 + DeterType=4
28859983890747568,IsTndSwizzle=1 + DeterType=4 | IsAttenMask=0 + DeterType=4
28859983890747824,IsTndSwizzle=1 + DeterType=4 | IsAttenMask=0 + DeterType=4
28859983890748080,IsTndSwizzle=1 + DeterType=4 | IsAttenMask=0 + DeterType=4
28859983890748336,IsTndSwizzle=1 + DeterType=4 | IsAttenMask=0 + DeterType=4
28859983890748592,IsTndSwizzle=1 + DeterType=4
28859983890748848,IsTndSwizzle=1 + DeterType=4
28859983890749104,IsTndSwizzle=1 + DeterType=4
28859983890749360,IsTndSwizzle=1 + DeterType=4
28890768068841648,IsTndSwizzle=1 + DeterType=2
28890768068841904,IsTndSwizzle=1 + DeterType=2
28890768068842160,IsTndSwizzle=1 + DeterType=2
28890768068842416,IsTndSwizzle=1 + DeterType=2
28890768068842672,IsTndSwizzle=1 + DeterType=2
28890768068842928,IsTndSwizzle=1 + DeterType=2
28890768068843184,IsTndSwizzle=1 + DeterType=2
28890768068843440,IsTndSwizzle=1 + DeterType=2
28890768605712560,IsTndSwizzle=1 + DeterType=2
28890768605712816,IsTndSwizzle=1 + DeterType=2
28890768605713072,IsTndSwizzle=1 + DeterType=2
28890768605713328,IsTndSwizzle=1 + DeterType=2
28890768605713584,IsTndSwizzle=1 + DeterType=2
28890768605713840,IsTndSwizzle=1 + DeterType=2
28890768605714096,IsTndSwizzle=1 + DeterType=2
28890768605714352,IsTndSwizzle=1 + DeterType=2
28890769142583472,IsTndSwizzle=1 + DeterType=2
28890769142583728,IsTndSwizzle=1 + DeterType=2
28890769142583984,IsTndSwizzle=1 + DeterType=2
28890769142584240,IsTndSwizzle=1 + DeterType=2
28890769142584496,IsTndSwizzle=1 + DeterType=2
28890769142584752,IsTndSwizzle=1 + DeterType=2
28890769142585008,IsTndSwizzle=1 + DeterType=2
28890769142585264,IsTndSwizzle=1 + DeterType=2
28890769679454384,IsTndSwizzle=1 + DeterType=2
28890769679454640,IsTndSwizzle=1 + DeterType=2
28890769679454896,IsTndSwizzle=1 + DeterType=2
28890769679455152,IsTndSwizzle=1 + DeterType=2
28890769679455408,IsTndSwizzle=1 + DeterType=2
28890769679455664,IsTndSwizzle=1 + DeterType=2
28890769679455920,IsTndSwizzle=1 + DeterType=2
28890769679456176,IsTndSwizzle=1 + DeterType=2
28890770216325296,IsTndSwizzle=1 + DeterType=2
28890770216325552,IsTndSwizzle=1 + DeterType=2
28890770216325808,IsTndSwizzle=1 + DeterType=2
28890770216326064,IsTndSwizzle=1 + DeterType=2
28890770216326320,IsTndSwizzle=1 + DeterType=2
28890770216326576,IsTndSwizzle=1 + DeterType=2
28890770216326832,IsTndSwizzle=1 + DeterType=2
28890770216327088,IsTndSwizzle=1 + DeterType=2
28892967092097200,IsTndSwizzle=1 + DeterType=3 | IsAttenMask=0 + DeterType=3
28892967092097456,IsTndSwizzle=1 + DeterType=3 | IsAttenMask=0 + DeterType=3
28892967092097712,IsTndSwizzle=1 + DeterType=3 | IsAttenMask=0 + DeterType=3
28892967092097968,IsTndSwizzle=1 + DeterType=3 | IsAttenMask=0 + DeterType=3
28892967092098224,IsTndSwizzle=1 + DeterType=3
28892967092098480,IsTndSwizzle=1 + DeterType=3
28892967092098736,IsTndSwizzle=1 + DeterType=3
28892967092098992,IsTndSwizzle=1 + DeterType=3
28892967628968112,IsTndSwizzle=1 + DeterType=3 | IsAttenMask=0 + DeterType=3
28892967628968368,IsTndSwizzle=1 + DeterType=3 | IsAttenMask=0 + DeterType=3
28892967628968624,IsTndSwizzle=1 + DeterType=3 | IsAttenMask=0 + DeterType=3
28892967628968880,IsTndSwizzle=1 + DeterType=3 | IsAttenMask=0 + DeterType=3
28892967628969136,IsTndSwizzle=1 + DeterType=3
28892967628969392,IsTndSwizzle=1 + DeterType=3
28892967628969648,IsTndSwizzle=1 + DeterType=3
28892967628969904,IsTndSwizzle=1 + DeterType=3
28892968165839024,IsTndSwizzle=1 + DeterType=3 | IsAttenMask=0 + DeterType=3
28892968165839280,IsTndSwizzle=1 + DeterType=3 | IsAttenMask=0 + DeterType=3
28892968165839536,IsTndSwizzle=1 + DeterType=3 | IsAttenMask=0 + DeterType=3
28892968165839792,IsTndSwizzle=1 + DeterType=3 | IsAttenMask=0 + DeterType=3
28892968165840048,IsTndSwizzle=1 + DeterType=3
28892968165840304,IsTndSwizzle=1 + DeterType=3
28892968165840560,IsTndSwizzle=1 + DeterType=3
28892968165840816,IsTndSwizzle=1 + DeterType=3
28892968702709936,IsTndSwizzle=1 + DeterType=3 | IsAttenMask=0 + DeterType=3
28892968702710192,IsTndSwizzle=1 + DeterType=3 | IsAttenMask=0 + DeterType=3
28892968702710448,IsTndSwizzle=1 + DeterType=3 | IsAttenMask=0 + DeterType=3
28892968702710704,IsTndSwizzle=1 + DeterType=3 | IsAttenMask=0 + DeterType=3
28892968702710960,IsTndSwizzle=1 + DeterType=3
28892968702711216,IsTndSwizzle=1 + DeterType=3
28892968702711472,IsTndSwizzle=1 + DeterType=3
28892968702711728,IsTndSwizzle=1 + DeterType=3
28892969239580848,IsTndSwizzle=1 + DeterType=3 | IsAttenMask=0 + DeterType=3
28892969239581104,IsTndSwizzle=1 + DeterType=3 | IsAttenMask=0 + DeterType=3
28892969239581360,IsTndSwizzle=1 + DeterType=3 | IsAttenMask=0 + DeterType=3
28892969239581616,IsTndSwizzle=1 + DeterType=3 | IsAttenMask=0 + DeterType=3
28892969239581872,IsTndSwizzle=1 + DeterType=3
28892969239582128,IsTndSwizzle=1 + DeterType=3
28892969239582384,IsTndSwizzle=1 + DeterType=3
28892969239582640,IsTndSwizzle=1 + DeterType=3
28895166115352752,IsTndSwizzle=1 + DeterType=4 | IsAttenMask=0 + DeterType=4
28895166115353008,IsTndSwizzle=1 + DeterType=4 | IsAttenMask=0 + DeterType=4
28895166115353264,IsTndSwizzle=1 + DeterType=4 | IsAttenMask=0 + DeterType=4
28895166115353520,IsTndSwizzle=1 + DeterType=4 | IsAttenMask=0 + DeterType=4
28895166115353776,IsTndSwizzle=1 + DeterType=4
28895166115354032,IsTndSwizzle=1 + DeterType=4
28895166115354288,IsTndSwizzle=1 + DeterType=4
28895166115354544,IsTndSwizzle=1 + DeterType=4
28895166652223664,IsTndSwizzle=1 + DeterType=4 | IsAttenMask=0 + DeterType=4
28895166652223920,IsTndSwizzle=1 + DeterType=4 | IsAttenMask=0 + DeterType=4
28895166652224176,IsTndSwizzle=1 + DeterType=4 | IsAttenMask=0 + DeterType=4
28895166652224432,IsTndSwizzle=1 + DeterType=4 | IsAttenMask=0 + DeterType=4
28895166652224688,IsTndSwizzle=1 + DeterType=4
28895166652224944,IsTndSwizzle=1 + DeterType=4
28895166652225200,IsTndSwizzle=1 + DeterType=4
28895166652225456,IsTndSwizzle=1 + DeterType=4
28895167189094576,IsTndSwizzle=1 + DeterType=4 | IsAttenMask=0 + DeterType=4
28895167189094832,IsTndSwizzle=1 + DeterType=4 | IsAttenMask=0 + DeterType=4
28895167189095088,IsTndSwizzle=1 + DeterType=4 | IsAttenMask=0 + DeterType=4
28895167189095344,IsTndSwizzle=1 + DeterType=4 | IsAttenMask=0 + DeterType=4
28895167189095600,IsTndSwizzle=1 + DeterType=4
28895167189095856,IsTndSwizzle=1 + DeterType=4
28895167189096112,IsTndSwizzle=1 + DeterType=4
28895167189096368,IsTndSwizzle=1 + DeterType=4
28895167725965488,IsTndSwizzle=1 + DeterType=4 | IsAttenMask=0 + DeterType=4
28895167725965744,IsTndSwizzle=1 + DeterType=4 | IsAttenMask=0 + DeterType=4
28895167725966000,IsTndSwizzle=1 + DeterType=4 | IsAttenMask=0 + DeterType=4
28895167725966256,IsTndSwizzle=1 + DeterType=4 | IsAttenMask=0 + DeterType=4
28895167725966512,IsTndSwizzle=1 + DeterType=4
28895167725966768,IsTndSwizzle=1 + DeterType=4
28895167725967024,IsTndSwizzle=1 + DeterType=4
28895167725967280,IsTndSwizzle=1 + DeterType=4
28895168262836400,IsTndSwizzle=1 + DeterType=4 | IsAttenMask=0 + DeterType=4
28895168262836656,IsTndSwizzle=1 + DeterType=4 | IsAttenMask=0 + DeterType=4
28895168262836912,IsTndSwizzle=1 + DeterType=4 | IsAttenMask=0 + DeterType=4
28895168262837168,IsTndSwizzle=1 + DeterType=4 | IsAttenMask=0 + DeterType=4
28895168262837424,IsTndSwizzle=1 + DeterType=4
28895168262837680,IsTndSwizzle=1 + DeterType=4
28895168262837936,IsTndSwizzle=1 + DeterType=4
28895168262838192,IsTndSwizzle=1 + DeterType=4
29137059747205296,IsTndSwizzle=1 + DeterType=2
29137059747205552,IsTndSwizzle=1 + DeterType=2
29137059747205808,IsTndSwizzle=1 + DeterType=2
29137059747206064,IsTndSwizzle=1 + DeterType=2
29137059747206320,IsTndSwizzle=1 + DeterType=2
29137059747206576,IsTndSwizzle=1 + DeterType=2
29137059747206832,IsTndSwizzle=1 + DeterType=2
29137059747207088,IsTndSwizzle=1 + DeterType=2
29139258770460848,IsTndSwizzle=1 + DeterType=3 | IsAttenMask=0 + DeterType=3
29139258770461104,IsTndSwizzle=1 + DeterType=3 | IsAttenMask=0 + DeterType=3
29139258770461360,IsTndSwizzle=1 + DeterType=3 | IsAttenMask=0 + DeterType=3
29139258770461616,IsTndSwizzle=1 + DeterType=3 | IsAttenMask=0 + DeterType=3
29139258770461872,IsTndSwizzle=1 + DeterType=3
29139258770462128,IsTndSwizzle=1 + DeterType=3
29139258770462384,IsTndSwizzle=1 + DeterType=3
29139258770462640,IsTndSwizzle=1 + DeterType=3
29141457793716400,IsTndSwizzle=1 + DeterType=4 | IsAttenMask=0 + DeterType=4
29141457793716656,IsTndSwizzle=1 + DeterType=4 | IsAttenMask=0 + DeterType=4
29141457793716912,IsTndSwizzle=1 + DeterType=4 | IsAttenMask=0 + DeterType=4
29141457793717168,IsTndSwizzle=1 + DeterType=4 | IsAttenMask=0 + DeterType=4
29141457793717424,IsTndSwizzle=1 + DeterType=4
29141457793717680,IsTndSwizzle=1 + DeterType=4
29141457793717936,IsTndSwizzle=1 + DeterType=4
29141457793718192,IsTndSwizzle=1 + DeterType=4
29172244119294128,IsTndSwizzle=1 + DeterType=2
29172244119294384,IsTndSwizzle=1 + DeterType=2
29172244119294640,IsTndSwizzle=1 + DeterType=2
29172244119294896,IsTndSwizzle=1 + DeterType=2
29172244119295152,IsTndSwizzle=1 + DeterType=2
29172244119295408,IsTndSwizzle=1 + DeterType=2
29172244119295664,IsTndSwizzle=1 + DeterType=2
29172244119295920,IsTndSwizzle=1 + DeterType=2
29174443142549680,IsTndSwizzle=1 + DeterType=3 | IsAttenMask=0 + DeterType=3
29174443142549936,IsTndSwizzle=1 + DeterType=3 | IsAttenMask=0 + DeterType=3
29174443142550192,IsTndSwizzle=1 + DeterType=3 | IsAttenMask=0 + DeterType=3
29174443142550448,IsTndSwizzle=1 + DeterType=3 | IsAttenMask=0 + DeterType=3
29174443142550704,IsTndSwizzle=1 + DeterType=3
29174443142550960,IsTndSwizzle=1 + DeterType=3
29174443142551216,IsTndSwizzle=1 + DeterType=3
29174443142551472,IsTndSwizzle=1 + DeterType=3
29176642165805232,IsTndSwizzle=1 + DeterType=4 | IsAttenMask=0 + DeterType=4
29176642165805488,IsTndSwizzle=1 + DeterType=4 | IsAttenMask=0 + DeterType=4
29176642165805744,IsTndSwizzle=1 + DeterType=4 | IsAttenMask=0 + DeterType=4
29176642165806000,IsTndSwizzle=1 + DeterType=4 | IsAttenMask=0 + DeterType=4
29176642165806256,IsTndSwizzle=1 + DeterType=4
29176642165806512,IsTndSwizzle=1 + DeterType=4
29176642165806768,IsTndSwizzle=1 + DeterType=4
29176642165807024,IsTndSwizzle=1 + DeterType=4
32655496419217568,IsTndSwizzle=1 + DeterType=2
32655496419217824,IsTndSwizzle=1 + DeterType=2
32655496419218080,IsTndSwizzle=1 + DeterType=2
32655496419218336,IsTndSwizzle=1 + DeterType=2
32655496419218592,IsTndSwizzle=1 + DeterType=2
32655496419218848,IsTndSwizzle=1 + DeterType=2
32655496419219104,IsTndSwizzle=1 + DeterType=2
32655496419219360,IsTndSwizzle=1 + DeterType=2
32657695442473120,IsTndSwizzle=1 + DeterType=3 | IsAttenMask=0 + DeterType=3
32657695442473376,IsTndSwizzle=1 + DeterType=3 | IsAttenMask=0 + DeterType=3
32657695442473632,IsTndSwizzle=1 + DeterType=3 | IsAttenMask=0 + DeterType=3
32657695442473888,IsTndSwizzle=1 + DeterType=3 | IsAttenMask=0 + DeterType=3
32657695442474144,IsTndSwizzle=1 + DeterType=3
32657695442474400,IsTndSwizzle=1 + DeterType=3
32657695442474656,IsTndSwizzle=1 + DeterType=3
32657695442474912,IsTndSwizzle=1 + DeterType=3
32659894465728672,IsTndSwizzle=1 + DeterType=4 | IsAttenMask=0 + DeterType=4
32659894465728928,IsTndSwizzle=1 + DeterType=4 | IsAttenMask=0 + DeterType=4
32659894465729184,IsTndSwizzle=1 + DeterType=4 | IsAttenMask=0 + DeterType=4
32659894465729440,IsTndSwizzle=1 + DeterType=4 | IsAttenMask=0 + DeterType=4
32659894465729696,IsTndSwizzle=1 + DeterType=4
32659894465729952,IsTndSwizzle=1 + DeterType=4
32659894465730208,IsTndSwizzle=1 + DeterType=4
32659894465730464,IsTndSwizzle=1 + DeterType=4
32690680791306400,IsTndSwizzle=1 + DeterType=2
32690680791306656,IsTndSwizzle=1 + DeterType=2
32690680791306912,IsTndSwizzle=1 + DeterType=2
32690680791307168,IsTndSwizzle=1 + DeterType=2
32690680791307424,IsTndSwizzle=1 + DeterType=2
32690680791307680,IsTndSwizzle=1 + DeterType=2
32690680791307936,IsTndSwizzle=1 + DeterType=2
32690680791308192,IsTndSwizzle=1 + DeterType=2
32692879814561952,IsTndSwizzle=1 + DeterType=3 | IsAttenMask=0 + DeterType=3
32692879814562208,IsTndSwizzle=1 + DeterType=3 | IsAttenMask=0 + DeterType=3
32692879814562464,IsTndSwizzle=1 + DeterType=3 | IsAttenMask=0 + DeterType=3
32692879814562720,IsTndSwizzle=1 + DeterType=3 | IsAttenMask=0 + DeterType=3
32692879814562976,IsTndSwizzle=1 + DeterType=3
32692879814563232,IsTndSwizzle=1 + DeterType=3
32692879814563488,IsTndSwizzle=1 + DeterType=3
32692879814563744,IsTndSwizzle=1 + DeterType=3
32695078837817504,IsTndSwizzle=1 + DeterType=4 | IsAttenMask=0 + DeterType=4
32695078837817760,IsTndSwizzle=1 + DeterType=4 | IsAttenMask=0 + DeterType=4
32695078837818016,IsTndSwizzle=1 + DeterType=4 | IsAttenMask=0 + DeterType=4
32695078837818272,IsTndSwizzle=1 + DeterType=4 | IsAttenMask=0 + DeterType=4
32695078837818528,IsTndSwizzle=1 + DeterType=4
32695078837818784,IsTndSwizzle=1 + DeterType=4
32695078837819040,IsTndSwizzle=1 + DeterType=4
32695078837819296,IsTndSwizzle=1 + DeterType=4
32796233907572896,IsTndSwizzle=1 + DeterType=2
32796233907573152,IsTndSwizzle=1 + DeterType=2
32796233907573408,IsTndSwizzle=1 + DeterType=2
32796233907573664,IsTndSwizzle=1 + DeterType=2
32796233907573920,IsTndSwizzle=1 + DeterType=2
32796233907574176,IsTndSwizzle=1 + DeterType=2
32796233907574432,IsTndSwizzle=1 + DeterType=2
32796233907574688,IsTndSwizzle=1 + DeterType=2
32798432930828448,IsTndSwizzle=1 + DeterType=3 | IsAttenMask=0 + DeterType=3
32798432930828704,IsTndSwizzle=1 + DeterType=3 | IsAttenMask=0 + DeterType=3
32798432930828960,IsTndSwizzle=1 + DeterType=3 | IsAttenMask=0 + DeterType=3
32798432930829216,IsTndSwizzle=1 + DeterType=3 | IsAttenMask=0 + DeterType=3
32798432930829472,IsTndSwizzle=1 + DeterType=3
32798432930829728,IsTndSwizzle=1 + DeterType=3
32798432930829984,IsTndSwizzle=1 + DeterType=3
32798432930830240,IsTndSwizzle=1 + DeterType=3
32800631954084000,IsTndSwizzle=1 + DeterType=4 | IsAttenMask=0 + DeterType=4
32800631954084256,IsTndSwizzle=1 + DeterType=4 | IsAttenMask=0 + DeterType=4
32800631954084512,IsTndSwizzle=1 + DeterType=4 | IsAttenMask=0 + DeterType=4
32800631954084768,IsTndSwizzle=1 + DeterType=4 | IsAttenMask=0 + DeterType=4
32800631954085024,IsTndSwizzle=1 + DeterType=4
32800631954085280,IsTndSwizzle=1 + DeterType=4
32800631954085536,IsTndSwizzle=1 + DeterType=4
32800631954085792,IsTndSwizzle=1 + DeterType=4
32831418279661728,IsTndSwizzle=1 + DeterType=2
32831418279661984,IsTndSwizzle=1 + DeterType=2
32831418279662240,IsTndSwizzle=1 + DeterType=2
32831418279662496,IsTndSwizzle=1 + DeterType=2
32831418279662752,IsTndSwizzle=1 + DeterType=2
32831418279663008,IsTndSwizzle=1 + DeterType=2
32831418279663264,IsTndSwizzle=1 + DeterType=2
32831418279663520,IsTndSwizzle=1 + DeterType=2
32833617302917280,IsTndSwizzle=1 + DeterType=3 | IsAttenMask=0 + DeterType=3
32833617302917536,IsTndSwizzle=1 + DeterType=3 | IsAttenMask=0 + DeterType=3
32833617302917792,IsTndSwizzle=1 + DeterType=3 | IsAttenMask=0 + DeterType=3
32833617302918048,IsTndSwizzle=1 + DeterType=3 | IsAttenMask=0 + DeterType=3
32833617302918304,IsTndSwizzle=1 + DeterType=3
32833617302918560,IsTndSwizzle=1 + DeterType=3
32833617302918816,IsTndSwizzle=1 + DeterType=3
32833617302919072,IsTndSwizzle=1 + DeterType=3
32835816326172832,IsTndSwizzle=1 + DeterType=4 | IsAttenMask=0 + DeterType=4
32835816326173088,IsTndSwizzle=1 + DeterType=4 | IsAttenMask=0 + DeterType=4
32835816326173344,IsTndSwizzle=1 + DeterType=4 | IsAttenMask=0 + DeterType=4
32835816326173600,IsTndSwizzle=1 + DeterType=4 | IsAttenMask=0 + DeterType=4
32835816326173856,IsTndSwizzle=1 + DeterType=4
32835816326174112,IsTndSwizzle=1 + DeterType=4
32835816326174368,IsTndSwizzle=1 + DeterType=4
32835816326174624,IsTndSwizzle=1 + DeterType=4
33218446372638896,IsTndSwizzle=1 + DeterType=2
33218446372639152,IsTndSwizzle=1 + DeterType=2
33218446372639408,IsTndSwizzle=1 + DeterType=2
33218446372639664,IsTndSwizzle=1 + DeterType=2
33218446372639920,IsTndSwizzle=1 + DeterType=2
33218446372640176,IsTndSwizzle=1 + DeterType=2
33218446372640432,IsTndSwizzle=1 + DeterType=2
33218446372640688,IsTndSwizzle=1 + DeterType=2
33220645395894448,IsTndSwizzle=1 + DeterType=3 | IsAttenMask=0 + DeterType=3
33220645395894704,IsTndSwizzle=1 + DeterType=3 | IsAttenMask=0 + DeterType=3
33220645395894960,IsTndSwizzle=1 + DeterType=3 | IsAttenMask=0 + DeterType=3
33220645395895216,IsTndSwizzle=1 + DeterType=3 | IsAttenMask=0 + DeterType=3
33220645395895472,IsTndSwizzle=1 + DeterType=3
33220645395895728,IsTndSwizzle=1 + DeterType=3
33220645395895984,IsTndSwizzle=1 + DeterType=3
33220645395896240,IsTndSwizzle=1 + DeterType=3
33222844419150000,IsTndSwizzle=1 + DeterType=4 | IsAttenMask=0 + DeterType=4
33222844419150256,IsTndSwizzle=1 + DeterType=4 | IsAttenMask=0 + DeterType=4
33222844419150512,IsTndSwizzle=1 + DeterType=4 | IsAttenMask=0 + DeterType=4
33222844419150768,IsTndSwizzle=1 + DeterType=4 | IsAttenMask=0 + DeterType=4
33222844419151024,IsTndSwizzle=1 + DeterType=4
33222844419151280,IsTndSwizzle=1 + DeterType=4
33222844419151536,IsTndSwizzle=1 + DeterType=4
33222844419151792,IsTndSwizzle=1 + DeterType=4
33253630744727728,IsTndSwizzle=1 + DeterType=2
33253630744727984,IsTndSwizzle=1 + DeterType=2
33253630744728240,IsTndSwizzle=1 + DeterType=2
33253630744728496,IsTndSwizzle=1 + DeterType=2
33253630744728752,IsTndSwizzle=1 + DeterType=2
33253630744729008,IsTndSwizzle=1 + DeterType=2
33253630744729264,IsTndSwizzle=1 + DeterType=2
33253630744729520,IsTndSwizzle=1 + DeterType=2
33255829767983280,IsTndSwizzle=1 + DeterType=3 | IsAttenMask=0 + DeterType=3
33255829767983536,IsTndSwizzle=1 + DeterType=3 | IsAttenMask=0 + DeterType=3
33255829767983792,IsTndSwizzle=1 + DeterType=3 | IsAttenMask=0 + DeterType=3
33255829767984048,IsTndSwizzle=1 + DeterType=3 | IsAttenMask=0 + DeterType=3
33255829767984304,IsTndSwizzle=1 + DeterType=3
33255829767984560,IsTndSwizzle=1 + DeterType=3
33255829767984816,IsTndSwizzle=1 + DeterType=3
33255829767985072,IsTndSwizzle=1 + DeterType=3
33258028791238832,IsTndSwizzle=1 + DeterType=4 | IsAttenMask=0 + DeterType=4
33258028791239088,IsTndSwizzle=1 + DeterType=4 | IsAttenMask=0 + DeterType=4
33258028791239344,IsTndSwizzle=1 + DeterType=4 | IsAttenMask=0 + DeterType=4
33258028791239600,IsTndSwizzle=1 + DeterType=4 | IsAttenMask=0 + DeterType=4
33258028791239856,IsTndSwizzle=1 + DeterType=4
33258028791240112,IsTndSwizzle=1 + DeterType=4
33258028791240368,IsTndSwizzle=1 + DeterType=4
33258028791240624,IsTndSwizzle=1 + DeterType=4
33359183860994224,IsTndSwizzle=1 + DeterType=2
33359183860994480,IsTndSwizzle=1 + DeterType=2
33359183860994736,IsTndSwizzle=1 + DeterType=2
33359183860994992,IsTndSwizzle=1 + DeterType=2
33359183860995248,IsTndSwizzle=1 + DeterType=2
33359183860995504,IsTndSwizzle=1 + DeterType=2
33359183860995760,IsTndSwizzle=1 + DeterType=2
33359183860996016,IsTndSwizzle=1 + DeterType=2
33361382884249776,IsTndSwizzle=1 + DeterType=3 | IsAttenMask=0 + DeterType=3
33361382884250032,IsTndSwizzle=1 + DeterType=3 | IsAttenMask=0 + DeterType=3
33361382884250288,IsTndSwizzle=1 + DeterType=3 | IsAttenMask=0 + DeterType=3
33361382884250544,IsTndSwizzle=1 + DeterType=3 | IsAttenMask=0 + DeterType=3
33361382884250800,IsTndSwizzle=1 + DeterType=3
33361382884251056,IsTndSwizzle=1 + DeterType=3
33361382884251312,IsTndSwizzle=1 + DeterType=3
33361382884251568,IsTndSwizzle=1 + DeterType=3
33363581907505328,IsTndSwizzle=1 + DeterType=4 | IsAttenMask=0 + DeterType=4
33363581907505584,IsTndSwizzle=1 + DeterType=4 | IsAttenMask=0 + DeterType=4
33363581907505840,IsTndSwizzle=1 + DeterType=4 | IsAttenMask=0 + DeterType=4
33363581907506096,IsTndSwizzle=1 + DeterType=4 | IsAttenMask=0 + DeterType=4
33363581907506352,IsTndSwizzle=1 + DeterType=4
33363581907506608,IsTndSwizzle=1 + DeterType=4
33363581907506864,IsTndSwizzle=1 + DeterType=4
33363581907507120,IsTndSwizzle=1 + DeterType=4
33394368233083056,IsTndSwizzle=1 + DeterType=2
33394368233083312,IsTndSwizzle=1 + DeterType=2
33394368233083568,IsTndSwizzle=1 + DeterType=2
33394368233083824,IsTndSwizzle=1 + DeterType=2
33394368233084080,IsTndSwizzle=1 + DeterType=2
33394368233084336,IsTndSwizzle=1 + DeterType=2
33394368233084592,IsTndSwizzle=1 + DeterType=2
33394368233084848,IsTndSwizzle=1 + DeterType=2
33396567256338608,IsTndSwizzle=1 + DeterType=3 | IsAttenMask=0 + DeterType=3
33396567256338864,IsTndSwizzle=1 + DeterType=3 | IsAttenMask=0 + DeterType=3
33396567256339120,IsTndSwizzle=1 + DeterType=3 | IsAttenMask=0 + DeterType=3
33396567256339376,IsTndSwizzle=1 + DeterType=3 | IsAttenMask=0 + DeterType=3
33396567256339632,IsTndSwizzle=1 + DeterType=3
33396567256339888,IsTndSwizzle=1 + DeterType=3
33396567256340144,IsTndSwizzle=1 + DeterType=3
33396567256340400,IsTndSwizzle=1 + DeterType=3
33398766279594160,IsTndSwizzle=1 + DeterType=4 | IsAttenMask=0 + DeterType=4
33398766279594416,IsTndSwizzle=1 + DeterType=4 | IsAttenMask=0 + DeterType=4
33398766279594672,IsTndSwizzle=1 + DeterType=4 | IsAttenMask=0 + DeterType=4
33398766279594928,IsTndSwizzle=1 + DeterType=4 | IsAttenMask=0 + DeterType=4
33398766279595184,IsTndSwizzle=1 + DeterType=4
33398766279595440,IsTndSwizzle=1 + DeterType=4
33398766279595696,IsTndSwizzle=1 + DeterType=4
33398766279595952,IsTndSwizzle=1 + DeterType=4
