tiling_key,tiling_key_hex,declared,layout,dtype,b,s1,s2,n2,g,d,d1,atten_mask,pse,pse_shape,pse_type,rope,keep_prob,sparse_mode,pre_tokens,next_tokens,out_dtype,deterministic,seq_q,seq_kv,dim_IsEmptyTensor,dim_SplitAxis,dim_InputDType,dim_IsTnd,dim_IsDrop,dim_IsPse,dim_IsAttenMask,dim_S1TemplateNum,dim_S2TemplateNum,dim_DTemplateNum,dim_DeterType,dim_IsNEqual,dim_IsBn2MultiBlk,dim_IsDNoEqual,dim_IsRope,dim_OutDType,dim_IsNzOut,dim_IsTndSwizzle,dim_IsRegbase
18014398509481985,0x40000000000001,1,BSND,BF16,1,0,0,1,1,64,64,none,0,,1,0,1.0,0,65536,65536,0,0,,,1,0,0,0,0,0,0,0,0,0,0,0,0,0,0,0,0,0,1
18577349000302608,0x42000020081010,1,BSH,FLOAT,4,1024,4096,2,2,64,64,none,0,,1,0,1.0,0,65536,65536,0,0,,,0,0,1,0,0,0,0,128,128,64,0,0,0,0,0,1,0,0,1
18577349000302736,0x42000020081090,1,TND,FLOAT,3,2048,2048,2,1,64,64,none,0,,1,0,1.0,1,65536,128,0,0,1024/1792/3840,1024/1792/3840,0,0,1,1,0,0,0,128,128,64,0,0,0,0,0,1,0,0,1
18577349000302864,0x42000020081110,1,SBH,FLOAT,1,256,256,1,1,64,64,none,0,,1,0,0.9,2,65536,65536,0,0,,,0,0,1,0,1,0,0,128,128,64,0,0,0,0,0,1,0,0,1
18577349000302992,0x42000020081190,1,TND,FLOAT,3,2048,2048,2,1,64,64,none,0,,1,0,0.5,4,65536,65536,0,0,1024/1792/3840,1024/1792/3840,0,0,1,1,1,0,0,128,128,64,0,0,0,0,0,1,0,0,1
18577349000303120,0x42000020081210,1,BSH,FLOAT,4,1024,256,2,2,64,64,none,1,bnhs,1,0,1.0,0,65536,65536,0,0,,,0,0,1,0,0,1,0,128,128,64,0,0,0,0,0,1,0,0,1
18577349000303248,0x42000020081290,1,TND,FLOAT,3,128,64,2,1,64,64,none,1,slope,2,0,1.0,4,65536,65536,0,0,128/214/258,64/107/129,0,0,1,1,0,1,0,128,128,64,0,0,0,0,0,1,0,0,1
18577349000303376,0x42000020081310,1,TND,FLOAT,2,128,128,2,1,64,64,none,1,slope,2,0,0.9,4,65536,65536,0,0,128/256,128/256,0,0,1,0,1,1,0,128,128,64,0,0,0,0,0,1,0,0,1
18577349000303504,0x42000020081390,1,TND,FLOAT,2,128,128,2,1,64,64,none,1,slope,2,0,0.9,4,65536,65536,0,0,128/128,128/128,0,0,1,1,1,1,0,128,128,64,0,0,0,0,0,1,0,0,1
18577349000303632,0x42000020081410,1,BSH,FLOAT,4,512,512,2,2,64,64,ss,0,,1,0,1.0,0,65536,65536,0,0,,,0,0,1,0,0,0,1,128,128,64,0,0,0,0,0,1,0,0,1
18577349000303760,0x42000020081490,1,TND,FLOAT,4,64,64,2,1,64,64,2048,0,,1,0,1.0,2,128,0,0,0,64/107/129/193,64/107/129/193,0,0,1,1,0,0,1,128,128,64,0,0,0,0,0,1,0,0,1
18577349000303888,0x42000020081510,1,BSH,FLOAT,4,512,512,2,2,64,64,ss,0,,1,0,0.9,0,65536,65536,0,0,,,0,0,1,0,1,0,1,128,128,64,0,0,0,0,0,1,0,0,1
18577349000304016,0x42000020081590,1,TND,FLOAT,4,512,512,2,2,64,64,ss,0,,1,0,0.9,0,65536,65536,0,0,512/512/512/512,512/512/512/512,0,0,1,1,1,0,1,128,128,64,0,0,0,0,0,1,0,0,1
18577349000304144,0x42000020081610,1,BSH,FLOAT,1,512,512,2,2,64,64,ss,1,1nss,1,0,1.0,0,65536,65536,0,0,,,0,0,1,0,0,1,1,128,128,64,0,0,0,0,0,1,0,0,1
18577349000304272,0x42000020081690,1,TND,FLOAT,3,128,1024,4,1,32,32,ss,1,slope,3,0,1.0,6,65536,0,3,0,64/192/192,512/576/1600,0,0,1,1,0,1,1,128,128,64,0,0,0,0,0,1,0,0,1
18577349000304400,0x42000020081710,1,SBH,FLOAT,1,256,256,1,1,64,64,ss,1,1nss,1,0,0.5,0,65536,65536,0,0,,,0,0,1,0,1,1,1,128,128,64,0,0,0,0,0,1,0,0,1
18577349000304528,0x42000020081790,1,TND,FLOAT,2,128,128,2,1,64,64,2048,1,slope,2,0,0.9,4,65536,65536,0,0,128/128,128/128,0,0,1,1,1,1,1,128,128,64,0,0,0,0,0,1,0,0,1
18577349537173520,0x42000040081010,1,BSND,FLOAT,2,2048,2048,8,1,72,72,none,0,,1,0,1.0,0,65536,65536,0,0,,,0,0,1,0,0,0,0,128,128,128,0,0,0,0,0,1,0,0,1
18577349537173648,0x42000040081090,1,TND,FLOAT,10,4096,128,2,1,128,128,none,0,,1,0,1.0,4,65536,65536,0,0,1024/1792/3840/4352/4416/5440/7488/7616/11712/13760,128/256/384/512/640/768/896/1024/1152/1280,0,0,1,1,0,0,0,128,128,128,0,0,0,0,0,1,0,0,1
18577349537173776,0x42000040081110,1,SBH,FLOAT,1,256,256,1,1,128,128,none,0,,1,0,0.5,0,65536,65536,0,0,,,0,0,1,0,1,0,0,128,128,128,0,0,0,0,0,1,0,0,1
18577349537173904,0x42000040081190,1,TND,FLOAT,3,2048,2048,2,1,128,128,none,0,,1,0,0.5,4,65536,65536,0,0,1024/1792/3840,1024/1792/3840,0,0,1,1,1,0,0,128,128,128,0,0,0,0,0,1,0,0,1
18577349537174032,0x42000040081210,1,SBH,FLOAT,48,256,256,1,1,128,128,none,1,bnss,0,0,1.0,0,65536,65536,0,0,,,0,0,1,0,0,1,0,128,128,128,0,0,0,0,0,1,0,0,1
18577349537174160,0x42000040081290,1,TND,FLOAT,3,2048,2048,2,1,128,128,none,1,slope,2,0,1.0,4,65536,65536,0,0,1024/1792/3840,1024/1792/3840,0,0,1,1,0,1,0,128,128,128,0,0,0,0,0,1,0,0,1
18577349537174288,0x42000040081310,1,SBH,FLOAT,1,256,256,1,1,128,128,none,1,1nss,1,0,0.9,1,1024,128,0,0,,,0,0,1,0,1,1,0,128,128,128,0,0,0,0,0,1,0,0,1
18577349537174416,0x42000040081390,1,TND,FLOAT,2,2048,512,2,1,128,128,none,1,slope,2,0,0.9,4,65536,65536,0,0,2048/3968,512/896,0,0,1,1,1,1,0,128,128,128,0,0,0,0,0,1,0,0,1
18577349537174544,0x42000040081410,1,SBH,FLOAT,1,128,128,2,2,128,128,ss,0,,1,0,1.0,0,65536,65536,0,0,,,0,0,1,0,0,0,1,128,128,128,0,0,0,0,0,1,0,0,1
18577349537174672,0x42000040081490,1,TND,FLOAT,32,2048,2048,2,1,128,128,2048,0,,1,0,1.0,2,128,0,0,0,2048/3968/6016/7936/9984/11904/13952/15872/17920/19840/21888/23808/25856/27776/29824/31744/33792/35712/37760/39680/41728/43648/45696/47616/49664/51584/53632/55552/57600/59520/61568/63488,2048/3968/6016/7936/9984/11904/13952/15872/17920/19840/21888/23808/25856/27776/29824/31744/33792/35712/37760/39680/41728/43648/45696/47616/49664/51584/53632/55552/57600/59520/61568/63488,0,0,1,1,0,0,1,128,128,128,0,0,0,0,0,1,0,0,1
18577349537174800,0x42000040081510,1,SBH,FLOAT,1,256,256,1,1,128,128,ss,0,,1,0,0.5,0,65536,65536,2,0,,,0,0,1,0,1,0,1,128,128,128,0,0,0,0,0,1,0,0,1
18577349537174928,0x42000040081590,1,TND,FLOAT,32,2048,2048,2,1,128,128,2048,0,,1,0,0.9,2,128,0,0,0,2048/3968/6016/7936/9984/11904/13952/15872/17920/19840/21888/23808/25856/27776/29824/31744/33792/35712/37760/39680/41728/43648/45696/47616/49664/51584/53632/55552/57600/59520/61568/63488,2048/3968/6016/7936/9984/11904/13952/15872/17920/19840/21888/23808/25856/27776/29824/31744/33792/35712/37760/39680/41728/43648/45696/47616/49664/51584/53632/55552/57600/59520/61568/63488,0,0,1,1,1,0,1,128,128,128,0,0,0,0,0,1,0,0,1
18577349537175056,0x42000040081610,1,SBH,FLOAT,1,256,256,1,1,128,128,ss,1,1nss,1,0,1.0,0,65536,65536,0,0,,,0,0,1,0,0,1,1,128,128,128,0,0,0,0,0,1,0,0,1
18577349537175184,0x42000040081690,1,TND,FLOAT,3,2048,2048,2,1,128,128,2048,1,slope,2,0,1.0,3,0,1024,0,0,1024/1792/3840,1024/1792/3840,0,0,1,1,0,1,1,128,128,128,0,0,0,0,0,1,0,0,1
18577349537175312,0x42000040081710,1,SBH,FLOAT,1,256,256,1,1,128,128,ss,1,b1ss,1,0,0.5,0,65536,65536,0,0,,,0,0,1,0,1,1,1,128,128,128,0,0,0,0,0,1,0,0,1
18577349537175440,0x42000040081790,1,TND,FLOAT,16,1024,1024,2,1,72,72,2048,1,1nhs,0,0,0.9,3,1024,1024,1,0,1024/1280/1344/1856/1920/1984/2240/2496/2496/2752/3264/4288/4352/4416/4544/4608,512/1536/1792/2048/2304/2816/3072/3072/3072/3328/3584/3840/4352/5376/5888/5952,0,0,1,1,1,1,1,128,128,128,0,0,0,0,0,1,0,0,1
18577350074044432,0x42000060081010,1,TND,FLOAT,1,4096,4096,1,1,192,192,none,0,,1,0,1.0,0,65536,65536,0,0,4096,4096,0,0,1,0,0,0,0,128,128,192,0,0,0,0,0,1,0,0,1
18577350074044560,0x42000060081090,1,TND,FLOAT,2,2048,128,2,1,192,192,none,0,,1,0,1.0,0,65536,65536,0,0,1024/3072,128/256,0,0,1,1,0,0,0,128,128,192,0,0,0,0,0,1,0,0,1
18577350074044688,0x42000060081110,1,SBH,FLOAT,1,256,256,1,1,192,192,none,0,,1,0,0.9,0,65536,65536,0,0,,,0,0,1,0,1,0,0,128,128,192,0,0,0,0,0,1,0,0,1
18577350074044816,0x42000060081190,1,TND,FLOAT,3,2048,64,2,1,192,192,none,0,,1,0,0.5,0,65536,65536,0,0,2048/3968/5760,64/107/129,0,0,1,1,1,0,0,128,128,192,0,0,0,0,0,1,0,0,1
18577350074044944,0x42000060081210,1,SBH,FLOAT,1,256,256,1,1,192,192,none,1,1nss,1,0,1.0,0,65536,65536,0,0,,,0,0,1,0,0,1,0,128,128,192,0,0,0,0,0,1,0,0,1
18577350074045072,0x42000060081290,1,TND,FLOAT,3,64,4096,2,1,192,192,none,1,slope,2,0,1.0,4,65536,65536,0,0,64/107/129,4096/8064/11904,0,0,1,1,0,1,0,128,128,192,0,0,0,0,0,1,0,0,1
18577350074045200,0x42000060081310,1,BSND,FLOAT,24,64,1024,2,1,192,192,none,1,bnss,1,0,0.9,0,65536,65536,0,0,,,0,0,1,0,1,1,0,128,128,192,0,0,0,0,0,1,0,0,1
18577350074045328,0x42000060081390,1,TND,FLOAT,3,2048,4096,2,1,192,192,none,1,slope,2,0,0.5,0,65536,65536,0,0,2048/3968/5760,4096/8064/11904,0,0,1,1,1,1,0,128,128,192,0,0,0,0,0,1,0,0,1
18577350074045456,0x42000060081410,1,BNSD,FLOAT,1,256,256,1,1,192,192,2048,0,,1,0,1.0,3,128,0,0,0,,,0,0,1,0,0,0,1,128,128,192,0,0,0,0,0,1,0,0,1
18577350074045584,0x42000060081490,1,TND,FLOAT,32,32,64,2,1,192,192,2048,0,,1,0,1.0,2,128,0,0,0,32/53/64/96/117/128/160/181/192/224/245/256/288/309/320/352/373/384/416/437/448/480/501/512/544/565/576/608/629/640/672/693,64/128/192/256/320/384/448/512/576/640/704/768/832/896/960/1024/1088/1152/1216/1280/1344/1408/1472/1536/1600/1664/1728/1792/1856/1920/1984/2048,0,0,1,1,0,0,1,128,128,192,0,0,0,0,0,1,0,0,1
18577350074045712,0x42000060081510,1,BSND,FLOAT,2,1024,1024,2,2,192,192,11ss,0,,1,0,0.5,0,65536,65536,0,0,,,0,0,1,0,1,0,1,128,128,192,0,0,0,0,0,1,0,0,1
18577350074045840,0x42000060081590,1,TND,FLOAT,3,2048,2048,2,2,192,192,2048,0,,1,0,0.5,0,128,1024,0,0,1024/1792/3840,1024/1792/3840,0,0,1,1,1,0,1,128,128,192,0,0,0,0,0,1,0,0,1
18577350074045968,0x42000060081610,1,SBH,FLOAT,1,256,256,1,1,192,192,11ss,1,1nss,1,0,1.0,0,65536,65536,0,0,,,0,0,1,0,0,1,1,128,128,192,0,0,0,0,0,1,0,0,1
18577350074046096,0x42000060081690,1,TND,FLOAT,3,2048,2048,2,2,192,192,2048,1,slope,2,0,1.0,0,65536,65536,0,0,1024/1792/3840,1024/1792/3840,0,0,1,1,0,1,1,128,128,192,0,0,0,0,0,1,0,0,1
18577350074046224,0x42000060081710,1,SBH,FLOAT,1,256,256,1,1,192,192,ss,1,1nss,1,0,0.5,0,65536,65536,0,0,,,0,0,1,0,1,1,1,128,128,192,0,0,0,0,0,1,0,0,1
18577350074046352,0x42000060081790,1,TND,FLOAT,2,128,128,2,1,192,192,2048,1,slope,2,0,0.9,4,65536,65536,0,0,128/128,128/128,0,0,1,1,1,1,1,128,128,192,0,0,0,0,0,1,0,0,1
18577350610915344,0x42000080081010,1,SBH,FLOAT,1,256,256,2,2,256,256,none,0,,1,0,1.0,0,65536,65536,0,0,,,0,0,1,0,0,0,0,128,128,256,0,0,0,0,0,1,0,0,1
18577350610915472,0x42000080081090,1,TND,FLOAT,3,128,4096,2,1,256,256,none,0,,1,0,1.0,4,65536,65536,0,0,128/214/258,4096/8064/11904,0,0,1,1,0,0,0,128,128,256,0,0,0,0,0,1,0,0,1
18577350610915600,0x42000080081110,1,SBH,FLOAT,1,256,256,1,1,256,256,none,0,,1,0,0.9,6,0,0,0,0,,,0,0,1,0,1,0,0,128,128,256,0,0,0,0,0,1,0,0,1
18577350610915728,0x42000080081190,1,TND,FLOAT,3,2048,64,2,1,256,256,none,0,,1,0,0.5,4,65536,65536,0,0,2048/3968/5760,64/107/129,0,0,1,1,1,0,0,128,128,256,0,0,0,0,0,1,0,0,1
18577350610915856,0x42000080081210,1,BSND,FLOAT,2,1024,1024,2,1,256,256,none,1,1nhs,0,0,1.0,2,128,0,0,0,,,0,0,1,0,0,1,0,128,128,256,0,0,0,0,0,1,0,0,1
18577350610915984,0x42000080081290,1,TND,FLOAT,3,2048,2048,1,1,256,256,none,1,slope,2,0,1.0,4,65536,65536,0,0,1024/1792/3840,1024/1792/3840,0,0,1,1,0,1,0,128,128,256,0,0,0,0,0,1,0,0,1
18577350610916112,0x42000080081310,1,BSH,FLOAT,4,512,512,2,2,256,256,none,1,slope,3,0,0.9,0,65536,65536,0,0,,,0,0,1,0,1,1,0,128,128,256,0,0,0,0,0,1,0,0,1
18577350610916240,0x42000080081390,1,TND,FLOAT,2,128,128,2,1,256,256,none,1,slope,2,0,0.5,0,65536,65536,0,0,128/128,128/128,0,0,1,1,1,1,0,128,128,256,0,0,0,0,0,1,0,0,1
18577350610916368,0x42000080081410,1,TND,FLOAT,1,256,256,1,1,256,256,11ss,0,,1,0,1.0,0,65536,65536,0,0,256,256,0,0,1,0,0,0,1,128,128,256,0,0,0,0,0,1,0,0,1
18577350610916496,0x42000080081490,1,TND,FLOAT,7,2048,128,2,1,256,256,2048,0,,1,0,1.0,0,65536,0,0,0,1024/1792/3840/4864/4992/5056/7104,128/256/384/512/640/768/896,0,0,1,1,0,0,1,128,128,256,0,0,0,0,0,1,0,0,1
18577350610916624,0x42000080081510,1,SBH,FLOAT,1,256,256,1,1,256,256,11ss,0,,1,0,0.9,0,65536,65536,0,0,,,0,0,1,0,1,0,1,128,128,256,0,0,0,0,0,1,0,0,1
18577350610916752,0x42000080081590,1,TND,FLOAT,3,2048,2048,2,2,256,256,2048,0,,1,0,0.5,0,1024,0,0,0,1024/1792/3840,1024/1792/3840,0,0,1,1,1,0,1,128,128,256,0,0,0,0,0,1,0,0,1
18577350610916880,0x42000080081610,1,BSND,FLOAT,2,1024,1024,2,1,256,256,b1ss,1,b1ss,1,0,1.0,0,65536,65536,0,0,,,0,0,1,0,0,1,1,128,128,256,0,0,0,0,0,1,0,0,1
18577350610917008,0x42000080081690,1,TND,FLOAT,8,128,128,2,1,256,256,2048,1,slope,3,0,1.0,4,128,0,0,0,128/214/258/386/472/516/644/730,128/214/258/386/472/516/644/730,0,0,1,1,0,1,1,128,128,256,0,0,0,0,0,1,0,0,1
18577350610917136,0x42000080081710,1,SBH,FLOAT,1,64,64,1,1,256,256,11ss,1,b1ss,1,0,0.9,0,65536,65536,0,0,,,0,0,1,0,1,1,1,128,128,256,0,0,0,0,0,1,0,0,1
18577350610917264,0x42000080081790,1,TND,FLOAT,16,1024,1024,5,4,256,256,bnss,1,slope_n,3,0,0.9,1,2048,2048,1,0,128/1152/2176/3200/3456/3520/4032/4032/4032/4096/4096/4224/5248/5248/5760/5888,256/256/768/1280/1344/2368/2368/2432/2432/3456/3968/4096/4352/5376/5440/5568,0,0,1,1,1,1,1,128,128,256,0,0,0,0,0,1,0,0,1
18577351147784208,0x420000a0080810,1,BSND,FLOAT,1,128,128,2,2,320,320,none,0,,1,0,1.0,0,65536,65536,0,0,,,0,0,1,0,0,0,0,64,128,768,0,0,0,0,0,1,0,0,1
18577351147784336,0x420000a0080890,1,TND,FLOAT,3,2048,2048,2,1,320,320,none,0,,1,0,1.0,4,65536,65536,0,0,1024/1792/3840,1024/1792/3840,0,0,1,1,0,0,0,64,128,768,0,0,0,0,0,1,0,0,1
18577351147784464,0x420000a0080910,1,BSND,FLOAT,1,256,256,1,1,320,320,none,0,,1,0,0.9,0,65536,65536,0,0,,,0,0,1,0,1,0,0,64,128,768,0,0,0,0,0,1,0,0,1
18577351147784592,0x420000a0080990,1,TND,FLOAT,4,8192,128,1,2,320,320,none,0,,1,0,0.9,3,0,1024,0,0,8192/16128/24320/32256,128/256/384/512,0,0,1,1,1,0,0,64,128,768,0,0,0,0,0,1,0,0,1
18577351147784720,0x420000a0080a10,1,BNSD,FLOAT,1,128,128,1,1,320,320,none,1,slope,3,0,1.0,0,65536,65536,0,0,,,0,0,1,0,0,1,0,64,128,768,0,0,0,0,0,1,0,0,1
18577351147784848,0x420000a0080a90,1,TND,FLOAT,8,4096,128,2,1,320,320,none,1,slope,2,0,1.0,4,65536,65536,0,0,1024/1792/3840/7936/8064/8576/8832/9344,128/256/384/512/640/768/896/1024,0,0,1,1,0,1,0,64,128,768,0,0,0,0,0,1,0,0,1
18577351147784976,0x420000a0080b10,1,SBH,FLOAT,1,256,256,1,1,320,320,none,1,1nss,1,0,0.9,0,65536,65536,0,0,,,0,0,1,0,1,1,0,64,128,768,0,0,0,0,0,1,0,0,1
18577351147785104,0x420000a0080b90,1,TND,FLOAT,4,8192,128,1,2,320,320,none,1,slope,2,0,0.5,3,0,1024,0,0,8192/16128/24320/32256,128/256/384/512,0,0,1,1,1,1,0,64,128,768,0,0,0,0,0,1,0,0,1
18577351147785232,0x420000a0080c10,1,SBH,FLOAT,1,256,256,1,1,512,512,ss,0,,1,0,1.0,0,65536,65536,0,0,,,0,0,1,0,0,0,1,64,128,768,0,0,0,0,0,1,0,0,1
18577351147785360,0x420000a0080c90,1,TND,FLOAT,3,2048,2048,2,1,320,320,2048,0,,1,0,1.0,4,65536,65536,0,0,1024/1792/3840,1024/1792/3840,0,0,1,1,0,0,1,64,128,768,0,0,0,0,0,1,0,0,1
18577351147785488,0x420000a0080d10,1,SBH,FLOAT,1,256,256,1,1,512,512,ss,0,,1,0,0.9,0,65536,65536,0,0,,,0,0,1,0,1,0,1,64,128,768,0,0,0,0,0,1,0,0,1
18577351147785616,0x420000a0080d90,1,TND,FLOAT,6,2048,4096,2,1,320,320,2048,0,,1,0,0.9,4,65536,65536,0,0,1024/1920/2688/4736/4800/6848,4096/8192/12288/16384/20480/24576,0,0,1,1,1,0,1,64,128,768,0,0,0,0,0,1,0,0,1
18577351147785744,0x420000a0080e10,1,SBH,FLOAT,1,256,256,1,1,512,512,ss,1,b1ss,1,0,1.0,0,65536,65536,0,0,,,0,0,1,0,0,1,1,64,128,768,0,0,0,0,0,1,0,0,1
18577351147785872,0x420000a0080e90,1,TND,FLOAT,4,4096,4096,2,1,320,320,2048,1,1nhs,1,0,1.0,2,128,0,0,0,4096/8064/12160/16128,4096/8064/12160/16128,0,0,1,1,0,1,1,64,128,768,0,0,0,0,0,1,0,0,1
18577351147786000,0x420000a0080f10,1,SBH,FLOAT,1,256,256,1,1,512,512,ss,1,b1ss,1,0,0.9,0,65536,65536,0,0,,,0,0,1,0,1,1,1,64,128,768,0,0,0,0,0,1,0,0,1
18577351147786128,0x420000a0080f90,1,TND,FLOAT,4,4096,4096,2,1,320,320,2048,1,1nhs,1,0,0.5,2,128,0,0,0,4096/8064/12160/16128,4096/8064/12160/16128,0,0,1,1,1,1,1,64,128,768,0,0,0,0,0,1,0,0,1
18579548023558160,0x42020020081010,1,BSND,FLOAT,2,128,64,2,1,64,64,none,0,,1,0,1.0,5,128,0,0,1,,,0,0,1,0,0,0,0,128,128,64,1,0,0,0,0,1,0,0,1
18579548023558288,0x42020020081090,1,TND,FLOAT,8,1024,256,12,1,64,64,none,0,,2,0,1.0,6,65536,128,1,1,256/256/320/320/448/576/832/1856,256/512/768/896/1152/1152/1408/1664,0,0,1,1,0,0,0,128,128,64,1,0,0,0,0,1,0,0,1
18579548023558416,0x42020020081110,1,BSH,FLOAT,4,512,512,2,2,64,64,none,0,,1,0,0.9,5,65536,1024,0,1,,,0,0,1,0,1,0,0,128,128,64,1,0,0,0,0,1,0,0,1
18579548023558544,0x42020020081190,1,TND,FLOAT,2,64,512,16,1,16,16,none,0,,2,0,0.5,6,64,64,1,1,0/64,512/768,0,0,1,1,1,0,0,128,128,64,1,0,0,0,0,1,0,0,1
18579548023558672,0x42020020081210,1,BSH,FLOAT,4,512,512,2,2,64,64,none,1,bnss,0,0,1.0,6,0,65536,0,1,,,0,0,1,0,0,1,0,128,128,64,1,0,0,0,0,1,0,0,1
18579548023558800,0x42020020081290,1,TND,FLOAT,4,1024,1024,1,4,64,64,none,1,slope_n,3,0,1.0,6,2048,1024,2,1,128/1152/1408/1920,512/768/1792/2816,0,0,1,1,0,1,0,128,128,64,1,0,0,0,0,1,0,0,1
18579548023558928,0x42020020081310,1,BSH,FLOAT,4,512,512,2,2,64,64,none,1,b1ss,1,0,0.9,5,65536,65536,0,1,,,0,0,1,0,1,1,0,128,128,64,1,0,0,0,0,1,0,0,1
18579548023559056,0x42020020081390,1,TND,FLOAT,16,1024,1024,1,2,64,64,none,1,slope,2,0,0.9,6,65536,64,3,1,1024/1024/1088/1088/1216/2240/2304/2304/2368/3392/3392/3456/4480/4608/4608/5632,128/192/448/960/1984/2112/2176/3200/3200/3200/3328/3392/4416/4416/5440/5568,0,0,1,1,1,1,0,128,128,64,1,0,0,0,0,1,0,0,1
18579548023559184,0x42020020081410,1,BSH,FLOAT,24,512,512,2,2,64,64,2048,0,,1,0,1.0,6,1024,1024,0,1,,,0,0,1,0,0,0,1,128,128,64,1,0,0,0,0,1,0,0,1
18579548023559312,0x42020020081490,1,TND,FLOAT,16,1024,512,16,2,16,16,bnss,0,,1,0,1.0,6,2048,65536,3,1,256/1280/1536/2560/3072/3072/3072/3584/3840/4864/5120/5632/6144/6400/6912/6912,64/192/256/320/576/1088/1152/1664/1792/2048/2304/2304/2432/2432/2560/3072,0,0,1,1,0,0,1,128,128,64,1,0,0,0,0,1,0,0,1
18579548023559440,0x42020020081510,1,BSH,FLOAT,48,512,512,2,2,64,64,2048,0,,1,0,0.9,6,1024,1024,0,1,,,0,0,1,0,1,0,1,128,128,64,1,0,0,0,0,1,0,0,1
18579548023559568,0x42020020081590,1,TND,FLOAT,16,512,1024,1,2,32,32,ss,0,,3,0,0.5,6,0,1,3,1,64/576/640/640/1152/1664/1728/1792/2048/2048/2304/2560/2560/2688/2752/3264,256/256/256/512/640/1664/1728/1856/1856/1920/2432/2496/3520/4544/5056/5056,0,0,1,1,1,0,1,128,128,64,1,0,0,0,0,1,0,0,1
18579548023559696,0x42020020081610,1,SBH,FLOAT,2,256,256,1,1,64,64,ss,1,bnss,1,0,1.0,5,65536,65536,0,1,,,0,0,1,0,0,1,1,128,128,64,1,0,0,0,0,1,0,0,1
18579548023559824,0x42020020081690,1,TND,FLOAT,16,1024,1024,8,2,32,32,11ss,1,bnhs,1,0,1.0,6,1024,0,0,1,256/512/640/768/1792/2816/2816/3072/4096/5120/5248/5504/6016/7040/8064/8192,128/256/768/768/1024/1536/1664/1664/1728/1984/2048/3072/3200/3328/3392/4416,0,0,1,1,0,1,1,128,128,64,1,0,0,0,0,1,0,0,1
18579548023559952,0x42020020081710,1,SBH,FLOAT,1,256,256,1,1,64,64,ss,1,1nss,1,0,0.9,6,65536,0,0,1,,,0,0,1,0,1,1,1,128,128,64,1,0,0,0,0,1,0,0,1
18579548023560080,0x42020020081790,1,TND,FLOAT,16,1024,1024,1,8,16,16,2048,1,slope,3,0,0.9,6,64,65536,0,1,1024/1088/1600/1600/1856/2880/2944/3200/3200/3712/4224/4480/4544/4672/5696/5952,64/576/1600/1856/2880/3136/4160/4160/4416/5440/5568/6592/7616/7872/8896/8896,0,0,1,1,1,1,1,128,128,64,1,0,0,0,0,1,0,0,1
18579548560429072,0x42020040081010,1,SBH,FLOAT,1,256,256,1,1,128,128,none,0,,1,0,1.0,6,65536,0,0,1,,,0,0,1,0,0,0,0,128,128,128,1,0,0,0,0,1,0,0,1
18579548560429200,0x42020040081090,1,TND,FLOAT,3,2048,2048,2,1,128,128,none,0,,1,0,1.0,6,0,1024,0,1,1024/1792/3840,1024/1792/3840,0,0,1,1,0,0,0,128,128,128,1,0,0,0,0,1,0,0,1
18579548560429328,0x42020040081110,1,SBH,FLOAT,1,256,256,1,1,128,128,none,0,,1,0,0.9,6,1024,1024,0,1,,,0,0,1,0,1,0,0,128,128,128,1,0,0,0,0,1,0,0,1
18579548560429456,0x42020040081190,1,TND,FLOAT,4,1024,256,5,2,96,96,none,0,,2,0,0.9,6,1,0,2,1,0/512/1536/2560,256/512/576/576,0,0,1,1,1,0,0,128,128,128,1,0,0,0,0,1,0,0,1
18579548560429584,0x42020040081210,1,BSND,FLOAT,2,1024,1024,2,1,128,128,none,1,bnhs,1,0,1.0,5,128,0,0,1,,,0,0,1,0,0,1,0,128,128,128,1,0,0,0,0,1,0,0,1
18579548560429712,0x42020040081290,1,TND,FLOAT,3,1024,1024,2,1,128,128,none,1,slope,2,0,1.0,6,0,1024,0,1,1024/1792/1792,1024/1792/1792,0,0,1,1,0,1,0,128,128,128,1,0,0,0,0,1,0,0,1
18579548560429840,0x42020040081310,1,SBH,FLOAT,1,256,256,1,1,128,128,none,1,1nss,1,0,0.9,6,65536,65536,0,1,,,0,0,1,0,1,1,0,128,128,128,1,0,0,0,0,1,0,0,1
18579548560429968,0x42020040081390,1,TND,FLOAT,4,1024,512,1,1,72,72,none,1,slope_n,3,0,0.5,6,1024,64,2,1,512/1536/1792/1792,256/320/832/896,0,0,1,1,1,1,0,128,128,128,1,0,0,0,0,1,0,0,1
18579548560430096,0x42020040081410,1,SBH,FLOAT,1,2048,128,1,1,128,128,2048,0,,1,0,1.0,6,65536,128,0,1,,,0,0,1,0,0,0,1,128,128,128,1,0,0,0,0,1,0,0,1
18579548560430224,0x42020040081490,1,TND,FLOAT,3,2048,2048,2,1,128,128,2048,0,,1,0,1.0,6,0,65536,0,1,1024/1792/3840,1024/1792/3840,0,0,1,1,0,0,1,128,128,128,1,0,0,0,0,1,0,0,1
18579548560430352,0x42020040081510,1,SBH,FLOAT,1,256,256,2,1,128,128,2048,0,,1,0,0.9,6,1024,65536,0,1,,,0,0,1,0,1,0,1,128,128,128,1,0,0,0,0,1,0,0,1
18579548560430480,0x42020040081590,1,TND,FLOAT,3,256,256,8,1,96,96,bnss,0,,1,0,0.5,6,0,1024,2,1,0/256/320,256/320/384,0,0,1,1,1,0,1,128,128,128,1,0,0,0,0,1,0,0,1
18579548560430608,0x42020040081610,1,BSND,FLOAT,8,1024,1024,2,1,128,128,ss,1,slope,3,0,1.0,6,1024,65536,0,1,,,0,0,1,0,0,1,1,128,128,128,1,0,0,0,0,1,0,0,1
18579548560430736,0x42020040081690,1,TND,FLOAT,16,1024,1024,1,2,96,96,b1ss,1,slope_n,2,0,1.0,6,1024,64,1,1,512/512/576/640/640/768/896/1920/1984/1984/3008/3072/3136/3200/3712/3968,512/512/1536/1792/1920/1984/3008/3264/3328/3392/3904/4416/4928/5952/6464/6976,0,0,1,1,0,1,1,128,128,128,1,0,0,0,0,1,0,0,1
18579548560430864,0x42020040081710,1,SBH,FLOAT,1,256,256,1,1,128,128,ss,1,1nss,1,0,0.9,5,65536,65536,0,1,,,0,0,1,0,1,1,1,128,128,128,1,0,0,0,0,1,0,0,1
18579548560430992,0x42020040081790,1,TND,FLOAT,3,1024,1024,8,1,72,72,bnss,1,slope_n,3,0,0.5,6,2048,128,1,1,0/0/1024,1024/1024/1536,0,0,1,1,1,1,1,128,128,128,1,0,0,0,0,1,0,0,1
18579549097299984,0x42020060081010,1,SBH,FLOAT,1,64,128,1,1,192,192,none,0,,1,0,1.0,6,65536,65536,0,1,,,0,0,1,0,0,0,0,128,128,192,1,0,0,0,0,1,0,0,1
18579549097300112,0x42020060081090,1,TND,FLOAT,3,1024,1024,2,1,192,192,none,0,,1,0,1.0,6,0,1024,0,1,1024/1792/1792,1024/1792/1792,0,0,1,1,0,0,0,128,128,192,1,0,0,0,0,1,0,0,1
18579549097300240,0x42020060081110,1,SBH,FLOAT,48,256,256,1,1,192,192,none,0,,1,0,0.9,6,0,0,0,1,,,0,0,1,0,1,0,0,128,128,192,1,0,0,0,0,1,0,0,1
18579549097300368,0x42020060081190,1,TND,FLOAT,4,1024,128,4,1,192,192,none,0,,1,0,0.5,6,65536,64,1,1,1024/1152/1408/1920,128/128/192/320,0,0,1,1,1,0,0,128,128,192,1,0,0,0,0,1,0,0,1
18579549097300496,0x42020060081210,1,SBH,FLOAT,1,256,256,1,1,192,192,none,1,1nss,1,0,1.0,5,65536,65536,0,1,,,0,0,1,0,0,1,0,128,128,192,1,0,0,0,0,1,0,0,1
18579549097300624,0x42020060081290,1,TND,FLOAT,2,512,64,8,8,144,144,none,1,slope,2,0,1.0,6,256,2048,1,1,0/512,64/128,0,0,1,1,0,1,0,128,128,192,1,0,0,0,0,1,0,0,1
18579549097300752,0x42020060081310,1,SBH,FLOAT,1,256,256,1,2,192,192,none,1,1nss,1,0,0.5,6,65536,65536,0,1,,,0,0,1,0,1,1,0,128,128,192,1,0,0,0,0,1,0,0,1
18579549097300880,0x42020060081390,1,TND,FLOAT,3,2048,4096,2,8,192,192,none,1,slope,2,0,0.9,6,1,65536,0,1,2048/3968/5760,4096/8064/11904,0,0,1,1,1,1,0,128,128,192,1,0,0,0,0,1,0,0,1
18579549097301008,0x42020060081410,1,TND,FLOAT,1,128,256,1,1,192,192,2048,0,,1,0,1.0,6,128,65536,0,1,128,256,0,0,1,0,0,0,1,128,128,192,1,0,0,0,0,1,0,0,1
18579549097301136,0x42020060081490,1,TND,FLOAT,3,128,256,2,4,192,192,ss,0,,2,0,1.0,6,256,65536,0,1,64/192/192,64/320/384,0,0,1,1,0,0,1,128,128,192,1,0,0,0,0,1,0,0,1
18579549097301264,0x42020060081510,1,BNSD,FLOAT,1,128,256,1,1,192,192,2048,0,,1,0,0.5,6,128,65536,0,1,,,0,0,1,0,1,0,1,128,128,192,1,0,0,0,0,1,0,0,1
18579549097301392,0x42020060081590,1,TND,FLOAT,3,512,1024,1,2,144,144,2048,0,,1,0,0.5,6,1024,128,3,1,256/512/1024,512/1024/2048,0,0,1,1,1,0,1,128,128,192,1,0,0,0,0,1,0,0,1
18579549097301520,0x42020060081610,1,BSND,FLOAT,2,1024,1024,2,1,192,192,ss,1,bnhs,0,0,1.0,5,65536,65536,0,1,,,0,0,1,0,0,1,1,128,128,192,1,0,0,0,0,1,0,0,1
18579549097301648,0x42020060081690,1,TND,FLOAT,2,512,512,2,2,129,129,ss,1,1nhs,1,0,1.0,6,1024,0,0,1,512/512,512/512,0,0,1,1,0,1,1,128,128,192,1,0,0,0,0,1,0,0,1
18579549097301776,0x42020060081710,1,BSND,FLOAT,2,1024,1024,2,2,192,192,11ss,1,bnhs,1,0,0.5,5,65536,65536,0,1,,,0,0,1,0,1,1,1,128,128,192,1,0,0,0,0,1,0,0,1
18579549097301904,0x42020060081790,1,TND,FLOAT,3,1024,1024,2,2,192,192,b1ss,1,slope_n,2,0,0.5,6,256,1024,1,1,1024/1280/1408,1024/1280/1408,0,0,1,1,1,1,1,128,128,192,1,0,0,0,0,1,0,0,1
18579549634170896,0x42020080081010,1,BSND,FLOAT,2,1024,128,2,1,256,256,none,0,,1,0,1.0,5,128,0,0,1,,,0,0,1,0,0,0,0,128,128,256,1,0,0,0,0,1,0,0,1
18579549634171024,0x42020080081090,1,TND,FLOAT,3,1024,1024,2,1,256,256,none,0,,1,0,1.0,6,0,1024,0,1,1024/1792/1792,1024/1792/1792,0,0,1,1,0,0,0,128,128,256,1,0,0,0,0,1,0,0,1
18579549634171152,0x42020080081110,1,BSND,FLOAT,2,1024,1024,2,1,256,256,none,0,,1,0,0.9,5,128,0,0,1,,,0,0,1,0,1,0,0,128,128,256,1,0,0,0,0,1,0,0,1
18579549634171280,0x42020080081190,1,TND,FLOAT,16,1024,1024,4,2,256,256,none,0,,0,0,0.9,6,1024,1,0,1,64/320/832/1344/1856/2112/2624/2880/3904/3904/4416/4480/4992/4992/5120/5632,1024/1088/1152/1152/1408/1920/2048/2560/3072/3200/3328/3392/3392/4416/4672/4800,0,0,1,1,1,0,0,128,128,256,1,0,0,0,0,1,0,0,1
18579549634171408,0x42020080081210,1,BSND,FLOAT,2,512,1024,2,2,256,256,none,1,bnss,1,0,1.0,6,65536,65536,0,1,,,0,0,1,0,0,1,0,128,128,256,1,0,0,0,0,1,0,0,1
18579549634171536,0x42020080081290,1,TND,FLOAT,4,512,512,2,2,256,256,none,1,slope,3,0,1.0,6,65536,512,0,1,512/512/512/512,512/512/512/512,0,0,1,1,0,1,0,128,128,256,1,0,0,0,0,1,0,0,1
18579549634171664,0x42020080081310,1,BSH,FLOAT,32,4096,512,5,1,256,256,none,1,1nss,0,0,0.9,5,1,2048,2,1,,,0,0,1,0,1,1,0,128,128,256,1,0,0,0,0,1,0,0,1
18579549634171792,0x42020080081390,1,TND,FLOAT,16,1024,1024,8,8,256,256,none,1,slope,2,0,0.9,6,256,2048,1,1,0/0/1024/1152/1280/1536/1664/1728/2752/3776/3904/4032/4032/4032/4096/4352,256/768/768/1280/1408/1408/2432/2944/3200/3264/3776/4288/5312/6336/6336/6592,0,0,1,1,1,1,0,128,128,256,1,0,0,0,0,1,0,0,1
18579549634171920,0x42020080081410,1,TND,FLOAT,1,256,256,1,1,256,256,11ss,0,,1,0,1.0,5,65536,65536,0,1,256,256,0,0,1,0,0,0,1,128,128,256,1,0,0,0,0,1,0,0,1
18579549634172048,0x42020080081490,1,TND,FLOAT,7,2048,128,2,1,256,256,2048,0,,2,0,1.0,6,65536,0,0,1,1024/1792/3840/4864/4992/5056/7104,128/256/384/512/640/768/896,0,0,1,1,0,0,1,128,128,256,1,0,0,0,0,1,0,0,1
18579549634172176,0x42020080081510,1,SBH,FLOAT,1,256,256,1,1,256,256,11ss,0,,1,0,0.9,6,1024,0,0,1,,,0,0,1,0,1,0,1,128,128,256,1,0,0,0,0,1,0,0,1
18579549634172304,0x42020080081590,1,TND,FLOAT,16,512,1024,8,1,256,256,ss,0,,3,0,0.9,6,0,65536,0,1,128/256/768/1024/1088/1152/1280/1408/1472/1472/1536/1664/1728/1728/1792/2304,512/512/1536/1664/1920/2432/2496/3520/3520/4032/4544/5568/5696/5760/6272/6784,0,0,1,1,1,0,1,128,128,256,1,0,0,0,0,1,0,0,1
18579549634172432,0x42020080081610,1,BSND,FLOAT,2,1024,1024,2,2,256,256,bnss,1,bnhs,1,0,1.0,6,65536,65536,0,1,,,0,0,1,0,0,1,1,128,128,256,1,0,0,0,0,1,0,0,1
18579549634172560,0x42020080081690,1,TND,FLOAT,2,512,512,2,2,256,256,ss,1,slope,2,0,1.0,6,1024,0,0,1,512/512,512/512,0,0,1,1,0,1,1,128,128,256,1,0,0,0,0,1,0,0,1
18579549634172688,0x42020080081710,1,BSND,FLOAT,2,2048,1024,2,2,256,256,b1ss,1,bnss,1,0,0.5,6,65536,65536,0,1,,,0,0,1,0,1,1,1,128,128,256,1,0,0,0,0,1,0,0,1
18579549634172816,0x42020080081790,1,TND,FLOAT,2,128,128,8,1,256,256,ss,1,slope,2,0,0.9,6,65536,65536,0,1,128/128,128/128,0,0,1,1,1,1,1,128,128,256,1,0,0,0,0,1,0,0,1
18579550171039760,0x420200a0080810,1,BSND,FLOAT,1,128,128,1,2,320,320,none,0,,1,0,1.0,6,0,1024,0,1,,,0,0,1,0,0,0,0,64,128,768,1,0,0,0,0,1,0,0,1
18579550171039888,0x420200a0080890,1,TND,FLOAT,2,1024,256,8,4,768,768,none,0,,2,0,1.0,6,1,64,2,1,1024/1088,256/256,0,0,1,1,0,0,0,64,128,768,1,0,0,0,0,1,0,0,1
18579550171040016,0x420200a0080910,1,BSND,FLOAT,1,256,256,1,2,320,320,none,0,,1,0,0.5,6,0,1024,0,1,,,0,0,1,0,1,0,0,64,128,768,1,0,0,0,0,1,0,0,1
18579550171040144,0x420200a0080990,1,TND,FLOAT,16,1024,1024,8,8,512,512,none,0,,1,0,0.5,6,256,512,0,1,64/1088/1152/1408/1664/1664/2176/3200/3264/3776/3840/3840/4096/4352/4416/4480,128/384/1408/1664/2688/2944/3456/3712/3968/4096/4608/4736/4992/5120/6144/6208,0,0,1,1,1,0,0,64,128,768,1,0,0,0,0,1,0,0,1
18579550171040272,0x420200a0080a10,1,BSND,FLOAT,2,1024,1024,2,2,320,320,none,1,bnhs,1,0,1.0,6,65536,65536,0,1,,,0,0,1,0,0,1,0,64,128,768,1,0,0,0,0,1,0,0,1
18579550171040400,0x420200a0080a90,1,TND,FLOAT,3,4096,256,2,1,512,512,none,1,slope,2,0,1.0,6,65536,65536,0,1,4096/8064/11904,256/427/513,0,0,1,1,0,1,0,64,128,768,1,0,0,0,0,1,0,0,1
18579550171040528,0x420200a0080b10,1,BSND,FLOAT,2,1024,1024,2,2,320,320,none,1,bnhs,1,0,0.5,6,65536,65536,0,1,,,0,0,1,0,1,1,0,64,128,768,1,0,0,0,0,1,0,0,1
18579550171040656,0x420200a0080b90,1,TND,FLOAT,3,4096,256,2,1,512,512,none,1,slope,2,0,0.9,6,65536,65536,0,1,4096/8064/11904,256/427/513,0,0,1,1,1,1,0,64,128,768,1,0,0,0,0,1,0,0,1
18579550171040784,0x420200a0080c10,1,BSND,FLOAT,2,1024,1024,2,2,320,320,ss,0,,1,0,1.0,6,65536,65536,0,1,,,0,0,1,0,0,0,1,64,128,768,1,0,0,0,0,1,0,0,1
18579550171040912,0x420200a0080c90,1,TND,FLOAT,2,256,128,8,2,512,512,b1ss,0,,3,0,1.0,6,512,256,3,1,64/320,64/192,0,0,1,1,0,0,1,64,128,768,1,0,0,0,0,1,0,0,1
18579550171041040,0x420200a0080d10,1,BSND,FLOAT,2,1024,1024,2,2,320,320,ss,0,,1,0,0.5,6,65536,65536,0,1,,,0,0,1,0,1,0,1,64,128,768,1,0,0,0,0,1,0,0,1
18579550171041168,0x420200a0080d90,1,TND,FLOAT,16,1024,1024,40,1,768,768,ss,0,,0,0,0.9,6,2048,65536,0,1,256/1280/1344/1344/1344/1600/1728/2752/3008/3008/3008/3136/4160/4416/4480/5504,128/192/192/192/192/1216/1280/1344/1472/1472/1600/1728/1984/2496/2752/2816,0,0,1,1,1,0,1,64,128,768,1,0,0,0,0,1,0,0,1
18579550171041296,0x420200a0080e10,1,BSND,FLOAT,2,1024,1024,2,2,320,320,ss,1,bnhs,1,0,1.0,6,65536,65536,0,1,,,0,0,1,0,0,1,1,64,128,768,1,0,0,0,0,1,0,0,1
18579550171041424,0x420200a0080e90,1,TND,FLOAT,16,1024,1024,40,8,768,768,bnss,1,slope_n,3,0,1.0,6,256,65536,2,1,64/64/64/64/192/448/960/1088/1216/1280/1536/1600/1728/2752/3776/3904,1024/1152/1216/1216/1472/1728/1984/2048/2112/2240/2496/2752/3008/3136/3648/3776,0,0,1,1,0,1,1,64,128,768,1,0,0,0,0,1,0,0,1
18579550171041552,0x420200a0080f10,1,BSND,FLOAT,2,1024,1024,2,2,320,320,ss,1,bnhs,1,0,0.5,6,65536,65536,0,1,,,0,0,1,0,1,1,1,64,128,768,1,0,0,0,0,1,0,0,1
18579550171041680,0x420200a0080f90,1,TND,FLOAT,16,1024,1024,1,4,512,512,2048,1,slope_n,3,0,0.9,6,64,128,3,1,0/128/640/896/1408/1472/1728/1792/2304/2304/2560/2624/3648/3712/3968/4480,64/128/192/1216/2240/2752/3776/4800/5312/5824/5824/5952/5952/5952/6976/6976,0,0,1,1,1,1,1,64,128,768,1,0,0,0,0,1,0,0,1
18581747046813712,0x42040020081010,1,BSH,FLOAT,48,512,512,2,2,64,64,none,0,,1,0,1.0,0,65536,65536,0,1,,,0,0,1,0,0,0,0,128,128,64,2,0,0,0,0,1,0,0,1
18581747046813840,0x42040020081090,1,TND,FLOAT,16,1024,1024,12,2,64,64,none,0,,2,0,1.0,1,65536,1,1,1,128/384/1408/2432/2432/3456/3584/3840/3840/3840/4864/4864/4864/5888/6400/6528,256/320/832/1856/2368/2496/2752/2816/3328/3584/3840/3904/4928/4992/5056/5312,0,0,1,1,0,0,0,128,128,64,2,0,0,0,0,1,0,0,1
18581747046813968,0x42040020081110,1,BSH,FLOAT,4,512,512,2,2,64,64,none,0,,1,0,0.9,0,65536,1024,0,1,,,0,0,1,0,1,0,0,128,128,64,2,0,0,0,0,1,0,0,1
18581747046814096,0x42040020081190,1,TND,FLOAT,4,256,1024,2,2,64,64,none,0,,1,0,0.9,0,0,1024,0,1,256/256/256/256,1024/1024/1024/1024,0,0,1,1,1,0,0,128,128,64,2,0,0,0,0,1,0,0,1
18581747046814224,0x42040020081210,1,BSH,FLOAT,4,512,512,2,2,64,64,none,1,bnss,0,0,1.0,3,1024,65536,0,1,,,0,0,1,0,0,1,0,128,128,64,2,0,0,0,0,1,0,0,1
18581747046814352,0x42040020081290,1,TND,FLOAT,16,1024,1024,12,8,16,16,none,1,slope_n,2,0,1.0,0,0,128,2,1,0/1024/1536/2560/2688/2688/2816/3072/3072/3328/4352/4864/5120/5632/6656/6656,0/256/768/768/1280/2304/2816/3328/3328/4352/4416/4416/4416/4480/4544/4608,0,0,1,1,0,1,0,128,128,64,2,0,0,0,0,1,0,0,1
18581747046814480,0x42040020081310,1,BSH,FLOAT,4,512,512,2,2,64,64,none,1,b1ss,1,0,0.9,0,65536,65536,0,1,,,0,0,1,0,1,1,0,128,128,64,2,0,0,0,0,1,0,0,1
18581747046814608,0x42040020081390,1,TND,FLOAT,16,1024,1024,1,8,16,16,none,1,slope,2,0,0.9,3,0,65536,3,1,128/128/256/512/1024/1152/1664/2688/3712/3712/4224/4352/4416/4480/4736/5248,64/64/64/192/192/256/384/512/1536/1792/2048/2112/2368/3392/3520/4032,0,0,1,1,1,1,0,128,128,64,2,0,0,0,0,1,0,0,1
18581747046814736,0x42040020081410,1,BSH,FLOAT,4,512,512,2,2,64,64,2048,0,,1,0,1.0,4,65536,65536,0,1,,,0,0,1,0,0,0,1,128,128,64,2,0,0,0,0,1,0,0,1
18581747046814864,0x42040020081490,1,TND,FLOAT,3,2048,2048,2,2,64,64,2048,0,,2,0,1.0,1,128,1024,0,1,1024/1792/3840,1024/1792/3840,0,0,1,1,0,0,1,128,128,64,2,0,0,0,0,1,0,0,1
18581747046814992,0x42040020081510,1,BSH,FLOAT,4,512,512,2,2,64,64,ss,0,,1,0,0.9,0,65536,65536,0,1,,,0,0,1,0,1,0,1,128,128,64,2,0,0,0,0,1,0,0,1
18581747046815120,0x42040020081590,1,TND,FLOAT,4,512,512,2,2,64,64,ss,0,,1,0,0.9,0,65536,65536,0,1,512/512/512/512,512/512/512/512,0,0,1,1,1,0,1,128,128,64,2,0,0,0,0,1,0,0,1
18581747046815248,0x42040020081610,1,BSND,FLOAT,2,1024,1024,2,2,64,64,11ss,1,bnhs,1,0,1.0,0,65536,65536,0,1,,,0,0,1,0,0,1,1,128,128,64,2,0,0,0,0,1,0,0,1
18581747046815376,0x42040020081690,1,TND,FLOAT,16,1024,1024,4,8,16,16,bnss,1,slope_n,3,0,1.0,1,256,1024,2,1,1024/1536/1536/1664/2176/2304/2560/2560/2560/2688/2688/2752/2752/3264/3392/3456,256/1280/1536/2560/2624/2688/3200/3328/3328/3584/4608/4672/5696/6720/6720/6720,0,0,1,1,0,1,1,128,128,64,2,0,0,0,0,1,0,0,1
18581747046815504,0x42040020081710,1,BSH,FLOAT,4,512,512,2,2,64,64,ss,1,bnss,1,0,0.9,0,65536,65536,0,1,,,0,0,1,0,1,1,1,128,128,64,2,0,0,0,0,1,0,0,1
18581747046815632,0x42040020081790,1,TND,FLOAT,2,128,128,2,8,64,64,b1ss,1,slope,2,0,0.9,0,65536,65536,0,1,128/128,128/128,0,0,1,1,1,1,1,128,128,64,2,0,0,0,0,1,0,0,1
18581747583684624,0x42040040081010,1,SBH,FLOAT,1,256,256,2,2,128,128,none,0,,1,0,1.0,0,65536,65536,0,1,,,0,0,1,0,0,0,0,128,128,128,2,0,0,0,0,1,0,0,1
18581747583684752,0x42040040081090,1,TND,FLOAT,3,2048,2048,2,2,128,128,none,0,,1,0,1.0,4,65536,65536,0,1,1024/1792/3840,1024/1792/3840,0,0,1,1,0,0,0,128,128,128,2,0,0,0,0,1,0,0,1
18581747583684880,0x42040040081110,1,TND,FLOAT,1,256,256,1,2,128,128,none,0,,1,0,0.9,0,65536,65536,0,1,256,256,0,0,1,0,1,0,0,128,128,128,2,0,0,0,0,1,0,0,1
18581747583685008,0x42040040081190,1,TND,FLOAT,16,1024,1024,12,2,128,128,none,0,,3,0,0.5,2,64,1024,2,1,1024/2048/3072/3200/3200/3328/3456/4480/4992/5120/5632/5888/6144/6272/7296/8320,512/768/768/896/896/1152/1152/1280/1536/1600/2624/2880/2944/3456/3968/4992,0,0,1,1,1,0,0,128,128,128,2,0,0,0,0,1,0,0,1
18581747583685136,0x42040040081210,1,BNSD,FLOAT,1,256,256,2,2,72,72,none,1,b1ss,1,0,1.0,0,65536,65536,0,1,,,0,0,1,0,0,1,0,128,128,128,2,0,0,0,0,1,0,0,1
18581747583685264,0x42040040081290,1,TND,FLOAT,3,1024,128,2,2,128,128,none,1,slope,2,0,1.0,2,65536,65536,0,1,1024/1792/1792,128/256/384,0,0,1,1,0,1,0,128,128,128,2,0,0,0,0,1,0,0,1
18581747583685392,0x42040040081310,1,SBH,FLOAT,1,2048,128,2,2,128,128,none,1,1nss,0,0,0.9,0,65536,65536,0,1,,,0,0,1,0,1,1,0,128,128,128,2,0,0,0,0,1,0,0,1
18581747583685520,0x42040040081390,1,TND,FLOAT,16,1024,512,16,2,128,128,none,1,slope,3,0,0.5,4,65536,1,3,1,64/64/576/704/1728/1728/1984/2048/2176/2432/2496/2496/3008/4032/4288/4800,512/1024/1280/1792/2304/2368/2496/2752/2816/2944/3200/3456/3584/3840/3904/4160,0,0,1,1,1,1,0,128,128,128,2,0,0,0,0,1,0,0,1
18581747583685648,0x42040040081410,1,BSND,FLOAT,2,1024,1024,1,2,128,128,ss,0,,1,0,1.0,0,65536,65536,0,1,,,0,0,1,0,0,0,1,128,128,128,2,0,0,0,0,1,0,0,1
18581747583685776,0x42040040081490,1,TND,FLOAT,3,2048,2048,2,2,128,128,2048,0,,1,0,1.0,4,65536,65536,0,1,1024/1792/3840,1024/1792/3840,0,0,1,1,0,0,1,128,128,128,2,0,0,0,0,1,0,0,1
18581747583685904,0x42040040081510,1,SBH,FLOAT,1,256,256,2,2,128,128,11ss,0,,1,0,0.9,0,65536,65536,0,1,,,0,0,1,0,1,0,1,128,128,128,2,0,0,0,0,1,0,0,1
18581747583686032,0x42040040081590,1,TND,FLOAT,3,512,64,8,2,72,72,ss,0,,1,0,0.9,1,0,128,3,1,256/768/1024,0/64/64,0,0,1,1,1,0,1,128,128,128,2,0,0,0,0,1,0,0,1
18581747583686160,0x42040040081610,1,SBH,FLOAT,1,256,256,2,2,128,128,ss,1,1nss,0,0,1.0,0,65536,65536,0,1,,,0,0,1,0,0,1,1,128,128,128,2,0,0,0,0,1,0,0,1
18581747583686288,0x42040040081690,1,TND,FLOAT,3,2048,2048,2,2,128,128,2048,1,slope,2,0,1.0,4,65536,65536,0,1,1024/1792/3840,1024/1792/3840,0,0,1,1,0,1,1,128,128,128,2,0,0,0,0,1,0,0,1
18581747583686416,0x42040040081710,1,SBH,FLOAT,1,256,256,2,2,128,128,ss,1,1nss,1,0,0.9,0,65536,65536,0,1,,,0,0,1,0,1,1,1,128,128,128,2,0,0,0,0,1,0,0,1
18581747583686544,0x42040040081790,1,TND,FLOAT,16,1024,1024,1,4,72,72,2048,1,slope,2,0,0.9,0,2048,1024,3,1,128/192/448/576/1600/1600/2624/2880/3008/3008/3264/3264/3392/3392/3456/3712,128/128/384/640/704/704/1728/1728/1856/1984/1984/3008/3264/3392/3392/3392,0,0,1,1,1,1,1,128,128,128,2,0,0,0,0,1,0,0,1
18581748120555536,0x42040060081010,1,BSND,FLOAT,1,256,256,1,2,192,192,none,0,,1,0,1.0,0,65536,65536,0,1,,,0,0,1,0,0,0,0,128,128,192,2,0,0,0,0,1,0,0,1
18581748120555664,0x42040060081090,1,TND,FLOAT,3,1024,128,2,2,192,192,none,0,,1,0,1.0,0,65536,65536,0,1,1024/1792/1792,128/256/384,0,0,1,1,0,0,0,128,128,192,2,0,0,0,0,1,0,0,1
18581748120555792,0x42040060081110,1,BSND,FLOAT,2,512,1024,2,2,192,192,none,0,,1,0,0.5,0,65536,65536,0,1,,,0,0,1,0,1,0,0,128,128,192,2,0,0,0,0,1,0,0,1
18581748120555920,0x42040060081190,1,TND,FLOAT,4,1024,1024,16,8,144,144,none,0,,2,0,0.5,3,0,128,3,1,1024/2048/2112/2240,0/0/64/1088,0,0,1,1,1,0,0,128,128,192,2,0,0,0,0,1,0,0,1
18581748120556048,0x42040060081210,1,SBH,FLOAT,1,256,256,1,2,192,192,none,1,1nss,1,0,1.0,0,65536,65536,0,1,,,0,0,1,0,0,1,0,128,128,192,2,0,0,0,0,1,0,0,1
18581748120556176,0x42040060081290,1,TND,FLOAT,8,1024,1024,8,4,192,192,none,1,slope_n,2,0,1.0,3,65536,256,0,1,1024/1280/1536/1792/2048/3072/4096/4096,0/64/192/448/512/768/1792/1920,0,0,1,1,0,1,0,128,128,192,2,0,0,0,0,1,0,0,1
18581748120556304,0x42040060081310,1,BSH,FLOAT,4,512,512,2,2,192,192,none,1,b1ss,1,0,0.5,0,65536,65536,0,1,,,0,0,1,0,1,1,0,128,128,192,2,0,0,0,0,1,0,0,1
18581748120556432,0x42040060081390,1,TND,FLOAT,8,1024,512,8,2,192,192,none,1,slope_n,2,0,0.9,4,256,65536,2,1,256/1280/1408/1472/1536/1792/1920/2176,64/576/1088/1600/1600/1664/1920/2176,0,0,1,1,1,1,0,128,128,192,2,0,0,0,0,1,0,0,1
18581748120556560,0x42040060081410,1,TND,FLOAT,1,256,256,2,2,192,192,11ss,0,,1,0,1.0,0,65536,65536,0,1,256,256,0,0,1,0,0,0,1,128,128,192,2,0,0,0,0,1,0,0,1
18581748120556688,0x42040060081490,1,TND,FLOAT,4,1024,128,8,2,192,192,11ss,0,,3,0,1.0,1,128,1024,2,1,512/1536/1536/1600,0/64/128/256,0,0,1,1,0,0,1,128,128,192,2,0,0,0,0,1,0,0,1
18581748120556816,0x42040060081510,1,BSND,FLOAT,2,1024,1024,1,2,192,192,ss,0,,1,0,0.9,0,1024,65536,0,1,,,0,0,1,0,1,0,1,128,128,192,2,0,0,0,0,1,0,0,1
18581748120556944,0x42040060081590,1,TND,FLOAT,2,1024,1024,1,2,192,192,ss,0,,1,0,0.9,0,1024,65536,0,1,1024/1024,1024/1024,0,0,1,1,1,0,1,128,128,192,2,0,0,0,0,1,0,0,1
18581748120557072,0x42040060081610,1,BSND,FLOAT,2,1024,1024,2,2,192,192,b1ss,1,bnhs,1,0,1.0,1,65536,65536,0,1,,,0,0,1,0,0,1,1,128,128,192,2,0,0,0,0,1,0,0,1
18581748120557200,0x42040060081690,1,TND,FLOAT,3,2048,2048,2,2,192,192,2048,1,slope,2,0,1.0,4,65536,65536,0,1,1024/1792/3840,1024/1792/3840,0,0,1,1,0,1,1,128,128,192,2,0,0,0,0,1,0,0,1
18581748120557328,0x42040060081710,1,BSND,FLOAT,2,1024,1024,2,2,192,192,bnss,1,bnhs,1,0,0.5,1,65536,65536,0,1,,,0,0,1,0,1,1,1,128,128,192,2,0,0,0,0,1,0,0,1
18581748120557456,0x42040060081790,1,TND,FLOAT,3,1024,1024,8,4,144,144,11ss,1,slope,3,0,0.9,1,256,64,2,1,1024/1536/1664,64/1088/1152,0,0,1,1,1,1,1,128,128,192,2,0,0,0,0,1,0,0,1
18581748657426448,0x42040080081010,1,BSND,FLOAT,2,1024,1024,1,2,256,256,none,0,,1,0,1.0,0,65536,65536,0,1,,,0,0,1,0,0,0,0,128,128,256,2,0,0,0,0,1,0,0,1
18581748657426576,0x42040080081090,1,TND,FLOAT,3,1024,128,2,2,256,256,none,0,,1,0,1.0,2,65536,65536,0,1,1024/1792/1792,128/256/384,0,0,1,1,0,0,0,128,128,256,2,0,0,0,0,1,0,0,1
18581748657426704,0x42040080081110,1,BSND,FLOAT,2,2048,2048,1,2,256,256,none,0,,1,0,0.9,0,65536,65536,0,1,,,0,0,1,0,1,0,0,128,128,256,2,0,0,0,0,1,0,0,1
18581748657426832,0x42040080081190,1,TND,FLOAT,32,2560,2560,2,2,256,256,none,0,,1,0,0.9,0,65536,65536,0,1,2048/4352/6912/8960/11264/13824/15872/18176/20736/22784/25088/27648/29696/32000/34560/36608/38912/41472/43520/45824/48384/50432/52736/55296/57344/59648/62208/64256/66560/69120/71168/73472,2048/4352/6912/8960/11264/13824/15872/18176/20736/22784/25088/27648/29696/32000/34560/36608/38912/41472/43520/45824/48384/50432/52736/55296/57344/59648/62208/64256/66560/69120/71168/73472,0,0,1,1,1,0,0,128,128,256,2,0,0,0,0,1,0,0,1
18581748657426960,0x42040080081210,1,BNSD,FLOAT,1,4096,1024,2,2,256,256,none,1,b1ss,1,0,1.0,0,65536,65536,0,1,,,0,0,1,0,0,1,0,128,128,256,2,0,0,0,0,1,0,0,1
18581748657427088,0x42040080081290,1,TND,FLOAT,2,64,256,12,8,256,256,none,1,slope_n,2,0,1.0,4,256,128,2,1,0/64,128/384,0,0,1,1,0,1,0,128,128,256,2,0,0,0,0,1,0,0,1
18581748657427216,0x42040080081310,1,BSND,FLOAT,2,512,1024,2,2,256,256,none,1,bnss,1,0,0.5,0,65536,65536,0,1,,,0,0,1,0,1,1,0,128,128,256,2,0,0,0,0,1,0,0,1
18581748657427344,0x42040080081390,1,TND,FLOAT,2,256,128,16,8,256,256,none,1,slope,3,0,0.5,1,0,2048,2,1,64/320,128/256,0,0,1,1,1,1,0,128,128,256,2,0,0,0,0,1,0,0,1
18581748657427472,0x42040080081410,1,BSH,FLOAT,4,512,512,2,2,256,256,ss,0,,1,0,1.0,0,65536,65536,0,1,,,0,0,1,0,0,0,1,128,128,256,2,0,0,0,0,1,0,0,1
18581748657427600,0x42040080081490,1,TND,FLOAT,4,512,512,2,2,256,256,ss,0,,1,0,1.0,0,65536,65536,0,1,512/512/512/512,512/512/512/512,0,0,1,1,0,0,1,128,128,256,2,0,0,0,0,1,0,0,1
18581748657427728,0x42040080081510,1,BSND,FLOAT,2,1024,1024,2,2,256,256,b1ss,0,,1,0,0.5,0,65536,65536,0,1,,,0,0,1,0,1,0,1,128,128,256,2,0,0,0,0,1,0,0,1
18581748657427856,0x42040080081590,1,TND,FLOAT,4,512,512,2,2,256,256,ss,0,,1,0,0.5,0,65536,65536,0,1,512/512/512/512,512/512/512/512,0,0,1,1,1,0,1,128,128,256,2,0,0,0,0,1,0,0,1
18581748657427984,0x42040080081610,1,BSND,FLOAT,2,1024,1024,2,2,256,256,bnss,1,bnhs,1,0,1.0,1,65536,65536,0,1,,,0,0,1,0,0,1,1,128,128,256,2,0,0,0,0,1,0,0,1
18581748657428112,0x42040080081690,1,TND,FLOAT,3,2048,2048,2,2,256,256,2048,1,slope,2,0,1.0,4,65536,65536,0,1,1024/1792/3840,1024/1792/3840,0,0,1,1,0,1,1,128,128,256,2,0,0,0,0,1,0,0,1
18581748657428240,0x42040080081710,1,BSND,FLOAT,2,1024,1024,2,2,256,256,11ss,1,bnhs,1,0,0.5,0,65536,65536,0,1,,,0,0,1,0,1,1,1,128,128,256,2,0,0,0,0,1,0,0,1
18581748657428368,0x42040080081790,1,TND,FLOAT,2,128,128,2,2,256,256,2048,1,slope,3,0,0.9,0,65536,65536,0,1,128/128,128/128,0,0,1,1,1,1,1,128,128,256,2,0,0,0,0,1,0,0,1
18581749194295312,0x420400a0080810,1,SBH,FLOAT,1,256,256,2,2,320,320,none,0,,1,0,1.0,0,65536,65536,0,1,,,0,0,1,0,0,0,0,64,128,768,2,0,0,0,0,1,0,0,1
18581749194295440,0x420400a0080890,1,TND,FLOAT,3,512,512,2,2,320,320,none,0,,1,0,1.0,4,65536,65536,0,1,512/896/1152,512/896/1152,0,0,1,1,0,0,0,64,128,768,2,0,0,0,0,1,0,0,1
18581749194295568,0x420400a0080910,1,BSND,FLOAT,1,256,256,1,2,320,320,none,0,,1,0,0.5,0,65536,65536,0,1,,,0,0,1,0,1,0,0,64,128,768,2,0,0,0,0,1,0,0,1
18581749194295696,0x420400a0080990,1,TND,FLOAT,4,8192,128,1,2,320,320,none,0,,2,0,0.5,2,0,1024,0,1,8192/16128/24320/32256,128/256/384/512,0,0,1,1,1,0,0,64,128,768,2,0,0,0,0,1,0,0,1
18581749194295824,0x420400a0080a10,1,SBH,FLOAT,1,256,256,2,2,512,512,none,1,b1ss,1,0,1.0,0,0,65536,0,1,,,0,0,1,0,0,1,0,64,128,768,2,0,0,0,0,1,0,0,1
18581749194295952,0x420400a0080a90,1,TND,FLOAT,3,1024,1920,2,8,512,512,none,1,slope,2,0,1.0,4,65536,65536,0,1,1024/1792/1792,1024/1792/3712,0,0,1,1,0,1,0,64,128,768,2,0,0,0,0,1,0,0,1
18581749194296080,0x420400a0080b10,1,TND,FLOAT,1,256,256,2,2,320,320,none,1,slope_n,3,0,0.9,0,65536,65536,0,1,256,256,0,0,1,0,1,1,0,64,128,768,2,0,0,0,0,1,0,0,1
18581749194296208,0x420400a0080b90,1,TND,FLOAT,4,8192,128,1,2,320,320,none,1,slope,2,0,0.5,3,0,1024,0,1,8192/16128/24320/32256,128/256/384/512,0,0,1,1,1,1,0,64,128,768,2,0,0,0,0,1,0,0,1
18581749194296336,0x420400a0080c10,1,BSND,FLOAT,1,256,256,1,2,320,320,ss,0,,1,0,1.0,0,65536,65536,0,1,,,0,0,1,0,0,0,1,64,128,768,2,0,0,0,0,1,0,0,1
18581749194296464,0x420400a0080c90,1,TND,FLOAT,3,2048,2048,2,2,320,320,2048,0,,1,0,1.0,4,65536,65536,0,1,1024/1792/3840,1024/1792/3840,0,0,1,1,0,0,1,64,128,768,2,0,0,0,0,1,0,0,1
18581749194296592,0x420400a0080d10,1,BSND,FLOAT,2,1024,1024,2,2,320,320,ss,0,,1,0,0.5,0,65536,65536,0,1,,,0,0,1,0,1,0,1,64,128,768,2,0,0,0,0,1,0,0,1
18581749194296720,0x420400a0080d90,1,TND,FLOAT,4,512,512,2,2,768,768,ss,0,,1,0,0.9,0,65536,65536,0,1,512/512/512/512,512/512/512/512,0,0,1,1,1,0,1,64,128,768,2,0,0,0,0,1,0,0,1
18581749194296848,0x420400a0080e10,1,BSH,FLOAT,4,512,512,2,2,320,320,b1ss,1,b1ss,1,0,1.0,0,65536,65536,0,1,,,0,0,1,0,0,1,1,64,128,768,2,0,0,0,0,1,0,0,1
18581749194296976,0x420400a0080e90,1,TND,FLOAT,3,2048,2048,1,2,768,768,2048,1,slope,2,0,1.0,4,65536,65536,0,1,1024/1792/3840,1024/1792/3840,0,0,1,1,0,1,1,64,128,768,2,0,0,0,0,1,0,0,1
18581749194297104,0x420400a0080f10,1,BSND,FLOAT,2,1024,1024,2,2,320,320,ss,1,bnhs,1,0,0.5,0,65536,65536,0,1,,,0,0,1,0,1,1,1,64,128,768,2,0,0,0,0,1,0,0,1
18581749194297232,0x420400a0080f90,1,TND,FLOAT,16,1024,1024,1,4,512,512,b1ss,1,slope_n,3,0,0.9,1,512,256,1,1,128/384/896/1152/1664/1664/1728/2752/3264/3392/3904/4160/5184/5696/5824/6336,1024/2048/2048/2560/3584/3648/4672/4736/5760/5888/6912/6976/8000/8064/8128/8192,0,0,1,1,1,1,1,64,128,768,2,0,0,0,0,1,0,0,1
18583946070070288,0x42060020081410,1,SBH,FLOAT,1,256,256,1,2,64,64,2048,0,,1,0,1.0,2,128,0,0,1,,,0,0,1,0,0,0,1,128,128,64,3,0,0,0,0,1,0,0,1
18583946070070416,0x42060020081490,1,TND,FLOAT,8,512,512,2,2,64,64,2048,0,,1,0,1.0,2,128,0,0,1,512/512/512/512/512/512/512/512,512/512/512/512/512/512/512/512,0,0,1,1,0,0,1,128,128,64,3,0,0,0,0,1,0,0,1
18583946070070544,0x42060020081510,1,BSH,FLOAT,4,4096,512,2,2,64,64,2048,0,,1,0,0.9,2,128,0,0,1,,,0,0,1,0,1,0,1,128,128,64,3,0,0,0,0,1,0,0,1
18583946070070672,0x42060020081590,1,TND,FLOAT,3,2048,2048,2,2,64,64,2048,0,,2,0,0.5,3,128,1024,0,1,1024/1792/3840,1024/1792/3840,0,0,1,1,1,0,1,128,128,64,3,0,0,0,0,1,0,0,1
18583946070070800,0x42060020081610,1,SBH,FLOAT,1,256,256,1,2,64,64,2048,1,1nss,1,0,1.0,2,128,0,0,1,,,0,0,1,0,0,1,1,128,128,64,3,0,0,0,0,1,0,0,1
18583946070070928,0x42060020081690,1,TND,FLOAT,8,512,512,2,2,64,64,2048,1,1nhs,1,0,1.0,2,128,0,0,1,512/512/512/512/512/512/512/512,512/512/512/512/512/512/512/512,0,0,1,1,0,1,1,128,128,64,3,0,0,0,0,1,0,0,1
18583946070071056,0x42060020081710,1,BNSD,FLOAT,4,2048,512,1,2,16,16,2048,1,1nss,0,0,0.9,2,256,1024,0,1,,,0,0,1,0,1,1,1,128,128,64,3,0,0,0,0,1,0,0,1
18583946070071184,0x42060020081790,1,TND,FLOAT,8,256,256,2,2,64,64,2048,1,1nhs,1,0,0.9,2,128,0,0,1,256/256/256/256/256/256/256/256,256/256/256/256/256/256/256/256,0,0,1,1,1,1,1,128,128,64,3,0,0,0,0,1,0,0,1
18583946606941200,0x42060040081410,1,SBH,FLOAT,1,256,256,1,2,128,128,2048,0,,1,0,1.0,2,128,0,0,1,,,0,0,1,0,0,0,1,128,128,128,3,0,0,0,0,1,0,0,1
18583946606941328,0x42060040081490,1,TND,FLOAT,3,1024,128,2,2,96,96,2048,0,,1,0,1.0,2,128,0,0,1,512/896/1920,128/256/384,0,0,1,1,0,0,1,128,128,128,3,0,0,0,0,1,0,0,1
18583946606941456,0x42060040081510,1,SBH,FLOAT,1,4096,128,1,2,128,128,2048,0,,1,0,0.9,2,128,0,0,1,,,0,0,1,0,1,0,1,128,128,128,3,0,0,0,0,1,0,0,1
18583946606941584,0x42060040081590,1,TND,FLOAT,2,1024,1024,2,2,128,128,2048,0,,1,0,0.9,3,128,0,0,1,1024/1024,1024/1024,0,0,1,1,1,0,1,128,128,128,3,0,0,0,0,1,0,0,1
18583946606941712,0x42060040081610,1,BSND,FLOAT,2,1024,1024,2,2,128,128,2048,1,slope_n,3,0,1.0,2,128,0,0,1,,,0,0,1,0,0,1,1,128,128,128,3,0,0,0,0,1,0,0,1
18583946606941840,0x42060040081690,1,TND,FLOAT,8,512,512,2,2,96,96,2048,1,1nhs,1,0,1.0,2,128,0,3,1,512/512/512/512/512/512/512/512,512/512/512/512/512/512/512/512,0,0,1,1,0,1,1,128,128,128,3,0,0,0,0,1,0,0,1
18583946606941968,0x42060040081710,1,BSND,FLOAT,2,1024,1024,1,2,128,128,2048,1,b1ss,1,0,0.5,2,128,0,0,1,,,0,0,1,0,1,1,1,128,128,128,3,0,0,0,0,1,0,0,1
18583946606942096,0x42060040081790,1,TND,FLOAT,2,1024,1024,2,2,128,128,2048,1,bnhs,1,0,0.9,3,128,0,0,1,1024/1024,1024/1024,0,0,1,1,1,1,1,128,128,128,3,0,0,0,0,1,0,0,1
18583947143812112,0x42060060081410,1,SBH,FLOAT,1,256,256,1,2,192,192,2048,0,,1,0,1.0,2,128,0,0,1,,,0,0,1,0,0,0,1,128,128,192,3,0,0,0,0,1,0,0,1
18583947143812240,0x42060060081490,1,TND,FLOAT,8,512,512,2,2,192,192,2048,0,,1,0,1.0,2,128,0,0,1,512/512/512/512/512/512/512/512,512/512/512/512/512/512/512/512,0,0,1,1,0,0,1,128,128,192,3,0,0,0,0,1,0,0,1
18583947143812368,0x42060060081510,1,SBH,FLOAT,1,256,256,1,2,192,192,2048,0,,2,0,0.5,2,128,0,0,1,,,0,0,1,0,1,0,1,128,128,192,3,0,0,0,0,1,0,0,1
18583947143812496,0x42060060081590,1,TND,FLOAT,3,2048,2048,2,2,192,192,2048,0,,1,0,0.9,2,128,1024,0,1,1024/1792/3840,1024/1792/3840,0,0,1,1,1,0,1,128,128,192,3,0,0,0,0,1,0,0,1
18583947143812624,0x42060060081610,1,BSH,FLOAT,4,512,512,4,2,192,192,2048,1,bnss,1,0,1.0,2,128,0,0,1,,,0,0,1,0,0,1,1,128,128,192,3,0,0,0,0,1,0,0,1
18583947143812752,0x42060060081690,1,TND,FLOAT,8,512,512,2,2,192,192,2048,1,bnhs,1,0,1.0,2,128,0,0,1,512/512/512/512/512/512/512/512,512/512/512/512/512/512/512/512,0,0,1,1,0,1,1,128,128,192,3,0,0,0,0,1,0,0,1
18583947143812880,0x42060060081710,1,BSH,FLOAT,2,512,512,2,2,192,192,2048,1,bnss,1,0,0.5,2,128,0,0,1,,,0,0,1,0,1,1,1,128,128,192,3,0,0,0,0,1,0,0,1
18583947143813008,0x42060060081790,1,TND,FLOAT,3,2048,2048,2,2,192,192,2048,1,slope,2,0,0.5,2,128,1024,0,1,1024/1792/3840,1024/1792/3840,0,0,1,1,1,1,1,128,128,192,3,0,0,0,0,1,0,0,1
18583947680683024,0x42060080081410,1,BSH,FLOAT,4,512,512,2,2,256,256,2048,0,,1,0,1.0,2,128,0,0,1,,,0,0,1,0,0,0,1,128,128,256,3,0,0,0,0,1,0,0,1
18583947680683152,0x42060080081490,1,TND,FLOAT,24,512,512,2,2,256,256,2048,0,,1,0,1.0,2,128,0,0,1,512/512/512/512/512/512/512/512/512/512/512/512/512/512/512/512/512/512/512/512/512/512/512/512,512/512/512/512/512/512/512/512/512/512/512/512/512/512/512/512/512/512/512/512/512/512/512/512,0,0,1,1,0,0,1,128,128,256,3,0,0,0,0,1,0,0,1
18583947680683280,0x42060080081510,1,BSH,FLOAT,24,512,512,2,2,256,256,2048,0,,1,0,0.5,2,128,0,0,1,,,0,0,1,0,1,0,1,128,128,256,3,0,0,0,0,1,0,0,1
18583947680683408,0x42060080081590,1,TND,FLOAT,24,512,256,2,2,256,256,2048,0,,1,0,0.5,2,128,0,0,1,512/512/512/512/512/512/512/512/512/512/512/512/512/512/512/512/512/512/512/512/512/512/512/512,256/256/256/256/256/256/256/256/256/256/256/256/256/256/256/256/256/256/256/256/256/256/256/256,0,0,1,1,1,0,1,128,128,256,3,0,0,0,0,1,0,0,1
18583947680683536,0x42060080081610,1,BSH,FLOAT,2,512,512,2,2,256,256,2048,1,bnss,1,0,1.0,2,128,0,0,1,,,0,0,1,0,0,1,1,128,128,256,3,0,0,0,0,1,0,0,1
18583947680683664,0x42060080081690,1,TND,FLOAT,3,2048,2048,2,2,256,256,2048,1,slope,2,0,1.0,2,65536,65536,0,1,1024/1792/3840,1024/1792/3840,0,0,1,1,0,1,1,128,128,256,3,0,0,0,0,1,0,0,1
18583947680683792,0x42060080081710,1,BSH,FLOAT,2,512,512,2,2,256,256,2048,1,bnss,1,0,0.5,2,128,0,0,1,,,0,0,1,0,1,1,1,128,128,256,3,0,0,0,0,1,0,0,1
18583947680683920,0x42060080081790,1,TND,FLOAT,24,512,512,2,2,256,256,2048,1,1nhs,1,0,0.5,2,128,0,0,1,512/512/512/512/512/512/512/512/512/512/512/512/512/512/512/512/512/512/512/512/512/512/512/512,512/512/512/512/512/512/512/512/512/512/512/512/512/512/512/512/512/512/512/512/512/512/512/512,0,0,1,1,1,1,1,128,128,256,3,0,0,0,0,1,0,0,1
18583948217551888,0x420600a0080c10,1,SBH,FLOAT,1,256,256,2,2,320,320,2048,0,,1,0,1.0,2,128,1024,0,1,,,0,0,1,0,0,0,1,64,128,768,3,0,0,0,0,1,0,0,1
18583948217552016,0x420600a0080c90,1,TND,FLOAT,3,2048,2048,1,2,320,320,2048,0,,2,0,1.0,2,128,0,0,1,1024/1792/3840,1024/1792/3840,0,0,1,1,0,0,1,64,128,768,3,0,0,0,0,1,0,0,1
18583948217552144,0x420600a0080d10,1,BSH,FLOAT,2,512,512,2,2,512,512,2048,0,,1,0,0.5,2,128,0,0,1,,,0,0,1,0,1,0,1,64,128,768,3,0,0,0,0,1,0,0,1
18583948217552272,0x420600a0080d90,1,TND,FLOAT,2,1024,1024,2,2,768,768,2048,0,,1,0,0.9,3,128,0,0,1,1024/1024,1024/1024,0,0,1,1,1,0,1,64,128,768,3,0,0,0,0,1,0,0,1
18583948217552400,0x420600a0080e10,1,BSH,FLOAT,2,512,512,2,2,512,512,2048,1,bnss,1,0,1.0,2,128,0,0,1,,,0,0,1,0,0,1,1,64,128,768,3,0,0,0,0,1,0,0,1
18583948217552528,0x420600a0080e90,1,TND,FLOAT,3,256,128,2,2,320,320,2048,1,1nhs,1,0,1.0,2,128,0,0,1,256/427/513,128/214/258,0,0,1,1,0,1,1,64,128,768,3,0,0,0,0,1,0,0,1
18583948217552656,0x420600a0080f10,1,BSH,FLOAT,2,512,512,2,2,512,512,2048,1,bnss,1,0,0.5,2,128,0,0,1,,,0,0,1,0,1,1,1,64,128,768,3,0,0,0,0,1,0,0,1
18583948217552784,0x420600a0080f90,1,TND,FLOAT,16,1024,1024,2,2,768,768,2048,1,1nhs,0,0,0.9,2,65536,256,1,1,64/1088/1344/1856/1856/2368/2368/2880/2880/3008/3072/3328/3840/3968/3968/3968,256/1280/1280/1792/2304/2368/2880/3904/4160/4416/4480/5504/5568/5824/6080/6080,0,0,1,1,1,1,1,64,128,768,3,0,0,0,0,1,0,0,1
18586145093325840,0x42080020081410,1,BSH,FLOAT,4,512,512,2,2,64,64,2048,0,,1,0,1.0,3,128,0,0,1,,,0,0,1,0,0,0,1,128,128,64,4,0,0,0,0,1,0,0,1
18586145093325968,0x42080020081490,1,TND,FLOAT,3,1024,256,2,2,64,64,2048,0,,1,0,1.0,0,128,0,0,1,1024/1920/2688,256/427/513,0,0,1,1,0,0,1,128,128,64,4,0,0,0,0,1,0,0,1
18586145093326096,0x42080020081510,1,BSH,FLOAT,48,512,512,2,2,64,64,2048,0,,1,0,0.9,4,128,65536,0,1,,,0,0,1,0,1,0,1,128,128,64,4,0,0,0,0,1,0,0,1
18586145093326224,0x42080020081590,1,TND,FLOAT,2,1024,64,2,2,64,64,2048,0,,1,0,0.9,3,128,0,0,1,1024/1024,64/64,0,0,1,1,1,0,1,128,128,64,4,0,0,0,0,1,0,0,1
18586145093326352,0x42080020081610,1,SBH,FLOAT,1,256,256,1,2,64,64,2048,1,1nss,1,0,1.0,3,128,0,0,1,,,0,0,1,0,0,1,1,128,128,64,4,0,0,0,0,1,0,0,1
18586145093326480,0x42080020081690,1,TND,FLOAT,4,1024,256,2,2,64,64,2048,1,1nhs,0,0,1.0,3,128,0,0,1,1024/1024/1024/1024,256/256/256/256,0,0,1,1,0,1,1,128,128,64,4,0,0,0,0,1,0,0,1
18586145093326608,0x42080020081710,1,BSND,FLOAT,24,1024,1024,1,2,64,64,2048,1,b1ss,1,0,0.9,3,128,0,0,1,,,0,0,1,0,1,1,1,128,128,64,4,0,0,0,0,1,0,0,1
18586145093326736,0x42080020081790,1,TND,FLOAT,4,1024,256,2,2,64,64,2048,1,1nhs,0,0,0.5,3,128,0,0,1,1024/1024/1024/1024,256/256/256/256,0,0,1,1,1,1,1,128,128,64,4,0,0,0,0,1,0,0,1
18586145630196752,0x42080040081410,1,SBH,FLOAT,1,256,256,1,2,128,128,2048,0,,1,0,1.0,3,128,0,0,1,,,0,0,1,0,0,0,1,128,128,128,4,0,0,0,0,1,0,0,1
18586145630196880,0x42080040081490,1,TND,FLOAT,3,2048,2048,2,2,128,128,2048,0,,1,0,1.0,0,128,0,0,1,1024/1792/3840,1024/1792/3840,0,0,1,1,0,0,1,128,128,128,4,0,0,0,0,1,0,0,1
18586145630197008,0x42080040081510,1,SBH,FLOAT,1,64,4096,1,2,128,128,2048,0,,1,0,0.9,3,0,0,0,1,,,0,0,1,0,1,0,1,128,128,128,4,0,0,0,0,1,0,0,1
18586145630197136,0x42080040081590,1,TND,FLOAT,2,1024,64,2,2,128,128,2048,0,,1,0,0.9,3,128,0,0,1,1024/1024,64/64,0,0,1,1,1,0,1,128,128,128,4,0,0,0,0,1,0,0,1
18586145630197264,0x42080040081610,1,SBH,FLOAT,1,256,256,1,2,128,128,2048,1,1nss,1,0,1.0,4,0,65536,0,1,,,0,0,1,0,0,1,1,128,128,128,4,0,0,0,0,1,0,0,1
18586145630197392,0x42080040081690,1,TND,FLOAT,16,1024,1024,2,2,128,128,b1ss,1,slope_n,2,0,1.0,0,1,1,1,1,1024/1536/1536/2048/3072/4096/4608/5632/6656/7680/8704/8832/9344/9472/9728/10240,128/192/320/1344/1472/1984/2240/2368/2624/2688/2752/3264/3264/3264/3392/3456,0,0,1,1,0,1,1,128,128,128,4,0,0,0,0,1,0,0,1
18586145630197520,0x42080040081710,1,BSND,FLOAT,2,1024,1024,1,2,128,128,2048,1,b1ss,1,0,0.9,3,128,0,0,1,,,0,0,1,0,1,1,1,128,128,128,4,0,0,0,0,1,0,0,1
18586145630197648,0x42080040081790,1,TND,FLOAT,16,1024,1024,1,4,96,96,2048,1,slope,3,0,0.5,4,2048,1,2,1,128/256/1280/1408/1408/1472/1536/1600/2112/2368/2368/3392/3648/3776/4800/5824,512/1024/2048/3072/3072/3584/4096/4096/4160/4160/5184/5312/5376/6400/6400/6656,0,0,1,1,1,1,1,128,128,128,4,0,0,0,0,1,0,0,1
18586146167067664,0x42080060081410,1,BSH,FLOAT,4,512,512,2,2,192,192,2048,0,,1,0,1.0,3,128,0,0,1,,,0,0,1,0,0,0,1,128,128,192,4,0,0,0,0,1,0,0,1
18586146167067792,0x42080060081490,1,TND,FLOAT,3,2048,2048,2,2,192,192,2048,0,,1,0,1.0,0,1024,0,0,1,1024/1792/3840,1024/1792/3840,0,0,1,1,0,0,1,128,128,192,4,0,0,0,0,1,0,0,1
18586146167067920,0x42080060081510,1,SBH,FLOAT,1,256,256,1,2,192,192,2048,0,,1,0,0.5,3,128,0,0,1,,,0,0,1,0,1,0,1,128,128,192,4,0,0,0,0,1,0,0,1
18586146167068048,0x42080060081590,1,TND,FLOAT,3,2048,2048,2,2,192,192,2048,0,,1,0,0.9,4,1024,0,0,1,1024/1792/3840,1024/1792/3840,0,0,1,1,1,0,1,128,128,192,4,0,0,0,0,1,0,0,1
18586146167068176,0x42080060081610,1,BNSD,FLOAT,16,2048,2048,2,4,192,192,bnss,1,1nss,0,0,1.0,4,65536,128,0,1,,,0,0,1,0,0,1,1,128,128,192,4,0,0,0,0,1,0,0,1
18586146167068304,0x42080060081690,1,TND,FLOAT,4,1024,256,2,2,192,192,2048,1,1nhs,0,0,1.0,3,128,0,0,1,1024/1024/1024/1024,256/256/256/256,0,0,1,1,0,1,1,128,128,192,4,0,0,0,0,1,0,0,1
18586146167068432,0x42080060081710,1,BSND,FLOAT,2,1024,1024,1,2,192,192,2048,1,slope,2,0,0.5,3,128,0,0,1,,,0,0,1,0,1,1,1,128,128,192,4,0,0,0,0,1,0,0,1
18586146167068560,0x42080060081790,1,TND,FLOAT,4,1024,256,2,2,192,192,2048,1,1nhs,0,0,0.9,3,128,0,0,1,1024/1024/1024/1024,256/256/256/256,0,0,1,1,1,1,1,128,128,192,4,0,0,0,0,1,0,0,1
18586146703938576,0x42080080081410,1,BSH,FLOAT,4,512,512,2,2,256,256,2048,0,,1,0,1.0,3,128,1024,0,1,,,0,0,1,0,0,0,1,128,128,256,4,0,0,0,0,1,0,0,1
18586146703938704,0x42080080081490,1,TND,FLOAT,3,512,256,12,2,256,256,ss,0,,0,0,1.0,0,0,1024,3,1,256/768/832,256/512/768,0,0,1,1,0,0,1,128,128,256,4,0,0,0,0,1,0,0,1
18586146703938832,0x42080080081510,1,SBH,FLOAT,1,256,256,1,2,256,256,2048,0,,2,0,0.5,3,128,0,0,1,,,0,0,1,0,1,0,1,128,128,256,4,0,0,0,0,1,0,0,1
18586146703938960,0x42080080081590,1,TND,FLOAT,3,2048,2048,2,2,256,256,2048,0,,2,0,0.5,4,1024,0,0,1,1024/1792/3840,1024/1792/3840,0,0,1,1,1,0,1,128,128,256,4,0,0,0,0,1,0,0,1
18586146703939088,0x42080080081610,1,BSH,FLOAT,2,512,512,2,2,256,256,2048,1,bnss,1,0,1.0,3,128,0,0,1,,,0,0,1,0,0,1,1,128,128,256,4,0,0,0,0,1,0,0,1
18586146703939216,0x42080080081690,1,TND,FLOAT,4,1024,256,2,2,256,256,2048,1,1nhs,0,0,1.0,3,128,0,3,1,1024/1024/1024/1024,256/256/256/256,0,0,1,1,0,1,1,128,128,256,4,0,0,0,0,1,0,0,1
18586146703939344,0x42080080081710,1,BSND,FLOAT,2,4096,1,16,8,256,256,2048,1,slope_n,2,0,0.5,3,0,128,0,1,,,0,0,1,0,1,1,1,128,128,256,4,0,0,0,0,1,0,0,1
18586146703939472,0x42080080081790,1,TND,FLOAT,4,1024,256,2,2,256,256,2048,1,1nhs,0,0,0.9,3,128,0,0,1,1024/1024/1024/1024,256/256/256/256,0,0,1,1,1,1,1,128,128,256,4,0,0,0,0,1,0,0,1
18586147240807440,0x420800a0080c10,1,SBH,FLOAT,1,512,512,2,2,320,320,2048,0,,1,0,1.0,3,128,0,0,1,,,0,0,1,0,0,0,1,64,128,768,4,0,0,0,0,1,0,0,1
18586147240807568,0x420800a0080c90,1,TND,FLOAT,3,2048,2048,1,2,512,512,2048,0,,1,0,1.0,0,128,0,0,1,1024/1792/3840,1024/1792/3840,0,0,1,1,0,0,1,64,128,768,4,0,0,0,0,1,0,0,1
18586147240807696,0x420800a0080d10,1,BSH,FLOAT,4,256,64,2,2,320,320,2048,0,,1,0,0.9,3,128,0,0,1,,,0,0,1,0,1,0,1,64,128,768,4,0,0,0,0,1,0,0,1
18586147240807824,0x420800a0080d90,1,TND,FLOAT,2,1024,64,2,2,768,768,2048,0,,1,0,0.9,3,128,0,0,1,1024/1024,64/64,0,0,1,1,1,0,1,64,128,768,4,0,0,0,0,1,0,0,1
18586147240807952,0x420800a0080e10,1,BSH,FLOAT,24,512,512,2,2,320,320,2048,1,1nss,0,0,1.0,3,128,0,0,1,,,0,0,1,0,0,1,1,64,128,768,4,0,0,0,0,1,0,0,1
18586147240808080,0x420800a0080e90,1,TND,FLOAT,4,1024,256,2,2,768,768,2048,1,1nhs,0,0,1.0,3,128,0,0,1,1024/1024/1024/1024,256/256/256/256,0,0,1,1,0,1,1,64,128,768,4,0,0,0,0,1,0,0,1
18586147240808208,0x420800a0080f10,1,BSND,FLOAT,24,1024,1024,1,2,768,768,2048,1,b1ss,1,0,0.9,3,128,0,0,1,,,0,0,1,0,1,1,1,64,128,768,4,0,0,0,0,1,0,0,1
18586147240808336,0x420800a0080f90,1,TND,FLOAT,16,1024,1024,5,8,768,768,11ss,1,slope_n,2,0,0.9,0,128,2048,2,1,0/512/1536/1600/2624/3648/3776/3904/4032/4032/4160/4288/4352/4864/4992/5120,64/1088/1152/2176/2432/3456/4480/4608/4608/5120/5248/5504/6016/7040/8064/8064,0,0,1,1,1,1,1,64,128,768,4,0,0,0,0,1,0,0,1
18616931418902544,0x42240020081010,1,TND,FLOAT,3,1024,128,2,1,64,64,none,0,,1,0,1.0,4,65536,65536,0,1,1024/2048/3072,128/256/384,0,0,1,0,0,0,0,128,128,64,2,1,0,0,0,1,0,0,1
18616931418902672,0x42240020081090,1,TND,FLOAT,3,2048,2048,2,1,64,64,none,0,,1,0,1.0,0,65536,65536,0,1,1024/1792/3840,1024/1792/3840,0,0,1,1,0,0,0,128,128,64,2,1,0,0,0,1,0,0,1
18616931418902800,0x42240020081110,1,TND,FLOAT,3,1024,128,2,1,64,64,none,0,,1,0,0.5,4,65536,65536,0,1,1024/2048/3072,128/256/384,0,0,1,0,1,0,0,128,128,64,2,1,0,0,0,1,0,0,1
18616931418902928,0x42240020081190,1,TND,FLOAT,3,2048,2048,2,1,64,64,none,0,,1,0,0.5,4,65536,65536,0,1,1024/1792/3840,1024/1792/3840,0,0,1,1,1,0,0,128,128,64,2,1,0,0,0,1,0,0,1
18616931418903056,0x42240020081210,1,BSH,FLOAT,4,512,512,8,1,64,64,none,1,bnss,0,0,1.0,0,65536,65536,0,1,,,0,0,1,0,0,1,0,128,128,64,2,1,0,0,0,1,0,0,1
18616931418903184,0x42240020081290,1,TND,FLOAT,3,2048,1024,2,1,64,64,none,1,slope,2,0,1.0,3,65536,65536,0,1,0/768/2816,1024/2048/3072,0,0,1,1,0,1,0,128,128,64,2,1,0,0,0,1,0,0,1
18616931418903312,0x42240020081310,1,BSH,FLOAT,1,512,512,8,1,64,64,none,1,b1ss,1,0,0.9,0,65536,65536,0,1,,,0,0,1,0,1,1,0,128,128,64,2,1,0,0,0,1,0,0,1
18616931418903440,0x42240020081390,1,TND,FLOAT,2,128,128,2,1,64,64,none,1,slope,2,0,0.9,0,65536,65536,0,1,128/128,128/128,0,0,1,1,1,1,0,128,128,64,2,1,0,0,0,1,0,0,1
18616931418903568,0x42240020081410,1,SBH,FLOAT,1,512,64,1,1,64,64,11ss,0,,1,0,1.0,0,65536,65536,0,1,,,0,0,1,0,0,0,1,128,128,64,2,1,0,0,0,1,0,0,1
18616931418903696,0x42240020081490,1,TND,FLOAT,3,2048,2048,2,1,64,64,2048,0,,1,0,1.0,4,65536,65536,0,1,1024/1792/3840,1024/1792/3840,0,0,1,1,0,0,1,128,128,64,2,1,0,0,0,1,0,0,1
18616931418903824,0x42240020081510,1,TND,FLOAT,1,256,256,1,1,64,64,ss,0,,1,0,0.9,0,65536,65536,0,1,256,256,0,0,1,0,1,0,1,128,128,64,2,1,0,0,0,1,0,0,1
18616931418903952,0x42240020081590,1,TND,FLOAT,2,256,256,5,1,64,64,2048,0,,0,0,0.5,1,64,2048,2,1,256/512,256/384,0,0,1,1,1,0,1,128,128,64,2,1,0,0,0,1,0,0,1
18616931418904080,0x42240020081610,1,SBH,FLOAT,1,256,256,1,1,64,64,ss,1,1nss,1,0,1.0,0,65536,65536,0,1,,,0,0,1,0,0,1,1,128,128,64,2,1,0,0,0,1,0,0,1
18616931418904208,0x42240020081690,1,TND,FLOAT,2,128,128,2,1,64,64,b1ss,1,slope,2,0,1.0,0,65536,65536,0,1,128/128,128/128,0,0,1,1,0,1,1,128,128,64,2,1,0,0,0,1,0,0,1
18616931418904336,0x42240020081710,1,SBH,FLOAT,1,256,256,1,1,64,64,ss,1,1nss,1,0,0.9,0,65536,65536,0,1,,,0,0,1,0,1,1,1,128,128,64,2,1,0,0,0,1,0,0,1
18616931418904464,0x42240020081790,1,TND,FLOAT,2,128,128,2,1,64,64,2048,1,slope,2,0,0.9,0,65536,65536,0,1,128/128,128/128,0,0,1,1,1,1,1,128,128,64,2,1,0,0,0,1,0,0,1
18616931955773456,0x42240040081010,1,SBH,FLOAT,1,256,256,1,1,128,128,none,0,,1,0,1.0,4,0,0,0,1,,,0,0,1,0,0,0,0,128,128,128,2,1,0,0,0,1,0,0,1
18616931955773584,0x42240040081090,1,TND,FLOAT,8,4096,2048,2,1,128,128,none,0,,1,0,1.0,4,65536,65536,0,1,1024/1792/3840/7936/8192/12288/12416/16512,1024/1792/3840/3904/4416/4928/5440/7488,0,0,1,1,0,0,0,128,128,128,2,1,0,0,0,1,0,0,1
18616931955773712,0x42240040081110,1,SBH,FLOAT,1,256,256,1,1,128,128,none,0,,1,0,0.9,0,65536,65536,0,1,,,0,0,1,0,1,0,0,128,128,128,2,1,0,0,0,1,0,0,1
18616931955773840,0x42240040081190,1,TND,FLOAT,3,2048,2048,2,1,128,128,none,0,,1,0,0.9,0,65536,65536,0,1,1024/3072/4608,1024/3072/4608,0,0,1,1,1,0,0,128,128,128,2,1,0,0,0,1,0,0,1
18616931955773968,0x42240040081210,1,SBH,FLOAT,1,256,2048,1,1,128,128,none,1,1nss,1,0,1.0,2,128,0,0,1,,,0,0,1,0,0,1,0,128,128,128,2,1,0,0,0,1,0,0,1
18616931955774096,0x42240040081290,1,TND,FLOAT,3,64,128,2,1,128,128,none,1,slope,2,0,1.0,4,65536,65536,0,1,64/107/129,128/214/258,0,0,1,1,0,1,0,128,128,128,2,1,0,0,0,1,0,0,1
18616931955774224,0x42240040081310,1,SBH,FLOAT,1,256,256,1,1,128,128,none,1,1nss,0,0,0.9,0,65536,65536,0,1,,,0,0,1,0,1,1,0,128,128,128,2,1,0,0,0,1,0,0,1
18616931955774352,0x42240040081390,1,TND,FLOAT,2,2048,512,2,1,128,128,none,1,slope,2,0,0.9,0,65536,65536,0,1,2048/3968,512/896,0,0,1,1,1,1,0,128,128,128,2,1,0,0,0,1,0,0,1
18616931955774480,0x42240040081410,1,SBH,FLOAT,1,32,512,1,1,128,128,11ss,0,,1,0,1.0,0,65536,65536,0,1,,,0,0,1,0,0,0,1,128,128,128,2,1,0,0,0,1,0,0,1
18616931955774608,0x42240040081490,1,TND,FLOAT,3,2048,2048,2,1,128,128,2048,0,,1,0,1.0,4,65536,65536,0,1,1024/1792/3840,1024/1792/3840,0,0,1,1,0,0,1,128,128,128,2,1,0,0,0,1,0,0,1
18616931955774736,0x42240040081510,1,SBH,FLOAT,1,256,256,1,1,128,128,11ss,0,,1,0,0.5,0,65536,65536,1,1,,,0,0,1,0,1,0,1,128,128,128,2,1,0,0,0,1,0,0,1
18616931955774864,0x42240040081590,1,TND,FLOAT,3,2048,2048,2,1,128,128,2048,0,,1,0,0.9,0,65536,65536,0,1,1024/1792/3840,1024/1792/3840,0,0,1,1,1,0,1,128,128,128,2,1,0,0,0,1,0,0,1
18616931955774992,0x42240040081610,1,SBH,FLOAT,1,64,1024,1,1,128,128,11ss,1,1nss,1,0,1.0,0,65536,65536,0,1,,,0,0,1,0,0,1,1,128,128,128,2,1,0,0,0,1,0,0,1
18616931955775120,0x42240040081690,1,TND,FLOAT,4,2048,128,2,1,128,128,2048,1,slope,2,0,1.0,4,65536,65536,0,1,1024/1792/3840/3968,128/256/384/512,0,0,1,1,0,1,1,128,128,128,2,1,0,0,0,1,0,0,1
18616931955775248,0x42240040081710,1,SBH,FLOAT,1,256,256,1,1,128,128,ss,1,1nss,1,0,0.9,0,65536,65536,0,1,,,0,0,1,0,1,1,1,128,128,128,2,1,0,0,0,1,0,0,1
18616931955775376,0x42240040081790,1,TND,FLOAT,16,1024,1024,8,1,96,96,b1ss,1,slope_n,2,0,0.5,1,2048,1024,2,1,128/192/192/1216/2240/2368/2624/2880/3904/4160/4672/4800/5312/5440/5504/5568,128/256/1280/1536/1792/2304/2432/2560/3072/3200/3264/3264/3264/3776/3840/3840,0,0,1,1,1,1,1,128,128,128,2,1,0,0,0,1,0,0,1
18616932492644368,0x42240060081010,1,SBH,FLOAT,1,256,256,1,1,192,192,none,0,,1,0,1.0,0,65536,65536,0,1,,,0,0,1,0,0,0,0,128,128,192,2,1,0,0,0,1,0,0,1
18616932492644496,0x42240060081090,1,TND,FLOAT,2,2048,128,2,1,192,192,none,0,,1,0,1.0,0,65536,65536,0,1,1024/3072,128/256,0,0,1,1,0,0,0,128,128,192,2,1,0,0,0,1,0,0,1
18616932492644624,0x42240060081110,1,SBH,FLOAT,1,128,4096,1,1,192,192,none,0,,1,0,0.9,0,65536,65536,0,1,,,0,0,1,0,1,0,0,128,128,192,2,1,0,0,0,1,0,0,1
18616932492644752,0x42240060081190,1,TND,FLOAT,3,2048,2048,2,1,192,192,none,0,,1,0,0.9,2,128,1024,0,1,1024/1792/3840,1024/1792/3840,0,0,1,1,1,0,0,128,128,192,2,1,0,0,0,1,0,0,1
18616932492644880,0x42240060081210,1,SBH,FLOAT,1,256,256,1,1,192,192,none,1,1nss,1,0,1.0,0,65536,65536,0,1,,,0,0,1,0,0,1,0,128,128,192,2,1,0,0,0,1,0,0,1
18616932492645008,0x42240060081290,1,TND,FLOAT,3,64,4096,2,1,192,192,none,1,slope,2,0,1.0,0,65536,65536,0,1,64/107/129,4096/8064/11904,0,0,1,1,0,1,0,128,128,192,2,1,0,0,0,1,0,0,1
18616932492645136,0x42240060081310,1,BSND,FLOAT,2,512,1024,2,1,192,192,none,1,bnss,1,0,0.5,0,65536,65536,0,1,,,0,0,1,0,1,1,0,128,128,192,2,1,0,0,0,1,0,0,1
18616932492645264,0x42240060081390,1,TND,FLOAT,3,2048,4096,2,1,192,192,none,1,slope,2,0,0.9,4,65536,65536,0,1,2048/3968/5760,4096/8064/11904,0,0,1,1,1,1,0,128,128,192,2,1,0,0,0,1,0,0,1
18616932492645392,0x42240060081410,1,TND,FLOAT,1,256,256,1,1,192,192,11ss,0,,1,0,1.0,0,65536,65536,0,1,256,256,0,0,1,0,0,0,1,128,128,192,2,1,0,0,0,1,0,0,1
18616932492645520,0x42240060081490,1,TND,FLOAT,16,1024,1024,1,1,144,144,b1ss,0,,1,0,1.0,1,2048,65536,2,1,512/576/832/1856/1984/2048/2560/2816/3840/3840/3904/4032/4288/4416/4416/4544,0/0/512/576/576/640/896/1152/2176/2432/2496/2496/2624/2624/2688/2816,0,0,1,1,0,0,1,128,128,192,2,1,0,0,0,1,0,0,1
18616932492645648,0x42240060081510,1,BSND,FLOAT,2,1024,1024,2,1,192,192,bnss,0,,1,0,0.5,0,65536,65536,0,1,,,0,0,1,0,1,0,1,128,128,192,2,1,0,0,0,1,0,0,1
18616932492645776,0x42240060081590,1,TND,FLOAT,3,1024,1024,2,1,192,192,ss,0,,0,0,0.9,1,1,512,3,1,1024/1152/1280,512/1024/2048,0,0,1,1,1,0,1,128,128,192,2,1,0,0,0,1,0,0,1
18616932492645904,0x42240060081610,1,BSND,FLOAT,2,1024,1024,2,1,192,192,ss,1,bnhs,0,0,1.0,0,65536,65536,0,1,,,0,0,1,0,0,1,1,128,128,192,2,1,0,0,0,1,0,0,1
18616932492646032,0x42240060081690,1,TND,FLOAT,3,2048,2048,16,1,192,192,2048,1,slope,2,0,1.0,4,65536,65536,0,1,1024/1792/3840,1024/1792/3840,0,0,1,1,0,1,1,128,128,192,2,1,0,0,0,1,0,0,1
18616932492646160,0x42240060081710,1,BSND,FLOAT,2,1024,1024,2,1,192,192,bnss,1,bnhs,1,0,0.5,1,65536,65536,0,1,,,0,0,1,0,1,1,1,128,128,192,2,1,0,0,0,1,0,0,1
18616932492646288,0x42240060081790,1,TND,FLOAT,2,128,128,2,1,192,192,2048,1,slope,2,0,0.5,0,65536,65536,0,1,128/128,128/128,0,0,1,1,1,1,1,128,128,192,2,1,0,0,0,1,0,0,1
18616933029515280,0x42240080081010,1,BSND,FLOAT,2,1024,1024,2,1,256,256,none,0,,1,0,1.0,2,1024,0,0,1,,,0,0,1,0,0,0,0,128,128,256,2,1,0,0,0,1,0,0,1
18616933029515408,0x42240080081090,1,TND,FLOAT,3,3072,128,2,1,256,256,none,0,,1,0,1.0,4,65536,65536,0,1,1024/2816/5888,128/256/384,0,0,1,1,0,0,0,128,128,256,2,1,0,0,0,1,0,0,1
18616933029515536,0x42240080081110,1,SBH,FLOAT,1,64,1024,1,1,256,256,none,0,,1,0,0.9,0,65536,65536,0,1,,,0,0,1,0,1,0,0,128,128,256,2,1,0,0,0,1,0,0,1
18616933029515664,0x42240080081190,1,TND,FLOAT,3,3072,8192,2,1,256,256,none,0,,1,0,0.5,4,65536,65536,0,1,1024/1792/4864,4096/7168/15360,0,0,1,1,1,0,0,128,128,256,2,1,0,0,0,1,0,0,1
18616933029515792,0x42240080081210,1,BSND,FLOAT,2,1024,1024,2,1,256,256,none,1,bnhs,1,0,1.0,0,65536,65536,0,1,,,0,0,1,0,0,1,0,128,128,256,2,1,0,0,0,1,0,0,1
18616933029515920,0x42240080081290,1,TND,FLOAT,3,2048,2048,2,1,256,256,none,1,slope,2,0,1.0,1,128,65536,0,1,1024/1792/3840,1024/1792/3840,0,0,1,1,0,1,0,128,128,256,2,1,0,0,0,1,0,0,1
18616933029516048,0x42240080081310,1,SBH,FLOAT,1,256,256,1,1,256,256,none,1,slope,2,0,0.5,0,65536,65536,0,1,,,0,0,1,0,1,1,0,128,128,256,2,1,0,0,0,1,0,0,1
18616933029516176,0x42240080081390,1,TND,FLOAT,3,4096,64,2,1,256,256,none,1,slope,2,0,0.5,0,65536,65536,0,1,4096/8064/11904,64/107/129,0,0,1,1,1,1,0,128,128,256,2,1,0,0,0,1,0,0,1
18616933029516304,0x42240080081410,1,SBH,FLOAT,1,256,256,1,1,256,256,11ss,0,,1,0,1.0,0,65536,65536,0,1,,,0,0,1,0,0,0,1,128,128,256,2,1,0,0,0,1,0,0,1
18616933029516432,0x42240080081490,1,TND,FLOAT,3,3072,8192,2,1,256,256,2048,0,,1,0,1.0,4,65536,65536,0,1,1024/1792/4864,4096/7168/15360,0,0,1,1,0,0,1,128,128,256,2,1,0,0,0,1,0,0,1
18616933029516560,0x42240080081510,1,BSND,FLOAT,2,1024,1024,2,1,256,256,ss,0,,1,0,0.5,1,65536,65536,0,1,,,0,0,1,0,1,0,1,128,128,256,2,1,0,0,0,1,0,0,1
18616933029516688,0x42240080081590,1,TND,FLOAT,3,2048,2048,2,1,256,256,2048,0,,1,0,0.5,0,65536,65536,0,1,1024/1792/3840,1024/1792/3840,0,0,1,1,1,0,1,128,128,256,2,1,0,0,0,1,0,0,1
18616933029516816,0x42240080081610,1,SBH,FLOAT,1,64,256,1,1,256,256,11ss,1,b1ss,0,0,1.0,0,65536,65536,0,1,,,0,0,1,0,0,1,1,128,128,256,2,1,0,0,0,1,0,0,1
18616933029516944,0x42240080081690,1,TND,FLOAT,3,1024,1024,2,1,256,256,11ss,1,slope,2,0,1.0,0,65536,65536,1,1,1024/1920/2688,1024/1920/2688,0,0,1,1,0,1,1,128,128,256,2,1,0,0,0,1,0,0,1
18616933029517072,0x42240080081710,1,BSND,FLOAT,2,1024,1024,2,1,256,256,b1ss,1,bnhs,1,0,0.5,0,65536,65536,0,1,,,0,0,1,0,1,1,1,128,128,256,2,1,0,0,0,1,0,0,1
18616933029517200,0x42240080081790,1,TND,FLOAT,2,128,128,2,1,256,256,ss,1,slope,2,0,0.9,0,65536,65536,0,1,128/128,128/128,0,0,1,1,1,1,1,128,128,256,2,1,0,0,0,1,0,0,1
18616933566384144,0x422400a0080810,1,TND,FLOAT,1,256,256,1,1,320,320,none,0,,1,0,1.0,0,65536,65536,0,1,256,256,0,0,1,0,0,0,0,64,128,768,2,1,0,0,0,1,0,0,1
18616933566384272,0x422400a0080890,1,TND,FLOAT,3,512,1024,2,1,512,512,none,0,,1,0,1.0,4,128,512,1,1,256/768/768,128/1152/2176,0,0,1,1,0,0,0,64,128,768,2,1,0,0,0,1,0,0,1
18616933566384400,0x422400a0080910,1,BSND,FLOAT,1,256,256,1,1,320,320,none,0,,1,0,0.5,0,65536,65536,0,1,,,0,0,1,0,1,0,0,64,128,768,2,1,0,0,0,1,0,0,1
18616933566384528,0x422400a0080990,1,TND,FLOAT,6,2048,4096,2,1,320,320,none,0,,1,0,0.9,0,65536,65536,0,1,1024/1920/2688/4736/4800/6848,4096/8192/12288/16384/20480/24576,0,0,1,1,1,0,0,64,128,768,2,1,0,0,0,1,0,0,1
18616933566384656,0x422400a0080a10,1,BSND,FLOAT,1,256,256,1,1,320,320,none,1,1nss,1,0,1.0,0,65536,65536,0,1,,,0,0,1,0,0,1,0,64,128,768,2,1,0,0,0,1,0,0,1
18616933566384784,0x422400a0080a90,1,TND,FLOAT,3,128,1024,2,1,320,320,none,1,slope,2,0,1.0,4,65536,65536,0,1,128/214/258,1024/1920/2688,0,0,1,1,0,1,0,64,128,768,2,1,0,0,0,1,0,0,1
18616933566384912,0x422400a0080b10,1,BSND,FLOAT,1,256,256,1,1,320,320,none,1,slope_n,3,0,0.9,0,65536,65536,0,1,,,0,0,1,0,1,1,0,64,128,768,2,1,0,0,0,1,0,0,1
18616933566385040,0x422400a0080b90,1,TND,FLOAT,2,128,128,2,1,320,320,none,1,slope,2,0,0.5,2,65536,65536,0,1,128/128,128/128,0,0,1,1,1,1,0,64,128,768,2,1,0,0,0,1,0,0,1
18616933566385168,0x422400a0080c10,1,BSND,FLOAT,1,256,256,1,1,320,320,ss,0,,1,0,1.0,0,65536,65536,0,1,,,0,0,1,0,0,0,1,64,128,768,2,1,0,0,0,1,0,0,1
18616933566385296,0x422400a0080c90,1,TND,FLOAT,3,2048,2048,2,1,512,512,11ss,0,,1,0,1.0,4,65536,65536,0,1,1024/1792/3840,1024/1792/3840,0,0,1,1,0,0,1,64,128,768,2,1,0,0,0,1,0,0,1
18616933566385424,0x422400a0080d10,1,BSND,FLOAT,2,1024,1024,2,1,320,320,ss,0,,1,0,0.5,0,65536,65536,0,1,,,0,0,1,0,1,0,1,64,128,768,2,1,0,0,0,1,0,0,1
18616933566385552,0x422400a0080d90,1,TND,FLOAT,6,2048,4096,2,1,320,320,2048,0,,1,0,0.9,4,65536,65536,0,1,1024/1920/2688/4736/4800/6848,4096/8192/12288/16384/20480/24576,0,0,1,1,1,0,1,64,128,768,2,1,0,0,0,1,0,0,1
18616933566385680,0x422400a0080e10,1,SBH,FLOAT,1,256,256,1,1,512,512,11ss,1,b1ss,0,0,1.0,0,65536,65536,0,1,,,0,0,1,0,0,1,1,64,128,768,2,1,0,0,0,1,0,0,1
18616933566385808,0x422400a0080e90,1,TND,FLOAT,3,128,1024,2,1,320,320,2048,1,slope,2,0,1.0,4,65536,65536,0,1,128/214/258,1024/1920/2688,0,0,1,1,0,1,1,64,128,768,2,1,0,0,0,1,0,0,1
18616933566385936,0x422400a0080f10,1,BSND,FLOAT,1,256,256,1,1,320,320,ss,1,slope_n,3,0,0.9,0,65536,65536,0,1,,,0,0,1,0,1,1,1,64,128,768,2,1,0,0,0,1,0,0,1
18616933566386064,0x422400a0080f90,1,TND,FLOAT,3,128,1024,2,1,320,320,2048,1,slope,2,0,0.5,4,65536,65536,0,1,128/214/258,1024/1920/2688,0,0,1,1,1,1,1,64,128,768,2,1,0,0,0,1,0,0,1
18619130442159120,0x42260020081410,1,SBH,FLOAT,1,256,256,1,1,64,64,2048,0,,1,0,1.0,2,128,0,0,1,,,0,0,1,0,0,0,1,128,128,64,3,1,0,0,0,1,0,0,1
18619130442159248,0x42260020081490,1,TND,FLOAT,48,512,512,4,1,64,64,2048,0,,1,0,1.0,2,128,0,0,1,512/512/512/512/512/512/512/512/512/512/512/512/512/512/512/512/512/512/512/512/512/512/512/512/512/512/512/512/512/512/512/512/512/512/512/512/512/512/512/512/512/512/512/512/512/512/512/512,512/512/512/512/512/512/512/512/512/512/512/512/512/512/512/512/512/512/512/512/512/512/512/512/512/512/512/512/512/512/512/512/512/512/512/512/512/512/512/512/512/512/512/512/512/512/512/512,0,0,1,1,0,0,1,128,128,64,3,1,0,0,0,1,0,0,1
18619130442159376,0x42260020081510,1,SBH,FLOAT,1,512,256,1,1,64,64,2048,0,,1,0,0.9,2,128,0,0,1,,,0,0,1,0,1,0,1,128,128,64,3,1,0,0,0,1,0,0,1
18619130442159504,0x42260020081590,1,TND,FLOAT,32,2560,2560,2,1,64,64,2048,0,,1,0,0.9,2,65536,1024,0,1,2048/4352/6912/8960/11264/13824/15872/18176/20736/22784/25088/27648/29696/32000/34560/36608/38912/41472/43520/45824/48384/50432/52736/55296/57344/59648/62208/64256/66560/69120/71168/73472,2048/4352/6912/8960/11264/13824/15872/18176/20736/22784/25088/27648/29696/32000/34560/36608/38912/41472/43520/45824/48384/50432/52736/55296/57344/59648/62208/64256/66560/69120/71168/73472,0,0,1,1,1,0,1,128,128,64,3,1,0,0,0,1,0,0,1
18619130442159632,0x42260020081610,1,SBH,FLOAT,1,256,256,1,1,64,64,2048,1,1nss,1,0,1.0,2,128,0,0,1,,,0,0,1,0,0,1,1,128,128,64,3,1,0,0,0,1,0,0,1
18619130442159760,0x42260020081690,1,TND,FLOAT,32,2048,2048,2,1,64,64,2048,1,bnhs,1,0,1.0,2,128,0,0,1,2048/3968/6016/7936/9984/11904/13952/15872/17920/19840/21888/23808/25856/27776/29824/31744/33792/35712/37760/39680/41728/43648/45696/47616/49664/51584/53632/55552/57600/59520/61568/63488,2048/3968/6016/7936/9984/11904/13952/15872/17920/19840/21888/23808/25856/27776/29824/31744/33792/35712/37760/39680/41728/43648/45696/47616/49664/51584/53632/55552/57600/59520/61568/63488,0,0,1,1,0,1,1,128,128,64,3,1,0,0,0,1,0,0,1
18619130442159888,0x42260020081710,1,BSH,FLOAT,8,512,512,4,1,64,64,2048,1,bnss,1,0,0.9,2,128,0,0,1,,,0,0,1,0,1,1,1,128,128,64,3,1,0,0,0,1,0,0,1
18619130442160016,0x42260020081790,1,TND,FLOAT,2,128,128,2,1,64,64,2048,1,slope,2,0,0.9,2,65536,65536,0,1,128/128,128/128,0,0,1,1,1,1,1,128,128,64,3,1,0,0,0,1,0,0,1
18619130979030032,0x42260040081410,1,BSND,FLOAT,2,1024,1024,2,1,128,128,2048,0,,1,0,1.0,2,128,0,0,1,,,0,0,1,0,0,0,1,128,128,128,3,1,0,0,0,1,0,0,1
18619130979030160,0x42260040081490,1,TND,FLOAT,3,128,64,2,1,128,128,2048,0,,1,0,1.0,0,128,0,0,1,128/128/128,64/64/64,0,0,1,1,0,0,1,128,128,128,3,1,0,0,0,1,0,0,1
18619130979030288,0x42260040081510,1,TND,FLOAT,1,512,256,1,1,128,128,2048,0,,1,0,0.9,2,128,0,0,1,512,256,0,0,1,0,1,0,1,128,128,128,3,1,0,0,0,1,0,0,1
18619130979030416,0x42260040081590,1,TND,FLOAT,3,2048,2048,2,1,128,128,2048,0,,1,0,0.9,2,65536,65536,0,1,1024/1792/3840,1024/1792/3840,0,0,1,1,1,0,1,128,128,128,3,1,0,0,0,1,0,0,1
18619130979030544,0x42260040081610,1,BSND,FLOAT,2,1024,1024,2,1,128,128,2048,1,slope_n,3,0,1.0,2,128,0,0,1,,,0,0,1,0,0,1,1,128,128,128,3,1,0,0,0,1,0,0,1
18619130979030672,0x42260040081690,1,TND,FLOAT,32,2048,2048,2,1,128,128,2048,1,bnhs,1,0,1.0,2,128,0,0,1,2048/3968/6016/7936/9984/11904/13952/15872/17920/19840/21888/23808/25856/27776/29824/31744/33792/35712/37760/39680/41728/43648/45696/47616/49664/51584/53632/55552/57600/59520/61568/63488,2048/3968/6016/7936/9984/11904/13952/15872/17920/19840/21888/23808/25856/27776/29824/31744/33792/35712/37760/39680/41728/43648/45696/47616/49664/51584/53632/55552/57600/59520/61568/63488,0,0,1,1,0,1,1,128,128,128,3,1,0,0,0,1,0,0,1
18619130979030800,0x42260040081710,1,SBH,FLOAT,1,512,256,1,1,128,128,2048,1,1nss,1,0,0.9,2,128,0,0,1,,,0,0,1,0,1,1,1,128,128,128,3,1,0,0,0,1,0,0,1
18619130979030928,0x42260040081790,1,TND,FLOAT,3,2048,2048,2,1,128,128,2048,1,1nhs,1,0,0.9,2,65536,65536,0,1,1024/1792/3840,1024/1792/3840,0,0,1,1,1,1,1,128,128,128,3,1,0,0,0,1,0,0,1
18619131515900944,0x42260060081410,1,SBH,FLOAT,1,256,256,1,1,192,192,2048,0,,1,0,1.0,2,128,0,0,1,,,0,0,1,0,0,0,1,128,128,192,3,1,0,0,0,1,0,0,1
18619131515901072,0x42260060081490,1,TND,FLOAT,2,256,256,1,1,192,192,2048,0,,1,0,1.0,2,128,0,0,1,256/256,256/256,0,0,1,1,0,0,1,128,128,192,3,1,0,0,0,1,0,0,1
18619131515901200,0x42260060081510,1,BNSD,FLOAT,1,256,256,1,1,192,192,2048,0,,1,0,0.9,2,128,0,0,1,,,0,0,1,0,1,0,1,128,128,192,3,1,0,0,0,1,0,0,1
18619131515901328,0x42260060081590,1,TND,FLOAT,3,2048,2048,2,1,192,192,2048,0,,1,0,0.9,2,128,0,0,1,2048/3968/5760,2048/3968/5760,0,0,1,1,1,0,1,128,128,192,3,1,0,0,0,1,0,0,1
18619131515901456,0x42260060081610,1,BSND,FLOAT,2,2048,2048,2,1,192,192,2048,1,bnhs,0,0,1.0,2,65536,65536,0,1,,,0,0,1,0,0,1,1,128,128,192,3,1,0,0,0,1,0,0,1
18619131515901584,0x42260060081690,1,TND,FLOAT,32,2048,2048,2,1,192,192,2048,1,bnhs,1,0,1.0,2,128,0,0,1,2048/3968/6016/7936/9984/11904/13952/15872/17920/19840/21888/23808/25856/27776/29824/31744/33792/35712/37760/39680/41728/43648/45696/47616/49664/51584/53632/55552/57600/59520/61568/63488,2048/3968/6016/7936/9984/11904/13952/15872/17920/19840/21888/23808/25856/27776/29824/31744/33792/35712/37760/39680/41728/43648/45696/47616/49664/51584/53632/55552/57600/59520/61568/63488,0,0,1,1,0,1,1,128,128,192,3,1,0,0,0,1,0,0,1
18619131515901712,0x42260060081710,1,BNSD,FLOAT,1,256,256,1,1,192,192,2048,1,1nss,1,0,0.5,2,128,0,0,1,,,0,0,1,0,1,1,1,128,128,192,3,1,0,0,0,1,0,0,1
18619131515901840,0x42260060081790,1,TND,FLOAT,3,2048,2048,2,1,192,192,2048,1,1nhs,1,0,0.9,2,128,0,0,1,2048/3968/5760,2048/3968/5760,0,0,1,1,1,1,1,128,128,192,3,1,0,0,0,1,0,0,1
18619132052771856,0x42260080081410,1,SBH,FLOAT,1,256,256,1,1,256,256,2048,0,,1,0,1.0,2,128,0,0,1,,,0,0,1,0,0,0,1,128,128,256,3,1,0,0,0,1,0,0,1
18619132052771984,0x42260080081490,1,TND,FLOAT,24,512,256,2,1,256,256,2048,0,,1,0,1.0,2,128,64,0,1,512/512/512/512/512/512/512/512/512/512/512/512/512/512/512/512/512/512/512/512/512/512/512/512,256/256/256/256/256/256/256/256/256/256/256/256/256/256/256/256/256/256/256/256/256/256/256/256,0,0,1,1,0,0,1,128,128,256,3,1,0,0,0,1,0,0,1
18619132052772112,0x42260080081510,1,SBH,FLOAT,1,256,256,1,1,256,256,2048,0,,1,0,0.5,2,128,65536,0,1,,,0,0,1,0,1,0,1,128,128,256,3,1,0,0,0,1,0,0,1
18619132052772240,0x42260080081590,1,TND,FLOAT,3,256,256,2,1,256,256,2048,0,,1,0,0.9,2,128,0,0,1,256/384/384,256/384/384,0,0,1,1,1,0,1,128,128,256,3,1,0,0,0,1,0,0,1
18619132052772368,0x42260080081610,1,SBH,FLOAT,1,256,256,1,1,256,256,2048,1,1nss,1,0,1.0,2,128,0,0,1,,,0,0,1,0,0,1,1,128,128,256,3,1,0,0,0,1,0,0,1
18619132052772496,0x42260080081690,1,TND,FLOAT,32,2048,2048,2,1,256,256,2048,1,bnhs,1,0,1.0,2,128,0,0,1,2048/3968/6016/7936/9984/11904/13952/15872/17920/19840/21888/23808/25856/27776/29824/31744/33792/35712/37760/39680/41728/43648/45696/47616/49664/51584/53632/55552/57600/59520/61568/63488,2048/3968/6016/7936/9984/11904/13952/15872/17920/19840/21888/23808/25856/27776/29824/31744/33792/35712/37760/39680/41728/43648/45696/47616/49664/51584/53632/55552/57600/59520/61568/63488,0,0,1,1,0,1,1,128,128,256,3,1,0,0,0,1,0,0,1
18619132052772624,0x42260080081710,1,SBH,FLOAT,1,512,256,1,1,256,256,2048,1,1nss,1,0,0.9,2,128,0,0,1,,,0,0,1,0,1,1,1,128,128,256,3,1,0,0,0,1,0,0,1
18619132052772752,0x42260080081790,1,TND,FLOAT,4,4096,4096,2,1,256,256,2048,1,1nhs,1,0,0.5,3,128,0,0,1,4096/8064/12160/16128,4096/8064/12160/16128,0,0,1,1,1,1,1,128,128,256,3,1,0,0,0,1,0,0,1
18619132589640720,0x422600a0080c10,1,TND,FLOAT,1,1024,1024,2,1,512,512,2048,0,,1,0,1.0,2,128,0,0,1,1024,1024,0,0,1,0,0,0,1,64,128,768,3,1,0,0,0,1,0,0,1
18619132589640848,0x422600a0080c90,1,TND,FLOAT,4,4096,4096,2,1,320,320,2048,0,,1,0,1.0,2,128,0,0,1,4096/8064/12160/16128,4096/8064/12160/16128,0,0,1,1,0,0,1,64,128,768,3,1,0,0,0,1,0,0,1
18619132589640976,0x422600a0080d10,1,SBH,FLOAT,2,256,256,1,1,320,320,2048,0,,1,0,0.9,2,128,0,0,1,,,0,0,1,0,1,0,1,64,128,768,3,1,0,0,0,1,0,0,1
18619132589641104,0x422600a0080d90,1,TND,FLOAT,6,2048,4096,2,1,320,320,2048,0,,1,0,0.9,2,65536,65536,0,1,1024/1920/2688/4736/4800/6848,4096/8192/12288/16384/20480/24576,0,0,1,1,1,0,1,64,128,768,3,1,0,0,0,1,0,0,1
18619132589641232,0x422600a0080e10,1,BSND,FLOAT,1,1024,1024,2,1,512,512,2048,1,1nhs,1,0,1.0,2,128,0,0,1,,,0,0,1,0,0,1,1,64,128,768,3,1,0,0,0,1,0,0,1
18619132589641360,0x422600a0080e90,1,TND,FLOAT,4,4096,4096,2,1,320,320,2048,1,1nhs,1,0,1.0,2,128,0,0,1,4096/8064/12160/16128,4096/8064/12160/16128,0,0,1,1,0,1,1,64,128,768,3,1,0,0,0,1,0,0,1
18619132589641488,0x422600a0080f10,1,BSND,FLOAT,1,128,1024,2,1,512,512,2048,1,1nss,1,0,0.5,2,128,0,0,1,,,0,0,1,0,1,1,1,64,128,768,3,1,0,0,0,1,0,0,1
18619132589641616,0x422600a0080f90,1,TND,FLOAT,4,4096,4096,2,1,320,320,2048,1,1nhs,1,0,0.5,2,128,0,0,1,4096/8064/12160/16128,4096/8064/12160/16128,0,0,1,1,1,1,1,64,128,768,3,1,0,0,0,1,0,0,1
18621329465414672,0x42280020081410,1,BSH,FLOAT,4,512,512,2,1,64,64,2048,0,,1,0,1.0,3,1024,65536,0,1,,,0,0,1,0,0,0,1,128,128,64,4,1,0,0,0,1,0,0,1
18621329465414800,0x42280020081490,1,TND,FLOAT,3,1024,1024,2,1,64,64,2048,0,,1,0,1.0,0,128,0,0,1,512/896/1920,1024/2048/3072,0,0,1,1,0,0,1,128,128,64,4,1,0,0,0,1,0,0,1
18621329465414928,0x42280020081510,1,BSH,FLOAT,48,512,512,4,1,64,64,2048,0,,1,0,0.9,3,128,0,0,1,,,0,0,1,0,1,0,1,128,128,64,4,1,0,0,0,1,0,0,1
18621329465415056,0x42280020081590,1,TND,FLOAT,3,2048,2048,2,1,64,64,2048,0,,1,0,0.9,0,128,0,0,1,2048/3968/5760,2048/3968/5760,0,0,1,1,1,0,1,128,128,64,4,1,0,0,0,1,0,0,1
18621329465415184,0x42280020081610,1,SBH,FLOAT,1,256,256,8,1,64,64,2048,1,1nss,1,0,1.0,3,128,0,0,1,,,0,0,1,0,0,1,1,128,128,64,4,1,0,0,0,1,0,0,1
18621329465415312,0x42280020081690,1,TND,FLOAT,3,2048,2048,2,1,64,64,2048,1,slope,3,0,1.0,0,128,0,0,1,1024/1792/3840,1024/1792/3840,0,0,1,1,0,1,1,128,128,64,4,1,0,0,0,1,0,0,1
18621329465415440,0x42280020081710,1,BSND,FLOAT,2,1024,128,2,1,64,64,2048,1,b1ss,1,0,0.9,3,128,0,0,1,,,0,0,1,0,1,1,1,128,128,64,4,1,0,0,0,1,0,0,1
18621329465415568,0x42280020081790,1,TND,FLOAT,16,1024,1024,2,1,64,64,11ss,1,slope,3,0,0.9,0,256,2048,0,1,64/128/384/448/1472/1472/1472/1984/1984/2112/2240/2240/2752/3776/4800/5312,64/320/832/1856/2368/2880/3904/4032/4288/4800/5824/5824/6848/6976/7040/7296,0,0,1,1,1,1,1,128,128,64,4,1,0,0,0,1,0,0,1
18621330002285584,0x42280040081410,1,SBH,FLOAT,1,256,256,4,1,128,128,2048,0,,1,0,1.0,3,128,0,0,1,,,0,0,1,0,0,0,1,128,128,128,4,1,0,0,0,1,0,0,1
18621330002285712,0x42280040081490,1,TND,FLOAT,32,2048,2048,2,1,128,128,2048,0,,1,0,1.0,0,128,0,0,1,2048/3968/6016/7936/9984/11904/13952/15872/17920/19840/21888/23808/25856/27776/29824/31744/33792/35712/37760/39680/41728/43648/45696/47616/49664/51584/53632/55552/57600/59520/61568/63488,2048/3968/6016/7936/9984/11904/13952/15872/17920/19840/21888/23808/25856/27776/29824/31744/33792/35712/37760/39680/41728/43648/45696/47616/49664/51584/53632/55552/57600/59520/61568/63488,0,0,1,1,0,0,1,128,128,128,4,1,0,0,0,1,0,0,1
18621330002285840,0x42280040081510,1,SBH,FLOAT,1,512,1024,1,1,128,128,2048,0,,1,0,0.9,3,0,0,0,1,,,0,0,1,0,1,0,1,128,128,128,4,1,0,0,0,1,0,0,1
18621330002285968,0x42280040081590,1,TND,FLOAT,2,4096,1024,2,1,128,128,2048,0,,1,0,0.9,3,128,0,0,1,4096/4096,1024/1024,0,0,1,1,1,0,1,128,128,128,4,1,0,0,0,1,0,0,1
18621330002286096,0x42280040081610,1,BNSD,FLOAT,1,256,256,1,1,128,128,2048,1,slope,2,0,1.0,3,128,0,0,1,,,0,0,1,0,0,1,1,128,128,128,4,1,0,0,0,1,0,0,1
18621330002286224,0x42280040081690,1,TND,FLOAT,3,1024,1024,2,1,128,128,2048,1,slope,2,0,1.0,4,65536,0,0,1,1024/1792/1792,1024/2048/3072,0,0,1,1,0,1,1,128,128,128,4,1,0,0,0,1,0,0,1
18621330002286352,0x42280040081710,1,SBH,FLOAT,1,256,256,1,1,128,128,2048,1,1nss,0,0,0.9,3,128,0,0,1,,,0,0,1,0,1,1,1,128,128,128,4,1,0,0,0,1,0,0,1
18621330002286480,0x42280040081790,1,TND,FLOAT,2,1024,128,2,1,128,128,2048,1,slope,2,0,0.5,3,128,0,0,1,1024/1792,128/256,0,0,1,1,1,1,1,128,128,128,4,1,0,0,0,1,0,0,1
18621330539156496,0x42280060081410,1,BNSD,FLOAT,1,256,256,1,1,192,192,2048,0,,1,0,1.0,3,128,0,0,1,,,0,0,1,0,0,0,1,128,128,192,4,1,0,0,0,1,0,0,1
18621330539156624,0x42280060081490,1,TND,FLOAT,3,2048,128,2,1,192,192,2048,0,,1,0,1.0,0,128,0,0,1,1024/1024/3072,128/256/384,0,0,1,1,0,0,1,128,128,192,4,1,0,0,0,1,0,0,1
18621330539156752,0x42280060081510,1,BNSD,FLOAT,1,256,256,1,1,192,192,2048,0,,1,0,0.9,3,128,0,0,1,,,0,0,1,0,1,0,1,128,128,192,4,1,0,0,0,1,0,0,1
18621330539156880,0x42280060081590,1,TND,FLOAT,3,2048,2048,2,1,192,192,2048,0,,1,0,0.9,0,128,0,0,1,2048/3968/5760,2048/3968/5760,0,0,1,1,1,0,1,128,128,192,4,1,0,0,0,1,0,0,1
18621330539157008,0x42280060081610,1,BSND,FLOAT,2,2048,2048,2,1,192,192,2048,1,bnhs,0,0,1.0,3,65536,65536,0,1,,,0,0,1,0,0,1,1,128,128,192,4,1,0,0,0,1,0,0,1
18621330539157136,0x42280060081690,1,TND,FLOAT,3,2048,2048,2,1,144,144,bnss,1,slope,2,0,1.0,4,128,128,0,1,1024/1792/3840,1024/1792/3840,0,0,1,1,0,1,1,128,128,192,4,1,0,0,0,1,0,0,1
18621330539157264,0x42280060081710,1,SBH,FLOAT,1,256,256,1,1,192,192,2048,1,1nss,0,0,0.5,3,128,0,0,1,,,0,0,1,0,1,1,1,128,128,192,4,1,0,0,0,1,0,0,1
18621330539157392,0x42280060081790,1,TND,FLOAT,3,2048,128,2,1,192,192,2048,1,slope,2,0,0.5,0,128,0,0,1,0/768/2816,128/256/384,0,0,1,1,1,1,1,128,128,192,4,1,0,0,0,1,0,0,1
18621331076027408,0x42280080081410,1,BSH,FLOAT,2,512,512,2,1,256,256,2048,0,,1,0,1.0,3,128,0,0,1,,,0,0,1,0,0,0,1,128,128,256,4,1,0,0,0,1,0,0,1
18621331076027536,0x42280080081490,1,TND,FLOAT,3,2048,2048,1,1,256,256,2048,0,,1,0,1.0,0,128,0,0,1,1024/1792/3840,1024/1792/3840,0,0,1,1,0,0,1,128,128,256,4,1,0,0,0,1,0,0,1
18621331076027664,0x42280080081510,1,SBH,FLOAT,1,256,256,1,1,256,256,2048,0,,1,0,0.5,3,128,0,0,1,,,0,0,1,0,1,0,1,128,128,256,4,1,0,0,0,1,0,0,1
18621331076027792,0x42280080081590,1,TND,FLOAT,3,2048,128,2,1,256,256,2048,0,,1,0,0.5,3,128,0,0,1,1024/1280/3328,128/256/384,0,0,1,1,1,0,1,128,128,256,4,1,0,0,0,1,0,0,1
18621331076027920,0x42280080081610,1,SBH,FLOAT,1,256,256,1,1,256,256,2048,1,slope,2,0,1.0,3,128,0,0,1,,,0,0,1,0,0,1,1,128,128,256,4,1,0,0,0,1,0,0,1
18621331076028048,0x42280080081690,1,TND,FLOAT,4,1024,2048,2,1,256,256,2048,1,bnhs,1,0,1.0,3,0,0,2,1,1024/1024/1024/1024,2048/2048/2048/2048,0,0,1,1,0,1,1,128,128,256,4,1,0,0,0,1,0,0,1
18621331076028176,0x42280080081710,1,SBH,FLOAT,1,256,256,1,1,256,256,2048,1,slope,2,0,0.5,3,128,0,0,1,,,0,0,1,0,1,1,1,128,128,256,4,1,0,0,0,1,0,0,1
18621331076028304,0x42280080081790,1,TND,FLOAT,4,1024,256,2,1,256,256,2048,1,1nhs,0,0,0.9,3,128,0,0,1,1024/1024/1024/1024,256/256/256/256,0,0,1,1,1,1,1,128,128,256,4,1,0,0,0,1,0,0,1
18621331612896272,0x422800a0080c10,1,SBH,FLOAT,1,256,256,1,1,320,320,2048,0,,1,0,1.0,3,128,0,0,1,,,0,0,1,0,0,0,1,64,128,768,4,1,0,0,0,1,0,0,1
18621331612896400,0x422800a0080c90,1,TND,FLOAT,4,4096,4096,2,1,320,320,2048,0,,1,0,1.0,0,128,0,0,1,4096/8064/12160/16128,4096/8064/12160/16128,0,0,1,1,0,0,1,64,128,768,4,1,0,0,0,1,0,0,1
18621331612896528,0x422800a0080d10,1,BSH,FLOAT,4,128,64,4,1,320,320,2048,0,,1,0,0.5,4,128,0,0,1,,,0,0,1,0,1,0,1,64,128,768,4,1,0,0,0,1,0,0,1
18621331612896656,0x422800a0080d90,1,TND,FLOAT,6,2048,4096,2,1,320,320,2048,0,,1,0,0.9,3,65536,65536,0,1,1024/1920/2688/4736/4800/6848,4096/8192/12288/16384/20480/24576,0,0,1,1,1,0,1,64,128,768,4,1,0,0,0,1,0,0,1
18621331612896784,0x422800a0080e10,1,BSH,FLOAT,4,128,64,4,1,320,320,2048,1,bnss,1,0,1.0,4,128,0,0,1,,,0,0,1,0,0,1,1,64,128,768,4,1,0,0,0,1,0,0,1
18621331612896912,0x422800a0080e90,1,TND,FLOAT,3,128,1024,2,1,320,320,2048,1,slope,2,0,1.0,3,65536,65536,0,1,128/214/258,1024/1920/2688,0,0,1,1,0,1,1,64,128,768,4,1,0,0,0,1,0,0,1
18621331612897040,0x422800a0080f10,1,BSND,FLOAT,2,1024,128,2,1,768,768,2048,1,b1ss,1,0,0.9,3,128,0,0,1,,,0,0,1,0,1,1,1,64,128,768,4,1,0,0,0,1,0,0,1
18621331612897168,0x422800a0080f90,1,TND,FLOAT,6,2048,4096,2,1,320,320,2048,1,1nhs,1,0,0.9,3,65536,65536,0,1,1024/1920/2688/4736/4800/6848,4096/8192/12288/16384/20480/24576,0,0,1,1,1,1,1,64,128,768,4,1,0,0,0,1,0,0,1
18718086488657936,0x42800020081010,1,SBH,FLOAT,1,256,256,2,2,64,16,none,0,,1,0,1.0,0,65536,65536,0,0,,,0,0,1,0,0,0,0,128,128,64,0,0,0,1,0,1,0,0,1
18718086488658064,0x42800020081090,1,TND,FLOAT,3,2048,2048,2,1,64,16,none,0,,1,0,1.0,4,65536,65536,0,0,1024/1792/3840,1024/1792/3840,0,0,1,1,0,0,0,128,128,64,0,0,0,1,0,1,0,0,1
18718086488658192,0x42800020081110,1,BNSD,FLOAT,48,256,256,1,1,64,16,none,0,,1,0,0.9,0,65536,65536,0,0,,,0,0,1,0,1,0,0,128,128,64,0,0,0,1,0,1,0,0,1
18718086488658320,0x42800020081190,1,TND,FLOAT,3,2048,2048,2,1,64,32,none,0,,1,0,0.9,4,65536,65536,0,0,1024/1792/3840,1024/1792/3840,0,0,1,1,1,0,0,128,128,64,0,0,0,1,0,1,0,0,1
18718086488658448,0x42800020081210,1,SBH,FLOAT,1,256,256,1,1,64,16,none,1,slope_n,3,0,1.0,0,65536,65536,0,0,,,0,0,1,0,0,1,0,128,128,64,0,0,0,1,0,1,0,0,1
18718086488658576,0x42800020081290,1,TND,FLOAT,3,2048,2048,2,1,64,16,none,1,slope,2,0,1.0,4,65536,65536,0,0,1024/1792/3840,1024/1792/3840,0,0,1,1,0,1,0,128,128,64,0,0,0,1,0,1,0,0,1
18718086488658704,0x42800020081310,1,TND,FLOAT,1,256,1024,1,1,64,16,none,1,slope_n,3,0,0.9,0,65536,65536,0,0,256,1024,0,0,1,0,1,1,0,128,128,64,0,0,0,1,0,1,0,0,1
18718086488658832,0x42800020081390,1,TND,FLOAT,3,2048,2048,2,1,64,56,none,1,slope,2,0,0.5,0,128,65536,0,0,1024/1792/3840,1024/1792/3840,0,0,1,1,1,1,0,128,128,64,0,0,0,1,0,1,0,0,1
18718086488658960,0x42800020081410,1,SBH,FLOAT,1,256,256,1,1,64,48,11ss,0,,1,0,1.0,6,1024,65536,0,0,,,0,0,1,0,0,0,1,128,128,64,0,0,0,1,0,1,0,0,1
18718086488659088,0x42800020081490,1,TND,FLOAT,3,2048,2048,2,1,64,16,2048,0,,1,0,1.0,6,128,1024,0,0,1024/1792/3840,1024/1792/3840,0,0,1,1,0,0,1,128,128,64,0,0,0,1,0,1,0,0,1
18718086488659216,0x42800020081510,1,BSH,FLOAT,4,64,64,2,2,64,32,ss,0,,1,0,0.9,0,65536,65536,0,0,,,0,0,1,0,1,0,1,128,128,64,0,0,0,1,0,1,0,0,1
18718086488659344,0x42800020081590,1,TND,FLOAT,3,2048,2048,2,1,64,32,2048,0,,1,0,0.9,4,65536,65536,0,0,1024/1792/3840,1024/1792/3840,0,0,1,1,1,0,1,128,128,64,0,0,0,1,0,1,0,0,1
18718086488659472,0x42800020081610,1,BSND,FLOAT,2,1024,1024,2,1,64,32,ss,1,slope,3,0,1.0,0,65536,65536,0,0,,,0,0,1,0,0,1,1,128,128,64,0,0,0,1,0,1,0,0,1
18718086488659600,0x42800020081690,1,TND,FLOAT,3,2048,2048,2,1,64,32,2048,1,slope,2,0,1.0,4,65536,65536,0,0,1024/1792/3840,1024/1792/3840,0,0,1,1,0,1,1,128,128,64,0,0,0,1,0,1,0,0,1
18718086488659728,0x42800020081710,1,SBH,FLOAT,1,256,256,1,1,64,16,11ss,1,slope_n,3,0,0.9,0,65536,65536,0,0,,,0,0,1,0,1,1,1,128,128,64,0,0,0,1,0,1,0,0,1
18718086488659856,0x42800020081790,1,TND,FLOAT,48,256,256,1,1,64,16,11ss,1,slope_n,3,0,0.9,0,65536,65536,0,0,256/256/256/256/256/256/256/256/256/256/256/256/256/256/256/256/256/256/256/256/256/256/256/256/256/256/256/256/256/256/256/256/256/256/256/256/256/256/256/256/256/256/256/256/256/256/256/256,256/256/256/256/256/256/256/256/256/256/256/256/256/256/256/256/256/256/256/256/256/256/256/256/256/256/256/256/256/256/256/256/256/256/256/256/256/256/256/256/256/256/256/256/256/256/256/256,0,0,1,1,1,1,1,128,128,64,0,0,0,1,0,1,0,0,1
18718087025528848,0x42800040081010,1,SBH,FLOAT,1,128,128,1,1,72,64,none,0,,1,0,1.0,0,65536,65536,0,0,,,0,0,1,0,0,0,0,128,128,128,0,0,0,1,0,1,0,0,1
18718087025528976,0x42800040081090,1,TND,FLOAT,3,2048,2048,2,1,96,72,none,0,,1,0,1.0,1,65536,128,0,0,2048/2048/2048,2048/2048/2048,0,0,1,1,0,0,0,128,128,128,0,0,0,1,0,1,0,0,1
18718087025529104,0x42800040081110,1,BSH,FLOAT,4,64,1024,2,2,96,32,none,0,,1,0,0.9,0,65536,65536,0,0,,,0,0,1,0,1,0,0,128,128,128,0,0,0,1,0,1,0,0,1
18718087025529232,0x42800040081190,1,TND,FLOAT,3,2048,2048,2,1,128,96,none,0,,1,0,0.9,4,65536,65536,0,0,1024/1792/3840,1024/1792/3840,0,0,1,1,1,0,0,128,128,128,0,0,0,1,0,1,0,0,1
18718087025529360,0x42800040081210,1,SBH,FLOAT,1,256,256,1,1,72,64,none,1,1nss,1,0,1.0,0,65536,65536,0,0,,,0,0,1,0,0,1,0,128,128,128,0,0,0,1,0,1,0,0,1
18718087025529488,0x42800040081290,1,TND,FLOAT,3,2048,2048,2,1,96,72,none,1,slope,2,0,1.0,4,65536,65536,0,0,1024/1792/3840,1024/1792/3840,0,0,1,1,0,1,0,128,128,128,0,0,0,1,0,1,0,0,1
18718087025529616,0x42800040081310,1,SBH,FLOAT,1,256,256,4,1,72,32,none,1,1nss,0,0,0.9,0,65536,65536,0,0,,,0,0,1,0,1,1,0,128,128,128,0,0,0,1,0,1,0,0,1
18718087025529744,0x42800040081390,1,TND,FLOAT,2,1024,128,2,1,128,120,none,1,slope,2,0,0.5,4,65536,65536,0,0,1024/1792,128/256,0,0,1,1,1,1,0,128,128,128,0,0,0,1,0,1,0,0,1
18718087025529872,0x42800040081410,1,SBH,FLOAT,1,128,128,1,1,128,48,ss,0,,1,0,1.0,0,128,65536,0,0,,,0,0,1,0,0,0,1,128,128,128,0,0,0,1,0,1,0,0,1
18718087025530000,0x42800040081490,1,TND,FLOAT,32,2048,2048,2,1,96,64,2048,0,,1,0,1.0,2,128,0,0,0,2048/3968/6016/7936/9984/11904/13952/15872/17920/19840/21888/23808/25856/27776/29824/31744/33792/35712/37760/39680/41728/43648/45696/47616/49664/51584/53632/55552/57600/59520/61568/63488,2048/3968/6016/7936/9984/11904/13952/15872/17920/19840/21888/23808/25856/27776/29824/31744/33792/35712/37760/39680/41728/43648/45696/47616/49664/51584/53632/55552/57600/59520/61568/63488,0,0,1,1,0,0,1,128,128,128,0,0,0,1,0,1,0,0,1
18718087025530128,0x42800040081510,1,BSH,FLOAT,4,512,512,2,2,72,64,ss,0,,1,0,0.9,0,65536,65536,0,0,,,0,0,1,0,1,0,1,128,128,128,0,0,0,1,0,1,0,0,1
18718087025530256,0x42800040081590,1,TND,FLOAT,3,8192,128,2,1,128,32,2048,0,,1,0,0.9,2,128,0,0,0,4096/7168/15360,128/256/384,0,0,1,1,1,0,1,128,128,128,0,0,0,1,0,1,0,0,1
18718087025530384,0x42800040081610,1,BSH,FLOAT,4,512,512,2,2,128,32,ss,1,bnss,1,0,1.0,0,65536,65536,0,0,,,0,0,1,0,0,1,1,128,128,128,0,0,0,1,0,1,0,0,1
18718087025530512,0x42800040081690,1,TND,FLOAT,3,2048,2048,2,1,128,32,2048,1,slope,2,0,1.0,4,65536,65536,0,0,1024/1792/3840,1024/1792/3840,0,0,1,1,0,1,1,128,128,128,0,0,0,1,0,1,0,0,1
18718087025530640,0x42800040081710,1,SBH,FLOAT,1,128,1024,1,1,72,16,ss,1,1nss,1,0,0.9,0,65536,65536,0,0,,,0,0,1,0,1,1,1,128,128,128,0,0,0,1,0,1,0,0,1
18718087025530768,0x42800040081790,1,TND,FLOAT,8,256,256,2,2,128,120,2048,1,slope,2,0,0.5,0,128,0,0,0,256/256/256/256/256/256/256/256,256/256/256/256/256/256/256/256,0,0,1,1,1,1,1,128,128,128,0,0,0,1,0,1,0,0,1
18718087562399760,0x42800060081010,1,SBH,FLOAT,1,256,256,1,1,192,16,none,0,,1,0,1.0,6,65536,1024,0,0,,,0,0,1,0,0,0,0,128,128,192,0,0,0,1,0,1,0,0,1
18718087562399888,0x42800060081090,1,TND,FLOAT,4,4096,4096,2,1,192,16,none,0,,1,0,1.0,0,65536,65536,0,0,4096/8064/12160/16128,4096/8064/12160/16128,0,0,1,1,0,0,0,128,128,192,0,0,0,1,0,1,0,0,1
18718087562400016,0x42800060081110,1,SBH,FLOAT,1,256,256,1,1,192,96,none,0,,1,0,0.9,0,65536,65536,0,0,,,0,0,1,0,1,0,0,128,128,192,0,0,0,1,0,1,0,0,1
18718087562400144,0x42800060081190,1,TND,FLOAT,3,2048,2048,2,1,192,128,none,0,,1,0,0.9,0,65536,65536,0,0,1024/3072/4608,1024/3072/4608,0,0,1,1,1,0,0,128,128,192,0,0,0,1,0,1,0,0,1
18718087562400272,0x42800060081210,1,BSH,FLOAT,4,512,512,2,1,192,64,none,1,bnss,0,0,1.0,0,65536,65536,0,0,,,0,0,1,0,0,1,0,128,128,192,0,0,0,1,0,1,0,0,1
18718087562400400,0x42800060081290,1,TND,FLOAT,3,2048,2048,2,1,192,128,none,1,slope,2,0,1.0,4,65536,65536,0,0,1024/1792/3840,1024/1792/3840,0,0,1,1,0,1,0,128,128,192,0,0,0,1,0,1,0,0,1
18718087562400528,0x42800060081310,1,SBH,FLOAT,1,256,256,2,1,192,96,none,1,1nss,0,0,0.9,0,65536,65536,0,0,,,0,0,1,0,1,1,0,128,128,192,0,0,0,1,0,1,0,0,1
18718087562400656,0x42800060081390,1,TND,FLOAT,2,128,128,2,1,192,64,none,1,slope,2,0,0.9,4,65536,65536,0,0,128/128,128/128,0,0,1,1,1,1,0,128,128,192,0,0,0,1,0,1,0,0,1
18718087562400784,0x42800060081410,1,SBH,FLOAT,1,256,256,2,2,192,128,ss,0,,1,0,1.0,0,65536,65536,0,0,,,0,0,1,0,0,0,1,128,128,192,0,0,0,1,0,1,0,0,1
18718087562400912,0x42800060081490,1,TND,FLOAT,3,2048,2048,2,1,192,72,2048,0,,1,0,1.0,4,65536,65536,0,0,1024/1792/3840,1024/1792/3840,0,0,1,1,0,0,1,128,128,192,0,0,0,1,0,1,0,0,1
18718087562401040,0x42800060081510,1,BSH,FLOAT,4,512,512,2,2,192,72,ss,0,,1,0,0.9,0,65536,65536,0,0,,,0,0,1,0,1,0,1,128,128,192,0,0,0,1,0,1,0,0,1
18718087562401168,0x42800060081590,1,TND,FLOAT,3,2048,2048,2,1,192,128,2048,0,,1,0,0.9,4,65536,65536,0,0,1024/1792/3840,1024/1792/3840,0,0,1,1,1,0,1,128,128,192,0,0,0,1,0,1,0,0,1
18718087562401296,0x42800060081610,1,BSH,FLOAT,4,512,512,2,2,192,64,11ss,1,bnss,0,0,1.0,0,65536,65536,0,0,,,0,0,1,0,0,1,1,128,128,192,0,0,0,1,0,1,0,0,1
18718087562401424,0x42800060081690,1,TND,FLOAT,3,2048,2048,2,1,192,128,bnss,1,slope,2,0,1.0,4,65536,65536,0,0,1024/1792/3840,1024/1792/3840,0,0,1,1,0,1,1,128,128,192,0,0,0,1,0,1,0,0,1
18718087562401552,0x42800060081710,1,SBH,FLOAT,1,256,256,1,1,192,128,ss,1,1nss,1,0,0.9,0,65536,65536,0,0,,,0,0,1,0,1,1,1,128,128,192,0,0,0,1,0,1,0,0,1
18718087562401680,0x42800060081790,1,TND,FLOAT,2,128,128,2,1,192,64,2048,1,slope,2,0,0.9,4,65536,65536,0,0,128/128,128/128,0,0,1,1,1,1,1,128,128,192,0,0,0,1,0,1,0,0,1
18718088099270672,0x42800080081010,1,SBH,FLOAT,1,256,256,1,2,256,16,none,0,,1,0,1.0,0,65536,65536,0,0,,,0,0,1,0,0,0,0,128,128,256,0,0,0,1,0,1,0,0,1
18718088099270800,0x42800080081090,1,TND,FLOAT,3,2048,2048,2,1,256,32,none,0,,1,0,1.0,0,65536,65536,0,0,1024/3072/4608,1024/3072/4608,0,0,1,1,0,0,0,128,128,256,0,0,0,1,0,1,0,0,1
18718088099270928,0x42800080081110,1,BSH,FLOAT,4,128,256,2,2,256,128,none,0,,1,0,0.9,0,65536,65536,0,0,,,0,0,1,0,1,0,0,128,128,256,0,0,0,1,0,1,0,0,1
18718088099271056,0x42800080081190,1,TND,FLOAT,3,2048,2048,2,1,256,128,none,0,,1,0,0.9,0,65536,65536,0,0,1024/3072/4608,1024/3072/4608,0,0,1,1,1,0,0,128,128,256,0,0,0,1,0,1,0,0,1
18718088099271184,0x42800080081210,1,BSND,FLOAT,2,128,256,2,1,256,64,none,1,bnss,0,0,1.0,0,65536,65536,0,0,,,0,0,1,0,0,1,0,128,128,256,0,0,0,1,0,1,0,0,1
18718088099271312,0x42800080081290,1,TND,FLOAT,3,2560,128,2,1,256,64,none,1,slope,2,0,1.0,4,65536,65536,0,0,1024/1920/4480,128/256/384,0,0,1,1,0,1,0,128,128,256,0,0,0,1,0,1,0,0,1
18718088099271440,0x42800080081310,1,BNSD,FLOAT,1,256,512,1,1,256,128,none,1,1nss,0,0,0.5,0,65536,65536,0,0,,,0,0,1,0,1,1,0,128,128,256,0,0,0,1,0,1,0,0,1
18718088099271568,0x42800080081390,1,TND,FLOAT,2,128,128,2,1,256,64,none,1,slope,2,0,0.9,4,65536,65536,0,0,128/128,128/128,0,0,1,1,1,1,0,128,128,256,0,0,0,1,0,1,0,0,1
18718088099271696,0x42800080081410,1,SBH,FLOAT,1,256,256,2,2,256,128,ss,0,,1,0,1.0,0,65536,65536,0,0,,,0,0,1,0,0,0,1,128,128,256,0,0,0,1,0,1,0,0,1
18718088099271824,0x42800080081490,1,TND,FLOAT,3,2048,2048,4,1,256,48,2048,0,,1,0,1.0,4,65536,65536,0,0,1024/1792/3840,1024/1792/3840,0,0,1,1,0,0,1,128,128,256,0,0,0,1,0,1,0,0,1
18718088099271952,0x42800080081510,1,BSH,FLOAT,4,512,512,2,2,256,72,ss,0,,1,0,0.9,0,65536,65536,0,0,,,0,0,1,0,1,0,1,128,128,256,0,0,0,1,0,1,0,0,1
18718088099272080,0x42800080081590,1,TND,FLOAT,3,2048,2048,2,1,256,128,2048,0,,1,0,0.9,4,65536,65536,0,0,1024/1792/3840,1024/1792/3840,0,0,1,1,1,0,1,128,128,256,0,0,0,1,0,1,0,0,1
18718088099272208,0x42800080081610,1,SBH,FLOAT,1,256,4096,1,1,256,128,ss,1,1nss,1,0,1.0,0,65536,65536,0,0,,,0,0,1,0,0,1,1,128,128,256,0,0,0,1,0,1,0,0,1
18718088099272336,0x42800080081690,1,TND,FLOAT,32,2048,2048,2,1,256,128,2048,1,bnhs,1,0,1.0,2,128,0,0,0,2048/3968/6016/7936/9984/11904/13952/15872/17920/19840/21888/23808/25856/27776/29824/31744/33792/35712/37760/39680/41728/43648/45696/47616/49664/51584/53632/55552/57600/59520/61568/63488,2048/3968/6016/7936/9984/11904/13952/15872/17920/19840/21888/23808/25856/27776/29824/31744/33792/35712/37760/39680/41728/43648/45696/47616/49664/51584/53632/55552/57600/59520/61568/63488,0,0,1,1,0,1,1,128,128,256,0,0,0,1,0,1,0,0,1
18718088099272464,0x42800080081710,1,BNSD,FLOAT,1,256,256,1,1,256,16,ss,1,b1ss,0,0,0.9,0,65536,65536,0,0,,,0,0,1,0,1,1,1,128,128,256,0,0,0,1,0,1,0,0,1
18718088099272592,0x42800080081790,1,TND,FLOAT,32,2048,2048,2,1,256,128,2048,1,bnhs,1,0,0.5,2,128,0,0,0,2048/3968/6016/7936/9984/11904/13952/15872/17920/19840/21888/23808/25856/27776/29824/31744/33792/35712/37760/39680/41728/43648/45696/47616/49664/51584/53632/55552/57600/59520/61568/63488,2048/3968/6016/7936/9984/11904/13952/15872/17920/19840/21888/23808/25856/27776/29824/31744/33792/35712/37760/39680/41728/43648/45696/47616/49664/51584/53632/55552/57600/59520/61568/63488,0,0,1,1,1,1,1,128,128,256,0,0,0,1,0,1,0,0,1
18718088636139536,0x428000a0080810,1,SBH,FLOAT,1,256,256,1,1,768,128,none,0,,1,0,1.0,0,65536,65536,0,0,,,0,0,1,0,0,0,0,64,128,768,0,0,0,1,0,1,0,0,1
18718088636139664,0x428000a0080890,1,TND,FLOAT,3,2048,2048,2,1,768,128,none,0,,1,0,1.0,4,65536,65536,0,0,1024/1792/3840,1024/1792/3840,0,0,1,1,0,0,0,64,128,768,0,0,0,1,0,1,0,0,1
18718088636139792,0x428000a0080910,1,SBH,FLOAT,1,256,256,1,1,768,128,none,0,,1,0,0.9,0,65536,65536,0,0,,,0,0,1,0,1,0,0,64,128,768,0,0,0,1,0,1,0,0,1
18718088636139920,0x428000a0080990,1,TND,FLOAT,3,2048,2048,2,1,768,128,none,0,,1,0,0.9,0,65536,65536,0,0,1024/3072/4608,1024/3072/4608,0,0,1,1,1,0,0,64,128,768,0,0,0,1,0,1,0,0,1
18718088636140048,0x428000a0080a10,1,SBH,FLOAT,1,4096,4096,1,1,768,128,none,1,1nss,0,0,1.0,0,65536,65536,0,0,,,0,0,1,0,0,1,0,64,128,768,0,0,0,1,0,1,0,0,1
18718088636140176,0x428000a0080a90,1,TND,FLOAT,3,512,2048,2,1,768,128,none,1,slope,2,0,1.0,4,65536,65536,0,0,512/896/1152,2048/3968/5760,0,0,1,1,0,1,0,64,128,768,0,0,0,1,0,1,0,0,1
18718088636140304,0x428000a0080b10,1,BSH,FLOAT,4,512,512,2,2,768,64,none,1,b1ss,1,0,0.9,0,65536,65536,0,0,,,0,0,1,0,1,1,0,64,128,768,0,0,0,1,0,1,0,0,1
18718088636140432,0x428000a0080b90,1,TND,FLOAT,2,128,128,2,1,512,48,none,1,slope,2,0,0.9,4,65536,65536,0,0,128/128,128/128,0,0,1,1,1,1,0,64,128,768,0,0,0,1,0,1,0,0,1
18718088636140560,0x428000a0080c10,1,SBH,FLOAT,1,256,256,1,1,768,128,ss,0,,1,0,1.0,0,65536,65536,0,0,,,0,0,1,0,0,0,1,64,128,768,0,0,0,1,0,1,0,0,1
18718088636140688,0x428000a0080c90,1,TND,FLOAT,32,2048,2048,2,1,768,128,2048,0,,1,0,1.0,2,128,0,0,0,2048/3968/6016/7936/9984/11904/13952/15872/17920/19840/21888/23808/25856/27776/29824/31744/33792/35712/37760/39680/41728/43648/45696/47616/49664/51584/53632/55552/57600/59520/61568/63488,2048/3968/6016/7936/9984/11904/13952/15872/17920/19840/21888/23808/25856/27776/29824/31744/33792/35712/37760/39680/41728/43648/45696/47616/49664/51584/53632/55552/57600/59520/61568/63488,0,0,1,1,0,0,1,64,128,768,0,0,0,1,0,1,0,0,1
18718088636140816,0x428000a0080d10,1,BSH,FLOAT,4,512,512,2,2,768,72,ss,0,,1,0,0.9,0,65536,65536,0,0,,,0,0,1,0,1,0,1,64,128,768,0,0,0,1,0,1,0,0,1
18718088636140944,0x428000a0080d90,1,TND,FLOAT,3,2048,2048,2,1,768,128,2048,0,,1,0,0.9,4,65536,65536,0,0,1024/1792/3840,1024/1792/3840,0,0,1,1,1,0,1,64,128,768,0,0,0,1,0,1,0,0,1
18718088636141072,0x428000a0080e10,1,SBH,FLOAT,1,256,256,1,1,768,128,ss,1,1nss,1,0,1.0,0,65536,65536,0,0,,,0,0,1,0,0,1,1,64,128,768,0,0,0,1,0,1,0,0,1
18718088636141200,0x428000a0080e90,1,TND,FLOAT,32,2048,2048,2,1,768,128,2048,1,bnhs,1,0,1.0,2,128,0,0,0,2048/3968/6016/7936/9984/11904/13952/15872/17920/19840/21888/23808/25856/27776/29824/31744/33792/35712/37760/39680/41728/43648/45696/47616/49664/51584/53632/55552/57600/59520/61568/63488,2048/3968/6016/7936/9984/11904/13952/15872/17920/19840/21888/23808/25856/27776/29824/31744/33792/35712/37760/39680/41728/43648/45696/47616/49664/51584/53632/55552/57600/59520/61568/63488,0,0,1,1,0,1,1,64,128,768,0,0,0,1,0,1,0,0,1
18718088636141328,0x428000a0080f10,1,SBH,FLOAT,1,256,256,1,1,768,128,ss,1,1nss,1,0,0.9,0,65536,65536,0,0,,,0,0,1,0,1,1,1,64,128,768,0,0,0,1,0,1,0,0,1
18718088636141456,0x428000a0080f90,1,TND,FLOAT,2,128,128,2,1,512,48,2048,1,slope,2,0,0.9,4,65536,65536,0,0,128/128,128/128,0,0,1,1,1,1,1,64,128,768,0,0,0,1,0,1,0,0,1
18720285511913488,0x42820020081010,1,SBH,FLOAT,1,256,256,1,1,64,16,none,0,,1,0,1.0,6,128,128,0,1,,,0,0,1,0,0,0,0,128,128,64,1,0,0,1,0,1,0,0,1
18720285511913616,0x42820020081090,1,TND,FLOAT,3,1024,2048,2,1,64,16,none,0,,1,0,1.0,6,65536,128,0,1,1024/2048/3072,2048/2816/4864,0,0,1,1,0,0,0,128,128,64,1,0,0,1,0,1,0,0,1
18720285511913744,0x42820020081110,1,SBH,FLOAT,1,1024,512,1,1,64,16,none,0,,1,0,0.9,5,65536,65536,0,1,,,0,0,1,0,1,0,0,128,128,64,1,0,0,1,0,1,0,0,1
18720285511913872,0x42820020081190,1,TND,FLOAT,3,1024,2048,2,1,64,56,none,0,,2,0,0.5,6,65536,128,0,1,1024/2048/3072,2048/2816/4864,0,0,1,1,1,0,0,128,128,64,1,0,0,1,0,1,0,0,1
18720285511914000,0x42820020081210,1,BSND,FLOAT,2,1024,1024,2,1,64,32,none,1,bnhs,1,0,1.0,5,128,0,0,1,,,0,0,1,0,0,1,0,128,128,64,1,0,0,1,0,1,0,0,1
18720285511914128,0x42820020081290,1,TND,FLOAT,3,2048,8192,2,1,64,16,none,1,slope,2,0,1.0,6,65536,65536,0,1,1024/1920/3968,4096/7168/15360,0,0,1,1,0,1,0,128,128,64,1,0,0,1,0,1,0,0,1
18720285511914256,0x42820020081310,1,TND,FLOAT,1,256,1024,1,1,64,16,none,1,slope_n,3,0,0.9,5,65536,65536,0,1,256,1024,0,0,1,0,1,1,0,128,128,64,1,0,0,1,0,1,0,0,1
18720285511914384,0x42820020081390,1,TND,FLOAT,8,1024,512,2,1,32,64,none,1,slope,2,0,0.9,6,0,1024,0,1,256/1280/1536/2048/2112/2368/2496/2752,0/256/256/512/1024/1024/1280/1536,0,0,1,1,1,1,0,128,128,64,1,0,0,1,0,1,0,0,1
18720285511914512,0x42820020081410,1,SBH,FLOAT,1,256,256,1,1,64,48,2048,0,,1,0,1.0,6,128,128,0,1,,,0,0,1,0,0,0,1,128,128,64,1,0,0,1,0,1,0,0,1
18720285511914640,0x42820020081490,1,TND,FLOAT,3,2048,2048,2,2,64,48,2048,0,,1,0,1.0,6,65536,1024,0,1,1024/1792/3840,1024/1792/3840,0,0,1,1,0,0,1,128,128,64,1,0,0,1,0,1,0,0,1
18720285511914768,0x42820020081510,1,BSH,FLOAT,4,512,512,2,2,64,48,ss,0,,1,0,0.9,5,65536,65536,0,1,,,0,0,1,0,1,0,1,128,128,64,1,0,0,1,0,1,0,0,1
18720285511914896,0x42820020081590,1,TND,FLOAT,16,512,1024,8,1,64,32,11ss,0,,1,0,0.9,6,64,512,1,1,256/256/512/512/576/704/960/960/1024/1152/1408/1664/1664/2176/2304/2368,64/192/448/576/576/576/832/1088/1216/1280/1536/2560/2816/3072/4096/4608,0,0,1,1,1,0,1,128,128,64,1,0,0,1,0,1,0,0,1
18720285511915024,0x42820020081610,1,BSH,FLOAT,4,256,512,2,2,64,32,2048,1,b1ss,1,0,1.0,6,65536,0,0,1,,,0,0,1,0,0,1,1,128,128,64,1,0,0,1,0,1,0,0,1
18720285511915152,0x42820020081690,1,TND,FLOAT,3,2048,2048,2,1,64,32,b1ss,1,slope,2,0,1.0,6,1024,0,0,1,1024/1792/3840,1024/1792/3840,0,0,1,1,0,1,1,128,128,64,1,0,0,1,0,1,0,0,1
18720285511915280,0x42820020081710,1,SBH,FLOAT,48,256,256,1,1,64,16,11ss,1,slope_n,3,0,0.9,5,65536,65536,0,1,,,0,0,1,0,1,1,1,128,128,64,1,0,0,1,0,1,0,0,1
18720285511915408,0x42820020081790,1,TND,FLOAT,16,1024,1024,4,2,64,128,11ss,1,slope,2,0,0.5,6,256,512,3,1,64/64/64/1088/1600/1856/1856/1856/2880/3904/4416/4928/4992/6016/6080/6592,1024/1152/1216/1280/2304/2368/2880/3008/3008/3008/3072/3200/3456/3968/4992/6016,0,0,1,1,1,1,1,128,128,64,1,0,0,1,0,1,0,0,1
18720286048784400,0x42820040081010,1,SBH,FLOAT,1,1024,4096,1,1,96,16,none,0,,1,0,1.0,6,1024,0,0,1,,,0,0,1,0,0,0,0,128,128,128,1,0,0,1,0,1,0,0,1
18720286048784528,0x42820040081090,1,TND,FLOAT,18,2560,128,2,2,128,64,none,0,,1,0,1.0,6,1024,65536,0,1,2048/4352/6912/8960/11264/13824/15872/18176/20736/22784/25088/27648/29696/32000/34560/36608/38912/41472,128/256/384/512/640/768/896/1024/1152/1280/1408/1536/1664/1792/1920/2048/2176/2304,0,0,1,1,0,0,0,128,128,128,1,0,0,1,0,1,0,0,1
18720286048784656,0x42820040081110,1,SBH,FLOAT,1,256,256,1,1,96,72,none,0,,1,0,0.9,6,1024,1024,0,1,,,0,0,1,0,1,0,0,128,128,128,1,0,0,1,0,1,0,0,1
18720286048784784,0x42820040081190,1,TND,FLOAT,16,1024,1024,1,4,96,72,none,0,,2,0,0.9,6,128,512,3,1,0/128/1152/1152/1408/2432/2560/3072/3136/3200/3456/3584/4608/4736/4992/5248,64/1088/2112/3136/3264/3392/3904/4928/4992/5120/5376/5440/5952/6464/6528/6784,0,0,1,1,1,0,0,128,128,128,1,0,0,1,0,1,0,0,1
18720286048784912,0x42820040081210,1,SBH,FLOAT,1,256,256,1,2,128,16,none,1,1nss,1,0,1.0,6,65536,65536,0,1,,,0,0,1,0,0,1,0,128,128,128,1,0,0,1,0,1,0,0,1
18720286048785040,0x42820040081290,1,TND,FLOAT,3,2048,2048,2,1,72,32,none,1,slope,2,0,1.0,6,0,128,0,1,1024/1792/3840,1024/1792/3840,0,0,1,1,0,1,0,128,128,128,1,0,0,1,0,1,0,0,1
18720286048785168,0x42820040081310,1,SBH,FLOAT,1,256,256,1,1,72,16,none,1,1nss,0,0,0.9,6,0,1024,0,1,,,0,0,1,0,1,1,0,128,128,128,1,0,0,1,0,1,0,0,1
18720286048785296,0x42820040081390,1,TND,FLOAT,3,2048,2048,2,1,96,64,none,1,slope,2,0,0.9,6,65536,65536,0,1,1024/1792/3840,1024/1792/3840,0,0,1,1,1,1,0,128,128,128,1,0,0,1,0,1,0,0,1
18720286048785424,0x42820040081410,1,BSH,FLOAT,4,512,512,2,2,96,64,2048,0,,1,0,1.0,6,1024,1024,0,1,,,0,0,1,0,0,0,1,128,128,128,1,0,0,1,0,1,0,0,1
18720286048785552,0x42820040081490,1,TND,FLOAT,3,512,512,2,1,96,32,2048,0,,1,0,1.0,6,65536,0,0,1,512/896/1152,512/896/1152,0,0,1,1,0,0,1,128,128,128,1,0,0,1,0,1,0,0,1
18720286048785680,0x42820040081510,1,SBH,FLOAT,1,2048,4096,1,1,72,48,2048,0,,1,0,0.5,6,65536,128,0,1,,,0,0,1,0,1,0,1,128,128,128,1,0,0,1,0,1,0,0,1
18720286048785808,0x42820040081590,1,TND,FLOAT,16,1024,1024,2,2,128,192,2048,0,,1,0,0.5,6,65536,256,0,1,512/576/832/832/1856/1856/1856/1920/2176/2304/2304/2560/2688/3712/3712/4736,256/384/384/640/704/832/896/1152/1408/1536/1792/2816/2816/2944/3456/3968,0,0,1,1,1,0,1,128,128,128,1,0,0,1,0,1,0,0,1
18720286048785936,0x42820040081610,1,SBH,FLOAT,1,256,256,1,1,96,64,2048,1,slope,3,0,1.0,6,65536,0,0,1,,,0,0,1,0,0,1,1,128,128,128,1,0,0,1,0,1,0,0,1
18720286048786064,0x42820040081690,1,TND,FLOAT,4,256,1024,4,8,96,512,2048,1,slope,3,0,1.0,6,128,128,1,1,64/128/128/384,512/1536/1536/2048,0,0,1,1,0,1,1,128,128,128,1,0,0,1,0,1,0,0,1
18720286048786192,0x42820040081710,1,SBH,FLOAT,1,256,256,1,1,72,16,ss,1,1nss,1,0,0.9,5,65536,65536,0,1,,,0,0,1,0,1,1,1,128,128,128,1,0,0,1,0,1,0,0,1
18720286048786320,0x42820040081790,1,TND,FLOAT,16,1024,1024,12,4,128,768,11ss,1,slope,2,0,0.9,6,0,512,2,1,128/1152/1664/2176/2176/3200/4224/4352/4864/5888/6912/7936/8000/9024/9088/9344,64/1088/1152/1216/1216/1216/2240/2496/3008/3520/3648/4672/4928/4992/5120/6144,0,0,1,1,1,1,1,128,128,128,1,0,0,1,0,1,0,0,1
18720286585655312,0x42820060081010,1,BSND,FLOAT,2,2048,2048,2,1,192,16,none,0,,1,0,1.0,5,128,0,0,1,,,0,0,1,0,0,0,0,128,128,192,1,0,0,1,0,1,0,0,1
18720286585655440,0x42820060081090,1,TND,FLOAT,3,2048,2048,2,1,192,128,none,0,,1,0,1.0,6,0,65536,0,1,1024/1792/3840,1024/1792/3840,0,0,1,1,0,0,0,128,128,192,1,0,0,1,0,1,0,0,1
18720286585655568,0x42820060081110,1,SBH,FLOAT,8,256,256,1,1,192,64,none,0,,1,0,0.9,6,1024,1024,0,1,,,0,0,1,0,1,0,0,128,128,192,1,0,0,1,0,1,0,0,1
18720286585655696,0x42820060081190,1,TND,FLOAT,16,1024,1024,40,2,192,128,none,0,,3,0,0.9,6,0,64,0,1,64/128/1152/1280/1280/1536/1536/2048/2304/2368/2624/2688/2944/3008/3520/3584,0/128/1152/1408/1536/2048/2048/2560/2624/2624/3136/3264/3776/3904/3904/4416,0,0,1,1,1,0,0,128,128,192,1,0,0,1,0,1,0,0,1
18720286585655824,0x42820060081210,1,SBH,FLOAT,1,256,256,1,2,192,16,none,1,1nss,1,0,1.0,6,65536,65536,0,1,,,0,0,1,0,0,1,0,128,128,192,1,0,0,1,0,1,0,0,1
18720286585655952,0x42820060081290,1,TND,FLOAT,3,256,2048,2,1,192,32,none,1,slope,2,0,1.0,6,65536,65536,0,1,256/384/384,2048/3968/5760,0,0,1,1,0,1,0,128,128,192,1,0,0,1,0,1,0,0,1
18720286585656080,0x42820060081310,1,SBH,FLOAT,1,256,256,1,2,192,16,none,1,1nss,1,0,0.5,6,65536,65536,0,1,,,0,0,1,0,1,1,0,128,128,192,1,0,0,1,0,1,0,0,1
18720286585656208,0x42820060081390,1,TND,FLOAT,4,512,512,16,2,192,32,none,1,slope,3,0,0.9,6,65536,0,0,1,512/512/512/512,512/512/512/512,0,0,1,1,1,1,0,128,128,192,1,0,0,1,0,1,0,0,1
18720286585656336,0x42820060081410,1,TND,FLOAT,1,256,256,1,1,192,16,2048,0,,1,0,1.0,6,65536,128,0,1,256,256,0,0,1,0,0,0,1,128,128,192,1,0,0,1,0,1,0,0,1
18720286585656464,0x42820060081490,1,TND,FLOAT,3,512,256,2,2,192,512,2048,0,,0,0,1.0,6,2048,2048,3,1,128/640/1152,64/320/576,0,0,1,1,0,0,1,128,128,192,1,0,0,1,0,1,0,0,1
18720286585656592,0x42820060081510,1,SBH,FLOAT,1,256,256,1,1,192,16,2048,0,,1,0,0.5,6,65536,128,0,1,,,0,0,1,0,1,0,1,128,128,192,1,0,0,1,0,1,0,0,1
18720286585656720,0x42820060081590,1,TND,FLOAT,16,1024,1024,1,1,192,768,ss,0,,0,0,0.9,6,256,512,1,1,512/768/1792/2304/2432/2496/3008/3520/3648/4160/4160/4224/4480/4608/5120/5248,128/384/512/576/832/832/1344/1600/1728/1792/2304/2368/2432/2496/3008/4032,0,0,1,1,1,0,1,128,128,192,1,0,0,1,0,1,0,0,1
18720286585656848,0x42820060081610,1,SBH,FLOAT,1,256,256,1,1,192,16,2048,1,1nss,1,0,1.0,6,65536,128,0,1,,,0,0,1,0,0,1,1,128,128,192,1,0,0,1,0,1,0,0,1
18720286585656976,0x42820060081690,1,TND,FLOAT,16,1024,1024,12,2,144,72,b1ss,1,slope,3,0,1.0,6,256,512,1,1,512/576/576/704/1728/1792/2304/2368/2368/3392/3520/3520/4032/4160/4672/4736,1024/2048/2048/2048/2048/2176/2688/2816/2816/3840/3840/3968/4032/4288/5312/5568,0,0,1,1,0,1,1,128,128,192,1,0,0,1,0,1,0,0,1
18720286585657104,0x42820060081710,1,SBH,FLOAT,1,256,256,1,1,192,128,ss,1,1nss,1,0,0.9,6,65536,0,0,1,,,0,0,1,0,1,1,1,128,128,192,1,0,0,1,0,1,0,0,1
18720286585657232,0x42820060081790,1,TND,FLOAT,8,1024,1024,8,1,144,32,bnss,1,bnhs,0,0,0.9,6,1024,0,0,1,256/512/768/768/1024/2048/2304/2560,128/256/384/1408/1408/1664/1920/1984,0,0,1,1,1,1,1,128,128,192,1,0,0,1,0,1,0,0,1
18720287122526224,0x42820080081010,1,TND,FLOAT,1,256,256,1,1,256,72,none,0,,1,0,1.0,6,1024,0,0,1,256,256,0,0,1,0,0,0,0,128,128,256,1,0,0,1,0,1,0,0,1
18720287122526352,0x42820080081090,1,TND,FLOAT,3,2048,2048,2,1,256,128,none,0,,1,0,1.0,6,0,65536,0,1,1024/1792/3840,1024/1792/3840,0,0,1,1,0,0,0,128,128,256,1,0,0,1,0,1,0,0,1
18720287122526480,0x42820080081110,1,BSH,FLOAT,4,512,512,2,2,256,16,none,0,,1,0,0.9,6,1024,1024,0,1,,,0,0,1,0,1,0,0,128,128,256,1,0,0,1,0,1,0,0,1
18720287122526608,0x42820080081190,1,TND,FLOAT,3,2048,2048,2,1,255,128,none,0,,2,0,0.5,6,0,65536,0,1,1024/1792/3840,1024/1792/3840,0,0,1,1,1,0,0,128,128,256,1,0,0,1,0,1,0,0,1
18720287122526736,0x42820080081210,1,SBH,FLOAT,1,256,256,1,2,256,128,none,1,1nss,1,0,1.0,6,65536,65536,0,1,,,0,0,1,0,0,1,0,128,128,256,1,0,0,1,0,1,0,0,1
18720287122526864,0x42820080081290,1,TND,FLOAT,4,512,512,2,2,256,32,none,1,slope,3,0,1.0,6,65536,0,0,1,512/512/512/512,512/512/512/512,0,0,1,1,0,1,0,128,128,256,1,0,0,1,0,1,0,0,1
18720287122526992,0x42820080081310,1,SBH,FLOAT,1,256,256,1,1,256,128,none,1,1nss,1,0,0.9,6,65536,65536,0,1,,,0,0,1,0,1,1,0,128,128,256,1,0,0,1,0,1,0,0,1
18720287122527120,0x42820080081390,1,TND,FLOAT,4,512,512,2,2,256,32,none,1,slope,3,0,0.9,6,65536,0,0,1,512/512/512/512,512/512/512/512,0,0,1,1,1,1,0,128,128,256,1,0,0,1,0,1,0,0,1
18720287122527248,0x42820080081410,1,TND,FLOAT,1,256,256,1,1,256,72,11ss,0,,1,0,1.0,6,1024,0,0,1,256,256,0,0,1,0,0,0,1,128,128,256,1,0,0,1,0,1,0,0,1
18720287122527376,0x42820080081490,1,TND,FLOAT,3,2048,2048,2,1,256,32,2048,0,,1,0,1.0,6,128,1024,0,1,1024/1792/3840,1024/1792/3840,0,0,1,1,0,0,1,128,128,256,1,0,0,1,0,1,0,0,1
18720287122527504,0x42820080081510,1,TND,FLOAT,1,256,256,1,1,256,72,11ss,0,,1,0,0.9,6,1024,0,0,1,256,256,0,0,1,0,1,0,1,128,128,256,1,0,0,1,0,1,0,0,1
18720287122527632,0x42820080081590,1,TND,FLOAT,3,1024,1024,1,4,256,768,ss,0,,1,0,0.5,6,65536,64,3,1,64/1088/1088,256/1280/1536,0,0,1,1,1,0,1,128,128,256,1,0,0,1,0,1,0,0,1
18720287122527760,0x42820080081610,1,SBH,FLOAT,1,256,256,1,2,256,128,11ss,1,1nss,1,0,1.0,6,65536,65536,0,1,,,0,0,1,0,0,1,1,128,128,256,1,0,0,1,0,1,0,0,1
18720287122527888,0x42820080081690,1,TND,FLOAT,8,1024,1024,1,8,256,768,2048,1,slope,2,0,1.0,6,0,64,2,1,128/1152/2176/2304/2560/2560/2816/2816,0/0/512/576/1600/2624/3136/3392,0,0,1,1,0,1,1,128,128,256,1,0,0,1,0,1,0,0,1
18720287122528016,0x42820080081710,1,SBH,FLOAT,1,256,256,1,1,256,128,ss,1,1nss,1,0,0.9,6,65536,0,0,1,,,0,0,1,0,1,1,1,128,128,256,1,0,0,1,0,1,0,0,1
18720287122528144,0x42820080081790,1,TND,FLOAT,4,512,1024,4,4,256,72,11ss,1,slope,3,0,0.9,6,256,65536,3,1,0/128/128/640,0/512/1536/1664,0,0,1,1,1,1,1,128,128,256,1,0,0,1,0,1,0,0,1
18720287659395088,0x428200a0080810,1,SBH,FLOAT,1,256,256,1,1,768,72,none,0,,1,0,1.0,6,1024,0,0,1,,,0,0,1,0,0,0,0,64,128,768,1,0,0,1,0,1,0,0,1
18720287659395216,0x428200a0080890,1,TND,FLOAT,3,2048,2048,2,1,768,128,none,0,,1,0,1.0,6,0,65536,0,1,1024/1792/3840,1024/1792/3840,0,0,1,1,0,0,0,64,128,768,1,0,0,1,0,1,0,0,1
18720287659395344,0x428200a0080910,1,BSND,FLOAT,2,128,1024,2,1,512,192,none,0,,1,0,0.9,5,128,0,0,1,,,0,0,1,0,1,0,0,64,128,768,1,0,0,1,0,1,0,0,1
18720287659395472,0x428200a0080990,1,TND,FLOAT,4,256,1024,2,2,767,64,none,0,,1,0,0.9,6,0,1024,0,1,256/256/256/256,1024/1024/1024/1024,0,0,1,1,1,0,0,64,128,768,1,0,0,1,0,1,0,0,1
18720287659395600,0x428200a0080a10,1,SBH,FLOAT,1,256,256,1,2,768,128,none,1,1nss,1,0,1.0,6,65536,65536,0,1,,,0,0,1,0,0,1,0,64,128,768,1,0,0,1,0,1,0,0,1
18720287659395728,0x428200a0080a90,1,TND,FLOAT,2,128,128,1,2,512,64,none,1,slope,3,0,1.0,6,1,1,1,1,128/128,128/256,0,0,1,1,0,1,0,64,128,768,1,0,0,1,0,1,0,0,1
18720287659395856,0x428200a0080b10,1,SBH,FLOAT,1,256,256,1,1,768,128,none,1,1nss,1,0,0.9,6,65536,65536,0,1,,,0,0,1,0,1,1,0,64,128,768,1,0,0,1,0,1,0,0,1
18720287659395984,0x428200a0080b90,1,TND,FLOAT,2,128,128,2,1,768,96,none,1,slope,2,0,0.9,6,65536,65536,0,1,128/128,128/128,0,0,1,1,1,1,0,64,128,768,1,0,0,1,0,1,0,0,1
18720287659396112,0x428200a0080c10,1,SBH,FLOAT,8,256,256,1,1,768,128,2048,0,,1,0,1.0,6,65536,128,0,1,,,0,0,1,0,0,0,1,64,128,768,1,0,0,1,0,1,0,0,1
18720287659396240,0x428200a0080c90,1,TND,FLOAT,3,2048,2048,2,1,768,128,2048,0,,1,0,1.0,6,0,65536,0,1,1024/1792/3840,1024/1792/3840,0,0,1,1,0,0,1,64,128,768,1,0,0,1,0,1,0,0,1
18720287659396368,0x428200a0080d10,1,SBH,FLOAT,1,256,256,1,1,768,128,ss,0,,1,0,0.9,6,1024,65536,0,1,,,0,0,1,0,1,0,1,64,128,768,1,0,0,1,0,1,0,0,1
18720287659396496,0x428200a0080d90,1,TND,FLOAT,3,512,1024,1,2,512,16,b1ss,0,,1,0,0.5,6,1,64,1,1,0/64/576,256/1280/1792,0,0,1,1,1,0,1,64,128,768,1,0,0,1,0,1,0,0,1
18720287659396624,0x428200a0080e10,1,SBH,FLOAT,1,256,256,1,2,768,128,11ss,1,1nss,1,0,1.0,6,65536,65536,0,1,,,0,0,1,0,0,1,1,64,128,768,1,0,0,1,0,1,0,0,1
18720287659396752,0x428200a0080e90,1,TND,FLOAT,4,512,128,8,8,512,16,ss,1,slope,2,0,1.0,6,0,512,1,1,512/1024/1536/1664,128/256/384/448,0,0,1,1,0,1,1,64,128,768,1,0,0,1,0,1,0,0,1
18720287659396880,0x428200a0080f10,1,SBH,FLOAT,1,256,256,1,1,768,128,ss,1,1nss,1,0,0.9,6,65536,0,0,1,,,0,0,1,0,1,1,1,64,128,768,1,0,0,1,0,1,0,0,1
18720287659397008,0x428200a0080f90,1,TND,FLOAT,16,1024,1024,2,2,512,192,b1ss,1,slope,3,0,0.5,6,65536,65536,3,1,64/64/1088/1088/1344/1600/2112/2368/2624/2688/2688/3200/3264/3776/4032/4544,256/384/640/768/1792/2816/2816/3072/3072/3328/3840/3968/4224/4224/4480/4544,0,0,1,1,1,1,1,64,128,768,1,0,0,1,0,1,0,0,1
18722484535169040,0x42840020081010,1,SBH,FLOAT,1,256,256,2,2,64,16,none,0,,1,0,1.0,4,65536,0,0,1,,,0,0,1,0,0,0,0,128,128,64,2,0,0,1,0,1,0,0,1
18722484535169168,0x42840020081090,1,TND,FLOAT,32,64,256,2,2,64,32,none,0,,1,0,1.0,0,65536,65536,0,1,64/107/129/193/236/258/322/365/387/451/494/516/580/623/645/709/752/774/838/881/903/967/1010/1032/1096/1139/1161/1225/1268/1290/1354/1397,256/427/513/769/940/1026/1282/1453/1539/1795/1966/2052/2308/2479/2565/2821/2992/3078/3334/3505/3591/3847/4018/4104/4360/4531/4617/4873/5044/5130/5386/5557,0,0,1,1,0,0,0,128,128,64,2,0,0,1,0,1,0,0,1
18722484535169296,0x42840020081110,1,BSND,FLOAT,2,512,1024,2,2,64,32,none,0,,1,0,0.5,0,65536,65536,0,1,,,0,0,1,0,1,0,0,128,128,64,2,0,0,1,0,1,0,0,1
18722484535169424,0x42840020081190,1,TND,FLOAT,16,1024,1024,8,8,16,32,none,0,,3,0,0.5,3,128,2048,0,1,256/320/1344/2368/2432/3456/3968/4224/4736/4800/4800/5824/5952/6016/6080/7104,1024/1152/2176/3200/3328/3392/4416/4544/4608/5632/6144/7168/8192/8448/8448/8960,0,0,1,1,1,0,0,128,128,64,2,0,0,1,0,1,0,0,1
18722484535169552,0x42840020081210,1,BSH,FLOAT,8,512,512,2,2,64,48,none,1,bnss,0,0,1.0,0,65536,65536,0,1,,,0,0,1,0,0,1,0,128,128,64,2,0,0,1,0,1,0,0,1
18722484535169680,0x42840020081290,1,TND,FLOAT,4,512,256,2,2,64,32,none,1,slope,2,0,1.0,0,0,65536,0,1,512/512/512/512,256/256/256/256,0,0,1,1,0,1,0,128,128,64,2,0,0,1,0,1,0,0,1
18722484535169808,0x42840020081310,1,BSND,FLOAT,2,2048,1024,2,2,64,32,none,1,bnss,1,0,0.5,0,65536,65536,0,1,,,0,0,1,0,1,1,0,128,128,64,2,0,0,1,0,1,0,0,1
18722484535169936,0x42840020081390,1,TND,FLOAT,8,512,1024,1,8,32,72,none,1,slope,2,0,0.5,1,65536,1024,1,1,256/256/256/320/320/832/1088/1600,1024/2048/2112/2240/2496/2752/3008/3008,0,0,1,1,1,1,0,128,128,64,2,0,0,1,0,1,0,0,1
18722484535170064,0x42840020081410,1,BNSD,FLOAT,1,256,256,1,2,64,48,2048,0,,1,0,1.0,4,1024,65536,0,1,,,0,0,1,0,0,0,1,128,128,64,2,0,0,1,0,1,0,0,1
18722484535170192,0x42840020081490,1,TND,FLOAT,3,2048,2048,2,2,64,16,2048,0,,1,0,1.0,4,65536,65536,0,1,1024/1792/3840,1024/1792/3840,0,0,1,1,0,0,1,128,128,64,2,0,0,1,0,1,0,0,1
18722484535170320,0x42840020081510,1,BSH,FLOAT,4,512,512,2,2,64,48,ss,0,,1,0,0.9,0,65536,65536,0,1,,,0,0,1,0,1,0,1,128,128,64,2,0,0,1,0,1,0,0,1
18722484535170448,0x42840020081590,1,TND,FLOAT,3,128,1024,4,2,64,32,2048,0,,1,0,0.5,1,0,2048,3,1,64/192/256,64/576/1600,0,0,1,1,1,0,1,128,128,64,2,0,0,1,0,1,0,0,1
18722484535170576,0x42840020081610,1,BNSD,FLOAT,1,256,256,2,2,64,48,2048,1,1nss,1,0,1.0,4,1024,65536,0,1,,,0,0,1,0,0,1,1,128,128,64,2,0,0,1,0,1,0,0,1
18722484535170704,0x42840020081690,1,TND,FLOAT,3,2048,2048,2,2,64,56,2048,1,slope,2,0,1.0,4,65536,65536,0,1,1024/1792/3840,1024/1792/3840,0,0,1,1,0,1,1,128,128,64,2,0,0,1,0,1,0,0,1
18722484535170832,0x42840020081710,1,BSND,FLOAT,2,64,64,2,4,64,16,ss,1,slope,3,0,0.5,0,1024,65536,0,1,,,0,0,1,0,1,1,1,128,128,64,2,0,0,1,0,1,0,0,1
18722484535170960,0x42840020081790,1,TND,FLOAT,16,1024,1024,4,8,16,256,b1ss,1,slope_n,2,0,0.5,1,1,2048,3,1,512/576/1600/2112/2240/2368/3392/3520/3520/4032/4544/4608/4608/4864/5376/5504,64/64/1088/1088/1600/2624/2688/3712/4736/5248/6272/6272/6784/7808/8320/8576,0,0,1,1,1,1,1,128,128,64,2,0,0,1,0,1,0,0,1
18722485072039952,0x42840040081010,1,SBH,FLOAT,1,256,256,2,2,96,64,none,0,,1,0,1.0,0,65536,65536,0,1,,,0,0,1,0,0,0,0,128,128,128,2,0,0,1,0,1,0,0,1
18722485072040080,0x42840040081090,1,TND,FLOAT,3,1536,2048,1,2,96,64,none,0,,1,0,1.0,4,65536,65536,0,1,1024/1792/3328,0/768/2816,0,0,1,1,0,0,0,128,128,128,2,0,0,1,0,1,0,0,1
18722485072040208,0x42840040081110,1,SBH,FLOAT,1,128,128,1,2,96,72,none,0,,1,0,0.9,0,65536,65536,0,1,,,0,0,1,0,1,0,0,128,128,128,2,0,0,1,0,1,0,0,1
18722485072040336,0x42840040081190,1,TND,FLOAT,16,1024,1024,2,4,96,16,none,0,,1,0,0.9,0,512,0,0,1,512/768/896/1408/1408/2432/2496/2624/2624/2688/2688/2944/3456/3584/4608/4736,0/256/320/448/512/640/896/1152/1216/1216/1728/1984/1984/2240/3264/3520,0,0,1,1,1,0,0,128,128,128,2,0,0,1,0,1,0,0,1
18722485072040464,0x42840040081210,1,SBH,FLOAT,1,256,256,2,2,128,16,none,1,1nss,0,0,1.0,1,1024,0,0,1,,,0,0,1,0,0,1,0,128,128,128,2,0,0,1,0,1,0,0,1
18722485072040592,0x42840040081290,1,TND,FLOAT,3,1024,1024,2,4,96,72,none,1,slope,2,0,1.0,4,65536,65536,0,1,1024/1920/2688,1024/1920/2688,0,0,1,1,0,1,0,128,128,128,2,0,0,1,0,1,0,0,1
18722485072040720,0x42840040081310,1,BSH,FLOAT,4,512,512,2,2,72,32,none,1,b1ss,1,0,0.9,0,65536,65536,0,1,,,0,0,1,0,1,1,0,128,128,128,2,0,0,1,0,1,0,0,1
18722485072040848,0x42840040081390,1,TND,FLOAT,16,1024,1024,5,8,96,64,none,1,slope_n,2,0,0.9,0,128,0,1,1,1024/1280/2304/2304/2560/2688/2752/3008/3008/3008/3264/3776/3776/3840/4096/4224,128/1152/1664/1920/2944/2944/3968/4032/4032/4096/4224/4352/4480/4736/4800/5824,0,0,1,1,1,1,0,128,128,128,2,0,0,1,0,1,0,0,1
18722485072040976,0x42840040081410,1,SBH,FLOAT,1,256,256,2,2,96,48,11ss,0,,1,0,1.0,0,65536,65536,0,1,,,0,0,1,0,0,0,1,128,128,128,2,0,0,1,0,1,0,0,1
18722485072041104,0x42840040081490,1,TND,FLOAT,16,1024,1024,8,8,128,144,ss,0,,1,0,1.0,1,1,64,0,1,256/512/1024/1088/1216/1280/2304/2816/2880/3392/4416/4480/5504/5568/5824/6848,0/64/320/384/640/640/640/896/1024/1536/1600/1728/2752/2816/3328/3840,0,0,1,1,0,0,1,128,128,128,2,0,0,1,0,1,0,0,1
18722485072041232,0x42840040081510,1,BSH,FLOAT,4,256,128,2,2,72,48,2048,0,,1,0,0.9,4,128,65536,0,1,,,0,0,1,0,1,0,1,128,128,128,2,0,0,1,0,1,0,0,1
18722485072041360,0x42840040081590,1,TND,FLOAT,2,1024,512,4,2,72,96,bnss,0,,1,0,0.5,1,128,1,3,1,1024/2048,64/576,0,0,1,1,1,0,1,128,128,128,2,0,0,1,0,1,0,0,1
18722485072041488,0x42840040081610,1,BSND,FLOAT,2,128,128,1,2,128,96,ss,1,slope,3,0,1.0,0,65536,65536,0,1,,,0,0,1,0,0,1,1,128,128,128,2,0,0,1,0,1,0,0,1
18722485072041616,0x42840040081690,1,TND,FLOAT,16,1024,1024,4,8,96,16,bnss,1,slope_n,3,0,1.0,1,256,1024,0,1,1024/1536/1536/1664/2176/2304/2560/2560/2560/2688/2688/2752/2752/3264/3392/3456,256/1280/1536/2560/2624/2688/3200/3328/3328/3584/4608/4672/5696/6720/6720/6720,0,0,1,1,0,1,1,128,128,128,2,0,0,1,0,1,0,0,1
18722485072041744,0x42840040081710,1,BSND,FLOAT,2,1024,1024,2,2,128,64,11ss,1,bnhs,1,0,0.5,1,65536,65536,0,1,,,0,0,1,0,1,1,1,128,128,128,2,0,0,1,0,1,0,0,1
18722485072041872,0x42840040081790,1,TND,FLOAT,48,256,256,1,4,127,16,11ss,1,slope_n,3,0,0.9,0,65536,65536,1,1,256/256/256/256/256/256/256/256/256/256/256/256/256/256/256/256/256/256/256/256/256/256/256/256/256/256/256/256/256/256/256/256/256/256/256/256/256/256/256/256/256/256/256/256/256/256/256/256,256/256/256/256/256/256/256/256/256/256/256/256/256/256/256/256/256/256/256/256/256/256/256/256/256/256/256/256/256/256/256/256/256/256/256/256/256/256/256/256/256/256/256/256/256/256/256/256,0,0,1,1,1,1,1,128,128,128,2,0,0,1,0,1,0,0,1
18722485608910864,0x42840060081010,1,BNSD,FLOAT,1,256,256,2,2,192,16,none,0,,1,0,1.0,0,65536,65536,0,1,,,0,0,1,0,0,0,0,128,128,192,2,0,0,1,0,1,0,0,1
18722485608910992,0x42840060081090,1,TND,FLOAT,3,2048,2048,2,2,192,128,none,0,,1,0,1.0,4,65536,65536,0,1,1024/1792/3840,1024/1792/3840,0,0,1,1,0,0,0,128,128,192,2,0,0,1,0,1,0,0,1
18722485608911120,0x42840060081110,1,TND,FLOAT,1,256,256,1,2,192,72,none,0,,1,0,0.9,0,65536,65536,0,1,256,256,0,0,1,0,1,0,0,128,128,192,2,0,0,1,0,1,0,0,1
18722485608911248,0x42840060081190,1,TND,FLOAT,8,1024,1024,1,2,192,768,none,0,,3,0,0.9,0,1,0,0,1,256/384/1408/1536/1664/2176/3200/3328,256/320/576/1088/1344/2368/3392/3648,0,0,1,1,1,0,0,128,128,192,2,0,0,1,0,1,0,0,1
18722485608911376,0x42840060081210,1,SBH,FLOAT,1,128,128,1,2,192,16,none,1,1nss,1,0,1.0,2,128,0,0,1,,,0,0,1,0,0,1,0,128,128,192,2,0,0,1,0,1,0,0,1
18722485608911504,0x42840060081290,1,TND,FLOAT,3,2048,2048,2,8,192,96,none,1,slope,2,0,1.0,4,65536,65536,0,1,1024/1792/3840,1024/1792/3840,0,0,1,1,0,1,0,128,128,192,2,0,0,1,0,1,0,0,1
18722485608911632,0x42840060081310,1,SBH,FLOAT,1,256,256,1,2,192,72,none,1,1nss,1,0,0.9,0,65536,65536,0,1,,,0,0,1,0,1,1,0,128,128,192,2,0,0,1,0,1,0,0,1
18722485608911760,0x42840060081390,1,TND,FLOAT,16,1024,1024,40,8,144,512,none,1,slope,2,0,0.9,3,128,128,3,1,128/384/640/704/1216/2240/2368/2624/2688/2688/2688/2816/3328/3456/3968/4096,128/1152/1152/2176/2688/2944/3072/3200/3456/3584/3584/3840/3840/3968/4224/4288,0,0,1,1,1,1,0,128,128,192,2,0,0,1,0,1,0,0,1
18722485608911888,0x42840060081410,1,BSH,FLOAT,4,512,512,2,2,192,16,2048,0,,1,0,1.0,4,65536,65536,0,1,,,0,0,1,0,0,0,1,128,128,192,2,0,0,1,0,1,0,0,1
18722485608912016,0x42840060081490,1,TND,FLOAT,3,512,512,5,4,144,192,b1ss,0,,0,0,1.0,1,2048,1,3,1,128/192/704,0/512/640,0,0,1,1,0,0,1,128,128,192,2,0,0,1,0,1,0,0,1
18722485608912144,0x42840060081510,1,BSH,FLOAT,4,128,512,2,2,192,128,ss,0,,1,0,0.9,0,65536,65536,0,1,,,0,0,1,0,1,0,1,128,128,192,2,0,0,1,0,1,0,0,1
18722485608912272,0x42840060081590,1,TND,FLOAT,4,512,512,2,2,192,128,ss,0,,1,0,0.9,0,65536,65536,0,1,512/512/512/512,512/512/512/512,0,0,1,1,1,0,1,128,128,192,2,0,0,1,0,1,0,0,1
18722485608912400,0x42840060081610,1,SBH,FLOAT,1,128,256,1,2,192,96,11ss,1,1nss,0,0,1.0,0,65536,65536,0,1,,,0,0,1,0,0,1,1,128,128,192,2,0,0,1,0,1,0,0,1
18722485608912528,0x42840060081690,1,TND,FLOAT,16,1024,1024,40,8,144,16,bnss,1,slope,3,0,1.0,1,65536,256,2,1,0/0/1024/1152/1408/1920/2048/2176/3200/3200/3328/3328/3456/3456/3584/4096,128/256/768/1280/2304/3328/4352/5376/5504/5632/6144/6208/6272/6528/7040/8064,0,0,1,1,0,1,1,128,128,192,2,0,0,1,0,1,0,0,1
18722485608912656,0x42840060081710,1,BSH,FLOAT,4,512,512,2,2,192,72,11ss,1,b1ss,1,0,0.9,0,65536,65536,0,1,,,0,0,1,0,1,1,1,128,128,192,2,0,0,1,0,1,0,0,1
18722485608912784,0x42840060081790,1,TND,FLOAT,3,1024,1024,12,4,192,128,b1ss,1,slope,2,0,0.5,1,256,1024,2,1,0/1024/1152,256/320/1344,0,0,1,1,1,1,1,128,128,192,2,0,0,1,0,1,0,0,1
18722486145781776,0x42840080081010,1,SBH,FLOAT,1,256,256,1,2,256,16,none,0,,1,0,1.0,0,65536,65536,0,1,,,0,0,1,0,0,0,0,128,128,256,2,0,0,1,0,1,0,0,1
18722486145781904,0x42840080081090,1,TND,FLOAT,3,2048,2048,2,2,256,128,none,0,,1,0,1.0,4,65536,65536,0,1,1024/1792/3840,1024/1792/3840,0,0,1,1,0,0,0,128,128,256,2,0,0,1,0,1,0,0,1
18722486145782032,0x42840080081110,1,BSND,FLOAT,2,1024,1024,2,2,256,128,none,0,,1,0,0.5,4,65536,65536,0,1,,,0,0,1,0,1,0,0,128,128,256,2,0,0,1,0,1,0,0,1
18722486145782160,0x42840080081190,1,TND,FLOAT,32,2560,2560,1,2,256,192,none,0,,1,0,0.9,0,65536,65536,0,1,2048/4352/6912/8960/11264/13824/15872/18176/20736/22784/25088/27648/29696/32000/34560/36608/38912/41472/43520/45824/48384/50432/52736/55296/57344/59648/62208/64256/66560/69120/71168/73472,2048/4352/6912/8960/11264/13824/15872/18176/20736/22784/25088/27648/29696/32000/34560/36608/38912/41472/43520/45824/48384/50432/52736/55296/57344/59648/62208/64256/66560/69120/71168/73472,0,0,1,1,1,0,0,128,128,256,2,0,0,1,0,1,0,0,1
18722486145782288,0x42840080081210,1,SBH,FLOAT,1,256,4096,2,2,256,72,none,1,1nss,0,0,1.0,0,65536,65536,0,1,,,0,0,1,0,0,1,0,128,128,256,2,0,0,1,0,1,0,0,1
18722486145782416,0x42840080081290,1,TND,FLOAT,3,1024,1920,2,8,256,128,none,1,slope,2,0,1.0,4,65536,65536,0,1,1024/1792/1792,1024/1792/3712,0,0,1,1,0,1,0,128,128,256,2,0,0,1,0,1,0,0,1
18722486145782544,0x42840080081310,1,SBH,FLOAT,1,256,256,1,2,256,16,none,1,b1ss,1,0,0.5,0,65536,65536,0,1,,,0,0,1,0,1,1,0,128,128,256,2,0,0,1,0,1,0,0,1
18722486145782672,0x42840080081390,1,TND,FLOAT,3,1024,1920,2,8,256,128,none,1,slope,2,0,0.5,4,65536,65536,0,1,1024/1792/1792,1024/1792/3712,0,0,1,1,1,1,0,128,128,256,2,0,0,1,0,1,0,0,1
18722486145782800,0x42840080081410,1,SBH,FLOAT,1,256,256,2,2,256,48,11ss,0,,1,0,1.0,0,65536,65536,0,1,,,0,0,1,0,0,0,1,128,128,256,2,0,0,1,0,1,0,0,1
18722486145782928,0x42840080081490,1,TND,FLOAT,16,1024,1024,1,2,256,96,ss,0,,1,0,1.0,1,0,1,1,1,64/192/1216/1216/1280/2304/2560/2816/2880/3392/3392/3456/4480/4544/5056/5056,512/768/1024/2048/2112/2112/2176/2176/3200/3456/3456/3520/3776/3904/4160/4160,0,0,1,1,0,0,1,128,128,256,2,0,0,1,0,1,0,0,1
18722486145783056,0x42840080081510,1,BSH,FLOAT,4,512,512,2,2,256,64,ss,0,,1,0,0.9,0,65536,65536,0,1,,,0,0,1,0,1,0,1,128,128,256,2,0,0,1,0,1,0,0,1
18722486145783184,0x42840080081590,1,TND,FLOAT,32,2560,2560,2,2,256,192,ss,0,,1,0,0.9,0,65536,65536,0,1,2048/4352/6912/8960/11264/13824/15872/18176/20736/22784/25088/27648/29696/32000/34560/36608/38912/41472/43520/45824/48384/50432/52736/55296/57344/59648/62208/64256/66560/69120/71168/73472,2048/4352/6912/8960/11264/13824/15872/18176/20736/22784/25088/27648/29696/32000/34560/36608/38912/41472/43520/45824/48384/50432/52736/55296/57344/59648/62208/64256/66560/69120/71168/73472,0,0,1,1,1,0,1,128,128,256,2,0,0,1,0,1,0,0,1
18722486145783312,0x42840080081610,1,SBH,FLOAT,1,256,256,1,2,256,16,ss,1,b1ss,1,0,1.0,0,65536,65536,0,1,,,0,0,1,0,0,1,1,128,128,256,2,0,0,1,0,1,0,0,1
18722486145783440,0x42840080081690,1,TND,FLOAT,2,128,256,2,8,256,512,b1ss,1,slope,3,0,1.0,0,2048,2048,0,1,128/192,256/512,0,0,1,1,0,1,1,128,128,256,2,0,0,1,0,1,0,0,1
18722486145783568,0x42840080081710,1,SBH,FLOAT,1,256,256,2,2,256,128,ss,1,1nss,1,0,0.9,0,65536,65536,0,1,,,0,0,1,0,1,1,1,128,128,256,2,0,0,1,0,1,0,0,1
18722486145783696,0x42840080081790,1,TND,FLOAT,2,1024,512,1,8,256,16,b1ss,1,slope,3,0,0.5,1,256,0,2,1,1024/1152,512/512,0,0,1,1,1,1,1,128,128,256,2,0,0,1,0,1,0,0,1
18722486682650640,0x428400a0080810,1,SBH,FLOAT,1,256,256,1,2,768,128,none,0,,1,0,1.0,0,65536,65536,0,1,,,0,0,1,0,0,0,0,64,128,768,2,0,0,1,0,1,0,0,1
18722486682650768,0x428400a0080890,1,TND,FLOAT,3,2048,2048,2,2,768,128,none,0,,1,0,1.0,4,65536,65536,0,1,1024/1792/3840,1024/1792/3840,0,0,1,1,0,0,0,64,128,768,2,0,0,1,0,1,0,0,1
18722486682650896,0x428400a0080910,1,SBH,FLOAT,1,256,256,1,2,768,128,none,0,,1,0,0.9,0,65536,65536,0,1,,,0,0,1,0,1,0,0,64,128,768,2,0,0,1,0,1,0,0,1
18722486682651024,0x428400a0080990,1,TND,FLOAT,32,2560,2560,2,2,768,192,none,0,,1,0,0.9,0,65536,65536,0,1,2048/4352/6912/8960/11264/13824/15872/18176/20736/22784/25088/27648/29696/32000/34560/36608/38912/41472/43520/45824/48384/50432/52736/55296/57344/59648/62208/64256/66560/69120/71168/73472,2048/4352/6912/8960/11264/13824/15872/18176/20736/22784/25088/27648/29696/32000/34560/36608/38912/41472/43520/45824/48384/50432/52736/55296/57344/59648/62208/64256/66560/69120/71168/73472,0,0,1,1,1,0,0,64,128,768,2,0,0,1,0,1,0,0,1
18722486682651152,0x428400a0080a10,1,TND,FLOAT,1,256,256,1,2,320,128,none,1,slope_n,3,0,1.0,0,65536,65536,0,1,256,256,0,0,1,0,0,1,0,64,128,768,2,0,0,1,0,1,0,0,1
18722486682651280,0x428400a0080a90,1,TND,FLOAT,3,1024,1024,2,8,513,64,none,1,slope,2,0,1.0,4,65536,65536,0,1,1024/1920/2688,1024/1920/2688,0,0,1,1,0,1,0,64,128,768,2,0,0,1,0,1,0,0,1
18722486682651408,0x428400a0080b10,1,BSH,FLOAT,4,128,256,2,2,512,256,none,1,bnss,0,0,0.9,0,65536,65536,0,1,,,0,0,1,0,1,1,0,64,128,768,2,0,0,1,0,1,0,0,1
18722486682651536,0x428400a0080b90,1,TND,FLOAT,8,1024,1024,1,2,512,144,none,1,slope,2,0,0.5,0,128,65536,0,1,1024/1024/2048/2176/2432/2560/2688/3712,256/768/896/896/1920/2944/3072/3136,0,0,1,1,1,1,0,64,128,768,2,0,0,1,0,1,0,0,1
18722486682651664,0x428400a0080c10,1,BSH,FLOAT,4,512,512,2,2,768,256,ss,0,,1,0,1.0,0,65536,65536,0,1,,,0,0,1,0,0,0,1,64,128,768,2,0,0,1,0,1,0,0,1
18722486682651792,0x428400a0080c90,1,TND,FLOAT,3,2048,2048,2,2,512,96,2048,0,,1,0,1.0,4,65536,65536,0,1,1024/1792/3840,1024/1792/3840,0,0,1,1,0,0,1,64,128,768,2,0,0,1,0,1,0,0,1
18722486682651920,0x428400a0080d10,1,BSH,FLOAT,4,512,512,2,2,768,64,ss,0,,1,0,0.9,0,65536,65536,0,1,,,0,0,1,0,1,0,1,64,128,768,2,0,0,1,0,1,0,0,1
18722486682652048,0x428400a0080d90,1,TND,FLOAT,4,512,512,2,2,768,64,ss,0,,1,0,0.9,0,65536,65536,0,1,512/512/512/512,512/512/512/512,0,0,1,1,1,0,1,64,128,768,2,0,0,1,0,1,0,0,1
18722486682652176,0x428400a0080e10,1,SBH,FLOAT,1,256,256,1,2,768,128,ss,1,1nss,1,0,1.0,0,65536,65536,0,1,,,0,0,1,0,0,1,1,64,128,768,2,0,0,1,0,1,0,0,1
18722486682652304,0x428400a0080e90,1,TND,FLOAT,8,512,1024,16,4,512,768,2048,1,slope,3,0,1.0,1,128,64,3,1,512/512/640/896/1152/1280/1280/1344,64/1088/1216/1280/1344/1408/2432/3456,0,0,1,1,0,1,1,64,128,768,2,0,0,1,0,1,0,0,1
18722486682652432,0x428400a0080f10,1,SBH,FLOAT,1,256,256,2,2,768,128,ss,1,1nss,1,0,0.9,0,65536,65536,0,1,,,0,0,1,0,1,1,1,64,128,768,2,0,0,1,0,1,0,0,1
18722486682652560,0x428400a0080f90,1,TND,FLOAT,16,1024,1024,16,2,768,32,bnss,1,slope,3,0,0.9,1,128,64,3,1,512/1024/1280/2304/2304/2368/2432/2496/3520/4032/4288/4544/4672/5696/5696/6208,128/640/704/768/1024/2048/2112/2176/3200/4224/4480/5504/5632/5632/5760/5824,0,0,1,1,1,1,1,64,128,768,2,0,0,1,0,1,0,0,1
18724683558425616,0x42860020081410,1,BSND,FLOAT,2,1024,1024,2,2,64,16,2048,0,,1,0,1.0,2,128,0,0,1,,,0,0,1,0,0,0,1,128,128,64,3,0,0,1,0,1,0,0,1
18724683558425744,0x42860020081490,1,TND,FLOAT,3,1024,128,2,2,64,48,2048,0,,1,0,1.0,2,128,0,0,1,1024/1024/2048,128/256/384,0,0,1,1,0,0,1,128,128,64,3,0,0,1,0,1,0,0,1
18724683558425872,0x42860020081510,1,BSND,FLOAT,2,1024,1024,1,2,64,16,2048,0,,1,0,0.9,2,128,1024,0,1,,,0,0,1,0,1,0,1,128,128,64,3,0,0,1,0,1,0,0,1
18724683558426000,0x42860020081590,1,TND,FLOAT,16,1024,1024,12,2,64,256,2048,0,,3,0,0.9,2,1,256,1,1,1024/2048/2304/3328/4352/4352/4608/4864/5888/5952/6464/7488/7488/8000/8000/8128,256/1280/2304/2816/3840/3840/4864/4928/5184/6208/6720/6784/6848/6912/7168/7424,0,0,1,1,1,0,1,128,128,64,3,0,0,1,0,1,0,0,1
18724683558426128,0x42860020081610,1,BSH,FLOAT,4,1024,256,2,2,64,32,2048,1,1nhs,0,0,1.0,2,128,0,0,1,,,0,0,1,0,0,1,1,128,128,64,3,0,0,1,0,1,0,0,1
18724683558426256,0x42860020081690,1,TND,FLOAT,3,2048,2048,2,2,64,48,2048,1,1nhs,1,0,1.0,2,128,0,0,1,1024/1792/3840,1024/1792/3840,0,0,1,1,0,1,1,128,128,64,3,0,0,1,0,1,0,0,1
18724683558426384,0x42860020081710,1,TND,FLOAT,16,512,192,4,4,16,128,2048,1,1nhs,0,0,0.5,2,128,128,1,1,512/1024/1536/2048/2560/3072/3584/4096/4608/5120/5632/6144/6656/7168/7680/8192,192/384/576/768/960/1152/1344/1536/1728/1920/2112/2304/2496/2688/2880/3072,0,0,1,0,1,1,1,128,128,64,3,0,0,1,0,1,0,0,1
18724683558426512,0x42860020081790,1,TND,FLOAT,2,128,128,2,4,64,32,2048,1,slope,2,0,0.9,2,65536,65536,0,1,128/128,128/128,0,0,1,1,1,1,1,128,128,64,3,0,0,1,0,1,0,0,1
18724684095296528,0x42860040081410,1,SBH,FLOAT,1,256,256,1,2,96,64,2048,0,,1,0,1.0,2,128,0,0,1,,,0,0,1,0,0,0,1,128,128,128,3,0,0,1,0,1,0,0,1
18724684095296656,0x42860040081490,1,TND,FLOAT,3,2048,2048,1,2,72,16,2048,0,,1,0,1.0,2,128,0,0,1,1024/1792/3840,1024/1792/3840,0,0,1,1,0,0,1,128,128,128,3,0,0,1,0,1,0,0,1
18724684095296784,0x42860040081510,1,BSH,FLOAT,2,512,512,2,2,72,48,2048,0,,1,0,0.9,2,128,0,0,1,,,0,0,1,0,1,0,1,128,128,128,3,0,0,1,0,1,0,0,1
18724684095296912,0x42860040081590,1,TND,FLOAT,8,256,256,2,2,128,96,2048,0,,1,0,0.9,2,128,0,0,1,256/256/256/256/256/256/256/256,256/256/256/256/256/256/256/256,0,0,1,1,1,0,1,128,128,128,3,0,0,1,0,1,0,0,1
18724684095297040,0x42860040081610,1,SBH,FLOAT,24,256,256,2,2,96,64,2048,1,slope,3,0,1.0,2,128,0,0,1,,,0,0,1,0,0,1,1,128,128,128,3,0,0,1,0,1,0,0,1
18724684095297168,0x42860040081690,1,TND,FLOAT,8,512,512,2,2,72,64,2048,1,1nhs,1,0,1.0,2,128,0,0,1,512/512/512/512/512/512/512/512,512/512/512/512/512/512/512/512,0,0,1,1,0,1,1,128,128,128,3,0,0,1,0,1,0,0,1
18724684095297296,0x42860040081710,1,TND,FLOAT,16,2048,2048,1,2,96,128,11ss,1,slope,2,0,0.9,2,1024,128,3,1,2048/4096/6144/8192/10240/12288/14336/16384/18432/20480/22528/24576/26624/28672/30720/32768,2048/4096/6144/8192/10240/12288/14336/16384/18432/20480/22528/24576/26624/28672/30720/32768,0,0,1,0,1,1,1,128,128,128,3,0,0,1,0,1,0,0,1
18724684095297424,0x42860040081790,1,TND,FLOAT,8,256,256,2,2,128,96,2048,1,1nhs,1,0,0.9,2,128,0,0,1,256/256/256/256/256/256/256/256,256/256/256/256/256/256/256/256,0,0,1,1,1,1,1,128,128,128,3,0,0,1,0,1,0,0,1
18724684632167440,0x42860060081410,1,BSH,FLOAT,8,512,512,2,2,192,64,2048,0,,1,0,1.0,2,128,0,0,1,,,0,0,1,0,0,0,1,128,128,192,3,0,0,1,0,1,0,0,1
18724684632167568,0x42860060081490,1,TND,FLOAT,8,512,512,2,2,192,64,2048,0,,1,0,1.0,2,128,0,0,1,512/512/512/512/512/512/512/512,512/512/512/512/512/512/512/512,0,0,1,1,0,0,1,128,128,192,3,0,0,1,0,1,0,0,1
18724684632167696,0x42860060081510,1,BSH,FLOAT,4,512,512,2,2,192,48,2048,0,,1,0,0.9,2,128,0,0,1,,,0,0,1,0,1,0,1,128,128,192,3,0,0,1,0,1,0,0,1
18724684632167824,0x42860060081590,1,TND,FLOAT,8,512,512,2,2,192,48,2048,0,,1,0,0.9,2,128,0,0,1,512/512/512/512/512/512/512/512,512/512/512/512/512/512/512/512,0,0,1,1,1,0,1,128,128,192,3,0,0,1,0,1,0,0,1
18724684632167952,0x42860060081610,1,BSND,FLOAT,2,1024,1024,1,2,192,48,2048,1,slope_n,3,0,1.0,2,128,0,0,1,,,0,0,1,0,0,1,1,128,128,192,3,0,0,1,0,1,0,0,1
18724684632168080,0x42860060081690,1,TND,FLOAT,8,512,512,2,2,192,64,2048,1,1nhs,1,0,1.0,2,128,0,0,1,512/512/512/512/512/512/512/512,512/512/512/512/512/512/512/512,0,0,1,1,0,1,1,128,128,192,3,0,0,1,0,1,0,0,1
18724684632168208,0x42860060081710,1,TND,FLOAT,16,1024,512,16,4,192,256,2048,1,slope_n,3,0,0.9,2,0,1,2,1,1024/2048/3072/4096/5120/6144/7168/8192/9216/10240/11264/12288/13312/14336/15360/16384,512/1024/1536/2048/2560/3072/3584/4096/4608/5120/5632/6144/6656/7168/7680/8192,0,0,1,0,1,1,1,128,128,192,3,0,0,1,0,1,0,0,1
18724684632168336,0x42860060081790,1,TND,FLOAT,8,512,512,2,2,192,48,2048,1,1nhs,1,0,0.9,2,128,0,0,1,512/512/512/512/512/512/512/512,512/512/512/512/512/512/512/512,0,0,1,1,1,1,1,128,128,192,3,0,0,1,0,1,0,0,1
18724685169038352,0x42860080081410,1,BSH,FLOAT,4,512,512,2,2,256,16,2048,0,,1,0,1.0,2,65536,65536,0,1,,,0,0,1,0,0,0,1,128,128,256,3,0,0,1,0,1,0,0,1
18724685169038480,0x42860080081490,1,TND,FLOAT,48,256,256,2,2,256,48,2048,0,,1,0,1.0,2,128,0,0,1,256/256/256/256/256/256/256/256/256/256/256/256/256/256/256/256/256/256/256/256/256/256/256/256/256/256/256/256/256/256/256/256/256/256/256/256/256/256/256/256/256/256/256/256/256/256/256/256,256/256/256/256/256/256/256/256/256/256/256/256/256/256/256/256/256/256/256/256/256/256/256/256/256/256/256/256/256/256/256/256/256/256/256/256/256/256/256/256/256/256/256/256/256/256/256/256,0,0,1,1,0,0,1,128,128,256,3,0,0,1,0,1,0,0,1
18724685169038608,0x42860080081510,1,TND,FLOAT,1,256,256,1,2,256,192,2048,0,,1,0,0.9,2,128,0,0,1,256,256,0,0,1,0,1,0,1,128,128,256,3,0,0,1,0,1,0,0,1
18724685169038736,0x42860080081590,1,TND,FLOAT,16,1024,512,12,2,256,128,b1ss,0,,2,0,0.9,0,65536,0,1,1,512/576/1600/1600/1600/1600/2112/2624/2752/2752/3776/4288/4416/4544/5056/5120,256/320/832/896/1152/1152/1152/1280/1280/1344/1408/1920/2048/2560/3072/3072,0,0,1,1,1,0,1,128,128,256,3,0,0,1,0,1,0,0,1
18724685169038864,0x42860080081610,1,SBH,FLOAT,48,256,256,2,2,256,48,2048,1,bnss,1,0,1.0,2,128,0,0,1,,,0,0,1,0,0,1,1,128,128,256,3,0,0,1,0,1,0,0,1
18724685169038992,0x42860080081690,1,TND,FLOAT,32,2048,2048,2,4,193,128,2048,1,bnhs,1,0,1.0,2,128,0,0,1,2048/3968/6016/7936/9984/11904/13952/15872/17920/19840/21888/23808/25856/27776/29824/31744/33792/35712/37760/39680/41728/43648/45696/47616/49664/51584/53632/55552/57600/59520/61568/63488,2048/3968/6016/7936/9984/11904/13952/15872/17920/19840/21888/23808/25856/27776/29824/31744/33792/35712/37760/39680/41728/43648/45696/47616/49664/51584/53632/55552/57600/59520/61568/63488,0,0,1,1,0,1,1,128,128,256,3,0,0,1,0,1,0,0,1
18724685169039120,0x42860080081710,1,SBH,FLOAT,1,256,256,1,2,256,192,2048,1,1nss,1,0,0.9,2,128,0,0,1,,,0,0,1,0,1,1,1,128,128,256,3,0,0,1,0,1,0,0,1
18724685169039248,0x42860080081790,1,TND,FLOAT,2,1024,1024,2,2,256,128,2048,1,bnhs,1,0,0.9,3,128,0,0,1,1024/1024,1024/1024,0,0,1,1,1,1,1,128,128,256,3,0,0,1,0,1,0,0,1
18724685705907216,0x428600a0080c10,1,BSH,FLOAT,8,512,512,2,2,768,64,2048,0,,1,0,1.0,2,128,0,0,1,,,0,0,1,0,0,0,1,64,128,768,3,0,0,1,0,1,0,0,1
18724685705907344,0x428600a0080c90,1,TND,FLOAT,8,512,512,2,2,768,64,2048,0,,1,0,1.0,2,128,0,0,1,512/512/512/512/512/512/512/512,512/512/512/512/512/512/512/512,0,0,1,1,0,0,1,64,128,768,3,0,0,1,0,1,0,0,1
18724685705907472,0x428600a0080d10,1,SBH,FLOAT,8,256,256,2,2,768,96,2048,0,,1,0,0.9,2,128,0,0,1,,,0,0,1,0,1,0,1,64,128,768,3,0,0,1,0,1,0,0,1
18724685705907600,0x428600a0080d90,1,TND,FLOAT,3,256,128,2,2,320,32,2048,0,,1,0,0.5,2,128,0,0,1,256/427/513,128/214/258,0,0,1,1,1,0,1,64,128,768,3,0,0,1,0,1,0,0,1
18724685705907728,0x428600a0080e10,1,BSH,FLOAT,2,512,512,2,2,768,256,2048,1,bnss,1,0,1.0,2,128,0,0,1,,,0,0,1,0,0,1,1,64,128,768,3,0,0,1,0,1,0,0,1
18724685705907856,0x428600a0080e90,1,TND,FLOAT,8,512,512,2,2,768,64,2048,1,1nhs,1,0,1.0,2,128,0,0,1,512/512/512/512/512/512/512/512,512/512/512/512/512/512/512/512,0,0,1,1,0,1,1,64,128,768,3,0,0,1,0,1,0,0,1
18724685705907984,0x428600a0080f10,1,BSH,FLOAT,2,512,512,2,2,768,192,2048,1,bnss,1,0,0.5,2,128,0,0,1,,,0,0,1,0,1,1,1,64,128,768,3,0,0,1,0,1,0,0,1
18724685705908112,0x428600a0080f90,1,TND,FLOAT,2,1024,1024,2,2,768,128,2048,1,bnhs,1,0,0.9,3,128,0,0,1,1024/1024,1024/1024,0,0,1,1,1,1,1,64,128,768,3,0,0,1,0,1,0,0,1
18726882581681168,0x42880020081410,1,BNSD,FLOAT,1,1024,2048,1,2,64,48,2048,0,,1,0,1.0,4,1024,65536,0,1,,,0,0,1,0,0,0,1,128,128,64,4,0,0,1,0,1,0,0,1
18726882581681296,0x42880020081490,1,TND,FLOAT,11,4096,128,2,2,64,16,2048,0,,1,0,1.0,0,128,0,0,1,1024/1792/3840/4352/8448/8704/8960/9984/10240/10368/10624,128/256/384/512/640/768/896/1024/1152/1280/1408,0,0,1,1,0,0,1,128,128,64,4,0,0,1,0,1,0,0,1
18726882581681424,0x42880020081510,1,SBH,FLOAT,1,2048,1024,1,2,64,32,2048,0,,1,0,0.5,3,128,0,0,1,,,0,0,1,0,1,0,1,128,128,64,4,0,0,1,0,1,0,0,1
18726882581681552,0x42880020081590,1,TND,FLOAT,16,1024,1024,1,8,64,768,ss,0,,2,0,0.5,0,65536,64,3,1,1024/1280/1280/1344/1344/2368/2432/2432/2944/3968/4480/5504/6016/6080/6208/6720,128/640/640/1152/1216/1472/1728/2752/2880/2880/2944/3456/3584/3712/3712/3968,0,0,1,1,1,0,1,128,128,64,4,0,0,1,0,1,0,0,1
18726882581681680,0x42880020081610,1,BSH,FLOAT,4,1024,256,2,2,64,32,2048,1,1nhs,0,0,1.0,3,128,0,0,1,,,0,0,1,0,0,1,1,128,128,64,4,0,0,1,0,1,0,0,1
18726882581681808,0x42880020081690,1,TND,FLOAT,4,1024,256,2,2,64,32,2048,1,1nhs,0,0,1.0,3,128,0,0,1,1024/1024/1024/1024,256/256/256/256,0,0,1,1,0,1,1,128,128,64,4,0,0,1,0,1,0,0,1
18726882581681936,0x42880020081710,1,BSH,FLOAT,4,1024,256,2,2,64,32,2048,1,1nhs,0,0,0.5,3,128,0,0,1,,,0,0,1,0,1,1,1,128,128,64,4,0,0,1,0,1,0,0,1
18726882581682064,0x42880020081790,1,TND,FLOAT,3,1024,128,16,4,64,72,2048,1,slope,3,0,0.9,3,128,512,0,1,1024/1536/1536,0/128/128,0,0,1,1,1,1,1,128,128,64,4,0,0,1,0,1,0,0,1
18726883118552080,0x42880040081410,1,BSH,FLOAT,4,512,512,2,2,72,32,2048,0,,1,0,1.0,3,128,0,0,1,,,0,0,1,0,0,0,1,128,128,128,4,0,0,1,0,1,0,0,1
18726883118552208,0x42880040081490,1,TND,FLOAT,16,1024,1024,4,2,128,16,b1ss,0,,1,0,1.0,0,512,512,0,1,512/576/640/640/1664/1664/2688/3712/3776/3776/4800/4800/4864/5376/5504/5568,256/320/576/832/960/1984/2240/2304/2432/2496/2752/3776/3776/3840/4864/5888,0,0,1,1,0,0,1,128,128,128,4,0,0,1,0,1,0,0,1
18726883118552336,0x42880040081510,1,BSH,FLOAT,4,512,512,2,2,128,48,2048,0,,1,0,0.9,4,128,65536,0,1,,,0,0,1,0,1,0,1,128,128,128,4,0,0,1,0,1,0,0,1
18726883118552464,0x42880040081590,1,TND,FLOAT,8,1024,1024,2,4,96,192,ss,0,,0,0,0.9,0,1024,256,2,1,0/512/576/576/832/1856/2368/2432,256/768/1792/1856/2368/2368/2432/2944,0,0,1,1,1,0,1,128,128,128,4,0,0,1,0,1,0,0,1
18726883118552592,0x42880040081610,1,BSH,FLOAT,4,4096,512,2,2,96,48,2048,1,1nss,0,0,1.0,3,128,0,0,1,,,0,0,1,0,0,1,1,128,128,128,4,0,0,1,0,1,0,0,1
18726883118552720,0x42880040081690,1,TND,FLOAT,3,2048,2048,2,2,72,64,2048,1,slope_n,3,0,1.0,0,128,0,0,1,1024/1792/3840,1024/1792/3840,0,0,1,1,0,1,1,128,128,128,4,0,0,1,0,1,0,0,1
18726883118552848,0x42880040081710,1,BSH,FLOAT,48,4096,4096,16,2,96,64,ss,1,slope,2,0,0.9,0,65536,64,1,1,,,0,0,1,0,1,1,1,128,128,128,4,0,0,1,0,1,0,0,1
18726883118552976,0x42880040081790,1,TND,FLOAT,8,256,256,2,2,128,120,2048,1,slope,2,0,0.5,0,128,0,0,1,256/256/256/256/256/256/256/256,256/256/256/256/256/256/256/256,0,0,1,1,1,1,1,128,128,128,4,0,0,1,0,1,0,0,1
18726883655422992,0x42880060081410,1,TND,FLOAT,1,4096,4096,2,2,192,96,2048,0,,1,0,1.0,4,0,128,0,1,4096,4096,0,0,1,0,0,0,1,128,128,192,4,0,0,1,0,1,0,0,1
18726883655423120,0x42880060081490,1,TND,FLOAT,8,512,512,2,2,192,64,2048,0,,1,0,1.0,0,128,0,0,1,512/512/512/512/512/512/512/512,512/512/512/512/512/512/512/512,0,0,1,1,0,0,1,128,128,192,4,0,0,1,0,1,0,0,1
18726883655423248,0x42880060081510,1,BSND,FLOAT,2,1024,1024,2,2,192,128,2048,0,,1,0,0.9,3,128,0,0,1,,,0,0,1,0,1,0,1,128,128,192,4,0,0,1,0,1,0,0,1
18726883655423376,0x42880060081590,1,TND,FLOAT,16,1024,1024,40,4,144,16,bnss,0,,1,0,0.9,0,0,128,2,1,1024/1536/1536/2560/3072/3072/3072/3328/3328/3392/3648/4672/4928/5952/6208/7232,128/128/640/1152/1664/2176/2688/3712/4736/4864/4864/5120/5248/5760/6016/6080,0,0,1,1,1,0,1,128,128,192,4,0,0,1,0,1,0,0,1
18726883655423504,0x42880060081610,1,SBH,FLOAT,24,256,256,2,2,192,96,2048,1,bnss,1,0,1.0,4,0,128,0,1,,,0,0,1,0,0,1,1,128,128,192,4,0,0,1,0,1,0,0,1
18726883655423632,0x42880060081690,1,TND,FLOAT,4,1024,256,2,2,192,64,2048,1,1nhs,0,0,1.0,3,128,0,0,1,1024/1024/1024/1024,256/256/256/256,0,0,1,1,0,1,1,128,128,192,4,0,0,1,0,1,0,0,1
18726883655423760,0x42880060081710,1,BSND,FLOAT,24,1024,1024,1,2,192,128,2048,1,b1ss,1,0,0.9,3,128,0,0,1,,,0,0,1,0,1,1,1,128,128,192,4,0,0,1,0,1,0,0,1
18726883655423888,0x42880060081790,1,TND,FLOAT,4,1024,256,2,2,129,64,2048,1,1nhs,0,0,0.5,3,128,0,0,1,1024/1024/1024/1024,256/256/256/256,0,0,1,1,1,1,1,128,128,192,4,0,0,1,0,1,0,0,1
18726884192293904,0x42880080081410,1,SBH,FLOAT,1,256,256,1,2,256,64,2048,0,,1,0,1.0,4,1024,128,0,1,,,0,0,1,0,0,0,1,128,128,256,4,0,0,1,0,1,0,0,1
18726884192294032,0x42880080081490,1,TND,FLOAT,3,1024,256,2,2,256,64,2048,0,,1,0,1.0,0,128,0,0,1,1024/1920/2688,256/427/513,0,0,1,1,0,0,1,128,128,256,4,0,0,1,0,1,0,0,1
18726884192294160,0x42880080081510,1,BSND,FLOAT,2,1024,1024,2,2,256,128,2048,0,,1,0,0.9,3,128,0,0,1,,,0,0,1,0,1,0,1,128,128,256,4,0,0,1,0,1,0,0,1
18726884192294288,0x42880080081590,1,TND,FLOAT,2,1024,64,2,2,256,128,2048,0,,1,0,0.9,3,128,0,0,1,1024/1024,64/64,0,0,1,1,1,0,1,128,128,256,4,0,0,1,0,1,0,0,1
18726884192294416,0x42880080081610,1,SBH,FLOAT,1,64,4096,1,2,256,16,2048,1,1nss,1,0,1.0,3,0,1024,0,1,,,0,0,1,0,0,1,1,128,128,256,4,0,0,1,0,1,0,0,1
18726884192294544,0x42880080081690,1,TND,FLOAT,16,1024,1024,2,4,256,16,2048,1,slope_n,2,0,1.0,3,1024,1,2,1,128/192/256/512/1536/1536/2560/2688/3712/3712/4224/5248/6272/7296/7424/8448,512/1536/1600/1856/2112/2624/2624/2688/3200/4224/4288/5312/5824/6336/6400/6400,0,0,1,1,0,1,1,128,128,256,4,0,0,1,0,1,0,0,1
18726884192294672,0x42880080081710,1,BSND,FLOAT,24,1024,1024,1,2,256,128,2048,1,b1ss,1,0,0.9,3,128,0,0,1,,,0,0,1,0,1,1,1,128,128,256,4,0,0,1,0,1,0,0,1
18726884192294800,0x42880080081790,1,TND,FLOAT,2,512,1024,5,8,256,96,11ss,1,slope,2,0,0.5,0,65536,64,0,1,64/576,1024/1088,0,0,1,1,1,1,1,128,128,256,4,0,0,1,0,1,0,0,1
18726884729162768,0x428800a0080c10,1,SBH,FLOAT,1,128,64,1,2,768,128,2048,0,,1,0,1.0,3,128,0,0,1,,,0,0,1,0,0,0,1,64,128,768,4,0,0,1,0,1,0,0,1
18726884729162896,0x428800a0080c90,1,TND,FLOAT,3,1024,256,2,2,768,64,2048,0,,1,0,1.0,0,128,0,0,1,1024/1920/2688,256/427/513,0,0,1,1,0,0,1,64,128,768,4,0,0,1,0,1,0,0,1
18726884729163024,0x428800a0080d10,1,BSND,FLOAT,2,1024,1024,2,2,768,128,2048,0,,1,0,0.9,3,128,0,0,1,,,0,0,1,0,1,0,1,64,128,768,4,0,0,1,0,1,0,0,1
18726884729163152,0x428800a0080d90,1,TND,FLOAT,4,256,128,2,2,512,128,2048,0,,1,0,0.9,4,128,65536,0,1,256/256/256/256,128/128/128/128,0,0,1,1,1,0,1,64,128,768,4,0,0,1,0,1,0,0,1
18726884729163280,0x428800a0080e10,1,BSH,FLOAT,24,128,512,2,2,320,48,2048,1,1nss,0,0,1.0,3,128,0,0,1,,,0,0,1,0,0,1,1,64,128,768,4,0,0,1,0,1,0,0,1
18726884729163408,0x428800a0080e90,1,TND,FLOAT,4,1024,256,2,2,768,64,2048,1,1nhs,0,0,1.0,3,128,0,0,1,1024/1024/1024/1024,256/256/256/256,0,0,1,1,0,1,1,64,128,768,4,0,0,1,0,1,0,0,1
18726884729163536,0x428800a0080f10,1,BSND,FLOAT,24,1024,1024,1,2,768,128,2048,1,b1ss,1,0,0.9,3,128,0,0,1,,,0,0,1,0,1,1,1,64,128,768,4,0,0,1,0,1,0,0,1
18726884729163664,0x428800a0080f90,1,TND,FLOAT,16,1024,1024,16,2,512,144,ss,1,slope_n,3,0,0.9,0,0,64,1,1,512/768/832/1088/1216/1280/1408/1664/1920/1920/2944/3008/3072/4096/4160/5184,512/640/768/1280/1344/1408/1536/2048/2048/2560/2816/3072/4096/4160/4672/4928,0,0,1,1,1,1,1,64,128,768,4,0,0,1,0,1,0,0,1
18757668907257872,0x42a40020081010,1,TND,FLOAT,1,256,256,8,1,64,16,none,0,,1,0,1.0,0,65536,65536,0,1,256,256,0,0,1,0,0,0,0,128,128,64,2,1,0,1,0,1,0,0,1
18757668907258000,0x42a40020081090,1,TND,FLOAT,64,1024,1024,2,1,64,32,none,0,,1,0,1.0,0,65536,65536,0,1,512/1152/1920/2816/3840/4352/4992/5760/6656/7680/8192/8832/9600/10496/11520/12032/12672/13440/14336/15360/15872/16512/17280/18176/19200/19712/20352/21120/22016/23040/23552/24192/24960/25856/26880/27392/28032/28800/29696/30720/31232/31872/32640/33536/34560/35072/35712/36480/37376/38400/38912/39552/40320/41216/42240/42752/43392/44160/45056/46080/46592/47232/48000/48896,512/1152/1920/2816/3840/4352/4992/5760/6656/7680/8192/8832/9600/10496/11520/12032/12672/13440/14336/15360/15872/16512/17280/18176/19200/19712/20352/21120/22016/23040/23552/24192/24960/25856/26880/27392/28032/28800/29696/30720/31232/31872/32640/33536/34560/35072/35712/36480/37376/38400/38912/39552/40320/41216/42240/42752/43392/44160/45056/46080/46592/47232/48000/48896,0,0,1,1,0,0,0,128,128,64,2,1,0,1,0,1,0,0,1
18757668907258128,0x42a40020081110,1,SBH,FLOAT,1,1024,512,1,1,64,16,none,0,,1,0,0.9,0,65536,65536,0,1,,,0,0,1,0,1,0,0,128,128,64,2,1,0,1,0,1,0,0,1
18757668907258256,0x42a40020081190,1,TND,FLOAT,3,2048,2048,2,1,64,32,none,0,,1,0,0.9,0,65536,65536,0,1,1024/1792/3840,1024/1792/3840,0,0,1,1,1,0,0,128,128,64,2,1,0,1,0,1,0,0,1
18757668907258384,0x42a40020081210,1,SBH,FLOAT,1,256,256,1,1,64,32,none,1,b1ss,1,0,1.0,0,65536,65536,0,1,,,0,0,1,0,0,1,0,128,128,64,2,1,0,1,0,1,0,0,1
18757668907258512,0x42a40020081290,1,TND,FLOAT,3,2048,2048,2,1,64,48,none,1,slope,2,0,1.0,4,65536,65536,0,1,1024/1792/3840,1024/1792/3840,0,0,1,1,0,1,0,128,128,64,2,1,0,1,0,1,0,0,1
18757668907258640,0x42a40020081310,1,SBH,FLOAT,1,256,1024,1,1,64,16,none,1,slope_n,3,0,0.9,0,65536,65536,0,1,,,0,0,1,0,1,1,0,128,128,64,2,1,0,1,0,1,0,0,1
18757668907258768,0x42a40020081390,1,TND,FLOAT,3,2048,2048,2,1,64,48,none,1,slope,2,0,0.9,1,128,65536,0,1,1024/1792/3840,1024/1792/3840,0,0,1,1,1,1,0,128,128,64,2,1,0,1,0,1,0,0,1
18757668907258896,0x42a40020081410,1,BNSD,FLOAT,1,256,256,1,1,64,48,2048,0,,1,0,1.0,4,1024,65536,0,1,,,0,0,1,0,0,0,1,128,128,64,2,1,0,1,0,1,0,0,1
18757668907259024,0x42a40020081490,1,TND,FLOAT,3,2048,2048,2,1,64,32,2048,0,,1,0,1.0,4,65536,65536,0,1,1024/1792/3840,1024/1792/3840,0,0,1,1,0,0,1,128,128,64,2,1,0,1,0,1,0,0,1
18757668907259152,0x42a40020081510,1,SBH,FLOAT,1,256,256,1,1,64,16,11ss,0,,1,0,0.5,0,65536,65536,0,1,,,0,0,1,0,1,0,1,128,128,64,2,1,0,1,0,1,0,0,1
18757668907259280,0x42a40020081590,1,TND,FLOAT,3,2048,2048,2,1,64,32,2048,0,,1,0,0.9,0,65536,65536,0,1,1024/1792/3840,1024/1792/3840,0,0,1,1,1,0,1,128,128,64,2,1,0,1,0,1,0,0,1
18757668907259408,0x42a40020081610,1,SBH,FLOAT,1,256,256,1,1,64,16,11ss,1,1nss,1,0,1.0,0,65536,65536,0,1,,,0,0,1,0,0,1,1,128,128,64,2,1,0,1,0,1,0,0,1
18757668907259536,0x42a40020081690,1,TND,FLOAT,48,256,256,1,1,64,16,11ss,1,slope_n,3,0,1.0,0,65536,65536,0,1,256/256/256/256/256/256/256/256/256/256/256/256/256/256/256/256/256/256/256/256/256/256/256/256/256/256/256/256/256/256/256/256/256/256/256/256/256/256/256/256/256/256/256/256/256/256/256/256,256/256/256/256/256/256/256/256/256/256/256/256/256/256/256/256/256/256/256/256/256/256/256/256/256/256/256/256/256/256/256/256/256/256/256/256/256/256/256/256/256/256/256/256/256/256/256/256,0,0,1,1,0,1,1,128,128,64,2,1,0,1,0,1,0,0,1
18757668907259664,0x42a40020081710,1,SBH,FLOAT,48,256,256,1,1,64,16,11ss,1,slope_n,3,0,0.9,0,65536,65536,0,1,,,0,0,1,0,1,1,1,128,128,64,2,1,0,1,0,1,0,0,1
18757668907259792,0x42a40020081790,1,TND,FLOAT,48,256,256,1,1,64,16,11ss,1,slope_n,3,0,0.9,0,65536,65536,0,1,256/256/256/256/256/256/256/256/256/256/256/256/256/256/256/256/256/256/256/256/256/256/256/256/256/256/256/256/256/256/256/256/256/256/256/256/256/256/256/256/256/256/256/256/256/256/256/256,256/256/256/256/256/256/256/256/256/256/256/256/256/256/256/256/256/256/256/256/256/256/256/256/256/256/256/256/256/256/256/256/256/256/256/256/256/256/256/256/256/256/256/256/256/256/256/256,0,0,1,1,1,1,1,128,128,64,2,1,0,1,0,1,0,0,1
18757669444128784,0x42a40040081010,1,SBH,FLOAT,48,128,128,1,1,128,16,none,0,,1,0,1.0,0,65536,65536,0,1,,,0,0,1,0,0,0,0,128,128,128,2,1,0,1,0,1,0,0,1
18757669444128912,0x42a40040081090,1,TND,FLOAT,3,2048,2048,1,1,96,64,none,0,,1,0,1.0,4,65536,65536,0,1,1024/1792/3840,1024/1792/3840,0,0,1,1,0,0,0,128,128,128,2,1,0,1,0,1,0,0,1
18757669444129040,0x42a40040081110,1,TND,FLOAT,1,256,256,1,1,128,16,none,0,,1,0,0.9,0,65536,65536,0,1,256,256,0,0,1,0,1,0,0,128,128,128,2,1,0,1,0,1,0,0,1
18757669444129168,0x42a40040081190,1,TND,FLOAT,3,2048,2048,2,1,96,48,none,0,,1,0,0.9,0,65536,65536,0,1,1024/1792/3840,1024/1792/3840,0,0,1,1,1,0,0,128,128,128,2,1,0,1,0,1,0,0,1
18757669444129296,0x42a40040081210,1,BSH,FLOAT,4,512,512,8,1,72,32,none,1,bnss,0,0,1.0,0,65536,65536,0,1,,,0,0,1,0,0,1,0,128,128,128,2,1,0,1,0,1,0,0,1
18757669444129424,0x42a40040081290,1,TND,FLOAT,3,2048,2048,2,1,96,72,none,1,slope,2,0,1.0,4,65536,65536,0,1,1024/1792/3840,1024/1792/3840,0,0,1,1,0,1,0,128,128,128,2,1,0,1,0,1,0,0,1
18757669444129552,0x42a40040081310,1,SBH,FLOAT,1,256,256,1,1,128,16,none,1,1nss,1,0,0.9,0,65536,65536,0,1,,,0,0,1,0,1,1,0,128,128,128,2,1,0,1,0,1,0,0,1
18757669444129680,0x42a40040081390,1,TND,FLOAT,3,2048,2048,2,1,96,64,none,1,slope,2,0,0.9,4,65536,65536,0,1,1024/1792/3840,1024/1792/3840,0,0,1,1,1,1,0,128,128,128,2,1,0,1,0,1,0,0,1
18757669444129808,0x42a40040081410,1,TND,FLOAT,1,256,256,1,1,96,72,11ss,0,,1,0,1.0,0,65536,65536,0,1,256,256,0,0,1,0,0,0,1,128,128,128,2,1,0,1,0,1,0,0,1
18757669444129936,0x42a40040081490,1,TND,FLOAT,3,2048,2048,2,1,72,64,2048,0,,1,0,1.0,1,65536,65536,0,1,1024/1792/3840,1024/1792/3840,0,0,1,1,0,0,1,128,128,128,2,1,0,1,0,1,0,0,1
18757669444130064,0x42a40040081510,1,SBH,FLOAT,1,256,256,1,1,96,72,11ss,0,,1,0,0.5,0,65536,65536,0,1,,,0,0,1,0,1,0,1,128,128,128,2,1,0,1,0,1,0,0,1
18757669444130192,0x42a40040081590,1,TND,FLOAT,3,2048,2048,2,1,128,32,2048,0,,1,0,0.9,1,0,128,0,1,1024/1792/3840,1024/1792/3840,0,0,1,1,1,0,1,128,128,128,2,1,0,1,0,1,0,0,1
18757669444130320,0x42a40040081610,1,BSND,FLOAT,2,1024,1024,2,1,72,64,ss,1,slope,3,0,1.0,0,65536,65536,0,1,,,0,0,1,0,0,1,1,128,128,128,2,1,0,1,0,1,0,0,1
18757669444130448,0x42a40040081690,1,TND,FLOAT,3,2048,2048,1,1,72,32,2048,1,slope,2,0,1.0,4,65536,65536,0,1,1024/1792/3840,1024/1792/3840,0,0,1,1,0,1,1,128,128,128,2,1,0,1,0,1,0,0,1
18757669444130576,0x42a40040081710,1,SBH,FLOAT,1,256,256,1,1,72,16,ss,1,1nss,1,0,0.9,0,65536,65536,0,1,,,0,0,1,0,1,1,1,128,128,128,2,1,0,1,0,1,0,0,1
18757669444130704,0x42a40040081790,1,TND,FLOAT,48,256,256,1,1,128,16,11ss,1,slope_n,3,0,0.9,0,65536,65536,0,1,256/256/256/256/256/256/256/256/256/256/256/256/256/256/256/256/256/256/256/256/256/256/256/256/256/256/256/256/256/256/256/256/256/256/256/256/256/256/256/256/256/256/256/256/256/256/256/256,256/256/256/256/256/256/256/256/256/256/256/256/256/256/256/256/256/256/256/256/256/256/256/256/256/256/256/256/256/256/256/256/256/256/256/256/256/256/256/256/256/256/256/256/256/256/256/256,0,0,1,1,1,1,1,128,128,128,2,1,0,1,0,1,0,0,1
18757669980999696,0x42a40060081010,1,SBH,FLOAT,1,256,256,1,1,192,96,none,0,,1,0,1.0,0,65536,65536,0,1,,,0,0,1,0,0,0,0,128,128,192,2,1,0,1,0,1,0,0,1
18757669980999824,0x42a40060081090,1,TND,FLOAT,3,2048,2048,2,1,192,32,none,0,,1,0,1.0,0,65536,65536,0,1,1024/3072/4608,1024/3072/4608,0,0,1,1,0,0,0,128,128,192,2,1,0,1,0,1,0,0,1
18757669980999952,0x42a40060081110,1,SBH,FLOAT,1,256,256,1,1,192,16,none,0,,1,0,0.9,3,1024,65536,0,1,,,0,0,1,0,1,0,0,128,128,192,2,1,0,1,0,1,0,0,1
18757669981000080,0x42a40060081190,1,TND,FLOAT,3,2048,2048,2,1,192,96,none,0,,1,0,0.9,0,65536,65536,0,1,1024/1792/3840,1024/1792/3840,0,0,1,1,1,0,0,128,128,192,2,1,0,1,0,1,0,0,1
18757669981000208,0x42a40060081210,1,BSND,FLOAT,1,256,256,1,1,192,128,none,1,1nss,1,0,1.0,0,65536,65536,0,1,,,0,0,1,0,0,1,0,128,128,192,2,1,0,1,0,1,0,0,1
18757669981000336,0x42a40060081290,1,TND,FLOAT,3,2048,2048,2,1,192,32,none,1,slope_n,2,0,1.0,4,65536,0,0,1,0/768/2816,1024/1024/3072,0,0,1,1,0,1,0,128,128,192,2,1,0,1,0,1,0,0,1
18757669981000464,0x42a40060081310,1,SBH,FLOAT,1,256,256,1,1,192,128,none,1,1nss,1,0,0.9,0,65536,65536,0,1,,,0,0,1,0,1,1,0,128,128,192,2,1,0,1,0,1,0,0,1
18757669981000592,0x42a40060081390,1,TND,FLOAT,2,128,128,2,1,192,96,none,1,slope,2,0,0.9,0,65536,65536,0,1,128/128,128/128,0,0,1,1,1,1,0,128,128,192,2,1,0,1,0,1,0,0,1
18757669981000720,0x42a40060081410,1,TND,FLOAT,1,256,256,1,1,192,72,11ss,0,,1,0,1.0,0,65536,65536,0,1,256,256,0,0,1,0,0,0,1,128,128,192,2,1,0,1,0,1,0,0,1
18757669981000848,0x42a40060081490,1,TND,FLOAT,3,2048,2048,2,1,192,72,2048,0,,1,0,1.0,1,65536,65536,0,1,1024/1792/3840,1024/1792/3840,0,0,1,1,0,0,1,128,128,192,2,1,0,1,0,1,0,0,1
18757669981000976,0x42a40060081510,1,SBH,FLOAT,1,256,256,1,1,192,128,ss,0,,1,0,0.9,0,65536,65536,0,1,,,0,0,1,0,1,0,1,128,128,192,2,1,0,1,0,1,0,0,1
18757669981001104,0x42a40060081590,1,TND,FLOAT,3,2048,2048,2,1,192,96,2048,0,,1,0,0.9,4,65536,65536,0,1,1024/1792/3840,1024/1792/3840,0,0,1,1,1,0,1,128,128,192,2,1,0,1,0,1,0,0,1
18757669981001232,0x42a40060081610,1,BSND,FLOAT,2,1024,1024,2,1,192,48,ss,1,bnhs,0,0,1.0,0,65536,65536,0,1,,,0,0,1,0,0,1,1,128,128,192,2,1,0,1,0,1,0,0,1
18757669981001360,0x42a40060081690,1,TND,FLOAT,3,2048,2048,2,1,192,184,2048,1,slope,2,0,1.0,1,65536,65536,0,1,1024/1792/3840,1024/1792/3840,0,0,1,1,0,1,1,128,128,192,2,1,0,1,0,1,0,0,1
18757669981001488,0x42a40060081710,1,SBH,FLOAT,1,256,256,1,1,192,128,ss,1,1nss,1,0,0.9,0,65536,65536,0,1,,,0,0,1,0,1,1,1,128,128,192,2,1,0,1,0,1,0,0,1
18757669981001616,0x42a40060081790,1,TND,FLOAT,2,128,128,2,1,192,64,2048,1,slope,2,0,0.9,0,65536,65536,0,1,128/128,128/128,0,0,1,1,1,1,1,128,128,192,2,1,0,1,0,1,0,0,1
18757670517870608,0x42a40080081010,1,SBH,FLOAT,1,256,256,1,1,256,96,none,0,,1,0,1.0,0,65536,65536,0,1,,,0,0,1,0,0,0,0,128,128,256,2,1,0,1,0,1,0,0,1
18757670517870736,0x42a40080081090,1,TND,FLOAT,3,2048,2048,2,1,256,96,none,0,,1,0,1.0,4,65536,65536,0,1,1024/1792/3840,1024/1792/3840,0,0,1,1,0,0,0,128,128,256,2,1,0,1,0,1,0,0,1
18757670517870864,0x42a40080081110,1,BSND,FLOAT,2,512,4096,2,1,256,64,none,0,,1,0,0.9,0,65536,65536,0,1,,,0,0,1,0,1,0,0,128,128,256,2,1,0,1,0,1,0,0,1
18757670517870992,0x42a40080081190,1,TND,FLOAT,4,2048,512,8,1,256,16,none,0,,1,0,0.9,0,65536,65536,0,1,2048/3968/5760/7808,512/896/1152/1664,0,0,1,1,1,0,0,128,128,256,2,1,0,1,0,1,0,0,1
18757670517871120,0x42a40080081210,1,SBH,FLOAT,1,256,256,1,1,256,128,none,1,b1ss,1,0,1.0,0,65536,65536,0,1,,,0,0,1,0,0,1,0,128,128,256,2,1,0,1,0,1,0,0,1
18757670517871248,0x42a40080081290,1,TND,FLOAT,3,1024,1024,2,1,256,64,none,1,slope,2,0,1.0,0,65536,65536,0,1,1024/1920/2688,1024/1920/2688,0,0,1,1,0,1,0,128,128,256,2,1,0,1,0,1,0,0,1
18757670517871376,0x42a40080081310,1,SBH,FLOAT,1,256,256,1,1,256,128,none,1,1nss,1,0,0.9,0,65536,65536,0,1,,,0,0,1,0,1,1,0,128,128,256,2,1,0,1,0,1,0,0,1
18757670517871504,0x42a40080081390,1,TND,FLOAT,2,128,128,2,1,256,64,none,1,slope,2,0,0.9,0,65536,65536,0,1,128/128,128/128,0,0,1,1,1,1,0,128,128,256,2,1,0,1,0,1,0,0,1
18757670517871632,0x42a40080081410,1,SBH,FLOAT,1,256,256,1,1,256,128,11ss,0,,1,0,1.0,0,65536,65536,0,1,,,0,0,1,0,0,0,1,128,128,256,2,1,0,1,0,1,0,0,1
18757670517871760,0x42a40080081490,1,TND,FLOAT,6,2048,128,2,1,256,96,2048,0,,1,0,1.0,1,1024,1024,0,1,1024/1792/3840/4096/5120/5248,128/256/384/512/640/768,0,0,1,1,0,0,1,128,128,256,2,1,0,1,0,1,0,0,1
18757670517871888,0x42a40080081510,1,SBH,FLOAT,1,256,256,1,1,256,128,ss,0,,1,0,0.9,0,65536,65536,0,1,,,0,0,1,0,1,0,1,128,128,256,2,1,0,1,0,1,0,0,1
18757670517872016,0x42a40080081590,1,TND,FLOAT,4,2048,512,8,1,256,16,ss,0,,1,0,0.9,0,65536,65536,0,1,2048/3968/5760/7808,512/896/1152/1664,0,0,1,1,1,0,1,128,128,256,2,1,0,1,0,1,0,0,1
18757670517872144,0x42a40080081610,1,BSND,FLOAT,2,1024,1024,2,1,256,32,ss,1,slope,3,0,1.0,0,65536,65536,0,1,,,0,0,1,0,0,1,1,128,128,256,2,1,0,1,0,1,0,0,1
18757670517872272,0x42a40080081690,1,TND,FLOAT,3,2048,2048,2,1,256,48,bnss,1,slope,2,0,1.0,4,65536,65536,0,1,1024/1792/3840,1024/1792/3840,0,0,1,1,0,1,1,128,128,256,2,1,0,1,0,1,0,0,1
18757670517872400,0x42a40080081710,1,SBH,FLOAT,1,256,256,1,1,256,128,ss,1,1nss,1,0,0.9,0,65536,65536,0,1,,,0,0,1,0,1,1,1,128,128,256,2,1,0,1,0,1,0,0,1
18757670517872528,0x42a40080081790,1,TND,FLOAT,2,128,128,2,1,256,64,2048,1,slope,2,0,0.9,0,65536,65536,0,1,128/128,128/128,0,0,1,1,1,1,1,128,128,256,2,1,0,1,0,1,0,0,1
18757671054739472,0x42a400a0080810,1,TND,FLOAT,1,256,256,1,1,512,64,none,0,,1,0,1.0,0,65536,65536,0,1,256,256,0,0,1,0,0,0,0,64,128,768,2,1,0,1,0,1,0,0,1
18757671054739600,0x42a400a0080890,1,TND,FLOAT,3,2048,2048,2,1,768,128,none,0,,1,0,1.0,4,65536,65536,0,1,1024/1792/3840,1024/1792/3840,0,0,1,1,0,0,0,64,128,768,2,1,0,1,0,1,0,0,1
18757671054739728,0x42a400a0080910,1,BSND,FLOAT,2,1024,1024,2,1,768,128,none,0,,1,0,0.9,0,65536,65536,0,1,,,0,0,1,0,1,0,0,64,128,768,2,1,0,1,0,1,0,0,1
18757671054739856,0x42a400a0080990,1,TND,FLOAT,48,256,256,1,1,320,32,none,0,,1,0,0.9,0,65536,65536,0,1,256/256/256/256/256/256/256/256/256/256/256/256/256/256/256/256/256/256/256/256/256/256/256/256/256/256/256/256/256/256/256/256/256/256/256/256/256/256/256/256/256/256/256/256/256/256/256/256,256/256/256/256/256/256/256/256/256/256/256/256/256/256/256/256/256/256/256/256/256/256/256/256/256/256/256/256/256/256/256/256/256/256/256/256/256/256/256/256/256/256/256/256/256/256/256/256,0,0,1,1,1,0,0,64,128,768,2,1,0,1,0,1,0,0,1
18757671054739984,0x42a400a0080a10,1,SBH,FLOAT,1,256,256,1,1,768,128,none,1,b1ss,1,0,1.0,0,65536,65536,0,1,,,0,0,1,0,0,1,0,64,128,768,2,1,0,1,0,1,0,0,1
18757671054740112,0x42a400a0080a90,1,TND,FLOAT,3,1024,1024,2,1,768,64,none,1,slope,2,0,1.0,0,65536,65536,0,1,1024/1920/2688,1024/1920/2688,0,0,1,1,0,1,0,64,128,768,2,1,0,1,0,1,0,0,1
18757671054740240,0x42a400a0080b10,1,SBH,FLOAT,1,256,256,1,1,768,128,none,1,1nss,1,0,0.9,0,65536,65536,0,1,,,0,0,1,0,1,1,0,64,128,768,2,1,0,1,0,1,0,0,1
18757671054740368,0x42a400a0080b90,1,TND,FLOAT,2,128,128,2,1,512,48,none,1,slope,2,0,0.9,0,65536,65536,0,1,128/128,128/128,0,0,1,1,1,1,0,64,128,768,2,1,0,1,0,1,0,0,1
18757671054740496,0x42a400a0080c10,1,SBH,FLOAT,1,256,256,1,1,768,128,11ss,0,,1,0,1.0,0,65536,65536,0,1,,,0,0,1,0,0,0,1,64,128,768,2,1,0,1,0,1,0,0,1
18757671054740624,0x42a400a0080c90,1,TND,FLOAT,3,2048,2048,2,1,512,320,11ss,0,,1,0,1.0,4,65536,65536,0,1,1024/1792/3840,1024/1792/3840,0,0,1,1,0,0,1,64,128,768,2,1,0,1,0,1,0,0,1
18757671054740752,0x42a400a0080d10,1,SBH,FLOAT,1,256,256,1,1,768,128,ss,0,,1,0,0.9,0,65536,65536,0,1,,,0,0,1,0,1,0,1,64,128,768,2,1,0,1,0,1,0,0,1
18757671054740880,0x42a400a0080d90,1,TND,FLOAT,3,2048,2048,2,1,512,320,11ss,0,,1,0,0.5,4,65536,65536,0,1,1024/1792/3840,1024/1792/3840,0,0,1,1,1,0,1,64,128,768,2,1,0,1,0,1,0,0,1
18757671054741008,0x42a400a0080e10,1,SBH,FLOAT,1,256,256,1,1,768,128,ss,1,1nss,1,0,1.0,0,65536,65536,0,1,,,0,0,1,0,0,1,1,64,128,768,2,1,0,1,0,1,0,0,1
18757671054741136,0x42a400a0080e90,1,TND,FLOAT,3,1024,1024,2,1,767,64,11ss,1,slope,2,0,1.0,0,65536,65536,1,1,1024/1920/2688,1024/1920/2688,0,0,1,1,0,1,1,64,128,768,2,1,0,1,0,1,0,0,1
18757671054741264,0x42a400a0080f10,1,SBH,FLOAT,1,256,256,1,1,768,128,ss,1,1nss,1,0,0.9,0,65536,65536,0,1,,,0,0,1,0,1,1,1,64,128,768,2,1,0,1,0,1,0,0,1
18757671054741392,0x42a400a0080f90,1,TND,FLOAT,2,128,128,2,1,768,64,2048,1,slope,2,0,0.9,0,65536,65536,0,1,128/128,128/128,0,0,1,1,1,1,1,64,128,768,2,1,0,1,0,1,0,0,1
18759867930514448,0x42a60020081410,1,SBH,FLOAT,8,256,256,1,1,64,48,2048,0,,1,0,1.0,2,128,0,0,1,,,0,0,1,0,0,0,1,128,128,64,3,1,0,1,0,1,0,0,1
18759867930514576,0x42a60020081490,1,TND,FLOAT,3,2048,2048,2,1,64,48,2048,0,,1,0,1.0,2,128,0,0,1,1024/1792/3840,1024/1792/3840,0,0,1,1,0,0,1,128,128,64,3,1,0,1,0,1,0,0,1
18759867930514704,0x42a60020081510,1,SBH,FLOAT,1,64,512,1,1,64,48,2048,0,,1,0,0.5,2,128,0,0,1,,,0,0,1,0,1,0,1,128,128,64,3,1,0,1,0,1,0,0,1
18759867930514832,0x42a60020081590,1,TND,FLOAT,3,256,256,2,1,64,48,2048,0,,1,0,0.9,2,128,0,0,1,256/384/384,256/384/384,0,0,1,1,1,0,1,128,128,64,3,1,0,1,0,1,0,0,1
18759867930514960,0x42a60020081610,1,SBH,FLOAT,2,256,256,1,1,64,48,2048,1,slope,3,0,1.0,2,128,0,0,1,,,0,0,1,0,0,1,1,128,128,64,3,1,0,1,0,1,0,0,1
18759867930515088,0x42a60020081690,1,TND,FLOAT,3,2048,2048,2,1,64,56,2048,1,slope,2,0,1.0,2,128,0,0,1,1024/1792/3840,1024/1792/3840,0,0,1,1,0,1,1,128,128,64,3,1,0,1,0,1,0,0,1
18759867930515216,0x42a60020081710,1,SBH,FLOAT,1,256,256,1,1,64,32,2048,1,b1ss,0,0,0.9,2,128,0,0,1,,,0,0,1,0,1,1,1,128,128,64,3,1,0,1,0,1,0,0,1
18759867930515344,0x42a60020081790,1,TND,FLOAT,2,128,128,2,1,64,16,2048,1,slope,2,0,0.9,2,65536,65536,0,1,128/128,128/128,0,0,1,1,1,1,1,128,128,64,3,1,0,1,0,1,0,0,1
18759868467385360,0x42a60040081410,1,SBH,FLOAT,1,256,256,1,1,72,64,2048,0,,1,0,1.0,2,1024,65536,0,1,,,0,0,1,0,0,0,1,128,128,128,3,1,0,1,0,1,0,0,1
18759868467385488,0x42a60040081490,1,TND,FLOAT,4,4096,4096,2,1,96,32,2048,0,,1,0,1.0,2,128,0,0,1,4096/8064/12160/16128,4096/8064/12160/16128,0,0,1,1,0,0,1,128,128,128,3,1,0,1,0,1,0,0,1
18759868467385616,0x42a60040081510,1,SBH,FLOAT,1,256,256,1,1,96,64,2048,0,,1,0,0.9,2,128,0,0,1,,,0,0,1,0,1,0,1,128,128,128,3,1,0,1,0,1,0,0,1
18759868467385744,0x42a60040081590,1,TND,FLOAT,3,256,256,2,1,128,48,2048,0,,1,0,0.9,2,128,0,0,1,256/384/384,256/384/384,0,0,1,1,1,0,1,128,128,128,3,1,0,1,0,1,0,0,1
18759868467385872,0x42a60040081610,1,SBH,FLOAT,1,256,256,1,1,96,72,2048,1,slope,3,0,1.0,2,128,0,0,1,,,0,0,1,0,0,1,1,128,128,128,3,1,0,1,0,1,0,0,1
18759868467386000,0x42a60040081690,1,TND,FLOAT,3,2048,2048,2,1,128,32,2048,1,slope,2,0,1.0,3,64,1024,0,1,1024/1792/3840,1024/1792/3840,0,0,1,1,0,1,1,128,128,128,3,1,0,1,0,1,0,0,1
18759868467386128,0x42a60040081710,1,SBH,FLOAT,1,256,256,1,1,128,96,2048,1,1nss,1,0,0.9,2,128,0,0,1,,,0,0,1,0,1,1,1,128,128,128,3,1,0,1,0,1,0,0,1
18759868467386256,0x42a60040081790,1,TND,FLOAT,32,2048,2048,2,1,72,128,2048,1,bnhs,1,0,0.5,3,128,0,0,1,2048/3968/6016/7936/9984/11904/13952/15872/17920/19840/21888/23808/25856/27776/29824/31744/33792/35712/37760/39680/41728/43648/45696/47616/49664/51584/53632/55552/57600/59520/61568/63488,2048/3968/6016/7936/9984/11904/13952/15872/17920/19840/21888/23808/25856/27776/29824/31744/33792/35712/37760/39680/41728/43648/45696/47616/49664/51584/53632/55552/57600/59520/61568/63488,0,0,1,1,1,1,1,128,128,128,3,1,0,1,0,1,0,0,1
18759869004256272,0x42a60060081410,1,TND,FLOAT,1,256,256,1,1,192,16,2048,0,,1,0,1.0,2,128,0,0,1,256,256,0,0,1,0,0,0,1,128,128,192,3,1,0,1,0,1,0,0,1
18759869004256400,0x42a60060081490,1,TND,FLOAT,3,2048,2048,2,1,192,32,2048,0,,1,0,1.0,2,128,0,0,1,1024/1792/3840,1024/1792/3840,0,0,1,1,0,0,1,128,128,192,3,1,0,1,0,1,0,0,1
18759869004256528,0x42a60060081510,1,BNSD,FLOAT,1,512,64,1,1,192,64,2048,0,,1,0,0.9,2,128,0,0,1,,,0,0,1,0,1,0,1,128,128,192,3,1,0,1,0,1,0,0,1
18759869004256656,0x42a60060081590,1,TND,FLOAT,3,2048,2048,2,1,192,128,2048,0,,1,0,0.9,2,65536,65536,0,1,1024/1792/3840,1024/1792/3840,0,0,1,1,1,0,1,128,128,192,3,1,0,1,0,1,0,0,1
18759869004256784,0x42a60060081610,1,BSND,FLOAT,2,2048,2048,2,1,192,48,2048,1,bnhs,0,0,1.0,2,65536,65536,0,1,,,0,0,1,0,0,1,1,128,128,192,3,1,0,1,0,1,0,0,1
18759869004256912,0x42a60060081690,1,TND,FLOAT,32,2048,2048,2,1,192,128,2048,1,bnhs,1,0,1.0,2,128,0,0,1,2048/3968/6016/7936/9984/11904/13952/15872/17920/19840/21888/23808/25856/27776/29824/31744/33792/35712/37760/39680/41728/43648/45696/47616/49664/51584/53632/55552/57600/59520/61568/63488,2048/3968/6016/7936/9984/11904/13952/15872/17920/19840/21888/23808/25856/27776/29824/31744/33792/35712/37760/39680/41728/43648/45696/47616/49664/51584/53632/55552/57600/59520/61568/63488,0,0,1,1,0,1,1,128,128,192,3,1,0,1,0,1,0,0,1
18759869004257040,0x42a60060081710,1,SBH,FLOAT,1,256,256,1,1,192,96,2048,1,1nss,1,0,0.9,2,128,0,0,1,,,0,0,1,0,1,1,1,128,128,192,3,1,0,1,0,1,0,0,1
18759869004257168,0x42a60060081790,1,TND,FLOAT,2,128,128,2,1,192,64,2048,1,slope,2,0,0.9,2,65536,65536,0,1,128/128,128/128,0,0,1,1,1,1,1,128,128,192,3,1,0,1,0,1,0,0,1
18759869541127184,0x42a60080081410,1,SBH,FLOAT,1,128,2048,1,1,256,128,2048,0,,1,0,1.0,2,128,0,0,1,,,0,0,1,0,0,0,1,128,128,256,3,1,0,1,0,1,0,0,1
18759869541127312,0x42a60080081490,1,TND,FLOAT,3,1024,512,2,1,256,16,2048,0,,1,0,1.0,2,128,0,0,1,1024/1920/2688,512/896/1152,0,0,1,1,0,0,1,128,128,256,3,1,0,1,0,1,0,0,1
18759869541127440,0x42a60080081510,1,SBH,FLOAT,1,512,256,1,1,256,128,2048,0,,1,0,0.9,2,128,0,0,1,,,0,0,1,0,1,0,1,128,128,256,3,1,0,1,0,1,0,0,1
18759869541127568,0x42a60080081590,1,TND,FLOAT,4,1024,4096,4,1,256,192,2048,0,,1,0,0.9,2,128,0,0,1,1024/1024/1024/1024,4096/4096/4096/4096,0,0,1,1,1,0,1,128,128,256,3,1,0,1,0,1,0,0,1
18759869541127696,0x42a60080081610,1,SBH,FLOAT,1,256,256,1,1,256,16,2048,1,1nss,1,0,1.0,2,1024,1024,0,1,,,0,0,1,0,0,1,1,128,128,256,3,1,0,1,0,1,0,0,1
18759869541127824,0x42a60080081690,1,TND,FLOAT,32,2048,2048,2,1,256,128,2048,1,bnhs,1,0,1.0,2,128,0,0,1,2048/3968/6016/7936/9984/11904/13952/15872/17920/19840/21888/23808/25856/27776/29824/31744/33792/35712/37760/39680/41728/43648/45696/47616/49664/51584/53632/55552/57600/59520/61568/63488,2048/3968/6016/7936/9984/11904/13952/15872/17920/19840/21888/23808/25856/27776/29824/31744/33792/35712/37760/39680/41728/43648/45696/47616/49664/51584/53632/55552/57600/59520/61568/63488,0,0,1,1,0,1,1,128,128,256,3,1,0,1,0,1,0,0,1
18759869541127952,0x42a60080081710,1,BSH,FLOAT,4,1024,4096,4,1,256,192,2048,1,bnhs,1,0,0.9,2,128,0,0,1,,,0,0,1,0,1,1,1,128,128,256,3,1,0,1,0,1,0,0,1
18759869541128080,0x42a60080081790,1,TND,FLOAT,32,2048,2048,2,1,256,128,2048,1,bnhs,1,0,0.5,2,128,0,0,1,2048/3968/6016/7936/9984/11904/13952/15872/17920/19840/21888/23808/25856/27776/29824/31744/33792/35712/37760/39680/41728/43648/45696/47616/49664/51584/53632/55552/57600/59520/61568/63488,2048/3968/6016/7936/9984/11904/13952/15872/17920/19840/21888/23808/25856/27776/29824/31744/33792/35712/37760/39680/41728/43648/45696/47616/49664/51584/53632/55552/57600/59520/61568/63488,0,0,1,1,1,1,1,128,128,256,3,1,0,1,0,1,0,0,1
18759870077996048,0x42a600a0080c10,1,SBH,FLOAT,1,128,2048,1,1,768,128,2048,0,,1,0,1.0,2,128,0,0,1,,,0,0,1,0,0,0,1,64,128,768,3,1,0,1,0,1,0,0,1
18759870077996176,0x42a600a0080c90,1,TND,FLOAT,3,512,4096,2,1,768,128,2048,0,,1,0,1.0,2,128,0,0,1,512/896/1152,4096/8064/11904,0,0,1,1,0,0,1,64,128,768,3,1,0,1,0,1,0,0,1
18759870077996304,0x42a600a0080d10,1,SBH,FLOAT,1,512,256,1,1,768,128,2048,0,,1,0,0.9,2,128,0,0,1,,,0,0,1,0,1,0,1,64,128,768,3,1,0,1,0,1,0,0,1
18759870077996432,0x42a600a0080d90,1,TND,FLOAT,32,2560,2560,2,1,768,72,2048,0,,1,0,0.9,2,65536,1024,0,1,2048/4352/6912/8960/11264/13824/15872/18176/20736/22784/25088/27648/29696/32000/34560/36608/38912/41472/43520/45824/48384/50432/52736/55296/57344/59648/62208/64256/66560/69120/71168/73472,2048/4352/6912/8960/11264/13824/15872/18176/20736/22784/25088/27648/29696/32000/34560/36608/38912/41472/43520/45824/48384/50432/52736/55296/57344/59648/62208/64256/66560/69120/71168/73472,0,0,1,1,1,0,1,64,128,768,3,1,0,1,0,1,0,0,1
18759870077996560,0x42a600a0080e10,1,BNSD,FLOAT,1,64,128,1,1,768,128,2048,1,1nss,1,0,1.0,2,128,0,0,1,,,0,0,1,0,0,1,1,64,128,768,3,1,0,1,0,1,0,0,1
18759870077996688,0x42a600a0080e90,1,TND,FLOAT,32,2048,2048,2,1,768,128,2048,1,bnhs,1,0,1.0,2,128,0,0,1,2048/3968/6016/7936/9984/11904/13952/15872/17920/19840/21888/23808/25856/27776/29824/31744/33792/35712/37760/39680/41728/43648/45696/47616/49664/51584/53632/55552/57600/59520/61568/63488,2048/3968/6016/7936/9984/11904/13952/15872/17920/19840/21888/23808/25856/27776/29824/31744/33792/35712/37760/39680/41728/43648/45696/47616/49664/51584/53632/55552/57600/59520/61568/63488,0,0,1,1,0,1,1,64,128,768,3,1,0,1,0,1,0,0,1
18759870077996816,0x42a600a0080f10,1,SBH,FLOAT,2,256,256,1,1,320,48,2048,1,bnss,1,0,0.9,2,128,0,0,1,,,0,0,1,0,1,1,1,64,128,768,3,1,0,1,0,1,0,0,1
18759870077996944,0x42a600a0080f90,1,TND,FLOAT,2,128,128,2,1,768,64,2048,1,slope,2,0,0.9,2,65536,65536,0,1,128/128,128/128,0,0,1,1,1,1,1,64,128,768,3,1,0,1,0,1,0,0,1
18762066953770000,0x42a80020081410,1,SBH,FLOAT,8,256,256,1,1,64,48,2048,0,,1,0,1.0,3,128,0,0,1,,,0,0,1,0,0,0,1,128,128,64,4,1,0,1,0,1,0,0,1
18762066953770128,0x42a80020081490,1,TND,FLOAT,3,4096,256,2,1,64,16,2048,0,,1,0,1.0,0,128,0,0,1,4096/8064/11904,256/384/384,0,0,1,1,0,0,1,128,128,64,4,1,0,1,0,1,0,0,1
18762066953770256,0x42a80020081510,1,TND,FLOAT,1,128,64,1,1,64,16,2048,0,,1,0,0.9,3,0,0,0,1,128,64,0,0,1,0,1,0,1,128,128,64,4,1,0,1,0,1,0,0,1
18762066953770384,0x42a80020081590,1,TND,FLOAT,3,256,256,2,1,64,48,2048,0,,1,0,0.9,0,128,0,0,1,256/384/384,256/384/384,0,0,1,1,1,0,1,128,128,64,4,1,0,1,0,1,0,0,1
18762066953770512,0x42a80020081610,1,BSH,FLOAT,8,256,256,4,1,64,32,2048,1,1nss,0,0,1.0,3,128,0,0,1,,,0,0,1,0,0,1,1,128,128,64,4,1,0,1,0,1,0,0,1
18762066953770640,0x42a80020081690,1,TND,FLOAT,3,2560,2048,2,1,64,48,2048,1,slope,2,0,1.0,4,256,65536,0,1,1024/1792/4352,2048/2816/4864,0,0,1,1,0,1,1,128,128,64,4,1,0,1,0,1,0,0,1
18762066953770768,0x42a80020081710,1,BSH,FLOAT,4,2048,128,4,1,64,32,2048,1,1nss,0,0,0.5,3,128,0,0,1,,,0,0,1,0,1,1,1,128,128,64,4,1,0,1,0,1,0,0,1
18762066953770896,0x42a80020081790,1,TND,FLOAT,3,512,2048,2,1,32,256,2048,1,bnhs,1,0,0.5,3,128,0,0,1,512/896/1152,2048/3968/5760,0,0,1,1,1,1,1,128,128,64,4,1,0,1,0,1,0,0,1
18762067490640912,0x42a80040081410,1,SBH,FLOAT,1,256,256,1,1,96,48,2048,0,,1,0,1.0,3,128,0,0,1,,,0,0,1,0,0,0,1,128,128,128,4,1,0,1,0,1,0,0,1
18762067490641040,0x42a80040081490,1,TND,FLOAT,4,4096,4096,2,1,96,32,2048,0,,1,0,1.0,0,128,0,0,1,4096/8064/12160/16128,4096/8064/12160/16128,0,0,1,1,0,0,1,128,128,128,4,1,0,1,0,1,0,0,1
18762067490641168,0x42a80040081510,1,TND,FLOAT,1,64,256,1,1,128,96,2048,0,,1,0,0.9,4,0,0,0,1,64,256,0,0,1,0,1,0,1,128,128,128,4,1,0,1,0,1,0,0,1
18762067490641296,0x42a80040081590,1,TND,FLOAT,3,256,256,2,1,128,48,2048,0,,1,0,0.9,0,128,0,0,1,256/384/384,256/384/384,0,0,1,1,1,0,1,128,128,128,4,1,0,1,0,1,0,0,1
18762067490641424,0x42a80040081610,1,SBH,FLOAT,1,256,256,1,1,128,96,2048,1,1nss,1,0,1.0,3,0,1024,0,1,,,0,0,1,0,0,1,1,128,128,128,4,1,0,1,0,1,0,0,1
18762067490641552,0x42a80040081690,1,TND,FLOAT,3,2048,2048,2,1,72,32,2048,1,slope,3,0,1.0,0,128,0,0,1,1024/1792/3840,1024/1792/3840,0,0,1,1,0,1,1,128,128,128,4,1,0,1,0,1,0,0,1
18762067490641680,0x42a80040081710,1,BSND,FLOAT,2,1024,128,2,1,128,16,2048,1,b1ss,1,0,0.9,3,128,0,0,1,,,0,0,1,0,1,1,1,128,128,128,4,1,0,1,0,1,0,0,1
18762067490641808,0x42a80040081790,1,TND,FLOAT,48,256,256,1,1,97,16,11ss,1,slope_n,3,0,0.9,0,65536,1,0,1,256/256/256/256/256/256/256/256/256/256/256/256/256/256/256/256/256/256/256/256/256/256/256/256/256/256/256/256/256/256/256/256/256/256/256/256/256/256/256/256/256/256/256/256/256/256/256/256,256/256/256/256/256/256/256/256/256/256/256/256/256/256/256/256/256/256/256/256/256/256/256/256/256/256/256/256/256/256/256/256/256/256/256/256/256/256/256/256/256/256/256/256/256/256/256/256,0,0,1,1,1,1,1,128,128,128,4,1,0,1,0,1,0,0,1
18762068027511824,0x42a80060081410,1,TND,FLOAT,1,64,2048,1,1,192,64,2048,0,,1,0,1.0,3,128,0,0,1,64,2048,0,0,1,0,0,0,1,128,128,192,4,1,0,1,0,1,0,0,1
18762068027511952,0x42a80060081490,1,TND,FLOAT,3,1024,256,2,1,192,128,2048,0,,1,0,1.0,0,128,0,0,1,1024/1920/2688,256/384/384,0,0,1,1,0,0,1,128,128,192,4,1,0,1,0,1,0,0,1
18762068027512080,0x42a80060081510,1,BSND,FLOAT,2,4096,1024,2,1,192,128,2048,0,,1,0,0.9,3,128,0,0,1,,,0,0,1,0,1,0,1,128,128,192,4,1,0,1,0,1,0,0,1
18762068027512208,0x42a80060081590,1,TND,FLOAT,3,2048,2048,2,1,192,16,2048,0,,1,0,0.9,0,128,0,0,1,2048/3968/5760,2048/3968/5760,0,0,1,1,1,0,1,128,128,192,4,1,0,1,0,1,0,0,1
18762068027512336,0x42a80060081610,1,BSND,FLOAT,2,2048,2048,2,1,192,48,2048,1,bnhs,0,0,1.0,3,65536,65536,0,1,,,0,0,1,0,0,1,1,128,128,192,4,1,0,1,0,1,0,0,1
18762068027512464,0x42a80060081690,1,TND,FLOAT,40,4096,128,2,1,192,72,2048,1,bnhs,1,0,1.0,3,0,64,0,1,2048/3968/6016/7936/9984/11904/13952/15872/17920/19840/21888/23808/25856/27776/29824/31744/33792/35712/37760/39680/41728/43648/45696/47616/49664/51584/53632/55552/57600/59520/61568/63488/63552/63680/64704/65216/65728/65856/66112/70208,128/256/384/512/640/768/896/1024/1152/1280/1408/1536/1664/1792/1920/2048/2176/2304/2432/2560/2688/2816/2944/3072/3200/3328/3456/3584/3712/3840/3968/4096/4224/4352/4480/4608/4736/4864/4992/5120,0,0,1,1,0,1,1,128,128,192,4,1,0,1,0,1,0,0,1
18762068027512592,0x42a80060081710,1,BSND,FLOAT,2,1024,128,2,1,192,128,2048,1,b1ss,1,0,0.9,3,128,0,0,1,,,0,0,1,0,1,1,1,128,128,192,4,1,0,1,0,1,0,0,1
18762068027512720,0x42a80060081790,1,TND,FLOAT,32,2048,128,2,1,129,128,2048,1,bnhs,1,0,0.9,3,1024,0,0,1,2048/3968/6016/7936/9984/11904/13952/15872/17920/19840/21888/23808/23808/25728/27776/29696/31744/33664/35712/37632/39680/41600/43648/45568/47616/49536/51584/53504/55552/57472/59520/61440,128/256/384/512/640/768/896/1024/1152/1280/1408/1536/1664/1792/1920/2048/2176/2304/2432/2560/2688/2816/2944/3072/3200/3328/3456/3584/3712/3840/3968/4096,0,0,1,1,1,1,1,128,128,192,4,1,0,1,0,1,0,0,1
18762068564382736,0x42a80080081410,1,BSND,FLOAT,2,1024,1024,2,1,256,16,ss,0,,3,0,1.0,0,0,0,0,1,,,0,0,1,0,0,0,1,128,128,256,4,1,0,1,0,1,0,0,1
18762068564382864,0x42a80080081490,1,TND,FLOAT,3,1024,512,2,1,256,16,2048,0,,1,0,1.0,0,128,0,0,1,1024/1920/2688,512/896/1152,0,0,1,1,0,0,1,128,128,256,4,1,0,1,0,1,0,0,1
18762068564382992,0x42a80080081510,1,BSND,FLOAT,2,4096,1024,2,1,256,128,2048,0,,1,0,0.9,3,128,0,0,1,,,0,0,1,0,1,0,1,128,128,256,4,1,0,1,0,1,0,0,1
18762068564383120,0x42a80080081590,1,TND,FLOAT,3,2048,2048,2,1,256,192,2048,0,,1,0,0.9,0,128,0,0,1,2048/3968/5760,2048/3968/5760,0,0,1,1,1,0,1,128,128,256,4,1,0,1,0,1,0,0,1
18762068564383248,0x42a80080081610,1,SBH,FLOAT,1,256,256,1,1,256,16,2048,1,1nss,1,0,1.0,3,0,1024,3,1,,,0,0,1,0,0,1,1,128,128,256,4,1,0,1,0,1,0,0,1
18762068564383376,0x42a80080081690,1,TND,FLOAT,2,128,128,2,1,256,64,b1ss,1,slope,2,0,1.0,0,0,65536,0,1,128/128,128/128,0,0,1,1,0,1,1,128,128,256,4,1,0,1,0,1,0,0,1
18762068564383504,0x42a80080081710,1,BSND,FLOAT,2,1024,128,2,1,256,128,2048,1,b1ss,1,0,0.9,3,128,0,0,1,,,0,0,1,0,1,1,1,128,128,256,4,1,0,1,0,1,0,0,1
18762068564383632,0x42a80080081790,1,TND,FLOAT,2,128,128,2,1,256,64,11ss,1,slope,2,0,0.9,0,0,65536,0,1,128/128,128/128,0,0,1,1,1,1,1,128,128,256,4,1,0,1,0,1,0,0,1
18762069101251600,0x42a800a0080c10,1,SBH,FLOAT,8,256,256,1,1,768,128,2048,0,,1,0,1.0,3,128,0,0,1,,,0,0,1,0,0,0,1,64,128,768,4,1,0,1,0,1,0,0,1
18762069101251728,0x42a800a0080c90,1,TND,FLOAT,3,1024,256,2,1,768,128,2048,0,,1,0,1.0,0,128,0,0,1,1024/1920/2688,256/384/384,0,0,1,1,0,0,1,64,128,768,4,1,0,1,0,1,0,0,1
18762069101251856,0x42a800a0080d10,1,BSND,FLOAT,2,4096,1024,2,1,768,128,2048,0,,1,0,0.9,3,128,0,0,1,,,0,0,1,0,1,0,1,64,128,768,4,1,0,1,0,1,0,0,1
18762069101251984,0x42a800a0080d90,1,TND,FLOAT,3,2048,2048,2,1,768,192,2048,0,,1,0,0.9,0,128,0,0,1,2048/3968/5760,2048/3968/5760,0,0,1,1,1,0,1,64,128,768,4,1,0,1,0,1,0,0,1
18762069101252112,0x42a800a0080e10,1,BSH,FLOAT,4,4096,2048,1,1,768,64,2048,1,b1ss,1,0,1.0,3,128,0,0,1,,,0,0,1,0,0,1,1,64,128,768,4,1,0,1,0,1,0,0,1
18762069101252240,0x42a800a0080e90,1,TND,FLOAT,4,1024,256,2,1,767,32,2048,1,1nhs,0,0,1.0,3,128,0,0,1,1024/1024/1024/1024,256/256/256/256,0,0,1,1,0,1,1,64,128,768,4,1,0,1,0,1,0,0,1
18762069101252368,0x42a800a0080f10,1,BSND,FLOAT,2,1024,128,2,1,768,128,2048,1,b1ss,1,0,0.9,3,128,0,0,1,,,0,0,1,0,1,1,1,64,128,768,4,1,0,1,0,1,0,0,1
18762069101252496,0x42a800a0080f90,1,TND,FLOAT,4,1024,256,2,1,767,64,2048,1,1nhs,0,0,0.5,3,128,0,0,1,1024/1024/1024/1024,256/256/256/256,0,0,1,1,1,1,1,64,128,768,4,1,0,1,0,1,0,0,1
18999562539110416,0x43800060081010,0,SBH,FLOAT,48,128,128,1,1,192,192,none,0,,1,1,1.0,0,65536,65536,0,0,,,0,0,1,0,0,0,0,128,128,192,0,0,0,1,1,1,0,0,1
18999562539110544,0x43800060081090,0,TND,FLOAT,3,2048,2048,2,1,192,192,none,0,,1,1,1.0,4,65536,65536,0,0,1024/1792/3840,1024/1792/3840,0,0,1,1,0,0,0,128,128,192,0,0,0,1,1,1,0,0,1
18999562539110672,0x43800060081110,0,BSND,FLOAT,2,128,128,2,1,192,192,none,0,,1,1,0.9,0,65536,65536,0,0,,,0,0,1,0,1,0,0,128,128,192,0,0,0,1,1,1,0,0,1
18999562539110800,0x43800060081190,0,TND,FLOAT,3,2048,2048,2,1,192,192,none,0,,1,1,0.9,4,65536,65536,0,0,1024/1792/3840,1024/1792/3840,0,0,1,1,1,0,0,128,128,192,0,0,0,1,1,1,0,0,1
18999562539110928,0x43800060081210,0,BSH,FLOAT,1,512,512,2,2,192,192,none,1,1nss,0,1,1.0,0,65536,65536,0,0,,,0,0,1,0,0,1,0,128,128,192,0,0,0,1,1,1,0,0,1
18999562539111056,0x43800060081290,0,TND,FLOAT,2,128,128,2,1,192,192,none,1,slope,2,1,1.0,4,65536,65536,0,0,128/128,128/128,0,0,1,1,0,1,0,128,128,192,0,0,0,1,1,1,0,0,1
18999562539111184,0x43800060081310,0,SBH,FLOAT,1,256,256,1,1,192,192,none,1,slope_n,3,1,0.9,0,65536,65536,0,0,,,0,0,1,0,1,1,0,128,128,192,0,0,0,1,1,1,0,0,1
18999562539111440,0x43800060081410,0,SBH,FLOAT,1,256,256,1,1,192,192,ss,0,,1,1,1.0,0,65536,65536,0,0,,,0,0,1,0,0,0,1,128,128,192,0,0,0,1,1,1,0,0,1
18999562539111568,0x43800060081490,0,TND,FLOAT,3,2048,2048,2,1,192,192,2048,0,,1,1,1.0,2,128,0,0,0,1024/1792/3840,1024/1792/3840,0,0,1,1,0,0,1,128,128,192,0,0,0,1,1,1,0,0,1
18999562539111696,0x43800060081510,0,SBH,FLOAT,1,256,256,1,1,192,192,ss,0,,1,1,0.9,0,65536,65536,0,0,,,0,0,1,0,1,0,1,128,128,192,0,0,0,1,1,1,0,0,1
18999562539111952,0x43800060081610,0,SBH,FLOAT,1,128,128,1,1,192,192,ss,1,1nss,1,1,1.0,0,65536,65536,0,0,,,0,0,1,0,0,1,1,128,128,192,0,0,0,1,1,1,0,0,1
18999562539112208,0x43800060081710,0,BSND,FLOAT,2,1024,1024,2,1,192,192,b1ss,1,bnhs,1,1,0.9,0,65536,65536,0,0,,,0,0,1,0,1,1,1,128,128,192,0,0,0,1,1,1,0,0,1
19001761562365968,0x43820060081010,0,SBH,FLOAT,1,256,256,1,1,192,192,none,0,,1,1,1.0,6,128,65536,0,1,,,0,0,1,0,0,0,0,128,128,192,1,0,0,1,1,1,0,0,1
19001761562366096,0x43820060081090,0,TND,FLOAT,3,2048,2048,2,1,192,192,none,0,,1,1,1.0,6,128,1024,0,1,1024/1792/3840,1024/1792/3840,0,0,1,1,0,0,0,128,128,192,1,0,0,1,1,1,0,0,1
19001761562366224,0x43820060081110,0,BSH,FLOAT,4,512,512,2,2,192,192,none,0,,1,1,0.9,6,1024,1024,0,1,,,0,0,1,0,1,0,0,128,128,192,1,0,0,1,1,1,0,0,1
19001761562366480,0x43820060081210,0,SBH,FLOAT,1,256,256,1,1,192,192,none,1,b1ss,1,1,1.0,6,65536,128,0,1,,,0,0,1,0,0,1,0,128,128,192,1,0,0,1,1,1,0,0,1
19001761562366736,0x43820060081310,0,SBH,FLOAT,1,256,256,1,1,192,192,none,1,1nss,1,1,0.9,6,65536,65536,0,1,,,0,0,1,0,1,1,0,128,128,192,1,0,0,1,1,1,0,0,1
19001761562366992,0x43820060081410,0,SBH,FLOAT,1,256,256,1,1,192,192,2048,0,,1,1,1.0,6,1024,65536,0,1,,,0,0,1,0,0,0,1,128,128,192,1,0,0,1,1,1,0,0,1
19001761562367120,0x43820060081490,0,TND,FLOAT,3,2048,2048,2,2,192,192,2048,0,,1,1,1.0,6,128,1024,0,1,1024/1792/3840,1024/1792/3840,0,0,1,1,0,0,1,128,128,192,1,0,0,1,1,1,0,0,1
19001761562367248,0x43820060081510,0,BSND,FLOAT,2,1024,1024,2,2,192,192,ss,0,,1,1,0.5,6,65536,65536,0,1,,,0,0,1,0,1,0,1,128,128,192,1,0,0,1,1,1,0,0,1
19001761562367504,0x43820060081610,0,SBH,FLOAT,1,256,256,1,2,192,192,11ss,1,b1ss,1,1,1.0,6,128,128,0,1,,,0,0,1,0,0,1,1,128,128,192,1,0,0,1,1,1,0,0,1
19003960585621520,0x43840060081010,0,SBH,FLOAT,1,64,1024,2,2,192,192,none,0,,1,1,1.0,0,65536,65536,0,1,,,0,0,1,0,0,0,0,128,128,192,2,0,0,1,1,1,0,0,1
19003960585621648,0x43840060081090,0,TND,FLOAT,3,2048,2048,1,2,192,192,none,0,,1,1,1.0,4,65536,65536,0,1,1024/1792/3840,1024/1792/3840,0,0,1,1,0,0,0,128,128,192,2,0,0,1,1,1,0,0,1
19003960585621776,0x43840060081110,0,SBH,FLOAT,1,256,256,1,2,192,192,none,0,,1,1,0.9,0,65536,65536,0,1,,,0,0,1,0,1,0,0,128,128,192,2,0,0,1,1,1,0,0,1
19003960585622032,0x43840060081210,0,BNSD,FLOAT,1,256,256,2,2,192,192,none,1,b1ss,1,1,1.0,2,1024,0,0,1,,,0,0,1,0,0,1,0,128,128,192,2,0,0,1,1,1,0,0,1
19003960585622288,0x43840060081310,0,BSH,FLOAT,4,512,512,2,2,192,192,none,1,b1ss,1,1,0.9,0,65536,65536,0,1,,,0,0,1,0,1,1,0,128,128,192,2,0,0,1,1,1,0,0,1
19003960585622544,0x43840060081410,0,SBH,FLOAT,1,128,512,1,2,192,192,11ss,0,,1,1,1.0,0,65536,65536,0,1,,,0,0,1,0,0,0,1,128,128,192,2,0,0,1,1,1,0,0,1
19003960585622800,0x43840060081510,0,BSH,FLOAT,4,4096,2048,2,2,192,192,ss,0,,1,1,0.9,0,65536,65536,0,1,,,0,0,1,0,1,0,1,128,128,192,2,0,0,1,1,1,0,0,1
19003960585622928,0x43840060081590,0,TND,FLOAT,3,2048,2048,2,2,192,192,2048,0,,1,1,0.9,0,65536,65536,0,1,1024/1792/3840,1024/1792/3840,0,0,1,1,1,0,1,128,128,192,2,0,0,1,1,1,0,0,1
19003960585623056,0x43840060081610,0,BSND,FLOAT,24,1024,1024,1,2,192,192,ss,1,slope,3,1,1.0,0,65536,65536,0,1,,,0,0,1,0,0,1,1,128,128,192,2,0,0,1,1,1,0,0,1
19003960585623312,0x43840060081710,0,BSND,FLOAT,2,1024,1024,2,2,192,192,11ss,1,bnhs,1,1,0.5,1,65536,65536,0,1,,,0,0,1,0,1,1,1,128,128,192,2,0,0,1,1,1,0,0,1
19006159608878096,0x43860060081410,0,SBH,FLOAT,1,256,256,1,2,192,192,2048,0,,1,1,1.0,2,0,1024,0,1,,,0,0,1,0,0,0,1,128,128,192,3,0,0,1,1,1,0,0,1
19006159608878224,0x43860060081490,0,TND,FLOAT,3,1024,4096,2,2,192,192,2048,0,,1,1,1.0,2,128,0,0,1,1024/1920/2688,4096/8064/11904,0,0,1,1,0,0,1,128,128,192,3,0,0,1,1,1,0,0,1
19006159608878352,0x43860060081510,0,SBH,FLOAT,1,256,256,2,2,192,192,2048,0,,1,1,0.9,2,128,0,0,1,,,0,0,1,0,1,0,1,128,128,192,3,0,0,1,1,1,0,0,1
19006159608878608,0x43860060081610,0,BSND,FLOAT,2,1024,1024,1,2,192,192,2048,1,slope_n,3,1,1.0,2,128,0,0,1,,,0,0,1,0,0,1,1,128,128,192,3,0,0,1,1,1,0,0,1
19008358632133648,0x43880060081410,0,BSND,FLOAT,2,1024,1024,1,2,192,192,ss,0,,3,1,1.0,0,0,65536,0,1,,,0,0,1,0,0,0,1,128,128,192,4,0,0,1,1,1,0,0,1
19008358632133776,0x43880060081490,0,TND,FLOAT,3,2048,2048,1,2,192,192,2048,0,,1,1,1.0,0,128,0,0,1,1024/1792/3840,1024/1792/3840,0,0,1,1,0,0,1,128,128,192,4,0,0,1,1,1,0,0,1
19008358632133904,0x43880060081510,0,BSND,FLOAT,2,1024,1024,1,2,192,192,ss,0,,3,1,0.9,0,0,65536,0,1,,,0,0,1,0,1,0,1,128,128,192,4,0,0,1,1,1,0,0,1
19008358632134160,0x43880060081610,0,BSH,FLOAT,4,512,512,2,2,192,192,2048,1,1nss,0,1,1.0,3,128,0,0,1,,,0,0,1,0,0,1,1,128,128,192,4,0,0,1,1,1,0,0,1
19039144957710352,0x43a40060081010,0,SBH,FLOAT,1,256,256,1,1,192,192,none,0,,1,1,1.0,0,65536,65536,0,1,,,0,0,1,0,0,0,0,128,128,192,2,1,0,1,1,1,0,0,1
19039144957710480,0x43a40060081090,0,TND,FLOAT,32,2560,2560,2,1,192,192,none,0,,1,1,1.0,0,65536,65536,0,1,2048/4352/6912/8960/11264/13824/15872/18176/20736/22784/25088/27648/29696/32000/34560/36608/38912/41472/43520/45824/48384/50432/52736/55296/57344/59648/62208/64256/66560/69120/71168/73472,2048/4352/6912/8960/11264/13824/15872/18176/20736/22784/25088/27648/29696/32000/34560/36608/38912/41472/43520/45824/48384/50432/52736/55296/57344/59648/62208/64256/66560/69120/71168/73472,0,0,1,1,0,0,0,128,128,192,2,1,0,1,1,1,0,0,1
19039144957710608,0x43a40060081110,0,SBH,FLOAT,1,128,64,1,1,192,192,none,0,,1,1,0.9,0,65536,65536,0,1,,,0,0,1,0,1,0,0,128,128,192,2,1,0,1,1,1,0,0,1
19039144957710736,0x43a40060081190,0,TND,FLOAT,3,2048,2048,2,1,192,192,none,0,,1,1,0.9,4,65536,65536,0,1,1024/1792/3840,1024/1792/3840,0,0,1,1,1,0,0,128,128,192,2,1,0,1,1,1,0,0,1
19039144957710864,0x43a40060081210,0,BSH,FLOAT,4,512,512,8,1,192,192,none,1,bnss,0,1,1.0,0,65536,65536,0,1,,,0,0,1,0,0,1,0,128,128,192,2,1,0,1,1,1,0,0,1
19039144957711120,0x43a40060081310,0,SBH,FLOAT,1,256,256,1,1,192,192,none,1,1nss,1,1,0.5,0,65536,65536,0,1,,,0,0,1,0,1,1,0,128,128,192,2,1,0,1,1,1,0,0,1
19039144957711376,0x43a40060081410,0,SBH,FLOAT,1,256,256,1,1,192,192,11ss,0,,1,1,1.0,0,65536,65536,0,1,,,0,0,1,0,0,0,1,128,128,192,2,1,0,1,1,1,0,0,1
19039144957711888,0x43a40060081610,0,SBH,FLOAT,1,256,256,4,1,192,192,11ss,1,1nss,1,1,1.0,0,65536,65536,0,1,,,0,0,1,0,0,1,1,128,128,192,2,1,0,1,1,1,0,0,1
19041343980966928,0x43a60060081410,0,SBH,FLOAT,1,256,256,1,1,192,192,2048,0,,1,1,1.0,2,128,0,0,1,,,0,0,1,0,0,0,1,128,128,192,3,1,0,1,1,1,0,0,1
19041343980967056,0x43a60060081490,0,TND,FLOAT,3,2048,2048,2,1,192,192,2048,0,,1,1,1.0,2,128,0,0,1,1024/1792/3840,1024/1792/3840,0,0,1,1,0,0,1,128,128,192,3,1,0,1,1,1,0,0,1
19041343980967184,0x43a60060081510,0,SBH,FLOAT,1,1024,64,1,1,192,192,2048,0,,1,1,0.9,2,128,0,0,1,,,0,0,1,0,1,0,1,128,128,192,3,1,0,1,1,1,0,0,1
19041343980967440,0x43a60060081610,0,BSND,FLOAT,2,1024,1024,2,1,192,192,2048,1,slope_n,3,1,1.0,2,128,0,0,1,,,0,0,1,0,0,1,1,128,128,192,3,1,0,1,1,1,0,0,1
19041343980967696,0x43a60060081710,0,BNSD,FLOAT,1,256,256,1,1,192,192,2048,1,1nss,1,1,0.9,2,128,0,0,1,,,0,0,1,0,1,1,1,128,128,192,3,1,0,1,1,1,0,0,1
19043543004222480,0x43a80060081410,0,SBH,FLOAT,1,256,256,1,1,192,192,2048,0,,1,1,1.0,3,128,0,0,1,,,0,0,1,0,0,0,1,128,128,192,4,1,0,1,1,1,0,0,1
19043543004222608,0x43a80060081490,0,TND,FLOAT,8,4096,128,2,1,192,192,2048,0,,1,1,1.0,0,128,0,0,1,1024/1792/3840/7936/8448/8576/8640/9664,128/256/384/512/640/768/896/1024,0,0,1,1,0,0,1,128,128,192,4,1,0,1,1,1,0,0,1
19043543004222736,0x43a80060081510,0,SBH,FLOAT,1,256,256,1,1,192,192,2048,0,,1,1,0.9,3,0,0,0,1,,,0,0,1,0,1,0,1,128,128,192,4,1,0,1,1,1,0,0,1
19043543004222864,0x43a80060081590,0,TND,FLOAT,3,2048,128,2,1,192,192,2048,0,,1,1,0.9,0,128,0,0,1,1024/2304/4352,128/256/384,0,0,1,1,1,0,1,128,128,192,4,1,0,1,1,1,0,0,1
19043543004222992,0x43a80060081610,0,BSH,FLOAT,4,512,512,8,1,192,192,2048,1,1nss,0,1,1.0,3,128,0,0,1,,,0,0,1,0,0,1,1,128,128,192,4,1,0,1,1,1,0,0,1
19140298953723936,0x44000020081020,1,BSH,BF16,4,512,512,2,2,64,64,none,0,,1,0,1.0,0,65536,65536,0,0,,,0,0,2,0,0,0,0,128,128,64,0,0,0,0,0,2,0,0,1
19140298953723938,0x44000020081022,1,BSH,BF16,4,128,128,1,1,64,64,none,0,,1,0,1.0,0,65536,65536,0,1,,,0,1,2,0,0,0,0,128,128,64,0,0,0,0,0,2,0,0,1
19140298953723940,0x44000020081024,1,BSND,BF16,2,128,1024,2,1,64,64,none,0,,1,0,1.0,0,65536,65536,0,0,,,0,5,2,0,0,0,0,128,128,64,0,0,0,0,0,2,0,0,1
19140298953724064,0x440000200810a0,1,TND,BF16,8,4096,4096,2,1,64,64,none,0,,1,0,1.0,4,65536,65536,0,0,64/107/129/4225/5249/7297/9345/9473,128/214/258/770/1026/1090/2114/6210,0,0,2,1,0,0,0,128,128,64,0,0,0,0,0,2,0,0,1
19140298953724066,0x440000200810a2,1,TND,BF16,3,64,128,2,1,64,64,none,0,,1,0,1.0,4,65536,65536,0,0,64/107/129,128/214/258,0,1,2,1,0,0,0,128,128,64,0,0,0,0,0,2,0,0,1
19140298953724068,0x440000200810a4,1,TND,BF16,3,2048,2048,4,1,64,64,none,0,,1,0,1.0,4,65536,65536,0,0,1024/1792/3840,1024/1792/3840,0,5,2,1,0,0,0,128,128,64,0,0,0,0,0,2,0,0,1
19140298953724192,0x44000020081120,1,BNSD,BF16,1,256,32,1,1,64,64,none,0,,1,0,0.9,0,65536,65536,0,0,,,0,0,2,0,1,0,0,128,128,64,0,0,0,0,0,2,0,0,1
19140298953724194,0x44000020081122,1,TND,BF16,1,128,64,1,1,64,64,none,0,,1,0,0.9,0,65536,65536,0,0,128,64,0,1,2,0,1,0,0,128,128,64,0,0,0,0,0,2,0,0,1
19140298953724196,0x44000020081124,1,BNSD,BF16,16,128,1024,1,1,32,32,none,0,,1,0,0.9,4,128,128,2,0,,,0,5,2,0,1,0,0,128,128,64,0,0,0,0,0,2,0,0,1
19140298953724320,0x440000200811a0,1,TND,BF16,3,1024,256,2,1,64,64,none,0,,1,0,0.9,0,65536,65536,0,0,1024/1920/2688,256/384/384,0,0,2,1,1,0,0,128,128,64,0,0,0,0,0,2,0,0,1
19140298953724322,0x440000200811a2,1,TND,BF16,2,128,128,2,1,64,64,none,0,,3,0,0.9,4,65536,65536,0,0,128/214,128/256,0,1,2,1,1,0,0,128,128,64,0,0,0,0,0,2,0,0,1
19140298953724324,0x440000200811a4,1,TND,BF16,3,2048,2048,2,1,64,64,none,0,,1,0,0.9,0,65536,65536,0,0,1024/3072/4608,1024/3072/4608,0,5,2,1,1,0,0,128,128,64,0,0,0,0,0,2,0,0,1
19140298953724448,0x44000020081220,1,BNSD,BF16,1,128,256,1,1,64,64,none,1,b1ss,1,0,1.0,0,65536,65536,0,0,,,0,0,2,0,0,1,0,128,128,64,0,0,0,0,0,2,0,0,1
19140298953724450,0x44000020081222,1,BNSD,BF16,1,128,128,1,1,64,64,none,1,b1ss,1,0,1.0,0,65536,65536,0,0,,,0,1,2,0,0,1,0,128,128,64,0,0,0,0,0,2,0,0,1
19140298953724452,0x44000020081224,1,BNSD,BF16,8,128,1024,4,1,16,16,none,1,bnss,1,0,1.0,2,256,2048,0,0,,,0,5,2,0,0,1,0,128,128,64,0,0,0,0,0,2,0,0,1
19140298953724576,0x440000200812a0,1,TND,BF16,3,2048,128,2,1,64,64,none,1,slope,2,0,1.0,4,65536,65536,0,0,1024/1920/3968,128/256/384,0,0,2,1,0,1,0,128,128,64,0,0,0,0,0,2,0,0,1
19140298953724578,0x440000200812a2,1,TND,BF16,2,128,128,2,1,64,64,none,1,slope,2,0,1.0,4,65536,65536,0,0,128/128,128/128,0,1,2,1,0,1,0,128,128,64,0,0,0,0,0,2,0,0,1
19140298953724580,0x440000200812a4,1,TND,BF16,3,4096,32768,8,1,16,16,none,1,slope,2,0,1.0,6,128,128,0,0,2048/3840/7936,16384/28672/61440,0,5,2,1,0,1,0,128,128,64,0,0,0,0,0,2,0,0,1
19140298953724704,0x44000020081320,1,BNSD,BF16,1,256,64,1,1,64,64,none,1,1nss,1,0,0.9,0,65536,65536,0,0,,,0,0,2,0,1,1,0,128,128,64,0,0,0,0,0,2,0,0,1
19140298953724706,0x44000020081322,1,BNSD,BF16,1,128,64,1,1,64,64,none,1,1nss,1,0,0.9,0,65536,65536,0,0,,,0,1,2,0,1,1,0,128,128,64,0,0,0,0,0,2,0,0,1
19140298953724708,0x44000020081324,1,BSH,BF16,4,512,1024,4,1,64,64,none,1,bnss,1,0,0.9,0,65536,65536,0,0,,,0,5,2,0,1,1,0,128,128,64,0,0,0,0,0,2,0,0,1
19140298953724832,0x440000200813a0,1,TND,BF16,16,1024,1024,40,2,32,32,none,1,slope,3,0,0.9,4,256,0,3,0,1024/1152/1408/1664/2688/3712/3968/4480/4480/4608/4736/4800/5312/5312/5824/6336,1024/1024/1088/1088/1216/1216/2240/2368/2496/2752/2880/2880/2944/3968/4032/4544,0,0,2,1,1,1,0,128,128,64,0,0,0,0,0,2,0,0,1
19140298953724834,0x440000200813a2,1,TND,BF16,2,128,128,2,1,64,64,none,1,slope,2,0,0.9,4,65536,65536,0,0,128/128,128/128,0,1,2,1,1,1,0,128,128,64,0,0,0,0,0,2,0,0,1
19140298953724836,0x440000200813a4,1,TND,BF16,16,1024,1024,5,1,64,64,none,1,slope_n,3,0,0.9,6,1,128,0,0,256/1280/1344/1600/2112/2368/2624/3648/4672/5184/5248/5248/5504/5632/5760/5888,256/256/384/896/896/960/1472/2496/2624/3136/3136/3200/4224/4288/4416/4480,0,5,2,1,1,1,0,128,128,64,0,0,0,0,0,2,0,0,1
19140298953724960,0x44000020081420,1,BSND,BF16,8,2048,2048,2,1,64,64,2048,0,,1,0,1.0,3,128,128,0,0,,,0,0,2,0,0,0,1,128,128,64,0,0,0,0,0,2,0,0,1
19140298953724962,0x44000020081422,1,BSH,BF16,4,128,64,4,1,64,64,2048,0,,1,0,1.0,3,128,0,0,1,,,0,1,2,0,0,0,1,128,128,64,0,0,0,0,0,2,0,0,1
19140298953724964,0x44000020081424,1,SBH,BF16,3,1,1024,40,1,16,16,11ss,0,,0,0,1.0,1,256,256,3,0,,,0,5,2,0,0,0,1,128,128,64,0,0,0,0,0,2,0,0,1
19140298953725088,0x440000200814a0,1,TND,BF16,8,2048,2048,2,1,64,64,2048,0,,1,0,1.0,4,128,0,0,0,2048/3968/6016/7936/9984/11904/13952/15872,2048/3968/6016/7936/9984/11904/13952/15872,0,0,2,1,0,0,1,128,128,64,0,0,0,0,0,2,0,0,1
19140298953725090,0x440000200814a2,1,TND,BF16,8,64,64,2,1,64,64,2048,0,,1,0,1.0,4,128,0,0,0,64/107/129/193/236/258/322/365,64/107/129/193/236/258/322/365,0,1,2,1,0,0,1,128,128,64,0,0,0,0,0,2,0,0,1
19140298953725092,0x440000200814a4,1,TND,BF16,8,2048,2048,2,1,64,64,2048,0,,1,0,1.0,3,128,128,0,0,2048/3968/6016/7936/9984/11904/13952/15872,2048/3968/6016/7936/9984/11904/13952/15872,0,5,2,1,0,0,1,128,128,64,0,0,0,0,0,2,0,0,1
19140298953725216,0x44000020081520,1,BSH,BF16,4,512,512,2,2,64,64,ss,0,,1,0,0.9,0,65536,65536,0,0,,,0,0,2,0,1,0,1,128,128,64,0,0,0,0,0,2,0,0,1
19140298953725218,0x44000020081522,1,BSH,BF16,4,64,64,4,1,64,64,2048,0,,1,0,0.9,3,128,0,0,1,,,0,1,2,0,1,0,1,128,128,64,0,0,0,0,0,2,0,0,1
19140298953725220,0x44000020081524,1,BSND,BF16,2,64,1024,2,1,64,64,bnss,0,,1,0,0.9,0,65536,65536,0,0,,,0,5,2,0,1,0,1,128,128,64,0,0,0,0,0,2,0,0,1
19140298953725344,0x440000200815a0,1,TND,BF16,3,2048,2048,2,1,64,64,2048,0,,1,0,0.9,4,65536,65536,0,0,1024/1792/3840,1024/1792/3840,0,0,2,1,1,0,1,128,128,64,0,0,0,0,0,2,0,0,1
19140298953725346,0x440000200815a2,1,TND,BF16,4,64,128,2,1,32,32,bnss,0,,1,0,0.9,0,65536,256,0,1,64/107/129/193,128/214/258/386,0,1,2,1,1,0,1,128,128,64,0,0,0,0,0,2,0,0,1
19140298953725348,0x440000200815a4,1,TND,BF16,8,2048,2048,2,1,64,64,2048,0,,1,0,0.5,3,128,128,0,0,2048/3968/6016/7936/9984/11904/13952/15872,2048/3968/6016/7936/9984/11904/13952/15872,0,5,2,1,1,0,1,128,128,64,0,0,0,0,0,2,0,0,1
19140298953725472,0x44000020081620,1,BSH,BF16,4,512,512,2,2,64,64,ss,1,slope,2,0,1.0,0,65536,65536,0,0,,,0,0,2,0,0,1,1,128,128,64,0,0,0,0,0,2,0,0,1
19140298953725474,0x44000020081622,1,BNSD,BF16,1,64,64,1,1,64,64,2048,1,1nss,1,0,1.0,2,128,0,0,1,,,0,1,2,0,0,1,1,128,128,64,0,0,0,0,0,2,0,0,1
19140298953725476,0x44000020081624,1,BSND,BF16,4,64,512,2,1,64,64,ss,1,1nss,1,0,1.0,0,65536,65536,0,0,,,0,5,2,0,0,1,1,128,128,64,0,0,0,0,0,2,0,0,1
19140298953725600,0x440000200816a0,1,TND,BF16,3,2048,2048,2,1,64,64,b1ss,1,slope,2,0,1.0,4,65536,65536,0,0,1024/1792/3840,1024/1792/3840,0,0,2,1,0,1,1,128,128,64,0,0,0,0,0,2,0,0,1
19140298953725602,0x440000200816a2,1,TND,BF16,2,128,128,2,1,64,64,2048,1,slope,2,0,1.0,4,65536,65536,0,0,128/128,128/128,0,1,2,1,0,1,1,128,128,64,0,0,0,0,0,2,0,0,1
19140298953725604,0x440000200816a4,1,TND,BF16,32,2048,2048,2,1,1,1,2048,1,1nhs,0,0,1.0,2,128,0,0,0,2048/3968/6016/7936/9984/11904/13952/15872/17920/19840/21888/23808/25856/27776/29824/31744/33792/35712/37760/39680/41728/43648/45696/47616/49664/51584/53632/55552/57600/59520/61568/63488,2048/3968/6016/7936/9984/11904/13952/15872/17920/19840/21888/23808/25856/27776/29824/31744/33792/35712/37760/39680/41728/43648/45696/47616/49664/51584/53632/55552/57600/59520/61568/63488,0,5,2,1,0,1,1,128,128,64,0,0,0,0,0,2,0,0,1
19140298953725728,0x44000020081720,1,BSND,BF16,2,1024,1024,2,2,64,64,b1ss,1,bnhs,1,0,0.5,0,65536,65536,0,0,,,0,0,2,0,1,1,1,128,128,64,0,0,0,0,0,2,0,0,1
19140298953725730,0x44000020081722,1,BSH,BF16,4,64,64,4,1,64,64,2048,1,bnss,1,0,0.5,2,128,0,0,1,,,0,1,2,0,1,1,1,128,128,64,0,0,0,0,0,2,0,0,1
19140298953725732,0x44000020081724,1,BSND,BF16,2,64,1024,2,1,64,64,b1ss,1,bnss,1,0,0.5,0,65536,65536,0,0,,,0,5,2,0,1,1,1,128,128,64,0,0,0,0,0,2,0,0,1
19140298953725856,0x440000200817a0,1,TND,BF16,32,2048,128,2,1,64,64,2048,1,bnhs,1,0,0.9,2,128,0,0,0,2048/3968/6016/7936/9984/11904/13952/15872/17920/19840/21888/23808/23808/25728/27776/29696/31744/33664/35712/37632/39680/41600/43648/45568/47616/49536/51584/53504/55552/57472/59520/61440,128/256/384/512/640/768/896/1024/1152/1280/1408/1536/1664/1792/1920/2048/2176/2304/2432/2560/2688/2816/2944/3072/3200/3328/3456/3584/3712/3840/3968/4096,0,0,2,1,1,1,1,128,128,64,0,0,0,0,0,2,0,0,1
19140298953725858,0x440000200817a2,1,TND,BF16,2,128,128,2,1,64,64,2048,1,slope,2,0,0.9,4,65536,65536,0,0,128/128,128/128,0,1,2,1,1,1,1,128,128,64,0,0,0,0,0,2,0,0,1
19140298953725860,0x440000200817a4,1,TND,BF16,32,2048,128,8,1,1,1,2048,1,bnhs,1,0,0.9,2,128,0,0,0,2048/3968/6016/7936/9984/11904/13952/15872/17920/19840/21888/23808/23808/25728/27776/29696/31744/33664/35712/37632/39680/41600/43648/45568/47616/49536/51584/53504/55552/57472/59520/61440,128/256/384/512/640/768/896/1024/1152/1280/1408/1536/1664/1792/1920/2048/2176/2304/2432/2560/2688/2816/2944/3072/3200/3328/3456/3584/3712/3840/3968/4096,0,5,2,1,1,1,1,128,128,64,0,0,0,0,0,2,0,0,1
19140299490594848,0x44000040081020,1,BNSD,BF16,1,1024,32,1,1,128,128,none,0,,1,0,1.0,0,65536,65536,0,0,,,0,0,2,0,0,0,0,128,128,128,0,0,0,0,0,2,0,0,1
19140299490594850,0x44000040081022,1,BNSD,BF16,48,128,128,1,1,96,96,none,0,,1,0,1.0,0,65536,65536,0,0,,,0,1,2,0,0,0,0,128,128,128,0,0,0,0,0,2,0,0,1
19140299490594852,0x44000040081024,1,BSND,BF16,2,64,1024,2,1,128,128,none,0,,1,0,1.0,0,65536,65536,0,0,,,0,5,2,0,0,0,0,128,128,128,0,0,0,0,0,2,0,0,1
19140299490594976,0x440000400810a0,1,TND,BF16,4,4096,4096,2,1,128,128,none,0,,1,0,1.0,0,65536,65536,0,0,4096/4096/8192/12160,4096/8192/12288/16384,0,0,2,1,0,0,0,128,128,128,0,0,0,0,0,2,0,0,1
19140299490594978,0x440000400810a2,1,TND,BF16,4,64,128,2,1,128,128,none,0,,1,0,1.0,0,65536,65536,0,0,64/107/129/193,128/214/258/386,0,1,2,1,0,0,0,128,128,128,0,0,0,0,0,2,0,0,1
19140299490594980,0x440000400810a4,1,TND,BF16,4,4096,4096,2,1,128,128,none,0,,1,0,1.0,3,0,0,0,0,4096/8064/12160/16128,4096/8064/12160/16128,0,5,2,1,0,0,0,128,128,128,0,0,0,0,0,2,0,0,1
19140299490595104,0x44000040081120,1,BNSD,BF16,1,256,32,1,1,128,128,none,0,,1,0,0.9,0,65536,65536,0,0,,,0,0,2,0,1,0,0,128,128,128,0,0,0,0,0,2,0,0,1
19140299490595106,0x44000040081122,1,BNSD,BF16,1,64,32,1,1,128,128,none,0,,1,0,0.9,0,65536,65536,0,0,,,0,1,2,0,1,0,0,128,128,128,0,0,0,0,0,2,0,0,1
19140299490595108,0x44000040081124,1,BSND,BF16,2,192,1024,2,1,128,128,none,0,,1,0,0.9,0,65536,65536,0,0,,,0,5,2,0,1,0,0,128,128,128,0,0,0,0,0,2,0,0,1
19140299490595232,0x440000400811a0,1,TND,BF16,3,1024,256,2,1,128,128,none,0,,1,0,0.9,0,65536,65536,0,0,1024/1024/1024,256/256/256,0,0,2,1,1,0,0,128,128,128,0,0,0,0,0,2,0,0,1
19140299490595234,0x440000400811a2,1,TND,BF16,4,64,128,2,1,128,128,none,0,,1,0,0.9,0,65536,65536,0,0,64/107/129/193,128/214/258/386,0,1,2,1,1,0,0,128,128,128,0,0,0,0,0,2,0,0,1
19140299490595236,0x440000400811a4,1,TND,BF16,4,128,4096,2,1,128,128,none,0,,1,0,0.9,0,65536,65536,0,0,128/214/258/386,4096/8064/11904/16000,0,5,2,1,1,0,0,128,128,128,0,0,0,0,0,2,0,0,1
19140299490595360,0x44000040081220,1,BNSD,BF16,8,128,256,1,1,128,128,none,1,bnss,0,0,1.0,0,65536,65536,0,0,,,0,0,2,0,0,1,0,128,128,128,0,0,0,0,0,2,0,0,1
19140299490595362,0x44000040081222,1,BNSD,BF16,1,64,32,1,1,128,128,none,1,b1ss,1,0,1.0,0,65536,65536,0,1,,,0,1,2,0,0,1,0,128,128,128,0,0,0,0,0,2,0,0,1
19140299490595364,0x44000040081224,1,BNSD,BF16,8,128,512,1,1,128,128,none,1,bnss,0,0,1.0,0,65536,65536,0,0,,,0,5,2,0,0,1,0,128,128,128,0,0,0,0,0,2,0,0,1
19140299490595488,0x440000400812a0,1,TND,BF16,3,512,1024,2,1,128,128,none,1,slope,2,0,1.0,4,65536,65536,0,0,512/896/1152,1024/1920/2688,0,0,2,1,0,1,0,128,128,128,0,0,0,0,0,2,0,0,1
19140299490595490,0x440000400812a2,1,TND,BF16,2,128,128,2,1,128,128,none,1,slope,2,0,1.0,4,65536,65536,0,0,128/128,128/128,0,1,2,1,0,1,0,128,128,128,0,0,0,0,0,2,0,0,1
19140299490595492,0x440000400812a4,1,TND,BF16,3,4096,3072,2,1,128,128,none,1,slope,2,0,1.0,4,65536,65536,0,0,2048/3584/7680,1024/1792/4864,0,5,2,1,0,1,0,128,128,128,0,0,0,0,0,2,0,0,1
19140299490595616,0x44000040081320,1,BNSD,BF16,1,256,64,1,1,128,128,none,1,1nss,1,0,0.9,0,65536,65536,0,0,,,0,0,2,0,1,1,0,128,128,128,0,0,0,0,0,2,0,0,1
19140299490595618,0x44000040081322,1,BNSD,BF16,1,128,64,1,1,128,128,none,1,1nss,1,0,0.9,0,65536,65536,0,0,,,0,1,2,0,1,1,0,128,128,128,0,0,0,0,0,2,0,0,1
19140299490595620,0x44000040081324,1,BSND,BF16,32,128,768,5,1,72,72,none,1,1nss,0,0,0.9,1,256,2048,0,0,,,0,5,2,0,1,1,0,128,128,128,0,0,0,0,0,2,0,0,1
19140299490595744,0x440000400813a0,1,TND,BF16,3,2048,2048,2,1,128,128,none,1,slope,2,0,0.9,4,65536,65536,0,0,1024/1792/3840,1024/1792/3840,0,0,2,1,1,1,0,128,128,128,0,0,0,0,0,2,0,0,1
19140299490595746,0x440000400813a2,1,TND,BF16,2,128,128,2,1,128,128,none,1,slope,2,0,0.5,6,65536,0,0,1,128/128,128/128,0,1,2,1,1,1,0,128,128,128,0,0,0,0,0,2,0,0,1
19140299490595748,0x440000400813a4,1,TND,BF16,2,4096,4096,8,1,72,72,none,1,slope_n,3,0,0.5,0,65536,65536,0,0,4096/4096,4096/4096,0,5,2,1,1,1,0,128,128,128,0,0,0,0,0,2,0,0,1
19140299490595872,0x44000040081420,1,BNSD,BF16,1,128,256,1,1,128,128,ss,0,,1,0,1.0,0,65536,65536,0,0,,,0,0,2,0,0,0,1,128,128,128,0,0,0,0,0,2,0,0,1
19140299490595874,0x44000040081422,1,BNSD,BF16,2,128,128,1,1,128,128,2048,0,,1,0,1.0,4,65536,65536,0,1,,,0,1,2,0,0,0,1,128,128,128,0,0,0,0,0,2,0,0,1
19140299490595876,0x44000040081424,1,BNSD,BF16,1,128,512,8,1,128,128,ss,0,,1,0,1.0,0,65536,65536,0,0,,,0,5,2,0,0,0,1,128,128,128,0,0,0,0,0,2,0,0,1
19140299490596000,0x440000400814a0,1,TND,BF16,8,2048,2048,2,1,128,128,2048,0,,1,0,1.0,4,128,0,0,0,2048/3968/6016/7936/9984/11904/13952/15872,2048/3968/6016/7936/9984/11904/13952/15872,0,0,2,1,0,0,1,128,128,128,0,0,0,0,0,2,0,0,1
19140299490596002,0x440000400814a2,1,TND,BF16,32,64,64,2,1,128,128,2048,0,,1,0,1.0,2,128,0,0,0,64/107/129/193/236/258/322/365/387/451/494/516/580/623/645/709/752/774/838/881/903/967/1010/1032/1096/1139/1161/1225/1268/1290/1354/1397,64/107/129/193/236/258/322/365/387/451/494/516/580/623/645/709/752/774/838/881/903/967/1010/1032/1096/1139/1161/1225/1268/1290/1354/1397,0,1,2,1,0,0,1,128,128,128,0,0,0,0,0,2,0,0,1
19140299490596004,0x440000400814a4,1,TND,BF16,32,2048,2048,1,1,128,128,2048,0,,1,0,1.0,2,128,0,0,0,2048/3968/6016/7936/9984/11904/13952/15872/17920/19840/21888/23808/25856/27776/29824/31744/33792/35712/37760/39680/41728/43648/45696/47616/49664/51584/53632/55552/57600/59520/61568/63488,2048/3968/6016/7936/9984/11904/13952/15872/17920/19840/21888/23808/25856/27776/29824/31744/33792/35712/37760/39680/41728/43648/45696/47616/49664/51584/53632/55552/57600/59520/61568/63488,0,5,2,1,0,0,1,128,128,128,0,0,0,0,0,2,0,0,1
19140299490596128,0x44000040081520,1,BNSD,BF16,1,256,64,1,1,128,128,ss,0,,1,0,0.9,0,65536,65536,0,0,,,0,0,2,0,1,0,1,128,128,128,0,0,0,0,0,2,0,0,1
19140299490596130,0x44000040081522,1,BNSD,BF16,1,128,64,1,1,128,128,ss,0,,1,0,0.9,0,65536,65536,0,0,,,0,1,2,0,1,0,1,128,128,128,0,0,0,0,0,2,0,0,1
19140299490596132,0x44000040081524,1,BSND,BF16,2,256,1024,2,1,128,128,ss,0,,1,0,0.5,0,65536,65536,0,0,,,0,5,2,0,1,0,1,128,128,128,0,0,0,0,0,2,0,0,1
19140299490596256,0x440000400815a0,1,TND,BF16,3,2048,2048,2,1,128,128,2048,0,,1,0,0.9,4,65536,65536,0,0,1024/1792/3840,1024/1792/3840,0,0,2,1,1,0,1,128,128,128,0,0,0,0,0,2,0,0,1
19140299490596258,0x440000400815a2,1,TND,BF16,32,64,64,2,1,128,128,2048,0,,1,0,0.9,2,128,0,0,0,64/107/129/193/236/258/322/365/387/451/494/516/580/623/645/709/752/774/838/881/903/967/1010/1032/1096/1139/1161/1225/1268/1290/1354/1397,64/107/129/193/236/258/322/365/387/451/494/516/580/623/645/709/752/774/838/881/903/967/1010/1032/1096/1139/1161/1225/1268/1290/1354/1397,0,1,2,1,1,0,1,128,128,128,0,0,0,0,0,2,0,0,1
19140299490596260,0x440000400815a4,1,TND,BF16,4,4096,4096,2,1,128,128,2048,0,,1,0,0.5,2,128,0,0,0,4096/8064/12160/16128,4096/8064/12160/16128,0,5,2,1,1,0,1,128,128,128,0,0,0,0,0,2,0,0,1
19140299490596384,0x44000040081620,1,BSND,BF16,2,1024,512,2,1,128,128,ss,1,bnhs,0,0,1.0,0,65536,65536,0,0,,,0,0,2,0,0,1,1,128,128,128,0,0,0,0,0,2,0,0,1
19140299490596386,0x44000040081622,1,BNSD,BF16,1,32,32,1,1,128,128,2048,1,1nss,1,0,1.0,2,128,0,0,1,,,0,1,2,0,0,1,1,128,128,128,0,0,0,0,0,2,0,0,1
19140299490596388,0x44000040081624,1,BSND,BF16,2,128,256,8,1,72,72,bnss,1,bnss,1,0,1.0,0,65536,65536,0,0,,,0,5,2,0,0,1,1,128,128,128,0,0,0,0,0,2,0,0,1
19140299490596512,0x440000400816a0,1,TND,BF16,38,2048,128,2,1,128,128,2048,1,1nhs,0,0,1.0,2,128,0,0,0,2048/3968/6016/7936/9984/11904/13952/15872/17920/19840/21888/23808/25856/27776/29824/31744/33792/35712/37760/39680/41728/43648/45696/47616/49664/51584/53632/55552/57600/59520/61568/63488/65536/66048/66560/67072/69120/69376,128/256/384/512/640/768/896/1024/1152/1280/1408/1536/1664/1792/1920/2048/2176/2304/2432/2560/2688/2816/2944/3072/3200/3328/3456/3584/3712/3840/3968/4096/4224/4352/4480/4608/4736/4864,0,0,2,1,0,1,1,128,128,128,0,0,0,0,0,2,0,0,1
19140299490596514,0x440000400816a2,1,TND,BF16,8,128,128,2,1,128,128,2048,1,slope,3,0,1.0,2,1024,0,0,0,128/214/258/386/472/516/644/730,128/214/258/386/472/516/644/730,0,1,2,1,0,1,1,128,128,128,0,0,0,0,0,2,0,0,1
19140299490596516,0x440000400816a4,1,TND,BF16,8,2048,2048,2,1,128,128,2048,1,slope,3,0,1.0,4,128,0,0,0,2048/2048/4096/6016/8064/9984/12032/13952,2048/2048/4096/6016/8064/9984/12032/13952,0,5,2,1,0,1,1,128,128,128,0,0,0,0,0,2,0,0,1
19140299490596640,0x44000040081720,1,TND,BF16,1,64,256,16,8,128,128,11ss,1,slope_n,3,0,0.5,1,1024,512,0,0,64,256,0,0,2,0,1,1,1,128,128,128,0,0,0,0,0,2,0,0,1
19140299490596642,0x44000040081722,1,BNSD,BF16,1,64,64,1,1,128,128,2048,1,1nss,1,0,0.5,2,128,0,0,1,,,0,1,2,0,1,1,1,128,128,128,0,0,0,0,0,2,0,0,1
19140299490596644,0x44000040081724,1,BSND,BF16,2,64,1024,2,1,128,128,ss,1,b1ss,1,0,0.5,0,65536,65536,2,0,,,0,5,2,0,1,1,1,128,128,128,0,0,0,0,0,2,0,0,1
19140299490596768,0x440000400817a0,1,TND,BF16,32,2048,128,2,1,128,128,2048,1,bnhs,1,0,0.9,2,128,0,0,0,2048/3968/6016/7936/9984/11904/13952/15872/17920/19840/21888/23808/23808/25728/27776/29696/31744/33664/35712/37632/39680/41600/43648/45568/47616/49536/51584/53504/55552/57472/59520/61440,128/256/384/512/640/768/896/1024/1152/1280/1408/1536/1664/1792/1920/2048/2176/2304/2432/2560/2688/2816/2944/3072/3200/3328/3456/3584/3712/3840/3968/4096,0,0,2,1,1,1,1,128,128,128,0,0,0,0,0,2,0,0,1
19140299490596770,0x440000400817a2,1,TND,BF16,2,128,128,2,1,128,128,2048,1,slope,2,0,0.9,3,65536,65536,0,0,128/128,128/128,0,1,2,1,1,1,1,128,128,128,0,0,0,0,0,2,0,0,1
19140299490596772,0x440000400817a4,1,TND,BF16,4,4096,4096,2,1,128,128,2048,1,bnhs,1,0,0.5,2,128,0,0,0,4096/8064/12160/16128,4096/8064/12160/16128,0,5,2,1,1,1,1,128,128,128,0,0,0,0,0,2,0,0,1
19140300027465760,0x44000060081020,1,BNSD,BF16,1,128,256,1,1,192,192,none,0,,1,0,1.0,0,65536,65536,0,0,,,0,0,2,0,0,0,0,128,128,192,0,0,0,0,0,2,0,0,1
19140300027465762,0x44000060081022,1,BNSD,BF16,1,128,128,1,1,192,192,none,0,,1,0,1.0,0,65536,65536,0,0,,,0,1,2,0,0,0,0,128,128,192,0,0,0,0,0,2,0,0,1
19140300027465888,0x440000600810a0,1,TND,BF16,3,2048,2048,2,1,192,192,none,0,,1,0,1.0,4,65536,65536,0,0,1024/1792/3840,1024/1792/3840,0,0,2,1,0,0,0,128,128,192,0,0,0,0,0,2,0,0,1
19140300027465892,0x440000600810a4,1,TND,BF16,3,1024,2048,2,1,192,192,none,0,,1,0,1.0,4,65536,65536,0,0,1024/1792/1792,1024/1920/3968,0,5,2,1,0,0,0,128,128,192,0,0,0,0,0,2,0,0,1
19140300027466016,0x44000060081120,1,BNSD,BF16,1,256,32,1,1,192,192,none,0,,1,0,0.9,0,65536,65536,0,0,,,0,0,2,0,1,0,0,128,128,192,0,0,0,0,0,2,0,0,1
19140300027466018,0x44000060081122,1,BNSD,BF16,1,64,32,1,1,192,192,none,0,,1,0,0.9,0,65536,65536,0,0,,,0,1,2,0,1,0,0,128,128,192,0,0,0,0,0,2,0,0,1
19140300027466144,0x440000600811a0,1,TND,BF16,4,4096,4096,2,1,192,192,none,0,,1,0,0.5,0,65536,65536,0,0,4096/8064/12160/16128,4096/8064/12160/16128,0,0,2,1,1,0,0,128,128,192,0,0,0,0,0,2,0,0,1
19140300027466272,0x44000060081220,1,BNSD,BF16,1,128,256,1,1,192,192,none,1,b1ss,1,0,1.0,0,65536,65536,0,0,,,0,0,2,0,0,1,0,128,128,192,0,0,0,0,0,2,0,0,1
19140300027466274,0x44000060081222,1,BNSD,BF16,1,128,128,1,1,192,192,none,1,b1ss,1,0,1.0,0,65536,65536,0,0,,,0,1,2,0,0,1,0,128,128,192,0,0,0,0,0,2,0,0,1
19140300027466400,0x440000600812a0,1,TND,BF16,11,2048,128,2,1,192,192,none,1,slope,2,0,1.0,4,65536,65536,0,0,1024/1792/3840/4096/4608/6656/6912/7040/7168/8192/10240,128/256/384/512/640/768/896/1024/1152/1280/1408,0,0,2,1,0,1,0,128,128,192,0,0,0,0,0,2,0,0,1
19140300027466404,0x440000600812a4,1,TND,BF16,3,4096,3072,2,1,144,144,none,1,slope,2,0,1.0,4,65536,65536,0,0,2048/3584/7680,1024/1792/4864,0,5,2,1,0,1,0,128,128,192,0,0,0,0,0,2,0,0,1
19140300027466528,0x44000060081320,1,BNSD,BF16,1,256,64,1,1,192,192,none,1,1nss,1,0,0.9,0,65536,65536,0,0,,,0,0,2,0,1,1,0,128,128,192,0,0,0,0,0,2,0,0,1
19140300027466530,0x44000060081322,1,BNSD,BF16,1,128,64,1,1,192,192,none,1,1nss,1,0,0.9,0,65536,65536,0,0,,,0,1,2,0,1,1,0,128,128,192,0,0,0,0,0,2,0,0,1
19140300027466656,0x440000600813a0,1,TND,BF16,4,4096,4096,2,1,192,192,none,1,slope_n,2,0,0.5,0,65536,65536,0,0,4096/8064/12160/16128,4096/8064/12160/16128,0,0,2,1,1,1,0,128,128,192,0,0,0,0,0,2,0,0,1
19140300027466784,0x44000060081420,1,BSND,BF16,3,2048,2048,2,1,192,192,11ss,0,,1,0,1.0,3,128,65536,0,0,,,0,0,2,0,0,0,1,128,128,192,0,0,0,0,0,2,0,0,1
19140300027466786,0x44000060081422,1,BSH,BF16,64,128,128,40,1,144,144,2048,0,,0,0,1.0,4,512,256,3,0,,,0,1,2,0,0,0,1,128,128,192,0,0,0,0,0,2,0,0,1
19140300027466912,0x440000600814a0,1,TND,BF16,3,64,64,2,1,192,192,2048,0,,1,0,1.0,4,128,0,0,0,64/107/129,64/128/192,0,0,2,1,0,0,1,128,128,192,0,0,0,0,0,2,0,0,1
19140300027466916,0x440000600814a4,1,TND,BF16,2,1024,128,16,1,192,192,2048,0,,1,0,1.0,2,65536,65536,0,0,1024/2048,128/256,0,5,2,1,0,0,1,128,128,192,0,0,0,0,0,2,0,0,1
19140300027467040,0x44000060081520,1,BNSD,BF16,1,256,64,1,1,192,192,ss,0,,1,0,0.9,0,65536,65536,0,0,,,0,0,2,0,1,0,1,128,128,192,0,0,0,0,0,2,0,0,1
19140300027467042,0x44000060081522,1,BNSD,BF16,1,128,64,1,1,192,192,ss,0,,1,0,0.9,0,65536,65536,0,0,,,0,1,2,0,1,0,1,128,128,192,0,0,0,0,0,2,0,0,1
19140300027467168,0x440000600815a0,1,TND,BF16,3,2048,2048,2,1,192,192,11ss,0,,1,0,0.5,3,128,65536,0,0,1024/1792/3840,1024/1792/3840,0,0,2,1,1,0,1,128,128,192,0,0,0,0,0,2,0,0,1
19140300027467296,0x44000060081620,1,BNSD,BF16,1,128,256,1,1,192,192,ss,1,1nss,0,0,1.0,0,65536,65536,0,0,,,0,0,2,0,0,1,1,128,128,192,0,0,0,0,0,2,0,0,1
19140300027467298,0x44000060081622,1,BNSD,BF16,1,128,128,1,1,192,192,ss,1,1nss,0,0,1.0,0,65536,65536,0,0,,,0,1,2,0,0,1,1,128,128,192,0,0,0,0,0,2,0,0,1
19140300027467424,0x440000600816a0,1,TND,BF16,8,2048,2048,2,1,192,192,2048,1,slope,3,0,1.0,6,65536,65536,0,0,2048/3968/6016/7936/9984/11904/13952/15872,2048/3968/6016/7936/9984/11904/13952/15872,0,0,2,1,0,1,1,128,128,192,0,0,0,0,0,2,0,0,1
19140300027467428,0x440000600816a4,1,TND,BF16,16,2048,2048,4,1,192,192,2048,1,slope,3,0,1.0,6,512,512,1,0,2048/4096/6144/8192/10240/12288/14336/16384/18432/20480/22528/24576/26624/28672/30720/32768,2048/4096/6144/8192/10240/12288/14336/16384/18432/20480/22528/24576/26624/28672/30720/32768,0,5,2,1,0,1,1,128,128,192,0,0,0,0,0,2,0,0,1
19140300027467552,0x44000060081720,1,TND,BF16,3,512,512,4,1,144,144,ss,1,slope,2,0,0.5,6,1024,65536,0,0,512/1024/1536,512/1024/1536,0,0,2,0,1,1,1,128,128,192,0,0,0,0,0,2,0,0,1
19140300027467554,0x44000060081722,1,SBH,BF16,1,128,128,1,1,192,192,ss,1,slope,2,0,0.5,0,65536,65536,0,1,,,0,1,2,0,1,1,1,128,128,192,0,0,0,0,0,2,0,0,1
19140300027467680,0x440000600817a0,1,TND,BF16,3,256,512,8,8,144,144,2048,1,slope,2,0,0.9,6,128,65536,3,0,128/128/384,512/512/640,0,0,2,1,1,1,1,128,128,192,0,0,0,0,0,2,0,0,1
19140300564336672,0x44000080081020,1,BNSD,BF16,1,128,256,1,1,256,256,none,0,,1,0,1.0,0,65536,65536,0,0,,,0,0,2,0,0,0,0,128,128,256,0,0,0,0,0,2,0,0,1
19140300564336674,0x44000080081022,1,BNSD,BF16,1,32,32,1,1,256,256,none,0,,1,0,1.0,0,65536,65536,0,0,,,0,1,2,0,0,0,0,128,128,256,0,0,0,0,0,2,0,0,1
19140300564336800,0x440000800810a0,1,TND,BF16,3,1536,4096,1,1,256,256,none,0,,1,0,1.0,4,65536,65536,0,0,512/896/2432,2048/3584/7680,0,0,2,1,0,0,0,128,128,256,0,0,0,0,0,2,0,0,1
19140300564336804,0x440000800810a4,1,TND,BF16,16,1,4096,40,1,256,256,none,0,,2,0,1.0,6,65536,65536,0,0,1/2/3/4/5/6/7/8/9/10/11/12/13/14/15/16,4096/8192/12288/16384/20480/24576/28672/32768/36864/40960/45056/49152/53248/57344/61440/65536,0,5,2,1,0,0,0,128,128,256,0,0,0,0,0,2,0,0,1
19140300564336928,0x44000080081120,1,BNSD,BF16,1,256,32,1,1,256,256,none,0,,1,0,0.9,0,65536,65536,0,0,,,0,0,2,0,1,0,0,128,128,256,0,0,0,0,0,2,0,0,1
19140300564336930,0x44000080081122,1,BNSD,BF16,1,64,32,1,1,256,256,none,0,,1,0,0.9,0,65536,65536,0,0,,,0,1,2,0,1,0,0,128,128,256,0,0,0,0,0,2,0,0,1
19140300564337056,0x440000800811a0,1,TND,BF16,3,2048,2048,2,1,256,256,none,0,,1,0,0.9,4,65536,65536,0,0,1024/1792/3840,1024/1792/3840,0,0,2,1,1,0,0,128,128,256,0,0,0,0,0,2,0,0,1
19140300564337184,0x44000080081220,1,BNSD,BF16,1,64,256,1,1,256,256,none,1,1nss,1,0,1.0,0,65536,65536,0,0,,,0,0,2,0,0,1,0,128,128,256,0,0,0,0,0,2,0,0,1
19140300564337186,0x44000080081222,1,BNSD,BF16,1,64,64,1,1,256,256,none,1,1nss,1,0,1.0,0,65536,65536,0,0,,,0,1,2,0,0,1,0,128,128,256,0,0,0,0,0,2,0,0,1
19140300564337312,0x440000800812a0,1,TND,BF16,3,256,256,2,1,256,256,none,1,slope,2,0,1.0,4,65536,65536,0,0,256/384/384,256/384/384,0,0,2,1,0,1,0,128,128,256,0,0,0,0,0,2,0,0,1
19140300564337316,0x440000800812a4,1,TND,BF16,3,2048,2048,4,1,256,256,none,1,slope,2,0,1.0,4,65536,65536,0,0,1024/1792/3840,1024/1792/3840,0,5,2,1,0,1,0,128,128,256,0,0,0,0,0,2,0,0,1
19140300564337440,0x44000080081320,1,BNSD,BF16,1,256,64,1,1,256,256,none,1,1nss,1,0,0.9,0,65536,65536,0,0,,,0,0,2,0,1,1,0,128,128,256,0,0,0,0,0,2,0,0,1
19140300564337442,0x44000080081322,1,BNSD,BF16,1,128,64,1,1,256,256,none,1,1nss,1,0,0.9,0,65536,65536,0,0,,,0,1,2,0,1,1,0,128,128,256,0,0,0,0,0,2,0,0,1
19140300564337568,0x440000800813a0,1,TND,BF16,4,4096,4096,2,1,256,256,none,1,slope_n,2,0,0.5,0,65536,65536,0,0,4096/8064/12160/16128,4096/8064/12160/16128,0,0,2,1,1,1,0,128,128,256,0,0,0,0,0,2,0,0,1
19140300564337696,0x44000080081420,1,BSND,BF16,2,1024,1024,2,1,256,256,b1ss,0,,1,0,1.0,0,65536,65536,0,0,,,0,0,2,0,0,0,1,128,128,256,0,0,0,0,0,2,0,0,1
19140300564337698,0x44000080081422,1,BNSD,BF16,1,64,64,1,1,256,256,2048,0,,1,0,1.0,3,128,0,0,1,,,0,1,2,0,0,0,1,128,128,256,0,0,0,0,0,2,0,0,1
19140300564337824,0x440000800814a0,1,TND,BF16,3,2048,2048,2,1,256,256,11ss,0,,1,0,1.0,4,65536,65536,0,0,1024/1792/3840,1024/1792/3840,0,0,2,1,0,0,1,128,128,256,0,0,0,0,0,2,0,0,1
19140300564337828,0x440000800814a4,1,TND,BF16,3,2048,2048,2,1,256,256,11ss,0,,1,0,1.0,2,0,1024,0,0,1024/1792/3840,1024/1792/3840,0,5,2,1,0,0,1,128,128,256,0,0,0,0,0,2,0,0,1
19140300564337952,0x44000080081520,1,BNSD,BF16,1,64,2048,1,1,256,256,11ss,0,,1,0,0.9,0,65536,65536,0,0,,,0,0,2,0,1,0,1,128,128,256,0,0,0,0,0,2,0,0,1
19140300564337954,0x44000080081522,1,BNSD,BF16,1,64,64,1,1,256,256,11ss,0,,1,0,0.9,0,65536,65536,0,0,,,0,1,2,0,1,0,1,128,128,256,0,0,0,0,0,2,0,0,1
19140300564338080,0x440000800815a0,1,TND,BF16,3,2048,2048,2,1,256,256,2048,0,,1,0,0.9,4,65536,65536,0,0,1024/1792/3840,1024/1792/3840,0,0,2,1,1,0,1,128,128,256,0,0,0,0,0,2,0,0,1
19140300564338208,0x44000080081620,1,BSH,BF16,64,192,192,2,2,256,256,11ss,1,slope_n,3,0,1.0,1,64,256,2,0,,,0,0,2,0,0,1,1,128,128,256,0,0,0,0,0,2,0,0,1
19140300564338210,0x44000080081622,1,BNSD,BF16,1,64,64,1,1,256,256,2048,1,1nss,1,0,1.0,0,128,0,0,0,,,0,1,2,0,0,1,1,128,128,256,0,0,0,0,0,2,0,0,1
19140300564338336,0x440000800816a0,1,TND,BF16,2,2048,128,2,1,256,256,2048,1,bnhs,1,0,1.0,2,128,0,0,0,2048/3968,128/256,0,0,2,1,0,1,1,128,128,256,0,0,0,0,0,2,0,0,1
19140300564338340,0x440000800816a4,1,TND,BF16,32,1024,128,2,1,256,256,2048,1,bnhs,1,0,1.0,2,128,0,1,0,1024/1984/3008/3968/4992/5952/6976/7936/8960/9920/10944/11904/12928/13888/14912/15872/16896/17856/18880/19840/20864/21824/22848/23808/24832/25792/26816/27776/28800/29760/30784/31744,128/256/384/512/640/768/896/1024/1152/1280/1408/1536/1664/1792/1920/2048/2176/2304/2432/2560/2688/2816/2944/3072/3200/3328/3456/3584/3712/3840/3968/4096,0,5,2,1,0,1,1,128,128,256,0,0,0,0,0,2,0,0,1
19140300564338464,0x44000080081720,1,BNSD,BF16,2,192,192,1,4,256,256,2048,1,1nss,0,0,0.5,6,128,128,1,0,,,0,0,2,0,1,1,1,128,128,256,0,0,0,0,0,2,0,0,1
19140300564338466,0x44000080081722,1,BNSD,BF16,1,64,64,1,1,256,256,11ss,1,1nss,1,0,0.5,0,65536,65536,0,0,,,0,1,2,0,1,1,1,128,128,256,0,0,0,0,0,2,0,0,1
19140300564338592,0x440000800817a0,1,TND,BF16,32,2048,128,2,1,256,256,2048,1,bnhs,1,0,0.5,2,128,0,0,0,2048/3968/6016/7936/9984/11904/13952/15872/17920/19840/21888/23808/23808/25728/27776/29696/31744/33664/35712/37632/39680/41600/43648/45568/47616/49536/51584/53504/55552/57472/59520/61440,128/256/384/512/640/768/896/1024/1152/1280/1408/1536/1664/1792/1920/2048/2176/2304/2432/2560/2688/2816/2944/3072/3200/3328/3456/3584/3712/3840/3968/4096,0,0,2,1,1,1,1,128,128,256,0,0,0,0,0,2,0,0,1
19140301101207584,0x440000a0081020,1,BNSD,BF16,1,64,256,1,1,320,320,none,0,,1,0,1.0,0,65536,65536,0,0,,,0,0,2,0,0,0,0,128,128,768,0,0,0,0,0,2,0,0,1
19140301101207586,0x440000a0081022,1,BNSD,BF16,1,64,64,1,1,320,320,none,0,,1,0,1.0,0,65536,65536,0,0,,,0,1,2,0,0,0,0,128,128,768,0,0,0,0,0,2,0,0,1
19140301101207712,0x440000a00810a0,1,TND,BF16,3,128,256,2,1,320,320,none,0,,1,0,1.0,4,65536,65536,0,0,128/128/128,256/256/256,0,0,2,1,0,0,0,128,128,768,0,0,0,0,0,2,0,0,1
19140301101207716,0x440000a00810a4,1,TND,BF16,1,256,4096,1,1,320,320,none,0,,1,0,1.0,0,65536,65536,0,0,256,4096,0,5,2,1,0,0,0,128,128,768,0,0,0,0,0,2,0,0,1
19140301101207840,0x440000a0081120,1,BNSD,BF16,1,32,256,1,1,320,320,none,0,,1,0,0.9,0,65536,65536,0,0,,,0,0,2,0,1,0,0,128,128,768,0,0,0,0,0,2,0,0,1
19140301101207842,0x440000a0081122,1,BNSD,BF16,1,32,64,1,1,320,320,none,0,,1,0,0.9,0,65536,65536,0,0,,,0,1,2,0,1,0,0,128,128,768,0,0,0,0,0,2,0,0,1
19140301101207968,0x440000a00811a0,1,TND,BF16,4,4096,4096,2,1,320,320,none,0,,1,0,0.5,0,65536,65536,0,0,4096/8064/12160/16128,4096/8064/12160/16128,0,0,2,1,1,0,0,128,128,768,0,0,0,0,0,2,0,0,1
19140301101208096,0x440000a0081220,1,BNSD,BF16,1,64,256,1,1,320,320,none,1,b1ss,1,0,1.0,0,65536,65536,0,0,,,0,0,2,0,0,1,0,128,128,768,0,0,0,0,0,2,0,0,1
19140301101208098,0x440000a0081222,1,BNSD,BF16,1,64,64,1,1,320,320,none,1,b1ss,1,0,1.0,0,65536,65536,0,0,,,0,1,2,0,0,1,0,128,128,768,0,0,0,0,0,2,0,0,1
19140301101208224,0x440000a00812a0,1,TND,BF16,2,128,128,2,1,320,320,none,1,slope,2,0,1.0,4,65536,65536,0,0,128/128,128/128,0,0,2,1,0,1,0,128,128,768,0,0,0,0,0,2,0,0,1
19140301101208228,0x440000a00812a4,1,TND,BF16,3,4096,32768,2,1,512,512,none,1,slope,2,0,1.0,6,65536,0,0,0,2048/3840/7936,16384/28672/61440,0,5,2,1,0,1,0,128,128,768,0,0,0,0,0,2,0,0,1
19140301101208352,0x440000a0081320,1,BNSD,BF16,1,128,256,1,1,320,320,none,1,b1ss,1,0,0.5,0,65536,65536,0,0,,,0,0,2,0,1,1,0,128,128,768,0,0,0,0,0,2,0,0,1
19140301101208354,0x440000a0081322,1,BNSD,BF16,1,128,128,1,1,320,320,none,1,b1ss,1,0,0.5,0,65536,65536,0,0,,,0,1,2,0,1,1,0,128,128,768,0,0,0,0,0,2,0,0,1
19140301101208480,0x440000a00813a0,1,TND,BF16,2,128,128,2,1,320,320,none,1,slope,2,0,0.5,4,65536,65536,0,0,128/128,128/128,0,0,2,1,1,1,0,128,128,768,0,0,0,0,0,2,0,0,1
19140301101208608,0x440000a0081420,1,BNSD,BF16,1,64,256,1,1,320,320,11ss,0,,1,0,1.0,0,65536,65536,0,0,,,0,0,2,0,0,0,1,128,128,768,0,0,0,0,0,2,0,0,1
19140301101208610,0x440000a0081422,1,BNSD,BF16,1,64,64,1,1,320,320,11ss,0,,1,0,1.0,0,65536,65536,0,0,,,0,1,2,0,0,0,1,128,128,768,0,0,0,0,0,2,0,0,1
19140301101208736,0x440000a00814a0,1,TND,BF16,8,4096,128,2,1,320,320,2048,0,,1,0,1.0,2,128,0,0,0,4096/8064/12160/16128/17152/17408/17472/17984,128/256/384/512/640/768/896/1024,0,0,2,1,0,0,1,128,128,768,0,0,0,0,0,2,0,0,1
19140301101208740,0x440000a00814a4,1,TND,BF16,16,512,512,1,1,512,512,11ss,0,,1,0,1.0,1,65536,1024,1,0,512/1024/1536/2048/2560/3072/3584/4096/4608/5120/5632/6144/6656/7168/7680/8192,512/1024/1536/2048/2560/3072/3584/4096/4608/5120/5632/6144/6656/7168/7680/8192,0,5,2,1,0,0,1,128,128,768,0,0,0,0,0,2,0,0,1
19140301101208864,0x440000a0081520,1,BNSD,BF16,1,32,256,1,1,512,512,ss,0,,1,0,0.9,0,65536,65536,0,0,,,0,0,2,0,1,0,1,128,128,768,0,0,0,0,0,2,0,0,1
19140301101208866,0x440000a0081522,1,BNSD,BF16,1,32,64,1,1,512,512,ss,0,,1,0,0.9,0,65536,65536,0,0,,,0,1,2,0,1,0,1,128,128,768,0,0,0,0,0,2,0,0,1
19140301101208992,0x440000a00815a0,1,TND,BF16,9,2048,64,2,1,320,320,2048,0,,1,0,0.9,2,128,0,0,0,2048/3968/5760/7808/9728/11520/13568/15488/17280,64/107/129/193/236/258/322/365/387,0,0,2,1,1,0,1,128,128,768,0,0,0,0,0,2,0,0,1
19140301101209120,0x440000a0081620,1,BNSD,BF16,1,64,256,1,1,320,320,11ss,1,1nss,1,0,1.0,0,65536,65536,0,0,,,0,0,2,0,0,1,1,128,128,768,0,0,0,0,0,2,0,0,1
19140301101209122,0x440000a0081622,1,BNSD,BF16,1,64,64,1,1,320,320,11ss,1,1nss,1,0,1.0,0,65536,65536,0,0,,,0,1,2,0,0,1,1,128,128,768,0,0,0,0,0,2,0,0,1
19140301101209248,0x440000a00816a0,1,TND,BF16,8,4096,128,2,1,320,320,2048,1,bnhs,1,0,1.0,2,128,0,0,0,4096/8064/12160/16128/17152/17408/17472/17984,128/256/384/512/640/768/896/1024,0,0,2,1,0,1,1,128,128,768,0,0,0,0,0,2,0,0,1
19140301101209252,0x440000a00816a4,1,TND,BF16,3,2048,2048,2,1,512,512,2048,1,bnhs,1,0,1.0,2,128,0,0,0,1024/1792/3840,1024/1792/3840,0,5,2,1,0,1,1,128,128,768,0,0,0,0,0,2,0,0,1
19140301101209376,0x440000a0081720,1,BNSD,BF16,1,128,256,1,1,320,320,11ss,1,1nss,1,0,0.5,0,65536,65536,0,0,,,0,0,2,0,1,1,1,128,128,768,0,0,0,0,0,2,0,0,1
19140301101209378,0x440000a0081722,1,BNSD,BF16,1,128,128,1,1,320,320,11ss,1,1nss,1,0,0.5,0,65536,65536,0,0,,,0,1,2,0,1,1,1,128,128,768,0,0,0,0,0,2,0,0,1
19140301101209504,0x440000a00817a0,1,TND,BF16,4,4096,4096,2,1,320,320,2048,1,bnhs,1,0,0.5,2,128,0,0,0,4096/8064/12160/16128,4096/8064/12160/16128,0,0,2,1,1,1,1,128,128,768,0,0,0,0,0,2,0,0,1
19142497976979488,0x44020020081020,1,BSH,BF16,4,512,512,2,2,64,64,none,0,,1,0,1.0,6,65536,65536,0,1,,,0,0,2,0,0,0,0,128,128,64,1,0,0,0,0,2,0,0,1
19142497976979616,0x440200200810a0,1,TND,BF16,3,2048,2048,2,1,64,64,none,0,,1,0,1.0,6,1024,1024,0,1,1024/1792/3840,1024/1792/3840,0,0,2,1,0,0,0,128,128,64,1,0,0,0,0,2,0,0,1
19142497976979744,0x44020020081120,1,BSH,BF16,4,512,512,2,2,64,64,none,0,,1,0,0.9,6,65536,65536,0,1,,,0,0,2,0,1,0,0,128,128,64,1,0,0,0,0,2,0,0,1
19142497976979872,0x440200200811a0,1,TND,BF16,4,512,256,2,2,64,64,none,0,,1,0,0.9,6,65536,65536,0,1,512/512/512/512,256/256/256/256,0,0,2,1,1,0,0,128,128,64,1,0,0,0,0,2,0,0,1
19142497976980000,0x44020020081220,1,BSND,BF16,2,1024,1024,2,1,64,64,none,1,b1ss,0,0,1.0,5,128,0,0,1,,,0,0,2,0,0,1,0,128,128,64,1,0,0,0,0,2,0,0,1
19142497976980128,0x440200200812a0,1,TND,BF16,8,1024,1024,4,1,16,16,none,1,slope,3,0,1.0,6,512,1024,1,1,0/1024/1536/1536/1664/1664/1664/2688,1024/1536/1536/1664/2688/2752/2816/2880,0,0,2,1,0,1,0,128,128,64,1,0,0,0,0,2,0,0,1
19142497976980256,0x44020020081320,1,BSH,BF16,4,512,512,2,2,64,64,none,1,b1ss,1,0,0.9,5,65536,65536,0,1,,,0,0,2,0,1,1,0,128,128,64,1,0,0,0,0,2,0,0,1
19142497976980384,0x440200200813a0,1,TND,BF16,4,512,512,2,2,1,1,none,1,slope,3,0,0.9,6,65536,0,0,1,512/512/512/512,512/512/512/512,0,0,2,1,1,1,0,128,128,64,1,0,0,0,0,2,0,0,1
19142497976980512,0x44020020081420,1,BSH,BF16,4,512,512,2,2,64,64,2048,0,,1,0,1.0,6,128,128,0,1,,,0,0,2,0,0,0,1,128,128,64,1,0,0,0,0,2,0,0,1
19142497976980640,0x440200200814a0,1,TND,BF16,3,128,256,4,4,64,64,b1ss,0,,2,0,1.0,6,1,1,3,1,128/192/256,64/320/448,0,0,2,1,0,0,1,128,128,64,1,0,0,0,0,2,0,0,1
19142497976980768,0x44020020081520,1,BNSD,BF16,1,2048,64,1,1,64,64,2048,0,,1,0,0.9,6,1024,0,0,1,,,0,0,2,0,1,0,1,128,128,64,1,0,0,0,0,2,0,0,1
19142497976980896,0x440200200815a0,1,TND,BF16,16,1024,1024,8,2,64,64,b1ss,0,,1,0,0.9,6,128,256,3,1,128/384/384/1408/1920/1920/2176/2240/2368/2624/3648/3648/3904/3968/4096/4352,512/1024/2048/3072/3200/4224/4736/4736/5760/5888/5952/5952/6080/6208/6272/6528,0,0,2,1,1,0,1,128,128,64,1,0,0,0,0,2,0,0,1
19142497976981024,0x44020020081620,1,BSH,BF16,4,64,512,2,2,64,64,2048,1,1nss,1,0,1.0,6,128,128,0,1,,,0,0,2,0,0,1,1,128,128,64,1,0,0,0,0,2,0,0,1
19142497976981152,0x440200200816a0,1,TND,BF16,16,1024,1024,12,8,32,32,b1ss,1,slope_n,3,0,1.0,6,64,1024,3,1,64/576/832/1344/2368/2624/3648/4160/5184/5184/5312/6336/6592/7104/7104/7232,0/0/128/128/256/1280/1280/1792/2304/2432/2496/2752/3776/3840/4864/4864,0,0,2,1,0,1,1,128,128,64,1,0,0,0,0,2,0,0,1
19142497976981280,0x44020020081720,1,BNSD,BF16,1,2048,64,1,1,64,64,2048,1,1nss,1,0,0.9,6,1024,0,0,1,,,0,0,2,0,1,1,1,128,128,64,1,0,0,0,0,2,0,0,1
19142497976981408,0x440200200817a0,1,TND,BF16,16,1024,1024,4,1,32,32,b1ss,1,slope_n,2,0,0.5,6,0,2048,2,1,64/128/384/384/640/704/832/1344/1408/1472/1984/2048/2560/3584/3584/4608,64/128/640/896/1408/1920/2432/2944/3968/4224/4352/4864/5376/5504/5568/6592,0,0,2,1,1,1,1,128,128,64,1,0,0,0,0,2,0,0,1
19142498513850400,0x44020040081020,1,BSND,BF16,2,4096,4096,8,1,72,72,none,0,,1,0,1.0,5,65536,65536,0,1,,,0,0,2,0,0,0,0,128,128,128,1,0,0,0,0,2,0,0,1
19142498513850528,0x440200400810a0,1,TND,BF16,32,2560,2560,2,2,128,128,none,0,,1,0,1.0,6,0,0,0,1,2048/4352/6912/8960/11264/13824/15872/18176/20736/22784/25088/27648/29696/32000/34560/36608/38912/41472/43520/45824/48384/50432/52736/55296/57344/59648/62208/64256/66560/69120/71168/73472,2048/4352/6912/8960/11264/13824/15872/18176/20736/22784/25088/27648/29696/32000/34560/36608/38912/41472/43520/45824/48384/50432/52736/55296/57344/59648/62208/64256/66560/69120/71168/73472,0,0,2,1,0,0,0,128,128,128,1,0,0,0,0,2,0,0,1
19142498513850656,0x44020040081120,1,TND,BF16,1,1024,128,2,1,128,128,none,0,,1,0,0.9,5,65536,65536,0,1,1024,128,0,0,2,0,1,0,0,128,128,128,1,0,0,0,0,2,0,0,1
19142498513850784,0x440200400811a0,1,TND,BF16,16,1024,1024,4,1,72,72,none,0,,1,0,0.9,6,1,1,1,1,0/512/768/1280/1408/1408/1472/2496/2496/2496/2624/2688/3200/3200/3456/3520,0/256/320/1344/1600/1728/1856/2880/2880/2944/3072/3072/3328/4352/4352/5376,0,0,2,1,1,0,0,128,128,128,1,0,0,0,0,2,0,0,1
19142498513850912,0x44020040081220,1,BNSD,BF16,1,256,256,1,1,128,128,none,1,b1ss,1,0,1.0,6,1024,0,0,1,,,0,0,2,0,0,1,0,128,128,128,1,0,0,0,0,2,0,0,1
19142498513851040,0x440200400812a0,1,TND,BF16,3,4096,256,2,1,128,128,none,1,slope,2,0,1.0,6,65536,65536,0,1,4096/8064/11904,256/427/513,0,0,2,1,0,1,0,128,128,128,1,0,0,0,0,2,0,0,1
19142498513851168,0x44020040081320,1,BSND,BF16,2,4096,4096,8,1,72,72,none,1,slope_n,3,0,0.5,5,65536,65536,0,1,,,0,0,2,0,1,1,0,128,128,128,1,0,0,0,0,2,0,0,1
19142498513851296,0x440200400813a0,1,TND,BF16,3,2048,2048,2,1,128,128,none,1,slope,2,0,0.5,6,0,1024,0,1,1024/1792/3840,1024/1792/3840,0,0,2,1,1,1,0,128,128,128,1,0,0,0,0,2,0,0,1
19142498513851424,0x44020040081420,1,BSND,BF16,2,64,256,2,1,128,128,ss,0,,1,0,1.0,5,128,0,0,1,,,0,0,2,0,0,0,1,128,128,128,1,0,0,0,0,2,0,0,1
19142498513851552,0x440200400814a0,1,TND,BF16,3,512,256,2,1,128,128,2048,0,,1,0,1.0,6,65536,0,0,1,512/896/1152,256/427/513,0,0,2,1,0,0,1,128,128,128,1,0,0,0,0,2,0,0,1
19142498513851680,0x44020040081520,1,BNSD,BF16,1,256,256,1,2,128,128,2048,0,,1,0,0.9,6,128,128,0,1,,,0,0,2,0,1,0,1,128,128,128,1,0,0,0,0,2,0,0,1
19142498513851808,0x440200400815a0,1,TND,BF16,3,2048,2048,2,1,128,128,11ss,0,,1,0,0.5,6,0,0,0,1,1024/1792/3840,1024/1792/3840,0,0,2,1,1,0,1,128,128,128,1,0,0,0,0,2,0,0,1
19142498513851936,0x44020040081620,1,BSND,BF16,2,4096,4096,8,1,72,72,bnss,1,slope_n,3,0,1.0,5,65536,65536,0,1,,,0,0,2,0,0,1,1,128,128,128,1,0,0,0,0,2,0,0,1
19142498513852064,0x440200400816a0,1,TND,BF16,3,2048,2048,2,1,72,72,2048,1,slope,2,0,1.0,6,65536,65536,0,1,1024/1792/3840,1024/1792/3840,0,0,2,1,0,1,1,128,128,128,1,0,0,0,0,2,0,0,1
19142498513852192,0x44020040081720,1,BSND,BF16,2,4096,4096,8,1,72,72,bnss,1,slope_n,3,0,0.5,5,65536,65536,0,1,,,0,0,2,0,1,1,1,128,128,128,1,0,0,0,0,2,0,0,1
19142498513852320,0x440200400817a0,1,TND,BF16,16,1024,1024,1,4,96,96,bnss,1,slope,3,0,0.9,6,1024,1024,3,1,1024/1280/1792/1856/1920/2048/2048/2304/3328/3392/3648/4160/4416/4672/4736/5760,64/320/1344/1472/1472/1728/2240/2752/2880/2944/2944/3968/3968/4992/5248/6272,0,0,2,1,1,1,1,128,128,128,1,0,0,0,0,2,0,0,1
19142499050721312,0x44020060081020,1,BNSD,BF16,1,256,128,1,1,192,192,none,0,,1,0,1.0,6,65536,1024,0,1,,,0,0,2,0,0,0,0,128,128,192,1,0,0,0,0,2,0,0,1
19142499050721440,0x440200600810a0,1,TND,BF16,12,2560,128,2,1,192,192,none,0,,1,0,1.0,6,1024,1024,0,1,2048/4352/6912/8960/11264/13824/15872/18176/20736/22784/25088/27648,128/256/384/512/640/768/896/1024/1152/1280/1408/1536,0,0,2,1,0,0,0,128,128,192,1,0,0,0,0,2,0,0,1
19142499050721568,0x44020060081120,1,BSND,BF16,2,2048,1024,2,2,192,192,none,0,,1,0,0.5,6,65536,65536,0,1,,,0,0,2,0,1,0,0,128,128,192,1,0,0,0,0,2,0,0,1
19142499050721696,0x440200600811a0,1,TND,BF16,32,2560,2560,2,1,192,192,none,0,,1,0,0.5,6,1024,1024,0,1,2048/4352/6912/8960/11264/13824/15872/18176/20736/22784/25088/27648/29696/32000/34560/36608/38912/41472/43520/45824/48384/50432/52736/55296/57344/59648/62208/64256/66560/69120/71168/73472,2048/4352/6912/8960/11264/13824/15872/18176/20736/22784/25088/27648/29696/32000/34560/36608/38912/41472/43520/45824/48384/50432/52736/55296/57344/59648/62208/64256/66560/69120/71168/73472,0,0,2,1,1,0,0,128,128,192,1,0,0,0,0,2,0,0,1
19142499050721824,0x44020060081220,1,BNSD,BF16,1,256,256,1,1,192,192,none,1,1nss,0,0,1.0,6,65536,128,0,1,,,0,0,2,0,0,1,0,128,128,192,1,0,0,0,0,2,0,0,1
19142499050721952,0x440200600812a0,1,TND,BF16,3,2048,2048,2,1,192,192,none,1,slope,2,0,1.0,6,65536,65536,0,1,1024/1792/3840,1024/1792/3840,0,0,2,1,0,1,0,128,128,192,1,0,0,0,0,2,0,0,1
19142499050722080,0x44020060081320,1,BSND,BF16,2,1024,1024,2,2,160,160,none,1,bnhs,1,0,0.5,5,65536,65536,0,1,,,0,0,2,0,1,1,0,128,128,192,1,0,0,0,0,2,0,0,1
19142499050722208,0x440200600813a0,1,TND,BF16,16,1024,1024,12,8,192,192,none,1,slope,2,0,0.5,6,512,64,1,1,256/384/384/512/640/1664/1792/1856/2112/2112/2368/2496/2624/3136/3392/4416,0/512/1024/2048/2176/3200/3456/4480/4480/4544/5056/6080/6592/6656/6656/7680,0,0,2,1,1,1,0,128,128,192,1,0,0,0,0,2,0,0,1
19142499050722336,0x44020060081420,1,BSND,BF16,1,256,256,1,2,192,192,11ss,0,,1,0,1.0,6,65536,65536,0,1,,,0,0,2,0,0,0,1,128,128,192,1,0,0,0,0,2,0,0,1
19142499050722464,0x440200600814a0,1,TND,BF16,32,2560,2560,2,1,192,192,ss,0,,1,0,1.0,6,1024,1024,0,1,2048/4352/6912/8960/11264/13824/15872/18176/20736/22784/25088/27648/29696/32000/34560/36608/38912/41472/43520/45824/48384/50432/52736/55296/57344/59648/62208/64256/66560/69120/71168/73472,2048/4352/6912/8960/11264/13824/15872/18176/20736/22784/25088/27648/29696/32000/34560/36608/38912/41472/43520/45824/48384/50432/52736/55296/57344/59648/62208/64256/66560/69120/71168/73472,0,0,2,1,0,0,1,128,128,192,1,0,0,0,0,2,0,0,1
19142499050722592,0x44020060081520,1,BSND,BF16,2,1024,1024,2,1,192,192,ss,0,,1,0,0.9,5,128,0,0,1,,,0,0,2,0,1,0,1,128,128,192,1,0,0,0,0,2,0,0,1
19142499050722720,0x440200600815a0,1,TND,BF16,8,512,1024,8,2,192,192,2048,0,,2,0,0.9,6,65536,128,0,1,0/0/512/576/576/576/640/1152,64/320/384/640/768/1280/2304/2304,0,0,2,1,1,0,1,128,128,192,1,0,0,0,0,2,0,0,1
19142499050722848,0x44020060081620,1,BSND,BF16,2,1024,1024,2,2,192,192,bnss,1,bnhs,1,0,1.0,6,65536,65536,0,1,,,0,0,2,0,0,1,1,128,128,192,1,0,0,0,0,2,0,0,1
19142499050722976,0x440200600816a0,1,TND,BF16,32,2560,2560,2,1,192,192,ss,1,slope,2,0,1.0,6,1024,1024,0,1,2048/4352/6912/8960/11264/13824/15872/18176/20736/22784/25088/27648/29696/32000/34560/36608/38912/41472/43520/45824/48384/50432/52736/55296/57344/59648/62208/64256/66560/69120/71168/73472,2048/4352/6912/8960/11264/13824/15872/18176/20736/22784/25088/27648/29696/32000/34560/36608/38912/41472/43520/45824/48384/50432/52736/55296/57344/59648/62208/64256/66560/69120/71168/73472,0,0,2,1,0,1,1,128,128,192,1,0,0,0,0,2,0,0,1
19142499050723104,0x44020060081720,1,BSH,BF16,4,128,64,2,2,192,192,2048,1,slope,2,0,0.5,6,128,65536,0,1,,,0,0,2,0,1,1,1,128,128,192,1,0,0,0,0,2,0,0,1
19142499050723232,0x440200600817a0,1,TND,BF16,3,256,512,8,8,144,144,2048,1,slope,2,0,0.9,6,128,256,3,1,128/128/384,512/512/640,0,0,2,1,1,1,1,128,128,192,1,0,0,0,0,2,0,0,1
19142499587592224,0x44020080081020,1,TND,BF16,1,256,256,1,1,256,256,none,0,,1,0,1.0,6,65536,128,0,1,256,256,0,0,2,0,0,0,0,128,128,256,1,0,0,0,0,2,0,0,1
19142499587592352,0x440200800810a0,1,TND,BF16,8,1024,1024,40,8,256,256,none,0,,0,0,1.0,6,1024,1,2,1,256/384/640/704/832/1856/2880/3008,128/384/384/448/704/960/1984/2112,0,0,2,1,0,0,0,128,128,256,1,0,0,0,0,2,0,0,1
19142499587592480,0x44020080081120,1,TND,BF16,1,256,256,1,1,256,256,none,0,,1,0,0.5,6,65536,128,0,1,256,256,0,0,2,0,1,0,0,128,128,256,1,0,0,0,0,2,0,0,1
19142499587592608,0x440200800811a0,1,TND,BF16,4,1024,256,5,2,256,256,none,0,,0,0,0.9,6,256,0,0,1,256/1280/1344/1600,256/384/512/640,0,0,2,1,1,0,0,128,128,256,1,0,0,0,0,2,0,0,1
19142499587592736,0x44020080081220,1,BNSD,BF16,1,256,256,2,2,256,256,none,1,b1ss,1,0,1.0,6,0,65536,0,1,,,0,0,2,0,0,1,0,128,128,256,1,0,0,0,0,2,0,0,1
19142499587592864,0x440200800812a0,1,TND,BF16,4,4096,128,2,1,256,256,none,1,slope,2,0,1.0,6,128,65536,0,1,1024/1280/5376/9472,128/256/384/512,0,0,2,1,0,1,0,128,128,256,1,0,0,0,0,2,0,0,1
19142499587592992,0x44020080081320,1,BNSD,BF16,1,256,256,1,1,256,256,none,1,1nss,0,0,0.5,6,65536,128,0,1,,,0,0,2,0,1,1,0,128,128,256,1,0,0,0,0,2,0,0,1
19142499587593120,0x440200800813a0,1,TND,BF16,3,2048,2048,2,1,256,256,none,1,slope,2,0,0.9,6,65536,65536,0,1,1024/1792/3840,1024/1792/3840,0,0,2,1,1,1,0,128,128,256,1,0,0,0,0,2,0,0,1
19142499587593248,0x44020080081420,1,BNSD,BF16,1,256,256,1,1,256,256,11ss,0,,1,0,1.0,6,65536,128,0,1,,,0,0,2,0,0,0,1,128,128,256,1,0,0,0,0,2,0,0,1
19142499587593376,0x440200800814a0,1,TND,BF16,3,1024,128,2,1,256,256,11ss,0,,1,0,1.0,6,1024,1024,0,1,512/896/1920,128/256/384,0,0,2,1,0,0,1,128,128,256,1,0,0,0,0,2,0,0,1
19142499587593504,0x44020080081520,1,BNSD,BF16,1,256,256,1,1,256,256,11ss,0,,1,0,0.5,6,65536,128,0,1,,,0,0,2,0,1,0,1,128,128,256,1,0,0,0,0,2,0,0,1
19142499587593632,0x440200800815a0,1,TND,BF16,3,1024,512,12,4,256,256,2048,0,,1,0,0.9,6,65536,1,3,1,512/1536/1536,128/640/704,0,0,2,1,1,0,1,128,128,256,1,0,0,0,0,2,0,0,1
19142499587593760,0x44020080081620,1,BSND,BF16,2,1024,1024,2,2,256,256,11ss,1,bnhs,1,0,1.0,6,65536,65536,0,1,,,0,0,2,0,0,1,1,128,128,256,1,0,0,0,0,2,0,0,1
19142499587593888,0x440200800816a0,1,TND,BF16,2,512,512,2,2,256,256,2048,1,bnhs,1,0,1.0,6,1024,0,0,1,512/512,512/512,0,0,2,1,0,1,1,128,128,256,1,0,0,0,0,2,0,0,1
19142499587594016,0x44020080081720,1,BNSD,BF16,1,256,256,1,1,256,256,11ss,1,1nss,1,0,0.5,6,65536,128,0,1,,,0,0,2,0,1,1,1,128,128,256,1,0,0,0,0,2,0,0,1
19142499587594144,0x440200800817a0,1,TND,BF16,16,1024,1024,40,4,256,256,b1ss,1,slope,2,0,0.5,6,64,0,2,1,128/640/1664/1728/1792/2048/3072/3328/3584/3648/3648/3648/3904/3904/3968/4032,512/512/640/704/1728/2752/2880/2880/2944/3456/4480/4480/4736/4800/4864/4928,0,0,2,1,1,1,1,128,128,256,1,0,0,0,0,2,0,0,1
19142500124463136,0x440200a0081020,1,BSND,BF16,1,128,128,1,2,320,320,none,0,,1,0,1.0,6,65536,65536,0,1,,,0,0,2,0,0,0,0,128,128,768,1,0,0,0,0,2,0,0,1
19142500124463264,0x440200a00810a0,1,TND,BF16,2,256,512,5,2,768,768,none,0,,1,0,1.0,6,0,0,0,1,256/512,512/640,0,0,2,1,0,0,0,128,128,768,1,0,0,0,0,2,0,0,1
19142500124463392,0x440200a0081120,1,TND,BF16,1,256,256,1,2,320,320,none,0,,1,0,0.5,6,65536,65536,0,1,256,256,0,0,2,0,1,0,0,128,128,768,1,0,0,0,0,2,0,0,1
19142500124463520,0x440200a00811a0,1,TND,BF16,16,1024,1024,1,2,512,512,none,0,,1,0,0.9,6,256,64,3,1,64/128/128/128/256/256/320/576/576/576/1600/1856/1984/2496/2496/3520,1024/2048/2112/3136/3648/3648/3776/3840/4864/4928/5952/6976/7040/7552/7808/7936,0,0,2,1,1,0,0,128,128,768,1,0,0,0,0,2,0,0,1
19142500124463648,0x440200a0081220,1,BNSD,BF16,1,128,128,2,2,320,320,none,1,b1ss,1,0,1.0,5,65536,65536,0,1,,,0,0,2,0,0,1,0,128,128,768,1,0,0,0,0,2,0,0,1
19142500124463776,0x440200a00812a0,1,TND,BF16,8,1024,1024,40,8,512,512,none,1,slope_n,3,0,1.0,6,128,64,1,1,512/576/832/896/1920/1920/2176/2240,1024/2048/2112/2176/2240/2304/2432/2688,0,0,2,1,0,1,0,128,128,768,1,0,0,0,0,2,0,0,1
19142500124463904,0x440200a0081320,1,BNSD,BF16,1,256,256,1,1,320,320,none,1,1nss,1,0,0.9,5,65536,65536,0,1,,,0,0,2,0,1,1,0,128,128,768,1,0,0,0,0,2,0,0,1
19142500124464032,0x440200a00813a0,1,TND,BF16,16,1024,1024,5,8,768,768,none,1,slope,2,0,0.9,6,128,0,1,1,128/256/768/1280/1280/1280/1344/1344/1408/1536/1664/1920/2944/2944/2944/2944,256/1280/2304/2304/2432/3456/3968/4992/5248/5760/6784/6848/6912/7168/7232/8256,0,0,2,1,1,1,0,128,128,768,1,0,0,0,0,2,0,0,1
19142500124464160,0x440200a0081420,1,TND,BF16,3,1024,128,2,1,512,512,2048,0,,1,0,1.0,6,65536,65536,0,1,1024/2048/3072,128/256/384,0,0,2,0,0,0,1,128,128,768,1,0,0,0,0,2,0,0,1
19142500124464288,0x440200a00814a0,1,TND,BF16,3,2048,2048,2,2,512,512,2048,0,,1,0,1.0,6,65536,65536,0,1,1024/1792/3840,1024/1792/3840,0,0,2,1,0,0,1,128,128,768,1,0,0,0,0,2,0,0,1
19142500124464416,0x440200a0081520,1,TND,BF16,1,256,256,1,2,320,320,11ss,0,,1,0,0.5,6,65536,65536,0,1,256,256,0,0,2,0,1,0,1,128,128,768,1,0,0,0,0,2,0,0,1
19142500124464544,0x440200a00815a0,1,TND,BF16,16,1024,1024,1,1,768,768,2048,0,,1,0,0.5,6,1024,512,2,1,0/0/0/0/64/1088/1216/1280/1280/1792/1856/2112/3136/3392/3520/3776,512/512/1536/1792/2816/2880/2944/3008/4032/5056/6080/6080/6336/6592/7104/7232,0,0,2,1,1,0,1,128,128,768,1,0,0,0,0,2,0,0,1
19142500124464672,0x440200a0081620,1,BSND,BF16,2,1024,1024,2,2,320,320,b1ss,1,bnhs,1,0,1.0,6,65536,65536,0,1,,,0,0,2,0,0,1,1,128,128,768,1,0,0,0,0,2,0,0,1
19142500124464800,0x440200a00816a0,1,TND,BF16,2,1024,64,1,8,768,768,bnss,1,slope,3,0,1.0,6,64,1024,1,1,64/1088,64/64,0,0,2,1,0,1,1,128,128,768,1,0,0,0,0,2,0,0,1
19142500124464928,0x440200a0081720,1,BSND,BF16,1,256,256,1,2,320,320,11ss,1,1nss,1,0,0.5,6,65536,65536,0,1,,,0,0,2,0,1,1,1,128,128,768,1,0,0,0,0,2,0,0,1
19142500124465056,0x440200a00817a0,1,TND,BF16,16,512,1024,8,2,512,512,b1ss,1,slope,2,0,0.5,6,1024,64,3,1,64/128/256/512/640/896/896/960/1024/1280/1344/1344/1856/1984/2112/2176,1024/1536/2560/3584/4608/4672/4736/4800/5056/5056/6080/6208/6464/7488/7616/7680,0,0,2,1,1,1,1,128,128,768,1,0,0,0,0,2,0,0,1
19144697000235040,0x44040020081020,1,BSH,BF16,4,512,512,2,2,64,64,none,0,,1,0,1.0,0,65536,65536,0,1,,,0,0,2,0,0,0,0,128,128,64,2,0,0,0,0,2,0,0,1
19144697000235168,0x440400200810a0,1,TND,BF16,4,2048,128,2,2,64,64,none,0,,1,0,1.0,4,65536,65536,0,1,1024/1792/3840/3904,128/256/384/512,0,0,2,1,0,0,0,128,128,64,2,0,0,0,0,2,0,0,1
19144697000235296,0x44040020081120,1,BSH,BF16,4,512,512,2,2,64,64,none,0,,1,0,0.5,0,65536,65536,0,1,,,0,0,2,0,1,0,0,128,128,64,2,0,0,0,0,2,0,0,1
19144697000235424,0x440400200811a0,1,TND,BF16,3,2048,2048,2,2,64,64,none,0,,1,0,0.5,4,65536,65536,0,1,1024/1792/3840,1024/1792/3840,0,0,2,1,1,0,0,128,128,64,2,0,0,0,0,2,0,0,1
19144697000235552,0x44040020081220,1,BSH,BF16,4,512,512,2,2,64,64,none,1,slope_n,2,0,1.0,0,65536,65536,0,1,,,0,0,2,0,0,1,0,128,128,64,2,0,0,0,0,2,0,0,1
19144697000235680,0x440400200812a0,1,TND,BF16,3,1024,2048,2,2,64,64,none,1,slope,2,0,1.0,4,65536,65536,0,1,1024/2048/3072,1024/1664/3712,0,0,2,1,0,1,0,128,128,64,2,0,0,0,0,2,0,0,1
19144697000235808,0x44040020081320,1,BSH,BF16,4,512,256,2,2,64,64,none,1,b1ss,1,0,0.9,0,65536,65536,0,1,,,0,0,2,0,1,1,0,128,128,64,2,0,0,0,0,2,0,0,1
19144697000235936,0x440400200813a0,1,TND,BF16,8,1024,1024,8,4,16,16,none,1,slope,3,0,0.5,1,0,1024,0,1,0/1024/1088/2112/2112/2624/3648/3776,1024/1088/2112/3136/3264/4288/4416/5440,0,0,2,1,1,1,0,128,128,64,2,0,0,0,0,2,0,0,1
19144697000236064,0x44040020081420,1,BSH,BF16,4,512,512,2,2,64,64,ss,0,,1,0,1.0,0,65536,65536,0,1,,,0,0,2,0,0,0,1,128,128,64,2,0,0,0,0,2,0,0,1
19144697000236192,0x440400200814a0,1,TND,BF16,16,512,1024,40,2,64,64,ss,0,,2,0,1.0,1,2048,1024,0,1,512/512/640/704/704/704/832/1088/1344/1408/1664/1792/1856/1920/2048/2304,1024/1280/1408/2432/2944/2944/3072/3200/3328/3584/3648/3776/4032/4032/4160/4160,0,0,2,1,0,0,1,128,128,64,2,0,0,0,0,2,0,0,1
19144697000236320,0x44040020081520,1,BSH,BF16,4,512,512,1,2,64,64,b1ss,0,,1,0,0.9,0,65536,65536,0,1,,,0,0,2,0,1,0,1,128,128,64,2,0,0,0,0,2,0,0,1
19144697000236448,0x440400200815a0,1,TND,BF16,16,512,1024,40,4,16,16,11ss,0,,0,0,0.9,0,65536,1024,3,1,64/576/576/576/576/704/832/1344/1344/1856/1856/2112/2176/2432/2688/2816,512/1024/2048/2112/2368/2496/2624/2880/3904/3904/4416/4416/4672/4736/4800/4800,0,0,2,1,1,0,1,128,128,64,2,0,0,0,0,2,0,0,1
19144697000236576,0x44040020081620,1,BSH,BF16,4,512,512,2,2,64,64,ss,1,b1ss,1,0,1.0,0,65536,65536,0,1,,,0,0,2,0,0,1,1,128,128,64,2,0,0,0,0,2,0,0,1
19144697000236704,0x440400200816a0,1,TND,BF16,16,512,1024,12,4,16,16,b1ss,1,slope,2,0,1.0,1,1024,0,3,1,256/384/384/448/576/640/704/768/896/1152/1280/1536/2048/2560/2560/2816,512/768/1280/1536/1536/1600/1600/1728/1792/1856/1920/2944/2944/3072/3200/3264,0,0,2,1,0,1,1,128,128,64,2,0,0,0,0,2,0,0,1
19144697000236832,0x44040020081720,1,BSH,BF16,4,512,512,2,2,64,64,ss,1,b1ss,1,0,0.9,0,65536,65536,0,1,,,0,0,2,0,1,1,1,128,128,64,2,0,0,0,0,2,0,0,1
19144697000236960,0x440400200817a0,1,TND,BF16,4,256,1024,12,8,32,32,11ss,1,slope_n,3,0,0.5,1,64,0,2,1,128/384/512/640,1024/1280/1408/1472,0,0,2,1,1,1,1,128,128,64,2,0,0,0,0,2,0,0,1
19144697537105952,0x44040040081020,1,BNSD,BF16,1,256,256,1,2,128,128,none,0,,1,0,1.0,0,65536,0,0,1,,,0,0,2,0,0,0,0,128,128,128,2,0,0,0,0,2,0,0,1
19144697537106080,0x440400400810a0,1,TND,BF16,32,2560,2560,2,2,128,128,none,0,,1,0,1.0,0,65536,65536,0,1,2048/4352/6912/8960/11264/13824/15872/18176/20736/22784/25088/27648/29696/32000/34560/36608/38912/41472/43520/45824/48384/50432/52736/55296/57344/59648/62208/64256/66560/69120/71168/73472,2048/4352/6912/8960/11264/13824/15872/18176/20736/22784/25088/27648/29696/32000/34560/36608/38912/41472/43520/45824/48384/50432/52736/55296/57344/59648/62208/64256/66560/69120/71168/73472,0,0,2,1,0,0,0,128,128,128,2,0,0,0,0,2,0,0,1
19144697537106208,0x44040040081120,1,SBH,BF16,1,128,128,1,2,128,128,none,0,,1,0,0.9,0,65536,65536,0,1,,,0,0,2,0,1,0,0,128,128,128,2,0,0,0,0,2,0,0,1
19144697537106336,0x440400400811a0,1,TND,BF16,32,2560,2560,1,2,128,128,none,0,,1,0,0.5,0,65536,65536,0,1,2048/4352/6912/8960/11264/13824/15872/18176/20736/22784/25088/27648/29696/32000/34560/36608/38912/41472/43520/45824/48384/50432/52736/55296/57344/59648/62208/64256/66560/69120/71168/73472,2048/4352/6912/8960/11264/13824/15872/18176/20736/22784/25088/27648/29696/32000/34560/36608/38912/41472/43520/45824/48384/50432/52736/55296/57344/59648/62208/64256/66560/69120/71168/73472,0,0,2,1,1,0,0,128,128,128,2,0,0,0,0,2,0,0,1
19144697537106464,0x44040040081220,1,BSH,BF16,4,256,256,2,2,72,72,none,1,slope,2,0,1.0,0,65536,65536,0,1,,,0,0,2,0,0,1,0,128,128,128,2,0,0,0,0,2,0,0,1
19144697537106592,0x440400400812a0,1,TND,BF16,3,1024,2048,2,2,128,128,none,1,slope,2,0,1.0,4,65536,65536,0,1,1024/2048/3072,1024/1664/3712,0,0,2,1,0,1,0,128,128,128,2,0,0,0,0,2,0,0,1
19144697537106720,0x44040040081320,1,BSH,BF16,4,1024,512,2,2,72,72,none,1,slope_n,2,0,0.9,0,65536,65536,0,1,,,0,0,2,0,1,1,0,128,128,128,2,0,0,0,0,2,0,0,1
19144697537106848,0x440400400813a0,1,TND,BF16,3,1024,2048,2,2,128,128,none,1,slope,2,0,0.5,0,65536,65536,0,1,1024/2048/3072,1024/1664/3712,0,0,2,1,1,1,0,128,128,128,2,0,0,0,0,2,0,0,1
19144697537106976,0x44040040081420,1,BNSD,BF16,1,256,256,1,2,96,96,2048,0,,1,0,1.0,4,1024,65536,0,1,,,0,0,2,0,0,0,1,128,128,128,2,0,0,0,0,2,0,0,1
19144697537107104,0x440400400814a0,1,TND,BF16,4,4096,4096,2,2,128,128,ss,0,,1,0,1.0,0,65536,65536,0,1,4096/8064/12160/16128,4096/8064/12160/16128,0,0,2,1,0,0,1,128,128,128,2,0,0,0,0,2,0,0,1
19144697537107232,0x44040040081520,1,BSH,BF16,48,512,512,2,2,128,128,b1ss,0,,1,0,0.9,0,65536,65536,0,1,,,0,0,2,0,1,0,1,128,128,128,2,0,0,0,0,2,0,0,1
19144697537107360,0x440400400815a0,1,TND,BF16,4,4096,4096,2,2,128,128,ss,0,,1,0,0.5,0,65536,65536,0,1,4096/8064/12160/16128,4096/8064/12160/16128,0,0,2,1,1,0,1,128,128,128,2,0,0,0,0,2,0,0,1
19144697537107488,0x44040040081620,1,BSND,BF16,2,1024,1024,1,2,128,128,ss,1,b1ss,1,0,1.0,0,65536,65536,0,1,,,0,0,2,0,0,1,1,128,128,128,2,0,0,0,0,2,0,0,1
19144697537107616,0x440400400816a0,1,TND,BF16,3,1024,128,12,8,72,72,b1ss,1,slope_n,3,0,1.0,1,128,0,1,1,64/1088/1344,64/128/256,0,0,2,1,0,1,1,128,128,128,2,0,0,0,0,2,0,0,1
19144697537107744,0x44040040081720,1,BSH,BF16,4,256,256,2,2,128,128,b1ss,1,1nss,1,0,0.9,0,65536,65536,0,1,,,0,0,2,0,1,1,1,128,128,128,2,0,0,0,0,2,0,0,1
19144697537107872,0x440400400817a0,1,TND,BF16,4,1024,512,5,8,96,96,b1ss,1,slope_n,3,0,0.5,1,512,512,0,1,1024/1024/2048/2176,512/1024/1088/1152,0,0,2,1,1,1,1,128,128,128,2,0,0,0,0,2,0,0,1
19144698073976864,0x44040060081020,1,SBH,BF16,1,256,256,2,2,192,192,none,0,,1,0,1.0,0,65536,65536,0,1,,,0,0,2,0,0,0,0,128,128,192,2,0,0,0,0,2,0,0,1
19144698073976992,0x440400600810a0,1,TND,BF16,4,2560,128,2,2,192,192,none,0,,1,0,1.0,0,65536,65536,0,1,2048/4352/6912/8960,128/256/384/512,0,0,2,1,0,0,0,128,128,192,2,0,0,0,0,2,0,0,1
19144698073977120,0x44040060081120,1,TND,BF16,2,256,1024,2,2,192,192,none,0,,1,0,0.5,4,65536,65536,0,1,256/512,1024/2048,0,0,2,0,1,0,0,128,128,192,2,0,0,0,0,2,0,0,1
19144698073977248,0x440400600811a0,1,TND,BF16,4,2560,128,2,2,192,192,none,0,,2,0,0.5,0,65536,65536,0,1,2048/4352/6912/8960,128/256/384/512,0,0,2,1,1,0,0,128,128,192,2,0,0,0,0,2,0,0,1
19144698073977376,0x44040060081220,1,BNSD,BF16,1,256,256,2,2,192,192,none,1,b1ss,1,0,1.0,0,65536,65536,0,1,,,0,0,2,0,0,1,0,128,128,192,2,0,0,0,0,2,0,0,1
19144698073977504,0x440400600812a0,1,TND,BF16,3,1024,2048,2,2,192,192,none,1,slope,2,0,1.0,2,65536,65536,0,1,1024/2048/3072,1024/1664/3712,0,0,2,1,0,1,0,128,128,192,2,0,0,0,0,2,0,0,1
19144698073977632,0x44040060081320,1,BSH,BF16,4,512,256,2,2,192,192,none,1,b1ss,1,0,0.5,3,65536,65536,0,1,,,0,0,2,0,1,1,0,128,128,192,2,0,0,0,0,2,0,0,1
19144698073977760,0x440400600813a0,1,TND,BF16,16,1024,1024,16,4,192,192,none,1,slope,2,0,0.5,1,512,65536,1,1,512/512/1536/2048/2560/2816/3072/3584/3712/4224/4480/4544/4608/4736/5760/6016,1024/1088/1344/1856/1856/1856/2880/3904/3968/4992/5248/5504/5632/5696/5824/5952,0,0,2,1,1,1,0,128,128,192,2,0,0,0,0,2,0,0,1
19144698073977888,0x44040060081420,1,SBH,BF16,48,256,256,1,2,192,192,11ss,0,,1,0,1.0,0,65536,65536,0,1,,,0,0,2,0,0,0,1,128,128,192,2,0,0,0,0,2,0,0,1
19144698073978016,0x440400600814a0,1,TND,BF16,4,128,128,2,2,192,192,ss,0,,1,0,1.0,0,65536,65536,0,1,128/214/258/386,128/214/258/386,0,0,2,1,0,0,1,128,128,192,2,0,0,0,0,2,0,0,1
19144698073978144,0x44040060081520,1,BSND,BF16,2,1024,1024,2,2,192,192,11ss,0,,1,0,0.5,0,65536,65536,0,1,,,0,0,2,0,1,0,1,128,128,192,2,0,0,0,0,2,0,0,1
19144698073978272,0x440400600815a0,1,TND,BF16,3,512,512,8,4,192,192,bnss,0,,0,0,0.5,0,1024,512,1,1,128/256/768,512/576/576,0,0,2,1,1,0,1,128,128,192,2,0,0,0,0,2,0,0,1
19144698073978400,0x44040060081620,1,SBH,BF16,1,256,256,1,2,192,192,11ss,1,b1ss,0,0,1.0,0,65536,65536,0,1,,,0,0,2,0,0,1,1,128,128,192,2,0,0,0,0,2,0,0,1
19144698073978528,0x440400600816a0,1,TND,BF16,3,64,1024,1,2,192,192,2048,1,slope,2,0,1.0,0,128,65536,0,1,64/107/129,1024/1920/2688,0,0,2,1,0,1,1,128,128,192,2,0,0,0,0,2,0,0,1
19144698073978656,0x44040060081720,1,BSND,BF16,2,1024,1024,2,2,192,192,b1ss,1,bnhs,1,0,0.5,1,65536,65536,0,1,,,0,0,2,0,1,1,1,128,128,192,2,0,0,0,0,2,0,0,1
19144698073978784,0x440400600817a0,1,TND,BF16,16,1024,1024,8,4,192,192,b1ss,1,slope_n,3,0,0.5,1,65536,1024,2,1,64/192/320/576/640/1664/1920/1920/2048/2176/2432/2560/3584/3840/3968/4992,0/1024/1536/1600/1600/2112/3136/3200/3328/3840/3904/3904/3904/4928/5952/6208,0,0,2,1,1,1,1,128,128,192,2,0,0,0,0,2,0,0,1
19144698610847776,0x44040080081020,1,BSND,BF16,2,2048,128,1,2,256,256,none,0,,1,0,1.0,0,65536,65536,0,1,,,0,0,2,0,0,0,0,128,128,256,2,0,0,0,0,2,0,0,1
19144698610847904,0x440400800810a0,1,TND,BF16,4,2048,128,2,2,256,256,none,0,,1,0,1.0,3,65536,65536,0,1,1024/1792/3840/3904,128/256/384/512,0,0,2,1,0,0,0,128,128,256,2,0,0,0,0,2,0,0,1
19144698610848032,0x44040080081120,1,TND,BF16,1,256,256,1,2,256,256,none,0,,1,0,0.9,0,65536,65536,0,1,256,256,0,0,2,0,1,0,0,128,128,256,2,0,0,0,0,2,0,0,1
19144698610848160,0x440400800811a0,1,TND,BF16,16,1024,1024,16,2,256,256,none,0,,3,0,0.5,4,1024,64,2,1,256/320/448/704/832/960/1216/2240/2368/2432/2560/3072/3200/3328/4352/4864,1024/1280/1792/1856/1984/1984/2496/2752/2880/2944/3008/3520/4544/5056/5056/5568,0,0,2,1,1,0,0,128,128,256,2,0,0,0,0,2,0,0,1
19144698610848288,0x44040080081220,1,BNSD,BF16,1,256,256,2,2,256,256,none,1,b1ss,1,0,1.0,0,65536,65536,0,1,,,0,0,2,0,0,1,0,128,128,256,2,0,0,0,0,2,0,0,1
19144698610848416,0x440400800812a0,1,TND,BF16,16,1024,1024,12,2,256,256,none,1,slope,3,0,1.0,0,2048,65536,3,1,128/640/768/1792/2816/2880/3904/3904/4160/4416/4928/4992/5248/6272/6336/6592,1024/2048/2048/3072/3072/3136/3392/4416/4544/5056/5056/5056/5120/5632/5696/6208,0,0,2,1,0,1,0,128,128,256,2,0,0,0,0,2,0,0,1
19144698610848544,0x44040080081320,1,SBH,BF16,1,256,256,2,2,256,256,none,1,1nss,0,0,0.9,0,65536,65536,0,1,,,0,0,2,0,1,1,0,128,128,256,2,0,0,0,0,2,0,0,1
19144698610848672,0x440400800813a0,1,TND,BF16,16,1024,1024,16,4,256,256,none,1,slope_n,3,0,0.9,3,64,65536,2,1,0/0/256/320/1344/1600/1856/2880/3008/3008/3008/3072/3072/3328/3392/4416,64/128/640/896/1024/1152/1408/1920/2176/2432/2944/3456/3456/4480/5504/5504,0,0,2,1,1,1,0,128,128,256,2,0,0,0,0,2,0,0,1
19144698610848800,0x44040080081420,1,TND,BF16,2,1024,1024,2,2,256,256,ss,0,,1,0,1.0,0,65536,65536,0,1,1024/2048,1024/2048,0,0,2,0,0,0,1,128,128,256,2,0,0,0,0,2,0,0,1
19144698610848928,0x440400800814a0,1,TND,BF16,4,128,128,2,2,256,256,ss,0,,1,0,1.0,0,65536,65536,0,1,128/214/258/386,128/214/258/386,0,0,2,1,0,0,1,128,128,256,2,0,0,0,0,2,0,0,1
19144698610849056,0x44040080081520,1,TND,BF16,2,192,192,40,4,256,256,b1ss,0,,1,0,0.9,1,64,128,1,1,192/384,192/384,0,0,2,0,1,0,1,128,128,256,2,0,0,0,0,2,0,0,1
19144698610849184,0x440400800815a0,1,TND,BF16,16,512,1024,8,2,256,256,b1ss,0,,0,0,0.9,1,2048,65536,1,1,128/192/320/832/960/1216/1472/1536/2048/2048/2048/2304/2432/2688/2688/2752,256/512/576/832/1344/1408/1536/1664/2176/2240/2496/2560/3584/3712/4224/4224,0,0,2,1,1,0,1,128,128,256,2,0,0,0,0,2,0,0,1
19144698610849312,0x44040080081620,1,SBH,BF16,1,256,256,1,2,256,256,11ss,1,b1ss,0,0,1.0,0,65536,65536,0,1,,,0,0,2,0,0,1,1,128,128,256,2,0,0,0,0,2,0,0,1
19144698610849440,0x440400800816a0,1,TND,BF16,16,1024,1024,12,2,256,256,bnss,1,slope,3,0,1.0,0,2048,65536,3,1,128/640/768/1792/2816/2880/3904/3904/4160/4416/4928/4992/5248/6272/6336/6592,1024/2048/2048/3072/3072/3136/3392/4416/4544/5056/5056/5056/5120/5632/5696/6208,0,0,2,1,0,1,1,128,128,256,2,0,0,0,0,2,0,0,1
19144698610849568,0x44040080081720,1,SBH,BF16,1,256,256,1,2,256,256,11ss,1,b1ss,0,0,0.5,0,65536,65536,0,1,,,0,0,2,0,1,1,1,128,128,256,2,0,0,0,0,2,0,0,1
19144698610849696,0x440400800817a0,1,TND,BF16,4,512,512,1,4,256,256,bnss,1,slope,3,0,0.9,1,2048,512,0,1,64/128/640/768,512/512/512/576,0,0,2,1,1,1,1,128,128,256,2,0,0,0,0,2,0,0,1
19144699147718688,0x440400a0081020,1,SBH,BF16,1,256,256,2,2,320,320,none,0,,1,0,1.0,0,65536,65536,0,1,,,0,0,2,0,0,0,0,128,128,768,2,0,0,0,0,2,0,0,1
19144699147718816,0x440400a00810a0,1,TND,BF16,32,2560,2560,2,2,320,320,none,0,,1,0,1.0,0,65536,65536,0,1,2048/4352/6912/8960/11264/13824/15872/18176/20736/22784/25088/27648/29696/32000/34560/36608/38912/41472/43520/45824/48384/50432/52736/55296/57344/59648/62208/64256/66560/69120/71168/73472,2048/4352/6912/8960/11264/13824/15872/18176/20736/22784/25088/27648/29696/32000/34560/36608/38912/41472/43520/45824/48384/50432/52736/55296/57344/59648/62208/64256/66560/69120/71168/73472,0,0,2,1,0,0,0,128,128,768,2,0,0,0,0,2,0,0,1
19144699147718944,0x440400a0081120,1,BSND,BF16,1,256,256,1,2,320,320,none,0,,1,0,0.5,0,65536,65536,0,1,,,0,0,2,0,1,0,0,128,128,768,2,0,0,0,0,2,0,0,1
19144699147719072,0x440400a00811a0,1,TND,BF16,32,2560,2560,2,2,320,320,none,0,,2,0,0.5,3,65536,65536,0,1,2048/4352/6912/8960/11264/13824/15872/18176/20736/22784/25088/27648/29696/32000/34560/36608/38912/41472/43520/45824/48384/50432/52736/55296/57344/59648/62208/64256/66560/69120/71168/73472,2048/4352/6912/8960/11264/13824/15872/18176/20736/22784/25088/27648/29696/32000/34560/36608/38912/41472/43520/45824/48384/50432/52736/55296/57344/59648/62208/64256/66560/69120/71168/73472,0,0,2,1,1,0,0,128,128,768,2,0,0,0,0,2,0,0,1
19144699147719200,0x440400a0081220,1,SBH,BF16,1,256,256,2,2,512,512,none,1,b1ss,1,0,1.0,0,65536,65536,0,1,,,0,0,2,0,0,1,0,128,128,768,2,0,0,0,0,2,0,0,1
19144699147719328,0x440400a00812a0,1,TND,BF16,3,1024,2048,2,2,320,320,none,1,slope,2,0,1.0,3,65536,65536,0,1,1024/2048/3072,1024/1664/3712,0,0,2,1,0,1,0,128,128,768,2,0,0,0,0,2,0,0,1
19144699147719456,0x440400a0081320,1,BSND,BF16,2,2048,1024,2,2,320,320,none,1,bnss,1,0,0.5,0,65536,65536,0,1,,,0,0,2,0,1,1,0,128,128,768,2,0,0,0,0,2,0,0,1
19144699147719584,0x440400a00813a0,1,TND,BF16,16,1024,1024,8,2,512,512,none,1,slope_n,2,0,0.9,1,512,0,3,1,64/128/640/1664/1664/2688/2816/2816/3328/3456/3712/3968/4224/4352/4608/4736,512/640/640/640/1152/1408/1920/2432/2688/3712/3712/3968/4096/4160/4672/5184,0,0,2,1,1,1,0,128,128,768,2,0,0,0,0,2,0,0,1
19144699147719712,0x440400a0081420,1,BSND,BF16,1,256,256,1,2,320,320,ss,0,,1,0,1.0,0,65536,65536,0,1,,,0,0,2,0,0,0,1,128,128,768,2,0,0,0,0,2,0,0,1
19144699147719840,0x440400a00814a0,1,TND,BF16,16,1024,1024,5,2,768,768,bnss,0,,1,0,1.0,1,2048,512,2,1,512/768/1280/1344/2368/2368/2432/2496/2560/2560/2816/3328/3840/3840/3840/4864,0/1024/1088/1152/1152/1216/1216/1216/1216/1344/1472/1728/2240/2304/2368/2624,0,0,2,1,0,0,1,128,128,768,2,0,0,0,0,2,0,0,1
19144699147719968,0x440400a0081520,1,TND,BF16,2,1024,1024,2,2,320,320,11ss,0,,1,0,0.5,0,65536,65536,0,1,1024/2048,1024/2048,0,0,2,0,1,0,1,128,128,768,2,0,0,0,0,2,0,0,1
19144699147720096,0x440400a00815a0,1,TND,BF16,2,1024,512,8,2,768,768,b1ss,0,,2,0,0.5,1,0,64,2,1,128/1152,512/576,0,0,2,1,1,0,1,128,128,768,2,0,0,0,0,2,0,0,1
19144699147720224,0x440400a0081620,1,BSND,BF16,24,256,256,1,2,320,320,bnss,1,bnss,1,0,1.0,0,65536,65536,0,1,,,0,0,2,0,0,1,1,128,128,768,2,0,0,0,0,2,0,0,1
19144699147720352,0x440400a00816a0,1,TND,BF16,3,256,128,4,2,512,512,11ss,1,slope_n,3,0,1.0,1,1024,0,0,1,256/320/576,128/128/192,0,0,2,1,0,1,1,128,128,768,2,0,0,0,0,2,0,0,1
19144699147720480,0x440400a0081720,1,BSND,BF16,1,256,256,1,2,320,320,bnss,1,1nss,1,0,0.9,0,65536,65536,0,1,,,0,0,2,0,1,1,1,128,128,768,2,0,0,0,0,2,0,0,1
19144699147720608,0x440400a00817a0,1,TND,BF16,4,512,1024,4,2,512,512,b1ss,1,slope,3,0,0.9,1,0,64,0,1,128/640/640/640,1024/1536/1664/1728,0,0,2,1,1,1,1,128,128,768,2,0,0,0,0,2,0,0,1
19146896023491616,0x44060020081420,1,BSH,BF16,4,512,512,2,2,64,64,2048,0,,1,0,1.0,2,128,0,0,1,,,0,0,2,0,0,0,1,128,128,64,3,0,0,0,0,2,0,0,1
19146896023491744,0x440600200814a0,1,TND,BF16,7,4096,128,2,2,64,64,2048,0,,1,0,1.0,2,128,0,0,1,4096/8064/12160/16128/16192/16448/17472,128/256/384/512/640/768/896,0,0,2,1,0,0,1,128,128,64,3,0,0,0,0,2,0,0,1
19146896023491872,0x44060020081520,1,BSH,BF16,4,512,512,2,2,64,64,2048,0,,1,0,0.9,2,128,0,0,1,,,0,0,2,0,1,0,1,128,128,64,3,0,0,0,0,2,0,0,1
19146896023492000,0x440600200815a0,1,TND,BF16,2,512,512,2,2,64,64,2048,0,,1,0,0.9,3,128,0,0,1,512/512,512/512,0,0,2,1,1,0,1,128,128,64,3,0,0,0,0,2,0,0,1
19146896023492128,0x44060020081620,1,SBH,BF16,24,256,256,1,2,64,64,2048,1,bnss,1,0,1.0,2,128,0,0,1,,,0,0,2,0,0,1,1,128,128,64,3,0,0,0,0,2,0,0,1
19146896023492256,0x440600200816a0,1,TND,BF16,16,1024,1024,5,4,64,64,2048,1,slope_n,3,0,1.0,2,512,128,3,1,0/128/128/640/1664/1792/2816/2944/3200/3200/3712/3968/4096/4608/4736/5760,64/320/576/576/576/576/832/1856/1984/1984/2496/2624/3136/3648/4672/4800,0,0,2,1,0,1,1,128,128,64,3,0,0,0,0,2,0,0,1
19146896023492384,0x44060020081720,1,SBH,BF16,1,256,512,2,2,64,64,2048,1,1nss,1,0,0.9,2,128,0,0,1,,,0,0,2,0,1,1,1,128,128,64,3,0,0,0,0,2,0,0,1
19146896023492512,0x440600200817a0,1,TND,BF16,8,256,256,2,2,63,63,2048,1,1nhs,1,0,0.9,2,128,0,0,1,256/256/256/256/256/256/256/256,256/256/256/256/256/256/256/256,0,0,2,1,1,1,1,128,128,64,3,0,0,0,0,2,0,0,1
19146896560362528,0x44060040081420,1,BNSD,BF16,1,128,128,2,2,128,128,2048,0,,1,0,1.0,2,128,0,0,1,,,0,0,2,0,0,0,1,128,128,128,3,0,0,0,0,2,0,0,1
19146896560362656,0x440600400814a0,1,TND,BF16,3,64,1024,1,2,128,128,2048,0,,1,0,1.0,2,128,65536,0,1,64/107/129,1024/1920/2688,0,0,2,1,0,0,1,128,128,128,3,0,0,0,0,2,0,0,1
19146896560362784,0x44060040081520,1,BNSD,BF16,1,1024,32,1,2,128,128,2048,0,,1,0,0.9,2,128,0,0,1,,,0,0,2,0,1,0,1,128,128,128,3,0,0,0,0,2,0,0,1
19146896560362912,0x440600400815a0,1,TND,BF16,3,64,1024,1,2,128,128,2048,0,,1,0,0.5,2,128,65536,0,1,64/107/129,1024/1920/2688,0,0,2,1,1,0,1,128,128,128,3,0,0,0,0,2,0,0,1
19146896560363040,0x44060040081620,1,BNSD,BF16,1,32,32,2,2,128,128,2048,1,1nss,1,0,1.0,2,128,0,0,1,,,0,0,2,0,0,1,1,128,128,128,3,0,0,0,0,2,0,0,1
19146896560363168,0x440600400816a0,1,TND,BF16,3,64,1024,1,2,128,128,2048,1,1nhs,1,0,1.0,2,128,65536,0,1,64/107/129,1024/1920/2688,0,0,2,1,0,1,1,128,128,128,3,0,0,0,0,2,0,0,1
19146896560363296,0x44060040081720,1,BNSD,BF16,1,64,64,2,2,128,128,2048,1,1nss,1,0,0.5,2,128,0,0,1,,,0,0,2,0,1,1,1,128,128,128,3,0,0,0,0,2,0,0,1
19146896560363424,0x440600400817a0,1,TND,BF16,4,1024,128,8,4,128,128,2048,1,1nhs,0,0,0.9,2,256,1,0,1,128/192/256/1280,128/256/320/448,0,0,2,1,1,1,1,128,128,128,3,0,0,0,0,2,0,0,1
19146897097233440,0x44060060081420,1,SBH,BF16,1,256,256,1,2,192,192,2048,0,,1,0,1.0,2,128,0,0,1,,,0,0,2,0,0,0,1,128,128,192,3,0,0,0,0,2,0,0,1
19146897097233568,0x440600600814a0,1,TND,BF16,3,2048,2048,1,2,144,144,2048,0,,1,0,1.0,2,128,65536,0,1,1024/1792/3840,1024/1792/3840,0,0,2,1,0,0,1,128,128,192,3,0,0,0,0,2,0,0,1
19146897097233696,0x44060060081520,1,BSH,BF16,4,64,128,2,2,192,192,2048,0,,1,0,0.9,2,128,0,0,1,,,0,0,2,0,1,0,1,128,128,192,3,0,0,0,0,2,0,0,1
19146897097233824,0x440600600815a0,1,TND,BF16,4,256,128,2,2,192,192,2048,0,,1,0,0.9,2,128,65536,0,1,256/256/256/256,128/128/128/128,0,0,2,1,1,0,1,128,128,192,3,0,0,0,0,2,0,0,1
19146897097233952,0x44060060081620,1,BNSD,BF16,1,32,32,2,2,192,192,2048,1,slope,2,0,1.0,2,128,0,0,1,,,0,0,2,0,0,1,1,128,128,192,3,0,0,0,0,2,0,0,1
19146897097234080,0x440600600816a0,1,TND,BF16,3,64,1024,1,2,192,192,2048,1,1nhs,1,0,1.0,2,128,65536,0,1,64/107/129,1024/1920/2688,0,0,2,1,0,1,1,128,128,192,3,0,0,0,0,2,0,0,1
19146897097234208,0x44060060081720,1,BSH,BF16,4,256,128,2,2,192,192,2048,1,bnss,1,0,0.9,2,128,65536,0,1,,,0,0,2,0,1,1,1,128,128,192,3,0,0,0,0,2,0,0,1
19146897097234336,0x440600600817a0,1,TND,BF16,3,256,512,8,8,192,192,2048,1,slope,2,0,0.5,2,128,65536,3,1,128/128/384,512/512/640,0,0,2,1,1,1,1,128,128,192,3,0,0,0,0,2,0,0,1
19146897634104352,0x44060080081420,1,BSH,BF16,4,1024,512,2,2,256,256,2048,0,,1,0,1.0,2,128,0,0,1,,,0,0,2,0,0,0,1,128,128,256,3,0,0,0,0,2,0,0,1
19146897634104480,0x440600800814a0,1,TND,BF16,4,1024,256,2,2,256,256,2048,0,,1,0,1.0,2,128,0,0,1,1024/1024/1024/1024,256/256/256/256,0,0,2,1,0,0,1,128,128,256,3,0,0,0,0,2,0,0,1
19146897634104608,0x44060080081520,1,BSH,BF16,4,1024,512,2,2,256,256,2048,0,,1,0,0.5,2,128,0,0,1,,,0,0,2,0,1,0,1,128,128,256,3,0,0,0,0,2,0,0,1
19146897634104736,0x440600800815a0,1,TND,BF16,3,512,1024,2,8,256,256,2048,0,,2,0,0.5,2,1,65536,0,1,128/640/896,64/1088/1152,0,0,2,1,1,0,1,128,128,256,3,0,0,0,0,2,0,0,1
19146897634104864,0x44060080081620,1,BSH,BF16,4,512,512,2,2,256,256,2048,1,bnss,1,0,1.0,2,128,0,0,1,,,0,0,2,0,0,1,1,128,128,256,3,0,0,0,0,2,0,0,1
19146897634104992,0x440600800816a0,1,TND,BF16,4,1024,512,2,2,256,256,2048,1,bnhs,1,0,1.0,2,128,0,0,1,1024/1024/1024/1024,512/512/512/512,0,0,2,1,0,1,1,128,128,256,3,0,0,0,0,2,0,0,1
19146897634105120,0x44060080081720,1,BSH,BF16,4,1024,512,2,2,256,256,2048,1,bnhs,1,0,0.5,2,128,0,0,1,,,0,0,2,0,1,1,1,128,128,256,3,0,0,0,0,2,0,0,1
19146897634105248,0x440600800817a0,1,TND,BF16,4,1024,256,2,2,256,256,2048,1,bnhs,1,0,0.5,2,128,0,0,1,1024/1024/1024/1024,256/256/256/256,0,0,2,1,1,1,1,128,128,256,3,0,0,0,0,2,0,0,1
19146898170975264,0x440600a0081420,1,SBH,BF16,1,1024,512,1,2,320,320,2048,0,,1,0,1.0,2,1024,65536,0,1,,,0,0,2,0,0,0,1,128,128,768,3,0,0,0,0,2,0,0,1
19146898170975392,0x440600a00814a0,1,TND,BF16,16,1024,1024,1,2,768,768,2048,0,,1,0,1.0,2,64,256,1,1,64/128/640/768/896/1408/1536/1536/1664/1792/2048/2112/2112/2112/2112/3136,256/768/896/960/1216/1216/1216/1280/1792/2816/3840/3968/4096/4352/4352/4416,0,0,2,1,0,0,1,128,128,768,3,0,0,0,0,2,0,0,1
19146898170975520,0x440600a0081520,1,BSND,BF16,2,1024,1024,1,2,512,512,2048,0,,1,0,0.9,2,128,0,0,1,,,0,0,2,0,1,0,1,128,128,768,3,0,0,0,0,2,0,0,1
19146898170975648,0x440600a00815a0,1,TND,BF16,2,512,512,2,2,768,768,2048,0,,1,0,0.9,3,128,0,0,1,512/512,512/512,0,0,2,1,1,0,1,128,128,768,3,0,0,0,0,2,0,0,1
19146898170975776,0x440600a0081620,1,BNSD,BF16,1,256,256,2,2,320,320,2048,1,slope,2,0,1.0,2,128,0,0,1,,,0,0,2,0,0,1,1,128,128,768,3,0,0,0,0,2,0,0,1
19146898170975904,0x440600a00816a0,1,TND,BF16,3,64,1024,1,2,512,512,2048,1,bnhs,1,0,1.0,2,128,65536,0,1,64/107/129,1024/1920/2688,0,0,2,1,0,1,1,128,128,768,3,0,0,0,0,2,0,0,1
19146898170976032,0x440600a0081720,1,BSND,BF16,2,1024,1024,1,2,320,320,2048,1,bnhs,1,0,0.5,2,128,0,0,1,,,0,0,2,0,1,1,1,128,128,768,3,0,0,0,0,2,0,0,1
19146898170976160,0x440600a00817a0,1,TND,BF16,32,2048,2048,8,2,768,768,2048,1,bnhs,1,0,0.5,2,128,0,0,1,2048/3968/6016/7936/9984/11904/13952/15872/17920/19840/21888/23808/25856/27776/29824/31744/33792/35712/37760/39680/41728/43648/45696/47616/49664/51584/53632/55552/57600/59520/61568/63488,2048/3968/6016/7936/9984/11904/13952/15872/17920/19840/21888/23808/25856/27776/29824/31744/33792/35712/37760/39680/41728/43648/45696/47616/49664/51584/53632/55552/57600/59520/61568/63488,0,0,2,1,1,1,1,128,128,768,3,0,0,0,0,2,0,0,1
19149095046747168,0x44080020081420,1,BSH,BF16,4,512,512,2,2,64,64,2048,0,,1,0,1.0,3,128,0,0,1,,,0,0,2,0,0,0,1,128,128,64,4,0,0,0,0,2,0,0,1
19149095046747296,0x440800200814a0,1,TND,BF16,8,512,1024,40,2,64,64,ss,0,,2,0,1.0,0,128,1024,2,1,256/768/832/1088/1344/1408/1472/1472,64/192/320/320/1344/2368/2624/2688,0,0,2,1,0,0,1,128,128,64,4,0,0,0,0,2,0,0,1
19149095046747424,0x44080020081520,1,BSH,BF16,4,512,512,1,2,64,64,2048,0,,1,0,0.9,4,128,65536,0,1,,,0,0,2,0,1,0,1,128,128,64,4,0,0,0,0,2,0,0,1
19149095046747552,0x440800200815a0,1,TND,BF16,2,512,256,2,2,64,64,2048,0,,1,0,0.9,3,128,0,0,1,512/512,256/256,0,0,2,1,1,0,1,128,128,64,4,0,0,0,0,2,0,0,1
19149095046747680,0x44080020081620,1,BNSD,BF16,48,256,256,1,2,64,64,2048,1,bnss,1,0,1.0,3,128,0,0,1,,,0,0,2,0,0,1,1,128,128,64,4,0,0,0,0,2,0,0,1
19149095046747808,0x440800200816a0,1,TND,BF16,4,1024,512,2,8,32,32,b1ss,1,slope,3,0,1.0,0,512,2048,1,1,1024/1152/2176/2432,512/576/1088/1600,0,0,2,1,0,1,1,128,128,64,4,0,0,0,0,2,0,0,1
19149095046747936,0x44080020081720,1,BSH,BF16,2,512,512,2,2,64,64,2048,1,bnss,1,0,0.9,3,128,0,0,1,,,0,0,2,0,1,1,1,128,128,64,4,0,0,0,0,2,0,0,1
19149095046748064,0x440800200817a0,1,TND,BF16,16,1024,1024,12,4,64,64,2048,1,slope,2,0,0.9,0,65536,512,2,1,0/512/768/832/896/1920/2432/2560/2816/3072/3136/3200/3200/3456/3520/3520,512/576/1088/2112/2176/2688/2944/3008/3136/3392/4416/5440/5568/5632/5760/6016,0,0,2,1,1,1,1,128,128,64,4,0,0,0,0,2,0,0,1
19149095583618080,0x44080040081420,1,BNSD,BF16,2,128,128,1,2,128,128,2048,0,,1,0,1.0,3,128,0,0,1,,,0,0,2,0,0,0,1,128,128,128,4,0,0,0,0,2,0,0,1
19149095583618208,0x440800400814a0,1,TND,BF16,3,2048,64,2,2,128,128,2048,0,,1,0,1.0,0,128,0,0,1,2048/3968/5760,64/107/129,0,0,2,1,0,0,1,128,128,128,4,0,0,0,0,2,0,0,1
19149095583618336,0x44080040081520,1,BSH,BF16,4,512,512,2,2,128,128,2048,0,,1,0,0.9,4,128,65536,0,1,,,0,0,2,0,1,0,1,128,128,128,4,0,0,0,0,2,0,0,1
19149095583618464,0x440800400815a0,1,TND,BF16,8,1024,1024,4,2,72,72,ss,0,,1,0,0.9,0,0,128,0,1,256/320/448/448/1472/1984/2048/2048,256/256/384/1408/1472/1600/2112/2624,0,0,2,1,1,0,1,128,128,128,4,0,0,0,0,2,0,0,1
19149095583618592,0x44080040081620,1,BNSD,BF16,1,256,256,1,2,128,128,2048,1,1nss,0,0,1.0,3,128,0,0,1,,,0,0,2,0,0,1,1,128,128,128,4,0,0,0,0,2,0,0,1
19149095583618720,0x440800400816a0,1,TND,BF16,16,1024,1024,2,4,96,96,bnss,1,slope,2,0,1.0,0,256,128,1,1,512/768/832/896/896/1920/2944/3968/4096/4224/4352/4608/5632/5632/5696/5952,0/1024/1152/2176/2240/2752/2880/2880/3904/4416/4416/4480/4736/4864/4864/5120,0,0,2,1,0,1,1,128,128,128,4,0,0,0,0,2,0,0,1
19149095583618848,0x44080040081720,1,BSND,BF16,2,1024,1024,1,2,72,72,2048,1,slope_n,2,0,0.9,3,128,0,0,1,,,0,0,2,0,1,1,1,128,128,128,4,0,0,0,0,2,0,0,1
19149095583618976,0x440800400817a0,1,TND,BF16,2,1024,32,2,2,128,128,2048,1,bnhs,1,0,0.9,3,128,0,0,1,1024/1024,32/32,0,0,2,1,1,1,1,128,128,128,4,0,0,0,0,2,0,0,1
19149096120488992,0x44080060081420,1,BSH,BF16,4,512,512,2,2,192,192,2048,0,,1,0,1.0,3,128,0,0,1,,,0,0,2,0,0,0,1,128,128,192,4,0,0,0,0,2,0,0,1
19149096120489120,0x440800600814a0,1,TND,BF16,3,2048,64,2,2,192,192,2048,0,,1,0,1.0,0,128,0,0,1,2048/3968/5760,64/107/129,0,0,2,1,0,0,1,128,128,192,4,0,0,0,0,2,0,0,1
19149096120489248,0x44080060081520,1,BSH,BF16,4,64,128,2,2,192,192,2048,0,,1,0,0.9,3,128,0,0,1,,,0,0,2,0,1,0,1,128,128,192,4,0,0,0,0,2,0,0,1
19149096120489376,0x440800600815a0,1,TND,BF16,4,64,128,2,2,192,192,2048,0,,1,0,0.9,3,128,0,0,1,64/64/64/64,128/128/128/128,0,0,2,1,1,0,1,128,128,192,4,0,0,0,0,2,0,0,1
19149096120489504,0x44080060081620,1,BSH,BF16,4,256,2048,2,2,192,192,2048,1,1nss,1,0,1.0,3,128,0,0,1,,,0,0,2,0,0,1,1,128,128,192,4,0,0,0,0,2,0,0,1
19149096120489632,0x440800600816a0,1,TND,BF16,3,64,1024,1,2,192,192,2048,1,1nhs,1,0,1.0,3,128,65536,0,1,64/107/129,1024/1920/2688,0,0,2,1,0,1,1,128,128,192,4,0,0,0,0,2,0,0,1
19149096120489760,0x44080060081720,1,BSH,BF16,4,64,128,2,2,192,192,2048,1,bnss,1,0,0.9,3,128,0,0,1,,,0,0,2,0,1,1,1,128,128,192,4,0,0,0,0,2,0,0,1
19149096120489888,0x440800600817a0,1,TND,BF16,3,256,512,8,8,192,192,2048,1,slope,2,0,0.5,3,128,65536,3,1,128/128/384,512/512/640,0,0,2,1,1,1,1,128,128,192,4,0,0,0,0,2,0,0,1
19149096657359904,0x44080080081420,1,BSH,BF16,4,1024,512,2,2,256,256,2048,0,,1,0,1.0,3,128,0,0,1,,,0,0,2,0,0,0,1,128,128,256,4,0,0,0,0,2,0,0,1
19149096657360032,0x440800800814a0,1,TND,BF16,48,512,256,2,2,256,256,2048,0,,1,0,1.0,3,0,0,0,1,512/512/512/512/512/512/512/512/512/512/512/512/512/512/512/512/512/512/512/512/512/512/512/512/512/512/512/512/512/512/512/512/512/512/512/512/512/512/512/512/512/512/512/512/512/512/512/512,256/256/256/256/256/256/256/256/256/256/256/256/256/256/256/256/256/256/256/256/256/256/256/256/256/256/256/256/256/256/256/256/256/256/256/256/256/256/256/256/256/256/256/256/256/256/256/256,0,0,2,1,0,0,1,128,128,256,4,0,0,0,0,2,0,0,1
19149096657360160,0x44080080081520,1,BSH,BF16,4,512,512,2,2,256,256,2048,0,,1,0,0.9,3,128,0,0,1,,,0,0,2,0,1,0,1,128,128,256,4,0,0,0,0,2,0,0,1
19149096657360288,0x440800800815a0,1,TND,BF16,2,1024,128,2,2,256,256,2048,0,,1,0,0.5,3,1024,2048,3,1,1024/1536,128/128,0,0,2,1,1,0,1,128,128,256,4,0,0,0,0,2,0,0,1
19149096657360416,0x44080080081620,1,BSH,BF16,48,512,512,2,2,256,256,2048,1,bnss,1,0,1.0,3,0,0,0,1,,,0,0,2,0,0,1,1,128,128,256,4,0,0,0,0,2,0,0,1
19149096657360544,0x440800800816a0,1,TND,BF16,4,1024,512,2,2,256,256,2048,1,bnhs,1,0,1.0,3,128,0,0,1,1024/1024/1024/1024,512/512/512/512,0,0,2,1,0,1,1,128,128,256,4,0,0,0,0,2,0,0,1
19149096657360672,0x44080080081720,1,BSH,BF16,4,512,512,2,2,256,256,2048,1,slope,2,0,0.5,3,128,0,0,1,,,0,0,2,0,1,1,1,128,128,256,4,0,0,0,0,2,0,0,1
19149096657360800,0x440800800817a0,1,TND,BF16,4,1024,512,2,2,256,256,2048,1,bnhs,1,0,0.5,3,128,0,0,1,1024/1024/1024/1024,512/512/512/512,0,0,2,1,1,1,1,128,128,256,4,0,0,0,0,2,0,0,1
19149097194230816,0x440800a0081420,1,TND,BF16,1,256,256,1,2,320,320,11ss,0,,1,0,1.0,0,0,0,0,1,256,256,0,0,2,0,0,0,1,128,128,768,4,0,0,0,0,2,0,0,1
19149097194230944,0x440800a00814a0,1,TND,BF16,4,1024,1024,4,4,512,512,b1ss,0,,0,0,1.0,0,1024,512,0,1,64/320/1344/1408,1024/2048/2304/2560,0,0,2,1,0,0,1,128,128,768,4,0,0,0,0,2,0,0,1
19149097194231072,0x440800a0081520,1,BSND,BF16,2,1024,1024,2,2,512,512,2048,0,,1,0,0.9,3,128,0,0,1,,,0,0,2,0,1,0,1,128,128,768,4,0,0,0,0,2,0,0,1
19149097194231200,0x440800a00815a0,1,TND,BF16,2,512,256,2,2,768,768,2048,0,,1,0,0.9,3,128,0,0,1,512/512,256/256,0,0,2,1,1,0,1,128,128,768,4,0,0,0,0,2,0,0,1
19149097194231328,0x440800a0081620,1,BNSD,BF16,48,256,256,1,2,320,320,2048,1,bnss,1,0,1.0,3,128,0,0,1,,,0,0,2,0,0,1,1,128,128,768,4,0,0,0,0,2,0,0,1
19149097194231456,0x440800a00816a0,1,TND,BF16,4,1024,128,5,2,768,768,2048,1,1nhs,0,0,1.0,3,128,0,0,1,1024/1024/1024/1024,128/128/128/128,0,0,2,1,0,1,1,128,128,768,4,0,0,0,0,2,0,0,1
19149097194231584,0x440800a0081720,1,BSND,BF16,1,256,256,1,2,320,320,bnss,1,1nss,1,0,0.9,0,128,1024,0,1,,,0,0,2,0,1,1,1,128,128,768,4,0,0,0,0,2,0,0,1
19149097194231712,0x440800a00817a0,1,TND,BF16,2,128,128,40,2,320,320,b1ss,1,slope,2,0,0.5,0,65536,64,0,1,128/128,128/128,0,0,2,1,1,1,1,128,128,768,4,0,0,0,0,2,0,0,1
19179881372323872,0x44240020081020,1,BSH,BF16,4,512,128,8,1,64,64,none,0,,1,0,1.0,0,65536,65536,0,1,,,0,0,2,0,0,0,0,128,128,64,2,1,0,0,0,2,0,0,1
19179881372324000,0x442400200810a0,1,TND,BF16,24,512,512,8,1,64,64,none,0,,1,0,1.0,0,65536,65536,0,1,512/512/512/512/512/512/512/512/512/512/512/512/512/512/512/512/512/512/512/512/512/512/512/512,512/512/512/512/512/512/512/512/512/512/512/512/512/512/512/512/512/512/512/512/512/512/512/512,0,0,2,1,0,0,0,128,128,64,2,1,0,0,0,2,0,0,1
19179881372324004,0x442400200810a4,1,TND,BF16,32,2560,2560,2,1,64,64,none,0,,1,0,1.0,0,65536,65536,0,1,2048/4352/6912/8960/11264/13824/15872/18176/20736/22784/25088/27648/29696/32000/34560/36608/38912/41472/43520/45824/48384/50432/52736/55296/57344/59648/62208/64256/66560/69120/71168/73472,2048/4352/6912/8960/11264/13824/15872/18176/20736/22784/25088/27648/29696/32000/34560/36608/38912/41472/43520/45824/48384/50432/52736/55296/57344/59648/62208/64256/66560/69120/71168/73472,0,5,2,1,0,0,0,128,128,64,2,1,0,0,0,2,0,0,1
19179881372324128,0x44240020081120,1,BSH,BF16,24,512,1024,8,1,64,64,none,0,,1,0,0.5,0,65536,65536,0,1,,,0,0,2,0,1,0,0,128,128,64,2,1,0,0,0,2,0,0,1
19179881372324256,0x442400200811a0,1,TND,BF16,3,2048,2048,2,1,64,64,none,0,,1,0,0.5,4,65536,65536,0,1,1024/1792/3840,1024/1792/3840,0,0,2,1,1,0,0,128,128,64,2,1,0,0,0,2,0,0,1
19179881372324260,0x442400200811a4,1,TND,BF16,4,4096,4096,8,1,32,32,none,0,,1,0,0.9,0,0,65536,0,1,4096/8064/12160/16128,4096/8064/12160/16128,0,5,2,1,1,0,0,128,128,64,2,1,0,0,0,2,0,0,1
19179881372324384,0x44240020081220,1,BSH,BF16,24,512,1024,8,1,64,64,none,1,bnss,1,0,1.0,0,65536,65536,0,1,,,0,0,2,0,0,1,0,128,128,64,2,1,0,0,0,2,0,0,1
19179881372324512,0x442400200812a0,1,TND,BF16,3,2048,128,2,1,64,64,none,1,slope,2,0,1.0,0,65536,65536,0,1,1024/1920/3968,128/256/384,0,0,2,1,0,1,0,128,128,64,2,1,0,0,0,2,0,0,1
19179881372324516,0x442400200812a4,1,TND,BF16,3,2048,2048,40,1,32,32,none,1,slope,2,0,1.0,4,0,65536,0,1,1024/1792/3840,1024/1792/3840,0,5,2,1,0,1,0,128,128,64,2,1,0,0,0,2,0,0,1
19179881372324640,0x44240020081320,1,BSH,BF16,4,512,512,8,1,64,64,none,1,b1ss,1,0,0.9,0,65536,65536,0,1,,,0,0,2,0,1,1,0,128,128,64,2,1,0,0,0,2,0,0,1
19179881372324768,0x442400200813a0,1,TND,BF16,3,64,4096,2,1,64,64,none,1,slope,2,0,0.9,4,65536,65536,0,1,64/107/129,4096/8064/11904,0,0,2,1,1,1,0,128,128,64,2,1,0,0,0,2,0,0,1
19179881372324772,0x442400200813a4,1,TND,BF16,3,2048,2048,40,1,64,64,none,1,slope,2,0,0.9,3,65536,65536,2,1,1024/1792/3840,1024/1792/3840,0,5,2,1,1,1,0,128,128,64,2,1,0,0,0,2,0,0,1
19179881372324896,0x44240020081420,1,BSH,BF16,24,512,1024,8,1,64,64,ss,0,,1,0,1.0,0,65536,65536,0,1,,,0,0,2,0,0,0,1,128,128,64,2,1,0,0,0,2,0,0,1
19179881372325024,0x442400200814a0,1,TND,BF16,24,512,512,8,1,64,64,ss,0,,1,0,1.0,0,65536,65536,0,1,512/512/512/512/512/512/512/512/512/512/512/512/512/512/512/512/512/512/512/512/512/512/512/512,512/512/512/512/512/512/512/512/512/512/512/512/512/512/512/512/512/512/512/512/512/512/512/512,0,0,2,1,0,0,1,128,128,64,2,1,0,0,0,2,0,0,1
19179881372325028,0x442400200814a4,1,TND,BF16,32,2560,2560,2,1,1,1,ss,0,,1,0,1.0,0,65536,65536,2,1,2048/4352/6912/8960/11264/13824/15872/18176/20736/22784/25088/27648/29696/32000/34560/36608/38912/41472/43520/45824/48384/50432/52736/55296/57344/59648/62208/64256/66560/69120/71168/73472,2048/4352/6912/8960/11264/13824/15872/18176/20736/22784/25088/27648/29696/32000/34560/36608/38912/41472/43520/45824/48384/50432/52736/55296/57344/59648/62208/64256/66560/69120/71168/73472,0,5,2,1,0,0,1,128,128,64,2,1,0,0,0,2,0,0,1
19179881372325152,0x44240020081520,1,BSH,BF16,4,512,512,8,1,64,64,2048,0,,1,0,0.9,4,1024,1024,0,1,,,0,0,2,0,1,0,1,128,128,64,2,1,0,0,0,2,0,0,1
19179881372325280,0x442400200815a0,1,TND,BF16,3,2048,2048,2,1,64,64,2048,0,,1,0,0.9,4,65536,65536,0,1,1024/1792/3840,1024/1792/3840,0,0,2,1,1,0,1,128,128,64,2,1,0,0,0,2,0,0,1
19179881372325284,0x442400200815a4,1,TND,BF16,32,2560,2560,2,1,64,64,ss,0,,1,0,0.5,0,65536,65536,0,1,2048/4352/6912/8960/11264/13824/15872/18176/20736/22784/25088/27648/29696/32000/34560/36608/38912/41472/43520/45824/48384/50432/52736/55296/57344/59648/62208/64256/66560/69120/71168/73472,2048/4352/6912/8960/11264/13824/15872/18176/20736/22784/25088/27648/29696/32000/34560/36608/38912/41472/43520/45824/48384/50432/52736/55296/57344/59648/62208/64256/66560/69120/71168/73472,0,5,2,1,1,0,1,128,128,64,2,1,0,0,0,2,0,0,1
19179881372325408,0x44240020081620,1,SBH,BF16,1,256,256,1,1,64,64,ss,1,b1ss,1,0,1.0,0,65536,65536,0,1,,,0,0,2,0,0,1,1,128,128,64,2,1,0,0,0,2,0,0,1
19179881372325536,0x442400200816a0,1,TND,BF16,3,2048,2048,2,1,64,64,b1ss,1,slope,2,0,1.0,4,65536,65536,0,1,1024/1792/3840,1024/1792/3840,0,0,2,1,0,1,1,128,128,64,2,1,0,0,0,2,0,0,1
19179881372325540,0x442400200816a4,1,TND,BF16,32,2048,2048,2,1,32,32,2048,1,slope_n,3,0,1.0,4,65536,65536,2,1,2048/3968/6016/7936/9984/11904/13952/15872/17920/19840/21888/23808/25856/27776/29824/31744/33792/35712/37760/39680/41728/43648/45696/47616/49664/51584/53632/55552/57600/59520/61568/63488,2048/3968/6016/7936/9984/11904/13952/15872/17920/19840/21888/23808/25856/27776/29824/31744/33792/35712/37760/39680/41728/43648/45696/47616/49664/51584/53632/55552/57600/59520/61568/63488,0,5,2,1,0,1,1,128,128,64,2,1,0,0,0,2,0,0,1
19179881372325664,0x44240020081720,1,SBH,BF16,1,256,256,1,1,64,64,ss,1,1nss,1,0,0.9,0,65536,65536,0,1,,,0,0,2,0,1,1,1,128,128,64,2,1,0,0,0,2,0,0,1
19179881372325792,0x442400200817a0,1,TND,BF16,16,1024,1024,16,1,16,16,11ss,1,slope,2,0,0.5,0,2048,65536,3,1,0/1024/1088/1152/1664/1920/2944/3456/3584/3584/3840/3968/4224/4288/4800/5312,1024/1024/1024/2048/2560/2624/2880/3904/4160/4288/4288/4288/4352/4416/4416/4416,0,0,2,1,1,1,1,128,128,64,2,1,0,0,0,2,0,0,1
19179881372325796,0x442400200817a4,1,TND,BF16,32,2048,2048,2,1,64,64,2048,1,slope_n,3,0,0.5,4,65536,65536,0,1,2048/3968/6016/7936/9984/11904/13952/15872/17920/19840/21888/23808/25856/27776/29824/31744/33792/35712/37760/39680/41728/43648/45696/47616/49664/51584/53632/55552/57600/59520/61568/63488,2048/3968/6016/7936/9984/11904/13952/15872/17920/19840/21888/23808/25856/27776/29824/31744/33792/35712/37760/39680/41728/43648/45696/47616/49664/51584/53632/55552/57600/59520/61568/63488,0,5,2,1,1,1,1,128,128,64,2,1,0,0,0,2,0,0,1
19179881909194784,0x44240040081020,1,BSND,BF16,2,4096,4096,8,1,72,72,none,0,,1,0,1.0,2,65536,65536,0,1,,,0,0,2,0,0,0,0,128,128,128,2,1,0,0,0,2,0,0,1
19179881909194912,0x442400400810a0,1,TND,BF16,3,2048,2048,2,1,128,128,none,0,,1,0,1.0,4,65536,65536,0,1,1024/1792/3840,1024/1792/3840,0,0,2,1,0,0,0,128,128,128,2,1,0,0,0,2,0,0,1
19179881909194916,0x442400400810a4,1,TND,BF16,32,2560,2560,2,1,128,128,none,0,,1,0,1.0,0,65536,65536,0,1,2048/4352/6912/8960/11264/13824/15872/18176/20736/22784/25088/27648/29696/32000/34560/36608/38912/41472/43520/45824/48384/50432/52736/55296/57344/59648/62208/64256/66560/69120/71168/73472,2048/4352/6912/8960/11264/13824/15872/18176/20736/22784/25088/27648/29696/32000/34560/36608/38912/41472/43520/45824/48384/50432/52736/55296/57344/59648/62208/64256/66560/69120/71168/73472,0,5,2,1,0,0,0,128,128,128,2,1,0,0,0,2,0,0,1
19179881909195040,0x44240040081120,1,TND,BF16,3,1024,256,2,1,128,128,none,0,,1,0,0.9,0,65536,65536,0,1,1024/2048/3072,256/512/768,0,0,2,0,1,0,0,128,128,128,2,1,0,0,0,2,0,0,1
19179881909195168,0x442400400811a0,1,TND,BF16,3,2048,2048,2,1,128,128,none,0,,1,0,0.9,4,65536,65536,0,1,1024/1792/3840,1024/1792/3840,0,0,2,1,1,0,0,128,128,128,2,1,0,0,0,2,0,0,1
19179881909195172,0x442400400811a4,1,TND,BF16,4,4096,4096,8,1,128,128,none,0,,1,0,0.9,3,128,0,0,1,4096/8064/12160/16128,4096/8064/12160/16128,0,5,2,1,1,0,0,128,128,128,2,1,0,0,0,2,0,0,1
19179881909195296,0x44240040081220,1,BNSD,BF16,1,256,32,1,1,128,128,none,1,b1ss,1,0,1.0,0,65536,65536,0,1,,,0,0,2,0,0,1,0,128,128,128,2,1,0,0,0,2,0,0,1
19179881909195424,0x442400400812a0,1,TND,BF16,3,512,1024,2,1,128,128,none,1,slope,2,0,1.0,0,65536,65536,0,1,512/896/1152,1024/1920/2688,0,0,2,1,0,1,0,128,128,128,2,1,0,0,0,2,0,0,1
19179881909195428,0x442400400812a4,1,TND,BF16,3,2048,2048,40,1,128,128,none,1,slope,2,0,1.0,4,0,65536,0,1,1024/1792/3840,1024/1792/3840,0,5,2,1,0,1,0,128,128,128,2,1,0,0,0,2,0,0,1
19179881909195552,0x44240040081320,1,BSND,BF16,2,4096,4096,8,1,72,72,none,1,slope_n,3,0,0.5,2,65536,65536,0,1,,,0,0,2,0,1,1,0,128,128,128,2,1,0,0,0,2,0,0,1
19179881909195680,0x442400400813a0,1,TND,BF16,3,256,64,2,1,128,128,none,1,slope,2,0,0.9,4,65536,65536,0,1,256/427/513,64/107/129,0,0,2,1,1,1,0,128,128,128,2,1,0,0,0,2,0,0,1
19179881909195684,0x442400400813a4,1,TND,BF16,3,2048,2048,40,1,128,128,none,1,slope,2,0,0.9,4,65536,65536,0,1,1024/1792/3840,1024/1792/3840,0,5,2,1,1,1,0,128,128,128,2,1,0,0,0,2,0,0,1
19179881909195808,0x44240040081420,1,BNSD,BF16,2,256,256,1,1,128,128,2048,0,,1,0,1.0,4,65536,65536,0,1,,,0,0,2,0,0,0,1,128,128,128,2,1,0,0,0,2,0,0,1
19179881909195936,0x442400400814a0,1,TND,BF16,3,2048,2048,2,1,128,128,11ss,0,,1,0,1.0,4,65536,65536,0,1,1024/1792/3840,1024/1792/3840,0,0,2,1,0,0,1,128,128,128,2,1,0,0,0,2,0,0,1
19179881909195940,0x442400400814a4,1,TND,BF16,32,1024,256,2,1,128,128,2048,0,,1,0,1.0,1,128,128,0,1,1024/1920/2688/3712/4608/5376/6400/7296/8064/9088/9984/10752/11776/12672/13440/14464/15360/16128/17152/18048/18816/19840/20736/21504/22528/23424/24192/25216/26112/26880/27904/28800,256/427/513/769/940/1026/1282/1453/1539/1795/1966/2052/2308/2479/2565/2821/2992/3078/3334/3505/3591/3847/4018/4104/4360/4531/4617/4873/5044/5130/5386/5557,0,5,2,1,0,0,1,128,128,128,2,1,0,0,0,2,0,0,1
19179881909196064,0x44240040081520,1,BNSD,BF16,2,256,256,1,1,128,128,2048,0,,1,0,0.5,4,65536,65536,0,1,,,0,0,2,0,1,0,1,128,128,128,2,1,0,0,0,2,0,0,1
19179881909196192,0x442400400815a0,1,TND,BF16,3,2048,2048,2,1,128,128,11ss,0,,1,0,0.5,4,65536,65536,0,1,1024/1792/3840,1024/1792/3840,0,0,2,1,1,0,1,128,128,128,2,1,0,0,0,2,0,0,1
19179881909196196,0x442400400815a4,1,TND,BF16,32,1024,256,2,1,128,128,2048,0,,1,0,0.5,1,128,128,0,1,1024/1920/2688/3712/4608/5376/6400/7296/8064/9088/9984/10752/11776/12672/13440/14464/15360/16128/17152/18048/18816/19840/20736/21504/22528/23424/24192/25216/26112/26880/27904/28800,256/427/513/769/940/1026/1282/1453/1539/1795/1966/2052/2308/2479/2565/2821/2992/3078/3334/3505/3591/3847/4018/4104/4360/4531/4617/4873/5044/5130/5386/5557,0,5,2,1,1,0,1,128,128,128,2,1,0,0,0,2,0,0,1
19179881909196320,0x44240040081620,1,BSND,BF16,2,1024,1024,2,1,128,128,b1ss,1,bnhs,1,0,1.0,1,65536,65536,0,1,,,0,0,2,0,0,1,1,128,128,128,2,1,0,0,0,2,0,0,1
19179881909196448,0x442400400816a0,1,TND,BF16,3,4096,128,2,1,128,128,ss,1,slope,2,0,1.0,0,65536,65536,0,1,4096/8064/12160,128/256/384,0,0,2,1,0,1,1,128,128,128,2,1,0,0,0,2,0,0,1
19179881909196452,0x442400400816a4,1,TND,BF16,32,2048,2048,2,1,128,128,2048,1,slope_n,3,0,1.0,4,65536,65536,0,1,2048/3968/6016/7936/9984/11904/13952/15872/17920/19840/21888/23808/25856/27776/29824/31744/33792/35712/37760/39680/41728/43648/45696/47616/49664/51584/53632/55552/57600/59520/61568/63488,2048/3968/6016/7936/9984/11904/13952/15872/17920/19840/21888/23808/25856/27776/29824/31744/33792/35712/37760/39680/41728/43648/45696/47616/49664/51584/53632/55552/57600/59520/61568/63488,0,5,2,1,0,1,1,128,128,128,2,1,0,0,0,2,0,0,1
19179881909196576,0x44240040081720,1,SBH,BF16,1,128,256,1,1,128,128,ss,1,1nss,1,0,0.9,0,65536,65536,0,1,,,0,0,2,0,1,1,1,128,128,128,2,1,0,0,0,2,0,0,1
19179881909196704,0x442400400817a0,1,TND,BF16,3,512,1024,1,1,72,72,b1ss,1,slope,2,0,0.5,1,256,1024,2,1,512/1024/1024,64/320/1344,0,0,2,1,1,1,1,128,128,128,2,1,0,0,0,2,0,0,1
19179881909196708,0x442400400817a4,1,TND,BF16,32,2048,2048,2,1,96,96,2048,1,slope_n,3,0,0.5,4,65536,65536,0,1,2048/3968/6016/7936/9984/11904/13952/15872/17920/19840/21888/23808/25856/27776/29824/31744/33792/35712/37760/39680/41728/43648/45696/47616/49664/51584/53632/55552/57600/59520/61568/63488,2048/3968/6016/7936/9984/11904/13952/15872/17920/19840/21888/23808/25856/27776/29824/31744/33792/35712/37760/39680/41728/43648/45696/47616/49664/51584/53632/55552/57600/59520/61568/63488,0,5,2,1,1,1,1,128,128,128,2,1,0,0,0,2,0,0,1
19179882446065696,0x44240060081020,1,BNSD,BF16,1,256,256,1,1,192,192,none,0,,1,0,1.0,0,65536,65536,0,1,,,0,0,2,0,0,0,0,128,128,192,2,1,0,0,0,2,0,0,1
19179882446065824,0x442400600810a0,1,TND,BF16,3,1024,2048,2,1,192,192,none,0,,1,0,1.0,0,65536,65536,0,1,1024/1792/1792,1024/1920/3968,0,0,2,1,0,0,0,128,128,192,2,1,0,0,0,2,0,0,1
19179882446065828,0x442400600810a4,1,TND,BF16,32,2560,2560,2,1,192,192,none,0,,1,0,1.0,0,65536,65536,1,1,2048/4352/6912/8960/11264/13824/15872/18176/20736/22784/25088/27648/29696/32000/34560/36608/38912/41472/43520/45824/48384/50432/52736/55296/57344/59648/62208/64256/66560/69120/71168/73472,2048/4352/6912/8960/11264/13824/15872/18176/20736/22784/25088/27648/29696/32000/34560/36608/38912/41472/43520/45824/48384/50432/52736/55296/57344/59648/62208/64256/66560/69120/71168/73472,0,5,2,1,0,0,0,128,128,192,2,1,0,0,0,2,0,0,1
19179882446065952,0x44240060081120,1,BNSD,BF16,1,256,256,1,1,192,192,none,0,,1,0,0.9,0,65536,65536,0,1,,,0,0,2,0,1,0,0,128,128,192,2,1,0,0,0,2,0,0,1
19179882446066080,0x442400600811a0,1,TND,BF16,32,10240,128,2,1,144,144,none,0,,1,0,0.5,0,65536,65536,0,1,8192/17408/27648/35840/45056/55296/63488/72704/82944/91136/100352/110592/118784/128000/138240/146432/155648/165888/174080/183296/193536/201728/210944/221184/229376/238592/248832/257024/266240/276480/284672/293888,128/256/384/512/640/768/896/1024/1152/1280/1408/1536/1664/1792/1920/2048/2176/2304/2432/2560/2688/2816/2944/3072/3200/3328/3456/3584/3712/3840/3968/4096,0,0,2,1,1,0,0,128,128,192,2,1,0,0,0,2,0,0,1
19179882446066208,0x44240060081220,1,BNSD,BF16,1,256,256,4,1,192,192,none,1,b1ss,1,0,1.0,0,65536,65536,0,1,,,0,0,2,0,0,1,0,128,128,192,2,1,0,0,0,2,0,0,1
19179882446066336,0x442400600812a0,1,TND,BF16,2,2048,128,2,1,192,192,none,1,slope_n,2,0,1.0,0,65536,65536,0,1,1024/3072,128/256,0,0,2,1,0,1,0,128,128,192,2,1,0,0,0,2,0,0,1
19179882446066340,0x442400600812a4,1,TND,BF16,3,2048,2048,40,1,192,192,none,1,slope,2,0,1.0,4,0,65536,0,1,1024/1792/3840,1024/1792/3840,0,5,2,1,0,1,0,128,128,192,2,1,0,0,0,2,0,0,1
19179882446066464,0x44240060081320,1,BSND,BF16,2,512,1024,2,1,192,192,none,1,bnss,1,0,0.5,0,65536,65536,0,1,,,0,0,2,0,1,1,0,128,128,192,2,1,0,0,0,2,0,0,1
19179882446066592,0x442400600813a0,1,TND,BF16,2,128,128,2,1,192,192,none,1,slope,2,0,0.9,0,65536,65536,0,1,128/128,128/128,0,0,2,1,1,1,0,128,128,192,2,1,0,0,0,2,0,0,1
19179882446066720,0x44240060081420,1,SBH,BF16,1,256,256,1,1,192,192,11ss,0,,1,0,1.0,0,65536,65536,0,1,,,0,0,2,0,0,0,1,128,128,192,2,1,0,0,0,2,0,0,1
19179882446066848,0x442400600814a0,1,TND,BF16,3,4096,128,2,1,192,192,ss,0,,2,0,1.0,0,65536,65536,0,1,4096/8064/12160,128/256/384,0,0,2,1,0,0,1,128,128,192,2,1,0,0,0,2,0,0,1
19179882446066852,0x442400600814a4,1,TND,BF16,32,2048,2048,2,1,192,192,2048,0,,1,0,1.0,1,65536,128,0,1,2048/3968/6016/7936/9984/11904/13952/15872/17920/19840/21888/23808/25856/27776/29824/31744/33792/35712/37760/39680/41728/43648/45696/47616/49664/51584/53632/55552/57600/59520/61568/63488,2048/3968/6016/7936/9984/11904/13952/15872/17920/19840/21888/23808/25856/27776/29824/31744/33792/35712/37760/39680/41728/43648/45696/47616/49664/51584/53632/55552/57600/59520/61568/63488,0,5,2,1,0,0,1,128,128,192,2,1,0,0,0,2,0,0,1
19179882446066976,0x44240060081520,1,BNSD,BF16,1,4096,2048,1,1,192,192,2048,0,,1,0,0.9,4,65536,65536,0,1,,,0,0,2,0,1,0,1,128,128,192,2,1,0,0,0,2,0,0,1
19179882446067104,0x442400600815a0,1,TND,BF16,3,2048,2048,2,1,192,192,11ss,0,,1,0,0.9,4,65536,65536,0,1,1024/1792/3840,1024/1792/3840,0,0,2,1,1,0,1,128,128,192,2,1,0,0,0,2,0,0,1
19179882446067232,0x44240060081620,1,SBH,BF16,1,256,256,1,1,192,192,11ss,1,b1ss,0,0,1.0,0,65536,65536,0,1,,,0,0,2,0,0,1,1,128,128,192,2,1,0,0,0,2,0,0,1
19179882446067360,0x442400600816a0,1,TND,BF16,16,1024,1024,16,1,144,144,2048,1,slope,3,0,1.0,1,1,1024,0,1,512/512/1536/1664/1664/2688/2688/2816/3328/4352/4352/4608/4672/5696/5760/6272,1024/2048/2560/2688/3200/3712/3840/4096/4608/4672/5184/5440/5440/5696/5952/6080,0,0,2,1,0,1,1,128,128,192,2,1,0,0,0,2,0,0,1
19179882446067364,0x442400600816a4,1,TND,BF16,32,2048,2048,2,1,144,144,2048,1,slope_n,3,0,1.0,4,65536,65536,0,1,2048/3968/6016/7936/9984/11904/13952/15872/17920/19840/21888/23808/25856/27776/29824/31744/33792/35712/37760/39680/41728/43648/45696/47616/49664/51584/53632/55552/57600/59520/61568/63488,2048/3968/6016/7936/9984/11904/13952/15872/17920/19840/21888/23808/25856/27776/29824/31744/33792/35712/37760/39680/41728/43648/45696/47616/49664/51584/53632/55552/57600/59520/61568/63488,0,5,2,1,0,1,1,128,128,192,2,1,0,0,0,2,0,0,1
19179882446067488,0x44240060081720,1,BSND,BF16,2,1024,1024,2,1,192,192,ss,1,bnhs,1,0,0.5,1,65536,65536,0,1,,,0,0,2,0,1,1,1,128,128,192,2,1,0,0,0,2,0,0,1
19179882446067616,0x442400600817a0,1,TND,BF16,2,128,128,2,1,192,192,ss,1,slope,2,0,0.9,0,65536,65536,0,1,128/128,128/128,0,0,2,1,1,1,1,128,128,192,2,1,0,0,0,2,0,0,1
19179882982936608,0x44240080081020,1,BNSD,BF16,1,256,256,1,1,256,256,none,0,,1,0,1.0,0,65536,65536,0,1,,,0,0,2,0,0,0,0,128,128,256,2,1,0,0,0,2,0,0,1
19179882982936736,0x442400800810a0,1,TND,BF16,3,2048,2048,2,1,256,256,none,0,,1,0,1.0,4,65536,65536,0,1,1024/1792/3840,1024/1792/3840,0,0,2,1,0,0,0,128,128,256,2,1,0,0,0,2,0,0,1
19179882982936740,0x442400800810a4,1,TND,BF16,32,2560,2560,4,1,256,256,none,0,,1,0,1.0,0,65536,65536,0,1,2048/4352/6912/8960/11264/13824/15872/18176/20736/22784/25088/27648/29696/32000/34560/36608/38912/41472/43520/45824/48384/50432/52736/55296/57344/59648/62208/64256/66560/69120/71168/73472,2048/4352/6912/8960/11264/13824/15872/18176/20736/22784/25088/27648/29696/32000/34560/36608/38912/41472/43520/45824/48384/50432/52736/55296/57344/59648/62208/64256/66560/69120/71168/73472,0,5,2,1,0,0,0,128,128,256,2,1,0,0,0,2,0,0,1
19179882982936864,0x44240080081120,1,BNSD,BF16,1,256,256,1,1,256,256,none,0,,1,0,0.9,0,65536,65536,0,1,,,0,0,2,0,1,0,0,128,128,256,2,1,0,0,0,2,0,0,1
19179882982936992,0x442400800811a0,1,TND,BF16,3,3072,8192,2,1,256,256,none,0,,1,0,0.5,4,65536,65536,0,1,1024/1792/4864,4096/7168/15360,0,0,2,1,1,0,0,128,128,256,2,1,0,0,0,2,0,0,1
19179882982937120,0x44240080081220,1,BNSD,BF16,1,256,256,1,1,256,256,none,1,1nss,0,0,1.0,3,128,128,0,1,,,0,0,2,0,0,1,0,128,128,256,2,1,0,0,0,2,0,0,1
19179882982937248,0x442400800812a0,1,TND,BF16,3,256,256,2,1,256,256,none,1,slope,2,0,1.0,2,65536,65536,0,1,256/384/384,256/384/384,0,0,2,1,0,1,0,128,128,256,2,1,0,0,0,2,0,0,1
19179882982937252,0x442400800812a4,1,TND,BF16,32,2048,2048,2,1,256,256,none,1,slope,3,0,1.0,4,65536,64,2,1,2048/3968/6016/7936/9984/11904/13952/15872/17920/19840/21888/23808/25856/27776/29824/31744/33792/35712/37760/39680/41728/43648/45696/47616/49664/51584/53632/55552/57600/59520/61568/63488,2048/3968/6016/7936/9984/11904/13952/15872/17920/19840/21888/23808/25856/27776/29824/31744/33792/35712/37760/39680/41728/43648/45696/47616/49664/51584/53632/55552/57600/59520/61568/63488,0,5,2,1,0,1,0,128,128,256,2,1,0,0,0,2,0,0,1
19179882982937376,0x44240080081320,1,BNSD,BF16,1,256,256,1,1,256,256,none,1,1nss,0,0,0.5,3,128,128,0,1,,,0,0,2,0,1,1,0,128,128,256,2,1,0,0,0,2,0,0,1
19179882982937504,0x442400800813a0,1,TND,BF16,3,64,4096,2,1,256,256,none,1,slope,2,0,0.9,4,65536,65536,0,1,64/107/129,4096/8064/11904,0,0,2,1,1,1,0,128,128,256,2,1,0,0,0,2,0,0,1
19179882982937632,0x44240080081420,1,BNSD,BF16,1,512,128,1,1,256,256,11ss,0,,1,0,1.0,0,65536,65536,0,1,,,0,0,2,0,0,0,1,128,128,256,2,1,0,0,0,2,0,0,1
19179882982937760,0x442400800814a0,1,TND,BF16,3,2048,2048,2,1,256,256,11ss,0,,1,0,1.0,4,65536,65536,0,1,1024/1792/3840,1024/1792/3840,0,0,2,1,0,0,1,128,128,256,2,1,0,0,0,2,0,0,1
19179882982937764,0x442400800814a4,1,TND,BF16,32,2560,2560,2,1,256,256,ss,0,,1,0,1.0,0,65536,65536,0,1,2048/4352/6912/8960/11264/13824/15872/18176/20736/22784/25088/27648/29696/32000/34560/36608/38912/41472/43520/45824/48384/50432/52736/55296/57344/59648/62208/64256/66560/69120/71168/73472,2048/4352/6912/8960/11264/13824/15872/18176/20736/22784/25088/27648/29696/32000/34560/36608/38912/41472/43520/45824/48384/50432/52736/55296/57344/59648/62208/64256/66560/69120/71168/73472,0,5,2,1,0,0,1,128,128,256,2,1,0,0,0,2,0,0,1
19179882982937888,0x44240080081520,1,BNSD,BF16,1,256,256,1,1,256,256,ss,0,,1,0,0.5,0,65536,65536,0,1,,,0,0,2,0,1,0,1,128,128,256,2,1,0,0,0,2,0,0,1
19179882982938016,0x442400800815a0,1,TND,BF16,3,2048,2048,2,1,256,256,2048,0,,1,0,0.9,0,65536,65536,0,1,1024/1792/3840,1024/1792/3840,0,0,2,1,1,0,1,128,128,256,2,1,0,0,0,2,0,0,1
19179882982938144,0x44240080081620,1,SBH,BF16,1,256,256,1,1,256,256,11ss,1,b1ss,0,0,1.0,0,65536,65536,0,1,,,0,0,2,0,0,1,1,128,128,256,2,1,0,0,0,2,0,0,1
19179882982938272,0x442400800816a0,1,TND,BF16,3,2048,2048,2,1,256,256,bnss,1,slope,2,0,1.0,4,65536,65536,3,1,1024/1792/3840,1024/1792/3840,0,0,2,1,0,1,1,128,128,256,2,1,0,0,0,2,0,0,1
19179882982938276,0x442400800816a4,1,TND,BF16,32,2048,2048,2,1,256,256,2048,1,slope_n,3,0,1.0,4,65536,65536,0,1,2048/3968/6016/7936/9984/11904/13952/15872/17920/19840/21888/23808/25856/27776/29824/31744/33792/35712/37760/39680/41728/43648/45696/47616/49664/51584/53632/55552/57600/59520/61568/63488,2048/3968/6016/7936/9984/11904/13952/15872/17920/19840/21888/23808/25856/27776/29824/31744/33792/35712/37760/39680/41728/43648/45696/47616/49664/51584/53632/55552/57600/59520/61568/63488,0,5,2,1,0,1,1,128,128,256,2,1,0,0,0,2,0,0,1
19179882982938400,0x44240080081720,1,SBH,BF16,1,128,256,1,1,256,256,ss,1,1nss,1,0,0.5,0,65536,65536,0,1,,,0,0,2,0,1,1,1,128,128,256,2,1,0,0,0,2,0,0,1
19179882982938528,0x442400800817a0,1,TND,BF16,3,2048,2048,2,1,256,256,bnss,1,slope,2,0,0.9,4,65536,65536,3,1,1024/1792/3840,1024/1792/3840,0,0,2,1,1,1,1,128,128,256,2,1,0,0,0,2,0,0,1
19179883519807520,0x442400a0081020,1,BSND,BF16,1,256,256,1,1,320,320,none,0,,1,0,1.0,0,65536,65536,0,1,,,0,0,2,0,0,0,0,128,128,768,2,1,0,0,0,2,0,0,1
19179883519807648,0x442400a00810a0,1,TND,BF16,3,2048,2048,2,1,320,320,none,0,,1,0,1.0,0,65536,65536,0,1,1024/1792/3840,1024/1792/3840,0,0,2,1,0,0,0,128,128,768,2,1,0,0,0,2,0,0,1
19179883519807652,0x442400a00810a4,1,TND,BF16,64,1024,1024,2,1,512,512,none,0,,1,0,1.0,0,65536,65536,0,1,512/1152/1920/2816/3840/4352/4992/5760/6656/7680/8192/8832/9600/10496/11520/12032/12672/13440/14336/15360/15872/16512/17280/18176/19200/19712/20352/21120/22016/23040/23552/24192/24960/25856/26880/27392/28032/28800/29696/30720/31232/31872/32640/33536/34560/35072/35712/36480/37376/38400/38912/39552/40320/41216/42240/42752/43392/44160/45056/46080/46592/47232/48000/48896,512/1152/1920/2816/3840/4352/4992/5760/6656/7680/8192/8832/9600/10496/11520/12032/12672/13440/14336/15360/15872/16512/17280/18176/19200/19712/20352/21120/22016/23040/23552/24192/24960/25856/26880/27392/28032/28800/29696/30720/31232/31872/32640/33536/34560/35072/35712/36480/37376/38400/38912/39552/40320/41216/42240/42752/43392/44160/45056/46080/46592/47232/48000/48896,0,5,2,1,0,0,0,128,128,768,2,1,0,0,0,2,0,0,1
19179883519807776,0x442400a0081120,1,TND,BF16,1,256,256,1,1,320,320,none,0,,1,0,0.9,0,65536,65536,0,1,256,256,0,0,2,0,1,0,0,128,128,768,2,1,0,0,0,2,0,0,1
19179883519807904,0x442400a00811a0,1,TND,BF16,4,64,128,2,1,320,320,none,0,,1,0,0.9,0,65536,65536,0,1,64/107/129/193,128/214/258/386,0,0,2,1,1,0,0,128,128,768,2,1,0,0,0,2,0,0,1
19179883519808032,0x442400a0081220,1,BSND,BF16,2,256,256,1,1,320,320,none,1,bnss,1,0,1.0,0,65536,65536,0,1,,,0,0,2,0,0,1,0,128,128,768,2,1,0,0,0,2,0,0,1
19179883519808160,0x442400a00812a0,1,TND,BF16,2,128,128,2,1,320,320,none,1,slope,2,0,1.0,0,65536,65536,0,1,128/128,128/128,0,0,2,1,0,1,0,128,128,768,2,1,0,0,0,2,0,0,1
19179883519808164,0x442400a00812a4,1,TND,BF16,32,2048,2048,2,1,512,512,none,1,slope_n,3,0,1.0,4,65536,65536,0,1,2048/3968/6016/7936/9984/11904/13952/15872/17920/19840/21888/23808/25856/27776/29824/31744/33792/35712/37760/39680/41728/43648/45696/47616/49664/51584/53632/55552/57600/59520/61568/63488,2048/3968/6016/7936/9984/11904/13952/15872/17920/19840/21888/23808/25856/27776/29824/31744/33792/35712/37760/39680/41728/43648/45696/47616/49664/51584/53632/55552/57600/59520/61568/63488,0,5,2,1,0,1,0,128,128,768,2,1,0,0,0,2,0,0,1
19179883519808288,0x442400a0081320,1,BNSD,BF16,1,256,256,1,1,320,320,none,1,1nss,1,0,0.9,0,65536,65536,0,1,,,0,0,2,0,1,1,0,128,128,768,2,1,0,0,0,2,0,0,1
19179883519808416,0x442400a00813a0,1,TND,BF16,2,128,128,2,1,320,320,none,1,slope,2,0,0.5,0,65536,65536,0,1,128/128,128/128,0,0,2,1,1,1,0,128,128,768,2,1,0,0,0,2,0,0,1
19179883519808544,0x442400a0081420,1,BNSD,BF16,1,256,256,1,1,512,512,11ss,0,,1,0,1.0,0,65536,65536,0,1,,,0,0,2,0,0,0,1,128,128,768,2,1,0,0,0,2,0,0,1
19179883519808672,0x442400a00814a0,1,TND,BF16,3,2048,2048,2,1,512,512,2048,0,,1,0,1.0,0,65536,65536,0,1,1024/1792/3840,1024/1792/3840,0,0,2,1,0,0,1,128,128,768,2,1,0,0,0,2,0,0,1
19179883519808676,0x442400a00814a4,1,TND,BF16,64,1024,1024,2,1,512,512,2048,0,,1,0,1.0,0,65536,65536,0,1,512/1152/1920/2816/3840/4352/4992/5760/6656/7680/8192/8832/9600/10496/11520/12032/12672/13440/14336/15360/15872/16512/17280/18176/19200/19712/20352/21120/22016/23040/23552/24192/24960/25856/26880/27392/28032/28800/29696/30720/31232/31872/32640/33536/34560/35072/35712/36480/37376/38400/38912/39552/40320/41216/42240/42752/43392/44160/45056/46080/46592/47232/48000/48896,512/1152/1920/2816/3840/4352/4992/5760/6656/7680/8192/8832/9600/10496/11520/12032/12672/13440/14336/15360/15872/16512/17280/18176/19200/19712/20352/21120/22016/23040/23552/24192/24960/25856/26880/27392/28032/28800/29696/30720/31232/31872/32640/33536/34560/35072/35712/36480/37376/38400/38912/39552/40320/41216/42240/42752/43392/44160/45056/46080/46592/47232/48000/48896,0,5,2,1,0,0,1,128,128,768,2,1,0,0,0,2,0,0,1
19179883519808800,0x442400a0081520,1,BNSD,BF16,1,256,256,1,1,320,320,ss,0,,1,0,0.9,0,65536,65536,0,1,,,0,0,2,0,1,0,1,128,128,768,2,1,0,0,0,2,0,0,1
19179883519808928,0x442400a00815a0,1,TND,BF16,4,64,128,2,1,320,320,ss,0,,1,0,0.9,0,65536,65536,0,1,64/107/129/193,128/214/258/386,0,0,2,1,1,0,1,128,128,768,2,1,0,0,0,2,0,0,1
19179883519809056,0x442400a0081620,1,BSND,BF16,1,256,256,1,1,320,320,11ss,1,1nss,1,0,1.0,0,65536,65536,0,1,,,0,0,2,0,0,1,1,128,128,768,2,1,0,0,0,2,0,0,1
19179883519809184,0x442400a00816a0,1,TND,BF16,3,2048,2048,2,1,512,512,2048,1,slope,2,0,1.0,4,65536,65536,0,1,1024/1792/3840,1024/1792/3840,0,0,2,1,0,1,1,128,128,768,2,1,0,0,0,2,0,0,1
19179883519809188,0x442400a00816a4,1,TND,BF16,32,2048,2048,2,1,512,512,2048,1,slope_n,3,0,1.0,4,65536,65536,0,1,2048/3968/6016/7936/9984/11904/13952/15872/17920/19840/21888/23808/25856/27776/29824/31744/33792/35712/37760/39680/41728/43648/45696/47616/49664/51584/53632/55552/57600/59520/61568/63488,2048/3968/6016/7936/9984/11904/13952/15872/17920/19840/21888/23808/25856/27776/29824/31744/33792/35712/37760/39680/41728/43648/45696/47616/49664/51584/53632/55552/57600/59520/61568/63488,0,5,2,1,0,1,1,128,128,768,2,1,0,0,0,2,0,0,1
19179883519809312,0x442400a0081720,1,SBH,BF16,1,128,256,1,1,320,320,ss,1,1nss,1,0,0.5,0,65536,65536,0,1,,,0,0,2,0,1,1,1,128,128,768,2,1,0,0,0,2,0,0,1
19179883519809440,0x442400a00817a0,1,TND,BF16,2,128,128,2,1,320,320,ss,1,slope,2,0,0.5,0,65536,65536,0,1,128/128,128/128,0,0,2,1,1,1,1,128,128,768,2,1,0,0,0,2,0,0,1
19182080395580448,0x44260020081420,1,BSH,BF16,4,512,512,2,1,64,64,2048,0,,1,0,1.0,2,128,0,0,1,,,0,0,2,0,0,0,1,128,128,64,3,1,0,0,0,2,0,0,1
19182080395580576,0x442600200814a0,1,TND,BF16,8,2048,2048,2,1,64,64,2048,0,,1,0,1.0,2,128,0,0,1,2048/3968/6016/7936/9984/11904/13952/15872,2048/3968/6016/7936/9984/11904/13952/15872,0,0,2,1,0,0,1,128,128,64,3,1,0,0,0,2,0,0,1
19182080395580704,0x44260020081520,1,BSH,BF16,4,4096,2048,4,1,64,64,2048,0,,1,0,0.9,2,128,0,0,1,,,0,0,2,0,1,0,1,128,128,64,3,1,0,0,0,2,0,0,1
19182080395580832,0x442600200815a0,1,TND,BF16,8,2048,2048,2,1,64,64,2048,0,,1,0,0.5,2,128,0,0,1,2048/3968/6016/7936/9984/11904/13952/15872,2048/3968/6016/7936/9984/11904/13952/15872,0,0,2,1,1,0,1,128,128,64,3,1,0,0,0,2,0,0,1
19182080395580960,0x44260020081620,1,BSH,BF16,2,512,512,4,1,64,64,2048,1,bnss,1,0,1.0,2,128,0,0,1,,,0,0,2,0,0,1,1,128,128,64,3,1,0,0,0,2,0,0,1
19182080395581088,0x442600200816a0,1,TND,BF16,8,4096,128,2,1,64,64,2048,1,bnhs,1,0,1.0,2,128,0,0,1,4096/8064/12160/16128/17152/17408/17472/17984,128/256/384/512/640/768/896/1024,0,0,2,1,0,1,1,128,128,64,3,1,0,0,0,2,0,0,1
19182080395581216,0x44260020081720,1,BSH,BF16,8,512,512,4,1,64,64,2048,1,bnss,1,0,0.9,2,128,0,0,1,,,0,0,2,0,1,1,1,128,128,64,3,1,0,0,0,2,0,0,1
19182080395581344,0x442600200817a0,1,TND,BF16,32,2048,128,2,1,64,64,2048,1,bnhs,1,0,0.9,2,128,0,0,1,2048/3968/6016/7936/9984/11904/13952/15872/17920/19840/21888/23808/23808/25728/27776/29696/31744/33664/35712/37632/39680/41600/43648/45568/47616/49536/51584/53504/55552/57472/59520/61440,128/256/384/512/640/768/896/1024/1152/1280/1408/1536/1664/1792/1920/2048/2176/2304/2432/2560/2688/2816/2944/3072/3200/3328/3456/3584/3712/3840/3968/4096,0,0,2,1,1,1,1,128,128,64,3,1,0,0,0,2,0,0,1
19182080932451360,0x44260040081420,1,BNSD,BF16,1,128,256,1,1,128,128,2048,0,,1,0,1.0,2,128,0,0,1,,,0,0,2,0,0,0,1,128,128,128,3,1,0,0,0,2,0,0,1
19182080932451488,0x442600400814a0,1,TND,BF16,3,1024,512,2,1,128,128,2048,0,,1,0,1.0,2,128,0,0,1,1024/1920/2688,512/896/1152,0,0,2,1,0,0,1,128,128,128,3,1,0,0,0,2,0,0,1
19182080932451616,0x44260040081520,1,SBH,BF16,1,256,256,1,1,128,128,2048,0,,1,0,0.9,2,128,0,0,1,,,0,0,2,0,1,0,1,128,128,128,3,1,0,0,0,2,0,0,1
19182080932451744,0x442600400815a0,1,TND,BF16,3,1024,4096,2,1,128,128,2048,0,,1,0,0.9,2,128,0,0,1,1024/1920/2688,4096/8064/11904,0,0,2,1,1,0,1,128,128,128,3,1,0,0,0,2,0,0,1
19182080932451872,0x44260040081620,1,BNSD,BF16,8,256,256,1,1,128,128,2048,1,bnss,1,0,1.0,2,128,0,0,1,,,0,0,2,0,0,1,1,128,128,128,3,1,0,0,0,2,0,0,1
19182080932452000,0x442600400816a0,1,TND,BF16,4,4992,128,2,1,128,128,2048,1,bnhs,1,0,1.0,2,128,0,0,1,4096/8064/12160/17152,128/256/384/512,0,0,2,1,0,1,1,128,128,128,3,1,0,0,0,2,0,0,1
19182080932452128,0x44260040081720,1,SBH,BF16,1,256,256,1,1,128,128,2048,1,1nss,1,0,0.9,2,128,0,0,1,,,0,0,2,0,1,1,1,128,128,128,3,1,0,0,0,2,0,0,1
19182080932452256,0x442600400817a0,1,TND,BF16,32,2048,128,2,1,128,128,2048,1,bnhs,1,0,0.9,2,128,0,0,1,2048/3968/6016/7936/9984/11904/13952/15872/17920/19840/21888/23808/23808/25728/27776/29696/31744/33664/35712/37632/39680/41600/43648/45568/47616/49536/51584/53504/55552/57472/59520/61440,128/256/384/512/640/768/896/1024/1152/1280/1408/1536/1664/1792/1920/2048/2176/2304/2432/2560/2688/2816/2944/3072/3200/3328/3456/3584/3712/3840/3968/4096,0,0,2,1,1,1,1,128,128,128,3,1,0,0,0,2,0,0,1
19182081469322272,0x44260060081420,1,SBH,BF16,1,256,256,1,1,192,192,2048,0,,1,0,1.0,2,128,0,0,1,,,0,0,2,0,0,0,1,128,128,192,3,1,0,0,0,2,0,0,1
19182081469322400,0x442600600814a0,1,TND,BF16,24,256,128,1,1,192,192,2048,0,,1,0,1.0,2,128,0,0,1,256/256/256/256/256/256/256/256/256/256/256/256/256/256/256/256/256/256/256/256/256/256/256/256,128/128/128/128/128/128/128/128/128/128/128/128/128/128/128/128/128/128/128/128/128/128/128/128,0,0,2,1,0,0,1,128,128,192,3,1,0,0,0,2,0,0,1
19182081469322528,0x44260060081520,1,BNSD,BF16,2,256,256,1,1,192,192,2048,0,,1,0,0.9,2,128,0,0,1,,,0,0,2,0,1,0,1,128,128,192,3,1,0,0,0,2,0,0,1
19182081469322656,0x442600600815a0,1,TND,BF16,3,2048,2048,2,1,192,192,11ss,0,,1,0,0.5,2,128,65536,0,1,1024/1792/3840,1024/1792/3840,0,0,2,1,1,0,1,128,128,192,3,1,0,0,0,2,0,0,1
19182081469322784,0x44260060081620,1,BNSD,BF16,1,4096,512,1,1,192,192,2048,1,1nss,1,0,1.0,2,128,0,0,1,,,0,0,2,0,0,1,1,128,128,192,3,1,0,0,0,2,0,0,1
19182081469322912,0x442600600816a0,1,TND,BF16,4,4096,4096,2,1,192,192,2048,1,bnhs,1,0,1.0,2,128,0,0,1,4096/8064/12160/16128,4096/8064/12160/16128,0,0,2,1,0,1,1,128,128,192,3,1,0,0,0,2,0,0,1
19182081469323040,0x44260060081720,1,SBH,BF16,1,2048,256,1,1,192,192,2048,1,1nss,1,0,0.9,2,128,0,0,1,,,0,0,2,0,1,1,1,128,128,192,3,1,0,0,0,2,0,0,1
19182081469323168,0x442600600817a0,1,TND,BF16,4,5120,4992,2,1,192,192,2048,1,1nhs,1,0,0.9,2,128,0,0,1,5120/9088/13184/17152,4096/8064/12160/17152,0,0,2,1,1,1,1,128,128,192,3,1,0,0,0,2,0,0,1
19182082006193184,0x44260080081420,1,BSH,BF16,4,512,512,2,1,256,256,2048,0,,1,0,1.0,2,128,0,0,1,,,0,0,2,0,0,0,1,128,128,256,3,1,0,0,0,2,0,0,1
19182082006193312,0x442600800814a0,1,TND,BF16,3,2048,2048,2,1,256,256,11ss,0,,1,0,1.0,2,128,128,0,1,1024/1792/3840,1024/1792/3840,0,0,2,1,0,0,1,128,128,256,3,1,0,0,0,2,0,0,1
19182082006193440,0x44260080081520,1,BSH,BF16,4,512,512,4,1,256,256,2048,0,,1,0,0.5,2,128,0,0,1,,,0,0,2,0,1,0,1,128,128,256,3,1,0,0,0,2,0,0,1
19182082006193568,0x442600800815a0,1,TND,BF16,3,2048,2048,2,1,256,256,2048,0,,1,0,0.9,2,65536,65536,0,1,1024/1792/3840,1024/1792/3840,0,0,2,1,1,0,1,128,128,256,3,1,0,0,0,2,0,0,1
19182082006193696,0x44260080081620,1,BNSD,BF16,3,512,1024,1,1,256,256,2048,1,1nss,1,0,1.0,2,128,0,0,1,,,0,0,2,0,0,1,1,128,128,256,3,1,0,0,0,2,0,0,1
19182082006193824,0x442600800816a0,1,TND,BF16,8,4096,128,2,1,256,256,2048,1,bnhs,1,0,1.0,2,128,0,0,1,4096/8064/12160/16128/17152/17408/17472/17984,128/256/384/512/640/768/896/1024,0,0,2,1,0,1,1,128,128,256,3,1,0,0,0,2,0,0,1
19182082006193952,0x44260080081720,1,TND,BF16,8,4096,128,2,1,256,256,2048,1,bnhs,1,0,0.5,2,128,0,0,1,4096/8192/12288/16384/20480/24576/28672/32768,128/256/384/512/640/768/896/1024,0,0,2,0,1,1,1,128,128,256,3,1,0,0,0,2,0,0,1
19182082006194080,0x442600800817a0,1,TND,BF16,3,2048,2048,2,1,256,256,2048,1,1nhs,1,0,0.9,2,65536,65536,0,1,1024/1792/3840,1024/1792/3840,0,0,2,1,1,1,1,128,128,256,3,1,0,0,0,2,0,0,1
19182082543064096,0x442600a0081420,1,SBH,BF16,1,256,256,1,1,320,320,2048,0,,1,0,1.0,2,1024,65536,0,1,,,0,0,2,0,0,0,1,128,128,768,3,1,0,0,0,2,0,0,1
19182082543064224,0x442600a00814a0,1,TND,BF16,8,4096,128,2,1,320,320,2048,0,,1,0,1.0,2,128,0,0,1,4096/8064/12160/16128/17152/17408/17472/17984,128/256/384/512/640/768/896/1024,0,0,2,1,0,0,1,128,128,768,3,1,0,0,0,2,0,0,1
19182082543064352,0x442600a0081520,1,BSH,BF16,4,512,512,4,1,320,320,2048,0,,2,0,0.5,2,128,0,0,1,,,0,0,2,0,1,0,1,128,128,768,3,1,0,0,0,2,0,0,1
19182082543064480,0x442600a00815a0,1,TND,BF16,3,256,4096,2,1,512,512,2048,0,,1,0,0.9,2,65536,0,0,1,256/427/513,4096/8064/11904,0,0,2,1,1,0,1,128,128,768,3,1,0,0,0,2,0,0,1
19182082543064608,0x442600a0081620,1,TND,BF16,8,4096,128,2,1,320,320,2048,1,bnhs,1,0,1.0,2,128,0,0,1,4096/8192/12288/16384/20480/24576/28672/32768,128/256/384/512/640/768/896/1024,0,0,2,0,0,1,1,128,128,768,3,1,0,0,0,2,0,0,1
19182082543064736,0x442600a00816a0,1,TND,BF16,8,4096,128,2,1,320,320,2048,1,bnhs,1,0,1.0,2,128,0,0,1,4096/8064/12160/16128/17152/17408/17472/17984,128/256/384/512/640/768/896/1024,0,0,2,1,0,1,1,128,128,768,3,1,0,0,0,2,0,0,1
19182082543064864,0x442600a0081720,1,SBH,BF16,1,2048,512,1,1,512,512,2048,1,1nss,1,0,0.9,2,128,0,0,1,,,0,0,2,0,1,1,1,128,128,768,3,1,0,0,0,2,0,0,1
19182082543064992,0x442600a00817a0,1,TND,BF16,8,4096,128,2,1,320,320,2048,1,bnhs,1,0,0.5,2,128,0,0,1,4096/8064/12160/16128/17152/17408/17472/17984,128/256/384/512/640/768/896/1024,0,0,2,1,1,1,1,128,128,768,3,1,0,0,0,2,0,0,1
19184279418836000,0x44280020081420,1,BSH,BF16,4,64,2048,4,1,64,64,2048,0,,1,0,1.0,3,128,0,0,1,,,0,0,2,0,0,0,1,128,128,64,4,1,0,0,0,2,0,0,1
19184279418836128,0x442800200814a0,1,TND,BF16,8,2048,2048,2,1,64,64,2048,0,,1,0,1.0,0,128,0,0,1,2048/3968/6016/7936/9984/11904/13952/15872,2048/3968/6016/7936/9984/11904/13952/15872,0,0,2,1,0,0,1,128,128,64,4,1,0,0,0,2,0,0,1
19184279418836132,0x442800200814a4,1,TND,BF16,32,2048,2048,2,1,64,64,2048,0,,1,0,1.0,0,128,128,0,1,2048/3968/6016/7936/9984/11904/13952/15872/17920/19840/21888/23808/25856/27776/29824/31744/33792/35712/37760/39680/41728/43648/45696/47616/49664/51584/53632/55552/57600/59520/61568/63488,2048/3968/6016/7936/9984/11904/13952/15872/17920/19840/21888/23808/25856/27776/29824/31744/33792/35712/37760/39680/41728/43648/45696/47616/49664/51584/53632/55552/57600/59520/61568/63488,0,5,2,1,0,0,1,128,128,64,4,1,0,0,0,2,0,0,1
19184279418836256,0x44280020081520,1,BSH,BF16,4,4096,2048,4,1,64,64,2048,0,,1,0,0.9,3,128,0,0,1,,,0,0,2,0,1,0,1,128,128,64,4,1,0,0,0,2,0,0,1
19184279418836384,0x442800200815a0,1,TND,BF16,8,2048,2048,2,1,64,64,2048,0,,1,0,0.5,0,128,0,0,1,2048/3968/6016/7936/9984/11904/13952/15872,2048/3968/6016/7936/9984/11904/13952/15872,0,0,2,1,1,0,1,128,128,64,4,1,0,0,0,2,0,0,1
19184279418836388,0x442800200815a4,1,TND,BF16,8,2048,2048,12,1,64,64,2048,0,,0,0,0.5,0,128,0,0,1,2048/3968/6016/7936/9984/11904/13952/15872,2048/3968/6016/7936/9984/11904/13952/15872,0,5,2,1,1,0,1,128,128,64,4,1,0,0,0,2,0,0,1
19184279418836512,0x44280020081620,1,BSND,BF16,2,1024,1024,2,1,64,64,2048,1,slope_n,2,0,1.0,3,128,0,0,1,,,0,0,2,0,0,1,1,128,128,64,4,1,0,0,0,2,0,0,1
19184279418836640,0x442800200816a0,1,TND,BF16,2,256,256,8,1,32,32,2048,1,slope_n,3,0,1.0,3,65536,0,0,1,0/256,256/384,0,0,2,1,0,1,1,128,128,64,4,1,0,0,0,2,0,0,1
19184279418836644,0x442800200816a4,1,TND,BF16,32,2048,2048,2,1,32,32,11ss,1,slope_n,3,0,1.0,4,1,65536,2,1,2048/3968/6016/7936/9984/11904/13952/15872/17920/19840/21888/23808/25856/27776/29824/31744/33792/35712/37760/39680/41728/43648/45696/47616/49664/51584/53632/55552/57600/59520/61568/63488,2048/3968/6016/7936/9984/11904/13952/15872/17920/19840/21888/23808/25856/27776/29824/31744/33792/35712/37760/39680/41728/43648/45696/47616/49664/51584/53632/55552/57600/59520/61568/63488,0,5,2,1,0,1,1,128,128,64,4,1,0,0,0,2,0,0,1
19184279418836768,0x44280020081720,1,BNSD,BF16,1,256,1024,1,1,64,64,2048,1,1nss,1,0,0.9,3,128,0,0,1,,,0,0,2,0,1,1,1,128,128,64,4,1,0,0,0,2,0,0,1
19184279418836896,0x442800200817a0,1,TND,BF16,32,2048,128,2,1,64,64,2048,1,bnhs,1,0,0.9,3,128,0,0,1,2048/3968/6016/7936/9984/11904/13952/15872/17920/19840/21888/23808/23808/25728/27776/29696/31744/33664/35712/37632/39680/41600/43648/45568/47616/49536/51584/53504/55552/57472/59520/61440,128/256/384/512/640/768/896/1024/1152/1280/1408/1536/1664/1792/1920/2048/2176/2304/2432/2560/2688/2816/2944/3072/3200/3328/3456/3584/3712/3840/3968/4096,0,0,2,1,1,1,1,128,128,64,4,1,0,0,0,2,0,0,1
19184279418836900,0x442800200817a4,1,TND,BF16,32,2048,128,4,1,63,63,2048,1,bnhs,1,0,0.9,3,128,0,0,1,2048/3968/6016/7936/9984/11904/13952/15872/17920/19840/21888/23808/23808/25728/27776/29696/31744/33664/35712/37632/39680/41600/43648/45568/47616/49536/51584/53504/55552/57472/59520/61440,128/256/384/512/640/768/896/1024/1152/1280/1408/1536/1664/1792/1920/2048/2176/2304/2432/2560/2688/2816/2944/3072/3200/3328/3456/3584/3712/3840/3968/4096,0,5,2,1,1,1,1,128,128,64,4,1,0,0,0,2,0,0,1
19184279955706912,0x44280040081420,1,BNSD,BF16,2,128,256,1,1,128,128,2048,0,,1,0,1.0,3,128,0,0,1,,,0,0,2,0,0,0,1,128,128,128,4,1,0,0,0,2,0,0,1
19184279955707040,0x442800400814a0,1,TND,BF16,3,2048,2048,2,1,128,128,11ss,0,,1,0,1.0,4,0,128,0,1,1024/1792/3840,1024/1792/3840,0,0,2,1,0,0,1,128,128,128,4,1,0,0,0,2,0,0,1
19184279955707044,0x442800400814a4,1,TND,BF16,32,2048,2048,2,1,128,128,2048,0,,1,0,1.0,0,128,128,0,1,2048/3968/6016/7936/9984/11904/13952/15872/17920/19840/21888/23808/25856/27776/29824/31744/33792/35712/37760/39680/41728/43648/45696/47616/49664/51584/53632/55552/57600/59520/61568/63488,2048/3968/6016/7936/9984/11904/13952/15872/17920/19840/21888/23808/25856/27776/29824/31744/33792/35712/37760/39680/41728/43648/45696/47616/49664/51584/53632/55552/57600/59520/61568/63488,0,5,2,1,0,0,1,128,128,128,4,1,0,0,0,2,0,0,1
19184279955707168,0x44280040081520,1,BNSD,BF16,8,256,256,1,1,128,128,2048,0,,1,0,0.9,3,128,0,0,1,,,0,0,2,0,1,0,1,128,128,128,4,1,0,0,0,2,0,0,1
19184279955707296,0x442800400815a0,1,TND,BF16,3,4096,2048,2,1,128,128,2048,0,,1,0,0.9,0,128,0,0,1,4096/8064/11904,2048/3968/5760,0,0,2,1,1,0,1,128,128,128,4,1,0,0,0,2,0,0,1
19184279955707300,0x442800400815a4,1,TND,BF16,32,2048,2048,2,1,128,128,2048,0,,1,0,0.9,0,128,0,0,1,2048/3968/6016/7936/9984/11904/13952/15872/17920/19840/21888/23808/25856/27776/29824/31744/33792/35712/37760/39680/41728/43648/45696/47616/49664/51584/53632/55552/57600/59520/61568/63488,2048/3968/6016/7936/9984/11904/13952/15872/17920/19840/21888/23808/25856/27776/29824/31744/33792/35712/37760/39680/41728/43648/45696/47616/49664/51584/53632/55552/57600/59520/61568/63488,0,5,2,1,1,0,1,128,128,128,4,1,0,0,0,2,0,0,1
19184279955707424,0x44280040081620,1,BNSD,BF16,8,256,256,1,1,128,128,2048,1,bnss,1,0,1.0,3,128,0,0,1,,,0,0,2,0,0,1,1,128,128,128,4,1,0,0,0,2,0,0,1
19184279955707552,0x442800400816a0,1,TND,BF16,4,4992,128,2,1,128,128,2048,1,bnhs,1,0,1.0,3,128,0,0,1,4096/8064/12160/17152,128/256/384/512,0,0,2,1,0,1,1,128,128,128,4,1,0,0,0,2,0,0,1
19184279955707556,0x442800400816a4,1,TND,BF16,32,2048,2048,2,1,72,72,2048,1,slope_n,2,0,1.0,4,1024,1024,0,1,2048/3968/6016/7936/9984/11904/13952/15872/17920/19840/21888/23808/25856/27776/29824/31744/33792/35712/37760/39680/41728/43648/45696/47616/49664/51584/53632/55552/57600/59520/61568/63488,2048/3968/6016/7936/9984/11904/13952/15872/17920/19840/21888/23808/25856/27776/29824/31744/33792/35712/37760/39680/41728/43648/45696/47616/49664/51584/53632/55552/57600/59520/61568/63488,0,5,2,1,0,1,1,128,128,128,4,1,0,0,0,2,0,0,1
19184279955707680,0x44280040081720,1,BSND,BF16,2,1024,1024,2,1,72,72,2048,1,slope_n,2,0,0.9,3,128,0,0,1,,,0,0,2,0,1,1,1,128,128,128,4,1,0,0,0,2,0,0,1
19184279955707808,0x442800400817a0,1,TND,BF16,32,2048,128,2,1,128,128,2048,1,bnhs,1,0,0.9,3,128,0,0,1,2048/3968/6016/7936/9984/11904/13952/15872/17920/19840/21888/23808/23808/25728/27776/29696/31744/33664/35712/37632/39680/41600/43648/45568/47616/49536/51584/53504/55552/57472/59520/61440,128/256/384/512/640/768/896/1024/1152/1280/1408/1536/1664/1792/1920/2048/2176/2304/2432/2560/2688/2816/2944/3072/3200/3328/3456/3584/3712/3840/3968/4096,0,0,2,1,1,1,1,128,128,128,4,1,0,0,0,2,0,0,1
19184279955707812,0x442800400817a4,1,TND,BF16,32,2048,128,4,1,72,72,2048,1,bnhs,1,0,0.9,3,128,0,0,1,2048/3968/6016/7936/9984/11904/13952/15872/17920/19840/21888/23808/23808/25728/27776/29696/31744/33664/35712/37632/39680/41600/43648/45568/47616/49536/51584/53504/55552/57472/59520/61440,128/256/384/512/640/768/896/1024/1152/1280/1408/1536/1664/1792/1920/2048/2176/2304/2432/2560/2688/2816/2944/3072/3200/3328/3456/3584/3712/3840/3968/4096,0,5,2,1,1,1,1,128,128,128,4,1,0,0,0,2,0,0,1
19184280492577824,0x44280060081420,1,BNSD,BF16,1,64,256,1,1,192,192,2048,0,,1,0,1.0,3,128,0,0,1,,,0,0,2,0,0,0,1,128,128,192,4,1,0,0,0,2,0,0,1
19184280492577952,0x442800600814a0,1,TND,BF16,8,64,64,2,1,192,192,2048,0,,1,0,1.0,4,128,0,0,1,64/107/129/193/236/258/322/365,64/107/129/193/236/258/322/365,0,0,2,1,0,0,1,128,128,192,4,1,0,0,0,2,0,0,1
19184280492577956,0x442800600814a4,1,TND,BF16,32,2048,2048,2,1,192,192,2048,0,,1,0,1.0,0,128,128,0,1,2048/3968/6016/7936/9984/11904/13952/15872/17920/19840/21888/23808/25856/27776/29824/31744/33792/35712/37760/39680/41728/43648/45696/47616/49664/51584/53632/55552/57600/59520/61568/63488,2048/3968/6016/7936/9984/11904/13952/15872/17920/19840/21888/23808/25856/27776/29824/31744/33792/35712/37760/39680/41728/43648/45696/47616/49664/51584/53632/55552/57600/59520/61568/63488,0,5,2,1,0,0,1,128,128,192,4,1,0,0,0,2,0,0,1
19184280492578080,0x44280060081520,1,BSH,BF16,4,128,512,1,1,192,192,2048,0,,1,0,0.9,3,128,0,0,1,,,0,0,2,0,1,0,1,128,128,192,4,1,0,0,0,2,0,0,1
19184280492578208,0x442800600815a0,1,TND,BF16,3,2048,2048,2,1,192,192,11ss,0,,1,0,0.5,0,128,65536,0,1,1024/1792/3840,1024/1792/3840,0,0,2,1,1,0,1,128,128,192,4,1,0,0,0,2,0,0,1
19184280492578336,0x44280060081620,1,SBH,BF16,1,256,256,1,1,192,192,2048,1,1nss,1,0,1.0,3,128,0,0,1,,,0,0,2,0,0,1,1,128,128,192,4,1,0,0,0,2,0,0,1
19184280492578464,0x442800600816a0,1,TND,BF16,8,64,64,2,1,192,192,2048,1,1nhs,1,0,1.0,4,128,0,0,1,64/107/129/193/236/258/322/365,64/107/129/193/236/258/322/365,0,0,2,1,0,1,1,128,128,192,4,1,0,0,0,2,0,0,1
19184280492578468,0x442800600816a4,1,TND,BF16,32,2048,2048,12,1,192,192,2048,1,slope_n,3,0,1.0,0,65536,256,3,1,2048/3968/6016/7936/9984/11904/13952/15872/17920/19840/21888/23808/25856/27776/29824/31744/33792/35712/37760/39680/41728/43648/45696/47616/49664/51584/53632/55552/57600/59520/61568/63488,2048/3968/6016/7936/9984/11904/13952/15872/17920/19840/21888/23808/25856/27776/29824/31744/33792/35712/37760/39680/41728/43648/45696/47616/49664/51584/53632/55552/57600/59520/61568/63488,0,5,2,1,0,1,1,128,128,192,4,1,0,0,0,2,0,0,1
19184280492578592,0x44280060081720,1,BSH,BF16,4,128,512,1,1,192,192,2048,1,bnss,1,0,0.9,3,128,0,0,1,,,0,0,2,0,1,1,1,128,128,192,4,1,0,0,0,2,0,0,1
19184280492578720,0x442800600817a0,1,TND,BF16,4,5120,4992,2,1,192,192,2048,1,1nhs,1,0,0.9,3,128,0,0,1,5120/9088/13184/17152,4096/8064/12160/17152,0,0,2,1,1,1,1,128,128,192,4,1,0,0,0,2,0,0,1
19184281029448736,0x44280080081420,1,BNSD,BF16,1,256,256,8,1,256,256,2048,0,,1,0,1.0,3,128,0,0,1,,,0,0,2,0,0,0,1,128,128,256,4,1,0,0,0,2,0,0,1
19184281029448864,0x442800800814a0,1,TND,BF16,4,1024,2048,2,1,256,256,2048,0,,1,0,1.0,3,0,0,0,1,1024/1024/1024/1024,2048/2048/2048/2048,0,0,2,1,0,0,1,128,128,256,4,1,0,0,0,2,0,0,1
19184281029448868,0x442800800814a4,1,TND,BF16,32,2048,2048,2,1,256,256,2048,0,,1,0,1.0,0,128,128,0,1,2048/3968/6016/7936/9984/11904/13952/15872/17920/19840/21888/23808/25856/27776/29824/31744/33792/35712/37760/39680/41728/43648/45696/47616/49664/51584/53632/55552/57600/59520/61568/63488,2048/3968/6016/7936/9984/11904/13952/15872/17920/19840/21888/23808/25856/27776/29824/31744/33792/35712/37760/39680/41728/43648/45696/47616/49664/51584/53632/55552/57600/59520/61568/63488,0,5,2,1,0,0,1,128,128,256,4,1,0,0,0,2,0,0,1
19184281029448992,0x44280080081520,1,BSH,BF16,4,1024,4096,2,1,256,256,2048,0,,1,0,0.5,3,0,0,0,1,,,0,0,2,0,1,0,1,128,128,256,4,1,0,0,0,2,0,0,1
19184281029449120,0x442800800815a0,1,TND,BF16,3,2048,128,2,1,256,256,2048,0,,1,0,0.5,0,128,0,0,1,1024/1664/3712,128/256/384,0,0,2,1,1,0,1,128,128,256,4,1,0,0,0,2,0,0,1
19184281029449248,0x44280080081620,1,BNSD,BF16,1,1024,128,1,1,256,256,2048,1,1nhs,1,0,1.0,3,128,0,0,1,,,0,0,2,0,0,1,1,128,128,256,4,1,0,0,0,2,0,0,1
19184281029449376,0x442800800816a0,1,TND,BF16,4,1024,2048,2,1,256,256,2048,1,bnhs,1,0,1.0,3,0,0,1,1,1024/1024/1024/1024,2048/2048/2048/2048,0,0,2,1,0,1,1,128,128,256,4,1,0,0,0,2,0,0,1
19184281029449380,0x442800800816a4,1,TND,BF16,32,2048,2048,2,1,256,256,b1ss,1,slope,3,0,1.0,4,65536,64,2,1,2048/3968/6016/7936/9984/11904/13952/15872/17920/19840/21888/23808/25856/27776/29824/31744/33792/35712/37760/39680/41728/43648/45696/47616/49664/51584/53632/55552/57600/59520/61568/63488,2048/3968/6016/7936/9984/11904/13952/15872/17920/19840/21888/23808/25856/27776/29824/31744/33792/35712/37760/39680/41728/43648/45696/47616/49664/51584/53632/55552/57600/59520/61568/63488,0,5,2,1,0,1,1,128,128,256,4,1,0,0,0,2,0,0,1
19184281029449504,0x44280080081720,1,BNSD,BF16,1,256,1024,1,1,256,256,2048,1,1nss,1,0,0.9,3,128,0,0,1,,,0,0,2,0,1,1,1,128,128,256,4,1,0,0,0,2,0,0,1
19184281029449632,0x442800800817a0,1,TND,BF16,32,2048,128,2,1,256,256,2048,1,slope,2,0,0.5,3,128,0,0,1,2048/3968/6016/7936/9984/11904/13952/15872/17920/19840/21888/23808/23808/25728/27776/29696/31744/33664/35712/37632/39680/41600/43648/45568/47616/49536/51584/53504/55552/57472/59520/61440,128/256/384/512/640/768/896/1024/1152/1280/1408/1536/1664/1792/1920/2048/2176/2304/2432/2560/2688/2816/2944/3072/3200/3328/3456/3584/3712/3840/3968/4096,0,0,2,1,1,1,1,128,128,256,4,1,0,0,0,2,0,0,1
19184281566319648,0x442800a0081420,1,BSND,BF16,2,256,64,8,1,512,512,2048,0,,1,0,1.0,3,65536,128,0,1,,,0,0,2,0,0,0,1,128,128,768,4,1,0,0,0,2,0,0,1
19184281566319776,0x442800a00814a0,1,TND,BF16,8,4096,128,2,1,320,320,2048,0,,1,0,1.0,3,128,0,0,1,4096/8064/12160/16128/17152/17408/17472/17984,128/256/384/512/640/768/896/1024,0,0,2,1,0,0,1,128,128,768,4,1,0,0,0,2,0,0,1
19184281566319780,0x442800a00814a4,1,TND,BF16,3,2048,2048,40,1,320,320,bnss,0,,2,0,1.0,4,1024,128,0,1,1024/1792/3840,1024/1792/3840,0,5,2,1,0,0,1,128,128,768,4,1,0,0,0,2,0,0,1
19184281566319904,0x442800a0081520,1,BSND,BF16,1,1024,1024,1,1,512,512,2048,0,,1,0,0.9,3,128,0,0,1,,,0,0,2,0,1,0,1,128,128,768,4,1,0,0,0,2,0,0,1
19184281566320032,0x442800a00815a0,1,TND,BF16,3,2048,2048,40,1,768,768,2048,0,,2,0,0.9,0,128,0,0,1,1024/1792/3840,1024/1792/3840,0,0,2,1,1,0,1,128,128,768,4,1,0,0,0,2,0,0,1
19184281566320160,0x442800a0081620,1,BNSD,BF16,2,256,256,1,1,320,320,2048,1,bnss,1,0,1.0,3,128,0,0,1,,,0,0,2,0,0,1,1,128,128,768,4,1,0,0,0,2,0,0,1
19184281566320288,0x442800a00816a0,1,TND,BF16,8,4096,128,2,1,320,320,2048,1,bnhs,1,0,1.0,3,128,0,0,1,4096/8064/12160/16128/17152/17408/17472/17984,128/256/384/512/640/768/896/1024,0,0,2,1,0,1,1,128,128,768,4,1,0,0,0,2,0,0,1
19184281566320292,0x442800a00816a4,1,TND,BF16,32,2048,2048,2,1,512,512,2048,1,slope_n,3,0,1.0,4,512,65536,0,1,2048/3968/6016/7936/9984/11904/13952/15872/17920/19840/21888/23808/25856/27776/29824/31744/33792/35712/37760/39680/41728/43648/45696/47616/49664/51584/53632/55552/57600/59520/61568/63488,2048/3968/6016/7936/9984/11904/13952/15872/17920/19840/21888/23808/25856/27776/29824/31744/33792/35712/37760/39680/41728/43648/45696/47616/49664/51584/53632/55552/57600/59520/61568/63488,0,5,2,1,0,1,1,128,128,768,4,1,0,0,0,2,0,0,1
19184281566320416,0x442800a0081720,1,BSND,BF16,1,256,256,2,1,320,320,bnss,1,1nss,1,0,0.9,0,128,1024,0,1,,,0,0,2,0,1,1,1,128,128,768,4,1,0,0,0,2,0,0,1
19184281566320544,0x442800a00817a0,1,TND,BF16,8,4096,128,2,1,320,320,2048,1,bnhs,1,0,0.5,3,128,0,0,1,4096/8064/12160/16128/17152/17408/17472/17984,128/256/384/512/640/768/896/1024,0,0,2,1,1,1,1,128,128,768,4,1,0,0,0,2,0,0,1
19210667697901602,0x44400020081022,1,BSH,BF16,24,512,512,8,1,64,64,none,0,,1,0,1.0,0,65536,65536,0,1,,,0,1,2,0,0,0,0,128,128,64,0,0,1,0,0,2,0,0,1
19210667697901858,0x44400020081122,1,BSH,BF16,24,512,512,8,1,64,64,none,0,,1,0,0.5,0,65536,65536,0,1,,,0,1,2,0,1,0,0,128,128,64,0,0,1,0,0,2,0,0,1
19210667697902114,0x44400020081222,1,BSH,BF16,24,512,512,8,1,64,64,none,1,bnss,1,0,1.0,0,65536,65536,0,1,,,0,1,2,0,0,1,0,128,128,64,0,0,1,0,0,2,0,0,1
19210667697902370,0x44400020081322,1,BSND,BF16,64,1,256,16,1,32,32,none,1,slope,2,0,0.9,0,1024,64,2,0,,,0,1,2,0,1,1,0,128,128,64,0,0,1,0,0,2,0,0,1
19210667697902626,0x44400020081422,1,BSH,BF16,24,512,512,8,1,64,64,ss,0,,1,0,1.0,0,65536,65536,0,1,,,0,1,2,0,0,0,1,128,128,64,0,0,1,0,0,2,0,0,1
19210667697902882,0x44400020081522,1,BSH,BF16,24,512,512,8,1,64,64,b1ss,0,,1,0,0.5,0,65536,65536,0,1,,,0,1,2,0,1,0,1,128,128,64,0,0,1,0,0,2,0,0,1
19210667697903138,0x44400020081622,1,BSH,BF16,24,512,512,8,1,64,64,ss,1,bnss,1,0,1.0,0,65536,65536,0,1,,,0,1,2,0,0,1,1,128,128,64,0,0,1,0,0,2,0,0,1
19210667697903394,0x44400020081722,1,BSH,BF16,24,512,512,8,1,64,64,ss,1,bnss,1,0,0.5,0,65536,65536,0,1,,,0,1,2,0,1,1,1,128,128,64,0,0,1,0,0,2,0,0,1
19210668234772514,0x44400040081022,1,BNSD,BF16,64,256,256,8,1,128,128,none,0,,1,0,1.0,0,65536,65536,0,0,,,0,1,2,0,0,0,0,128,128,128,0,0,1,0,0,2,0,0,1
19210668234772770,0x44400040081122,1,BSND,BF16,64,128,256,5,1,128,128,none,0,,0,0,0.9,3,1024,65536,0,0,,,0,1,2,0,1,0,0,128,128,128,0,0,1,0,0,2,0,0,1
19210668234773026,0x44400040081222,1,BSH,BF16,24,512,512,8,1,72,72,none,1,bnss,0,0,1.0,0,65536,65536,0,0,,,0,1,2,0,0,1,0,128,128,128,0,0,1,0,0,2,0,0,1
19210668234773282,0x44400040081322,1,BNSD,BF16,32,512,512,12,1,96,96,none,1,bnss,0,0,0.5,1,256,128,2,0,,,0,1,2,0,1,1,0,128,128,128,0,0,1,0,0,2,0,0,1
19210668234773538,0x44400040081422,1,BSND,BF16,48,512,512,8,1,96,96,2048,0,,0,0,1.0,4,128,0,0,0,,,0,1,2,0,0,0,1,128,128,128,0,0,1,0,0,2,0,0,1
19210668234773794,0x44400040081522,1,BSND,BF16,48,128,256,5,1,128,128,2048,0,,0,0,0.9,4,128,0,1,0,,,0,1,2,0,1,0,1,128,128,128,0,0,1,0,0,2,0,0,1
19210668234774050,0x44400040081622,1,BSND,BF16,48,512,512,8,1,96,96,2048,1,bnss,0,0,1.0,4,128,0,0,0,,,0,1,2,0,0,1,1,128,128,128,0,0,1,0,0,2,0,0,1
19210668234774306,0x44400040081722,1,BSH,BF16,32,1,192,40,1,72,72,2048,1,b1ss,1,0,0.9,3,2048,128,3,0,,,0,1,2,0,1,1,1,128,128,128,0,0,1,0,0,2,0,0,1
19210668771643426,0x44400060081022,1,BNSD,BF16,48,256,256,8,1,192,192,none,0,,1,0,1.0,0,65536,65536,0,0,,,0,1,2,0,0,0,0,128,128,192,0,0,1,0,0,2,0,0,1
19210668771643682,0x44400060081122,1,BNSD,BF16,48,256,256,8,1,192,192,none,0,,1,0,0.5,0,65536,65536,0,0,,,0,1,2,0,1,0,0,128,128,192,0,0,1,0,0,2,0,0,1
19210668771643938,0x44400060081222,1,BNSD,BF16,64,256,256,8,1,144,144,none,1,bnss,1,0,1.0,0,65536,65536,0,0,,,0,1,2,0,0,1,0,128,128,192,0,0,1,0,0,2,0,0,1
19210668771644194,0x44400060081322,1,BNSD,BF16,48,256,256,8,1,192,192,none,1,bnss,1,0,0.5,0,65536,256,0,0,,,0,1,2,0,1,1,0,128,128,192,0,0,1,0,0,2,0,0,1
19210668771644450,0x44400060081422,1,BNSD,BF16,48,256,256,12,1,192,192,b1ss,0,,1,0,1.0,0,65536,65536,0,0,,,0,1,2,0,0,0,1,128,128,192,0,0,1,0,0,2,0,0,1
19210668771644706,0x44400060081522,1,BSH,BF16,48,512,512,8,1,144,144,ss,0,,2,0,0.5,0,256,2048,2,0,,,0,1,2,0,1,0,1,128,128,192,0,0,1,0,0,2,0,0,1
19210668771644962,0x44400060081622,1,BSND,BF16,48,512,512,8,1,144,144,2048,1,bnss,0,0,1.0,4,128,0,0,0,,,0,1,2,0,0,1,1,128,128,192,0,0,1,0,0,2,0,0,1
19210668771645218,0x44400060081722,1,BNSD,BF16,48,256,256,8,1,192,192,bnss,1,bnss,1,0,0.5,0,65536,256,0,0,,,0,1,2,0,1,1,1,128,128,192,0,0,1,0,0,2,0,0,1
19210669308514338,0x44400080081022,1,BSH,BF16,24,512,512,8,1,256,256,none,0,,0,0,1.0,0,65536,65536,0,0,,,0,1,2,0,0,0,0,128,128,256,0,0,1,0,0,2,0,0,1
19210669308514594,0x44400080081122,1,TND,BF16,16,192,192,40,1,256,256,none,0,,3,0,0.5,3,65536,128,2,0,192/384/576/768/960/1152/1344/1536/1728/1920/2112/2304/2496/2688/2880/3072,192/384/576/768/960/1152/1344/1536/1728/1920/2112/2304/2496/2688/2880/3072,0,1,2,0,1,0,0,128,128,256,0,0,1,0,0,2,0,0,1
19210669308514850,0x44400080081222,1,BSH,BF16,24,512,512,8,1,256,256,none,1,bnss,0,0,1.0,0,65536,65536,0,0,,,0,1,2,0,0,1,0,128,128,256,0,0,1,0,0,2,0,0,1
19210669308515106,0x44400080081322,1,BNSD,BF16,16,512,512,12,1,256,256,none,1,1nss,0,0,0.5,3,65536,64,2,0,,,0,1,2,0,1,1,0,128,128,256,0,0,1,0,0,2,0,0,1
19210669308515362,0x44400080081422,1,BSH,BF16,24,512,512,8,1,256,256,bnss,0,,0,0,1.0,0,65536,65536,0,0,,,0,1,2,0,0,0,1,128,128,256,0,0,1,0,0,2,0,0,1
19210669308515618,0x44400080081522,1,BSH,BF16,24,512,512,8,1,256,256,bnss,0,,0,0,0.5,0,65536,65536,0,0,,,0,1,2,0,1,0,1,128,128,256,0,0,1,0,0,2,0,0,1
19210669308515874,0x44400080081622,1,BNSD,BF16,24,512,512,8,1,256,256,ss,1,bnss,0,0,1.0,0,65536,65536,0,0,,,0,1,2,0,0,1,1,128,128,256,0,0,1,0,0,2,0,0,1
19210669308516130,0x44400080081722,1,BSH,BF16,24,512,512,8,1,256,256,bnss,1,bnss,0,0,0.5,0,65536,65536,0,0,,,0,1,2,0,1,1,1,128,128,256,0,0,1,0,0,2,0,0,1
19210669845385250,0x444000a0081022,1,BSH,BF16,24,512,512,8,1,512,512,none,0,,0,0,1.0,0,65536,65536,0,0,,,0,1,2,0,0,0,0,128,128,768,0,0,1,0,0,2,0,0,1
19210669845385506,0x444000a0081122,1,BSND,BF16,64,128,192,12,1,512,512,none,0,,0,0,0.9,0,2048,65536,0,0,,,0,1,2,0,1,0,0,128,128,768,0,0,1,0,0,2,0,0,1
19210669845385762,0x444000a0081222,1,BSH,BF16,24,512,512,8,1,512,512,none,1,bnss,0,0,1.0,0,65536,65536,0,0,,,0,1,2,0,0,1,0,128,128,768,0,0,1,0,0,2,0,0,1
19210669845386018,0x444000a0081322,1,BSH,BF16,24,512,512,8,1,512,512,none,1,bnss,0,0,0.5,0,1024,65536,0,0,,,0,1,2,0,1,1,0,128,128,768,0,0,1,0,0,2,0,0,1
19210669845386274,0x444000a0081422,1,BSH,BF16,48,512,512,4,1,320,320,2048,0,,1,0,1.0,2,0,0,2,1,,,0,1,2,0,0,0,1,128,128,768,0,0,1,0,0,2,0,0,1
19210669845386530,0x444000a0081522,1,BSH,BF16,48,512,512,4,1,320,320,2048,0,,1,0,0.5,2,0,0,2,1,,,0,1,2,0,1,0,1,128,128,768,0,0,1,0,0,2,0,0,1
19210669845386786,0x444000a0081622,1,BSH,BF16,48,512,512,4,1,320,320,2048,1,1nss,1,0,1.0,2,0,0,0,1,,,0,1,2,0,0,1,1,128,128,768,0,0,1,0,0,2,0,0,1
19210669845387042,0x444000a0081722,1,BSH,BF16,48,512,512,4,1,320,320,2048,1,bnss,1,0,0.5,2,1,0,0,1,,,0,1,2,0,1,1,1,128,128,768,0,0,1,0,0,2,0,0,1
19281036442079264,0x44800020081020,1,BNSD,BF16,1,1024,512,1,1,64,16,none,0,,1,0,1.0,0,65536,65536,0,0,,,0,0,2,0,0,0,0,128,128,64,0,0,0,1,0,2,0,0,1
19281036442079266,0x44800020081022,1,BNSD,BF16,1,128,128,1,1,64,16,none,0,,1,0,1.0,0,65536,65536,0,0,,,0,1,2,0,0,0,0,128,128,64,0,0,0,1,0,2,0,0,1
19281036442079268,0x44800020081024,1,BSND,BF16,2,64,1024,2,1,64,48,none,0,,1,0,1.0,0,65536,65536,0,0,,,0,5,2,0,0,0,0,128,128,64,0,0,0,1,0,2,0,0,1
19281036442079392,0x448000200810a0,1,TND,BF16,3,2048,512,2,1,64,16,none,0,,1,0,1.0,4,65536,65536,0,0,2048/3968/5760,512/896/1152,0,0,2,1,0,0,0,128,128,64,0,0,0,1,0,2,0,0,1
19281036442079394,0x448000200810a2,1,TND,BF16,8,64,64,2,1,64,48,none,0,,1,0,1.0,4,128,0,0,0,64/107/129/193/236/258/322/365,64/107/129/193/236/258/322/365,0,1,2,1,0,0,0,128,128,64,0,0,0,1,0,2,0,0,1
19281036442079396,0x448000200810a4,1,TND,BF16,4,4096,4096,2,1,64,48,none,0,,1,0,1.0,6,65536,65536,0,0,4096/8064/12160/16128,4096/8064/12160/16128,0,5,2,1,0,0,0,128,128,64,0,0,0,1,0,2,0,0,1
19281036442079520,0x44800020081120,1,BNSD,BF16,1,256,32,1,1,64,32,none,0,,1,0,0.9,0,65536,65536,0,0,,,0,0,2,0,1,0,0,128,128,64,0,0,0,1,0,2,0,0,1
19281036442079522,0x44800020081122,1,BNSD,BF16,1,64,32,1,1,64,32,none,0,,1,0,0.9,0,65536,65536,0,0,,,0,1,2,0,1,0,0,128,128,64,0,0,0,1,0,2,0,0,1
19281036442079524,0x44800020081124,1,BSND,BF16,2,128,1024,2,1,64,16,none,0,,1,0,0.5,0,65536,65536,0,0,,,0,5,2,0,1,0,0,128,128,64,0,0,0,1,0,2,0,0,1
19281036442079648,0x448000200811a0,1,TND,BF16,3,2048,2048,8,1,64,16,none,0,,1,0,0.9,4,65536,65536,0,0,1024/1792/3840,1024/1792/3840,0,0,2,1,1,0,0,128,128,64,0,0,0,1,0,2,0,0,1
19281036442079650,0x448000200811a2,1,TND,BF16,3,128,128,2,1,64,16,none,0,,1,0,0.9,4,65536,65536,0,0,128/214/214,128/256/384,0,1,2,1,1,0,0,128,128,64,0,0,0,1,0,2,0,0,1
19281036442079652,0x448000200811a4,1,TND,BF16,4,4096,4096,1,1,64,48,none,0,,1,0,0.9,0,65536,65536,0,0,4096/8064/12160/16128,4096/8064/12160/16128,0,5,2,1,1,0,0,128,128,64,0,0,0,1,0,2,0,0,1
19281036442079776,0x44800020081220,1,BSH,BF16,4,256,256,2,2,64,32,none,1,slope,2,0,1.0,0,65536,65536,0,0,,,0,0,2,0,0,1,0,128,128,64,0,0,0,1,0,2,0,0,1
19281036442079778,0x44800020081222,1,BNSD,BF16,1,64,32,1,1,64,16,none,1,b1ss,1,0,1.0,0,65536,65536,0,1,,,0,1,2,0,0,1,0,128,128,64,0,0,0,1,0,2,0,0,1
19281036442079780,0x44800020081224,1,BNSD,BF16,24,128,1024,1,1,64,48,none,1,bnss,1,0,1.0,0,65536,65536,0,0,,,0,5,2,0,0,1,0,128,128,64,0,0,0,1,0,2,0,0,1
19281036442079904,0x448000200812a0,1,TND,BF16,3,2048,2048,2,1,64,16,none,1,slope,2,0,1.0,4,65536,65536,0,0,1024/1792/3840,1024/1792/3840,0,0,2,1,0,1,0,128,128,64,0,0,0,1,0,2,0,0,1
19281036442079906,0x448000200812a2,1,TND,BF16,2,128,128,2,1,64,48,none,1,slope,2,0,1.0,4,65536,65536,0,0,128/128,128/128,0,1,2,1,0,1,0,128,128,64,0,0,0,1,0,2,0,0,1
19281036442079908,0x448000200812a4,1,TND,BF16,4,4096,2048,2,1,64,32,none,1,slope_n,3,0,1.0,0,65536,65536,0,0,4096/8192/12288/12288,2048/4096/6144/8192,0,5,2,1,0,1,0,128,128,64,0,0,0,1,0,2,0,0,1
19281036442080032,0x44800020081320,1,BNSD,BF16,1,256,32,1,1,64,32,none,1,1nss,1,0,0.9,0,65536,65536,0,0,,,0,0,2,0,1,1,0,128,128,64,0,0,0,1,0,2,0,0,1
19281036442080034,0x44800020081322,1,BNSD,BF16,1,64,32,1,1,64,32,none,1,1nss,1,0,0.9,0,65536,65536,0,0,,,0,1,2,0,1,1,0,128,128,64,0,0,0,1,0,2,0,0,1
19281036442080036,0x44800020081324,1,BSND,BF16,2,128,1024,2,1,64,48,none,1,b1ss,1,0,0.9,3,1024,128,0,0,,,0,5,2,0,1,1,0,128,128,64,0,0,0,1,0,2,0,0,1
19281036442080160,0x448000200813a0,1,TND,BF16,3,2048,2048,2,1,64,16,none,1,slope,2,0,0.9,4,65536,65536,0,0,1024/1792/3840,1024/1792/3840,0,0,2,1,1,1,0,128,128,64,0,0,0,1,0,2,0,0,1
19281036442080162,0x448000200813a2,1,TND,BF16,2,128,128,2,1,32,64,none,1,slope,2,0,0.9,4,65536,65536,0,0,128/128,128/128,0,1,2,1,1,1,0,128,128,64,0,0,0,1,0,2,0,0,1
19281036442080164,0x448000200813a4,1,TND,BF16,3,2048,2048,4,1,64,16,none,1,slope,2,0,0.9,4,65536,65536,0,0,1024/1792/3840,1024/1792/3840,0,5,2,1,1,1,0,128,128,64,0,0,0,1,0,2,0,0,1
19281036442080288,0x44800020081420,1,BNSD,BF16,1,64,256,1,1,64,32,11ss,0,,1,0,1.0,0,65536,65536,0,0,,,0,0,2,0,0,0,1,128,128,64,0,0,0,1,0,2,0,0,1
19281036442080290,0x44800020081422,1,BNSD,BF16,1,64,64,1,1,64,32,11ss,0,,1,0,1.0,0,65536,65536,0,0,,,0,1,2,0,0,0,1,128,128,64,0,0,0,1,0,2,0,0,1
19281036442080292,0x44800020081424,1,BSND,BF16,2,128,1024,2,1,64,16,b1ss,0,,1,0,1.0,0,65536,65536,0,0,,,0,5,2,0,0,0,1,128,128,64,0,0,0,1,0,2,0,0,1
19281036442080416,0x448000200814a0,1,TND,BF16,3,2048,2048,2,1,64,16,2048,0,,1,0,1.0,4,65536,65536,0,0,1024/1792/3840,1024/1792/3840,0,0,2,1,0,0,1,128,128,64,0,0,0,1,0,2,0,0,1
19281036442080418,0x448000200814a2,1,TND,BF16,3,64,128,2,1,64,48,2048,0,,1,0,1.0,0,128,0,0,1,64/107/129,128/214/258,0,1,2,1,0,0,1,128,128,64,0,0,0,1,0,2,0,0,1
19281036442080420,0x448000200814a4,1,TND,BF16,32,2048,64,2,1,64,48,2048,0,,1,0,1.0,2,128,0,0,0,2048/3968/5760/7808/9728/11520/13568/15488/17280/19328/21248/23040/25088/27008/28800/30848/32768/34560/36608/38528/40320/42368/44288/46080/48128/50048/51840/53888/55808/57600/59648/61568,64/107/129/193/236/258/322/365/387/451/494/516/580/623/645/709/752/774/838/881/903/967/1010/1032/1096/1139/1161/1225/1268/1290/1354/1397,0,5,2,1,0,0,1,128,128,64,0,0,0,1,0,2,0,0,1
19281036442080544,0x44800020081520,1,BNSD,BF16,48,256,256,1,1,64,16,ss,0,,1,0,0.9,0,65536,65536,0,0,,,0,0,2,0,1,0,1,128,128,64,0,0,0,1,0,2,0,0,1
19281036442080546,0x44800020081522,1,BNSD,BF16,1,64,128,1,1,64,32,ss,0,,1,0,0.9,0,65536,65536,0,0,,,0,1,2,0,1,0,1,128,128,64,0,0,0,1,0,2,0,0,1
19281036442080548,0x44800020081524,1,BSND,BF16,2,64,1024,2,1,64,48,b1ss,0,,1,0,0.5,0,65536,65536,0,0,,,0,5,2,0,1,0,1,128,128,64,0,0,0,1,0,2,0,0,1
19281036442080672,0x448000200815a0,1,TND,BF16,9,2048,128,2,1,64,32,2048,0,,1,0,0.9,2,128,0,0,0,1024/1792/3840/4864/6912/6976/7488/8000/9024,128/256/384/512/640/768/896/1024/1152,0,0,2,1,1,0,1,128,128,64,0,0,0,1,0,2,0,0,1
19281036442080674,0x448000200815a2,1,TND,BF16,3,64,128,2,1,64,48,2048,0,,1,0,0.9,0,128,0,0,1,64/107/129,128/214/258,0,1,2,1,1,0,1,128,128,64,0,0,0,1,0,2,0,0,1
19281036442080676,0x448000200815a4,1,TND,BF16,32,2048,64,2,1,64,56,2048,0,,1,0,0.5,2,128,0,0,0,2048/3968/5760/7808/9728/11520/13568/15488/17280/19328/21248/23040/25088/27008/28800/30848/32768/34560/36608/38528/40320/42368/44288/46080/48128/50048/51840/53888/55808/57600/59648/61568,64/107/129/193/236/258/322/365/387/451/494/516/580/623/645/709/752/774/838/881/903/967/1010/1032/1096/1139/1161/1225/1268/1290/1354/1397,0,5,2,1,1,0,1,128,128,64,0,0,0,1,0,2,0,0,1
19281036442080800,0x44800020081620,1,TND,BF16,8,4096,128,2,1,64,16,2048,1,bnhs,1,0,1.0,2,128,0,0,0,4096/8192/12288/16384/20480/24576/28672/32768,128/256/384/512/640/768/896/1024,0,0,2,0,0,1,1,128,128,64,0,0,0,1,0,2,0,0,1
19281036442080802,0x44800020081622,1,BNSD,BF16,1,64,128,8,1,64,48,2048,1,1nss,1,0,1.0,2,128,0,0,1,,,0,1,2,0,0,1,1,128,128,64,0,0,0,1,0,2,0,0,1
19281036442080804,0x44800020081624,1,BSND,BF16,64,128,1024,2,1,64,16,b1ss,1,bnss,1,0,1.0,0,65536,65536,0,0,,,0,5,2,0,0,1,1,128,128,64,0,0,0,1,0,2,0,0,1
19281036442080928,0x448000200816a0,1,TND,BF16,8,2048,128,2,1,64,32,2048,1,slope,3,0,1.0,4,128,0,0,0,2048/4096/6144/6144/8192/10240/12288/14336,128/256/384/512/640/768/896/1024,0,0,2,1,0,1,1,128,128,64,0,0,0,1,0,2,0,0,1
19281036442080930,0x448000200816a2,1,TND,BF16,8,128,128,2,1,32,128,2048,1,slope,3,0,1.0,1,65536,65536,0,0,128/214/258/386/472/516/644/730,128/214/258/386/472/516/644/730,0,1,2,1,0,1,1,128,128,64,0,0,0,1,0,2,0,0,1
19281036442080932,0x448000200816a4,1,TND,BF16,32,2048,2176,2,1,64,16,2048,1,1nhs,0,0,1.0,2,128,0,0,0,2048/3968/6016/7936/9984/11904/13952/15872/17920/19840/21888/23808/25856/27776/27776/29696/31744/33664/35712/37632/39680/41600/43648/45568/47616/49536/51584/53504/55552/57472/59520/61440,2048/3968/6016/7936/9984/11904/13952/15872/17920/19840/21888/23808/25856/27776/29824/31744/33792/35712/37760/39680/41728/43648/45696/47616/49664/51584/53632/55552/57600/59520/61696/63616,0,5,2,1,0,1,1,128,128,64,0,0,0,1,0,2,0,0,1
19281036442081056,0x44800020081720,1,BNSD,BF16,1,256,256,1,1,64,32,11ss,1,1nss,0,0,0.9,0,65536,65536,0,0,,,0,0,2,0,1,1,1,128,128,64,0,0,0,1,0,2,0,0,1
19281036442081058,0x44800020081722,1,BNSD,BF16,1,64,128,1,1,64,16,11ss,1,1nss,0,0,0.9,0,65536,65536,0,0,,,0,1,2,0,1,1,1,128,128,64,0,0,0,1,0,2,0,0,1
19281036442081060,0x44800020081724,1,BSND,BF16,2,64,1024,2,1,64,48,b1ss,1,bnss,1,0,0.5,0,65536,65536,0,0,,,0,5,2,0,1,1,1,128,128,64,0,0,0,1,0,2,0,0,1
19281036442081184,0x448000200817a0,1,TND,BF16,3,2048,2048,2,1,64,16,b1ss,1,slope,2,0,0.9,4,65536,65536,0,0,1024/1792/3840,1024/1792/3840,0,0,2,1,1,1,1,128,128,64,0,0,0,1,0,2,0,0,1
19281036442081186,0x448000200817a2,1,TND,BF16,2,128,128,2,1,64,32,2048,1,slope,2,0,0.9,2,256,65536,0,1,128/128,128/128,0,1,2,1,1,1,1,128,128,64,0,0,0,1,0,2,0,0,1
19281036442081188,0x448000200817a4,1,TND,BF16,32,2048,2176,2,1,64,16,2048,1,1nhs,0,0,0.5,2,128,0,0,0,2048/3968/6016/7936/9984/11904/13952/15872/17920/19840/21888/23808/25856/27776/27776/29696/31744/33664/35712/37632/39680/41600/43648/45568/47616/49536/51584/53504/55552/57472/59520/61440,2048/3968/6016/7936/9984/11904/13952/15872/17920/19840/21888/23808/25856/27776/29824/31744/33792/35712/37760/39680/41728/43648/45696/47616/49664/51584/53632/55552/57600/59520/61696/63616,0,5,2,1,1,1,1,128,128,64,0,0,0,1,0,2,0,0,1
19281036978950176,0x44800040081020,1,BNSD,BF16,1,64,256,1,1,128,72,none,0,,1,0,1.0,0,65536,65536,0,0,,,0,0,2,0,0,0,0,128,128,128,0,0,0,1,0,2,0,0,1
19281036978950178,0x44800040081022,1,BNSD,BF16,1,64,64,1,1,128,72,none,0,,1,0,1.0,0,65536,65536,0,0,,,0,1,2,0,0,0,0,128,128,128,0,0,0,1,0,2,0,0,1
19281036978950180,0x44800040081024,1,BSND,BF16,2,64,1024,2,1,128,64,none,0,,1,0,1.0,0,65536,65536,0,0,,,0,5,2,0,0,0,0,128,128,128,0,0,0,1,0,2,0,0,1
19281036978950304,0x448000400810a0,1,TND,BF16,9,4096,128,2,1,128,48,none,0,,1,0,1.0,0,65536,65536,0,0,4096/8064/12160/16128/16640/17664/17792/18304/19328,128/256/384/512/640/768/896/1024/1152,0,0,2,1,0,0,0,128,128,128,0,0,0,1,0,2,0,0,1
19281036978950306,0x448000400810a2,1,TND,BF16,32,64,128,2,1,72,16,none,0,,1,0,1.0,0,65536,65536,0,1,64/64/64/64/64/64/64/64/64/64/64/64/64/64/64/64/64/64/64/64/64/64/64/64/64/64/64/64/64/64/64/64,128/128/128/128/128/128/128/128/128/128/128/128/128/128/128/128/128/128/128/128/128/128/128/128/128/128/128/128/128/128/128/128,0,1,2,1,0,0,0,128,128,128,0,0,0,1,0,2,0,0,1
19281036978950308,0x448000400810a4,1,TND,BF16,3,2048,2048,2,1,72,48,none,0,,1,0,1.0,0,65536,65536,0,0,1024/3072/4608,1024/3072/4608,0,5,2,1,0,0,0,128,128,128,0,0,0,1,0,2,0,0,1
19281036978950432,0x44800040081120,1,BNSD,BF16,1,128,256,1,1,96,72,none,0,,1,0,0.9,1,65536,65536,0,0,,,0,0,2,0,1,0,0,128,128,128,0,0,0,1,0,2,0,0,1
19281036978950434,0x44800040081122,1,BNSD,BF16,1,128,128,1,1,96,72,none,0,,1,0,0.9,1,65536,65536,0,0,,,0,1,2,0,1,0,0,128,128,128,0,0,0,1,0,2,0,0,1
19281036978950436,0x44800040081124,1,BSND,BF16,2,128,1024,2,1,72,16,none,0,,1,0,0.9,0,65536,65536,2,0,,,0,5,2,0,1,0,0,128,128,128,0,0,0,1,0,2,0,0,1
19281036978950560,0x448000400811a0,1,TND,BF16,3,1024,256,2,1,128,16,none,0,,1,0,0.9,0,65536,65536,0,0,1024/1920/2688,256/384/384,0,0,2,1,1,0,0,128,128,128,0,0,0,1,0,2,0,0,1
19281036978950562,0x448000400811a2,1,TND,BF16,3,64,64,2,1,72,32,none,0,,1,0,0.9,4,65536,65536,0,1,64/107/129,64/107/129,0,1,2,1,1,0,0,128,128,128,0,0,0,1,0,2,0,0,1
19281036978950564,0x448000400811a4,1,TND,BF16,3,1920,1024,2,1,96,16,none,0,,1,0,0.9,4,65536,65536,0,0,1024/1792/3712,1024/2048/3072,0,5,2,1,1,0,0,128,128,128,0,0,0,1,0,2,0,0,1
19281036978950688,0x44800040081220,1,BNSD,BF16,1,64,256,1,1,72,16,none,1,b1ss,1,0,1.0,0,65536,65536,0,0,,,0,0,2,0,0,1,0,128,128,128,0,0,0,1,0,2,0,0,1
19281036978950690,0x44800040081222,1,BNSD,BF16,1,64,64,1,1,72,16,none,1,b1ss,1,0,1.0,0,65536,65536,0,0,,,0,1,2,0,0,1,0,128,128,128,0,0,0,1,0,2,0,0,1
19281036978950692,0x44800040081224,1,BSND,BF16,24,64,1024,2,1,128,64,none,1,1nss,1,0,1.0,0,65536,65536,0,0,,,0,5,2,0,0,1,0,128,128,128,0,0,0,1,0,2,0,0,1
19281036978950816,0x448000400812a0,1,TND,BF16,4,2048,128,2,1,96,72,none,1,slope,2,0,1.0,4,65536,65536,0,0,1024/1792/3840/4096,128/256/384/512,0,0,2,1,0,1,0,128,128,128,0,0,0,1,0,2,0,0,1
19281036978950818,0x448000400812a2,1,TND,BF16,2,128,128,2,1,72,48,none,1,slope,2,0,1.0,4,65536,65536,0,0,128/128,128/128,0,1,2,1,0,1,0,128,128,128,0,0,0,1,0,2,0,0,1
19281036978950820,0x448000400812a4,1,TND,BF16,3,1024,1024,4,1,72,64,none,1,slope,2,0,1.0,4,65536,65536,0,0,1024/2048/3072,1024/2048/3072,0,5,2,1,0,1,0,128,128,128,0,0,0,1,0,2,0,0,1
19281036978950944,0x44800040081320,1,BNSD,BF16,1,256,32,1,1,72,32,none,1,1nss,0,0,0.9,0,65536,65536,0,0,,,0,0,2,0,1,1,0,128,128,128,0,0,0,1,0,2,0,0,1
19281036978950946,0x44800040081322,1,BNSD,BF16,1,64,32,1,1,72,32,none,1,1nss,0,0,0.9,0,65536,65536,0,0,,,0,1,2,0,1,1,0,128,128,128,0,0,0,1,0,2,0,0,1
19281036978950948,0x44800040081324,1,BSND,BF16,2,128,256,8,1,72,16,none,1,bnss,1,0,0.9,2,65536,1024,0,0,,,0,5,2,0,1,1,0,128,128,128,0,0,0,1,0,2,0,0,1
19281036978951072,0x448000400813a0,1,TND,BF16,3,2048,2048,2,1,72,48,none,1,slope,2,0,0.9,4,65536,65536,0,0,1024/1792/3840,1024/1792/3840,0,0,2,1,1,1,0,128,128,128,0,0,0,1,0,2,0,0,1
19281036978951074,0x448000400813a2,1,TND,BF16,2,128,128,2,1,128,64,none,1,slope,2,0,0.9,4,65536,65536,0,0,128/128,128/128,0,1,2,1,1,1,0,128,128,128,0,0,0,1,0,2,0,0,1
19281036978951076,0x448000400813a4,1,TND,BF16,3,1920,1024,2,1,128,120,none,1,slope,2,0,0.5,4,65536,65536,0,0,1024/1792/3712,1024/2048/3072,0,5,2,1,1,1,0,128,128,128,0,0,0,1,0,2,0,0,1
19281036978951200,0x44800040081420,1,BSND,BF16,4,4096,4096,2,1,96,32,2048,0,,1,0,1.0,2,128,0,0,0,,,0,0,2,0,0,0,1,128,128,128,0,0,0,1,0,2,0,0,1
19281036978951202,0x44800040081422,1,BNSD,BF16,1,128,128,1,1,96,48,ss,0,,1,0,1.0,0,65536,65536,0,0,,,0,1,2,0,0,0,1,128,128,128,0,0,0,1,0,2,0,0,1
19281036978951204,0x44800040081424,1,BSND,BF16,2,64,1024,2,1,96,32,ss,0,,1,0,1.0,0,65536,65536,0,0,,,0,5,2,0,0,0,1,128,128,128,0,0,0,1,0,2,0,0,1
19281036978951328,0x448000400814a0,1,TND,BF16,8,2048,2048,2,1,96,32,2048,0,,1,0,1.0,4,128,0,0,0,2048/3968/6016/7936/9984/11904/13952/15872,2048/3968/6016/7936/9984/11904/13952/15872,0,0,2,1,0,0,1,128,128,128,0,0,0,1,0,2,0,0,1
19281036978951330,0x448000400814a2,1,TND,BF16,3,64,64,2,1,72,16,2048,0,,1,0,1.0,2,128,0,0,1,64/107/129,64/107/129,0,1,2,1,0,0,1,128,128,128,0,0,0,1,0,2,0,0,1
19281036978951332,0x448000400814a4,1,TND,BF16,4,4096,4096,2,1,72,32,2048,0,,1,0,1.0,1,128,0,0,0,4096/8064/12160/16128,4096/8064/12160/16128,0,5,2,1,0,0,1,128,128,128,0,0,0,1,0,2,0,0,1
19281036978951456,0x44800040081520,1,BNSD,BF16,1,64,256,1,1,96,32,11ss,0,,1,0,0.9,0,65536,65536,0,0,,,0,0,2,0,1,0,1,128,128,128,0,0,0,1,0,2,0,0,1
19281036978951458,0x44800040081522,1,BNSD,BF16,1,64,64,1,1,96,32,11ss,0,,1,0,0.9,0,65536,65536,0,0,,,0,1,2,0,1,0,1,128,128,128,0,0,0,1,0,2,0,0,1
19281036978951460,0x44800040081524,1,BSND,BF16,2,128,1024,2,1,96,32,bnss,0,,1,0,0.5,0,65536,65536,0,0,,,0,5,2,0,1,0,1,128,128,128,0,0,0,1,0,2,0,0,1
19281036978951584,0x448000400815a0,1,TND,BF16,3,4096,4096,2,1,72,32,2048,0,,1,0,0.9,4,65536,65536,0,0,4096/8064/11904,4096/8064/11904,0,0,2,1,1,0,1,128,128,128,0,0,0,1,0,2,0,0,1
19281036978951586,0x448000400815a2,1,TND,BF16,8,64,64,2,1,72,32,2048,0,,1,0,0.9,4,128,0,0,0,64/107/129/193/236/258/322/365,64/107/129/193/236/258/322/365,0,1,2,1,1,0,1,128,128,128,0,0,0,1,0,2,0,0,1
19281036978951588,0x448000400815a4,1,TND,BF16,4,4096,4096,2,1,96,32,2048,0,,1,0,0.5,2,128,0,0,0,4096/8064/12160/16000,4096/8192/12288/16384,0,5,2,1,1,0,1,128,128,128,0,0,0,1,0,2,0,0,1
19281036978951712,0x44800040081620,1,BSND,BF16,4,4096,4096,2,1,96,32,2048,1,bnhs,1,0,1.0,2,128,0,0,0,,,0,0,2,0,0,1,1,128,128,128,0,0,0,1,0,2,0,0,1
19281036978951714,0x44800040081622,1,BNSD,BF16,1,128,32,1,1,72,16,2048,1,b1ss,1,0,1.0,4,65536,65536,0,1,,,0,1,2,0,0,1,1,128,128,128,0,0,0,1,0,2,0,0,1
19281036978951716,0x44800040081624,1,BSND,BF16,2,64,1024,2,1,72,48,11ss,1,b1ss,0,0,1.0,0,65536,65536,0,0,,,0,5,2,0,0,1,1,128,128,128,0,0,0,1,0,2,0,0,1
19281036978951840,0x448000400816a0,1,TND,BF16,7,4096,128,2,1,96,32,2048,1,bnhs,1,0,1.0,2,128,0,0,0,4096/8064/12160/16128/18176/18240/18752,128/256/384/512/640/768/896,0,0,2,1,0,1,1,128,128,128,0,0,0,1,0,2,0,0,1
19281036978951842,0x448000400816a2,1,TND,BF16,8,128,128,4,1,72,128,2048,1,slope,3,0,1.0,1,65536,65536,0,0,128/214/258/386/472/516/644/730,128/214/258/386/472/516/644/730,0,1,2,1,0,1,1,128,128,128,0,0,0,1,0,2,0,0,1
19281036978951844,0x448000400816a4,1,TND,BF16,4,4096,4096,2,1,96,32,2048,1,bnhs,1,0,1.0,2,128,0,0,0,4096/8064/12160/16128,4096/8064/12160/16128,0,5,2,1,0,1,1,128,128,128,0,0,0,1,0,2,0,0,1
19281036978951968,0x44800040081720,1,BNSD,BF16,1,256,64,1,1,72,32,ss,1,1nss,0,0,0.9,0,65536,65536,0,0,,,0,0,2,0,1,1,1,128,128,128,0,0,0,1,0,2,0,0,1
19281036978951970,0x44800040081722,1,BNSD,BF16,1,128,64,1,1,72,32,ss,1,1nss,0,0,0.9,0,65536,65536,0,0,,,0,1,2,0,1,1,1,128,128,128,0,0,0,1,0,2,0,0,1
19281036978951972,0x44800040081724,1,BSND,BF16,2,128,1024,40,1,96,32,bnss,1,bnss,1,0,0.5,0,65536,65536,0,0,,,0,5,2,0,1,1,1,128,128,128,0,0,0,1,0,2,0,0,1
19281036978952096,0x448000400817a0,1,TND,BF16,4,5120,128,2,1,96,32,2048,1,bnhs,1,0,0.5,2,128,0,0,0,5120/9216/13312/17408,128/256/384/512,0,0,2,1,1,1,1,128,128,128,0,0,0,1,0,2,0,0,1
19281036978952098,0x448000400817a2,1,TND,BF16,8,64,64,2,1,72,32,2048,1,1nhs,1,0,0.9,4,128,0,0,0,64/107/129/193/236/258/322/365,64/107/129/193/236/258/322/365,0,1,2,1,1,1,1,128,128,128,0,0,0,1,0,2,0,0,1
19281036978952100,0x448000400817a4,1,TND,BF16,4,4096,4096,2,1,96,32,2048,1,bnhs,1,0,0.5,2,128,0,0,0,4096/8064/12160/16128,4096/8064/12160/16128,0,5,2,1,1,1,1,128,128,128,0,0,0,1,0,2,0,0,1
19281037515821088,0x44800060081020,1,BNSD,BF16,1,64,256,1,1,192,16,none,0,,1,0,1.0,0,65536,65536,0,0,,,0,0,2,0,0,0,0,128,128,192,0,0,0,1,0,2,0,0,1
19281037515821090,0x44800060081022,1,BNSD,BF16,1,64,64,1,1,192,16,none,0,,1,0,1.0,0,65536,65536,0,0,,,0,1,2,0,0,0,0,128,128,192,0,0,0,1,0,2,0,0,1
19281037515821216,0x448000600810a0,1,TND,BF16,3,2048,2048,2,1,192,32,none,0,,1,0,1.0,4,65536,65536,0,0,1024/1792/3840,1024/1792/3840,0,0,2,1,0,0,0,128,128,192,0,0,0,1,0,2,0,0,1
19281037515821220,0x448000600810a4,1,TND,BF16,3,2048,2048,2,1,192,96,none,0,,1,0,1.0,0,65536,65536,0,0,1024/3072/4608,1024/3072/4608,0,5,2,1,0,0,0,128,128,192,0,0,0,1,0,2,0,0,1
19281037515821344,0x44800060081120,1,BNSD,BF16,1,256,32,1,1,192,96,none,0,,1,0,0.9,0,65536,65536,0,0,,,0,0,2,0,1,0,0,128,128,192,0,0,0,1,0,2,0,0,1
19281037515821346,0x44800060081122,1,BNSD,BF16,1,64,32,1,1,192,96,none,0,,1,0,0.9,0,65536,65536,0,0,,,0,1,2,0,1,0,0,128,128,192,0,0,0,1,0,2,0,0,1
19281037515821472,0x448000600811a0,1,TND,BF16,3,2048,2048,2,1,192,128,none,0,,1,0,0.9,0,65536,65536,0,0,1024/3072/4608,1024/3072/4608,0,0,2,1,1,0,0,128,128,192,0,0,0,1,0,2,0,0,1
19281037515821600,0x44800060081220,1,BNSD,BF16,1,32,512,1,1,192,16,none,1,1nss,1,0,1.0,0,65536,65536,0,0,,,0,0,2,0,0,1,0,128,128,192,0,0,0,1,0,2,0,0,1
19281037515821602,0x44800060081222,1,BNSD,BF16,1,128,128,1,1,192,16,none,1,slope,3,0,1.0,0,65536,65536,0,0,,,0,1,2,0,0,1,0,128,128,192,0,0,0,1,0,2,0,0,1
19281037515821728,0x448000600812a0,1,TND,BF16,2,128,128,2,1,192,48,none,1,slope,2,0,1.0,4,65536,65536,0,0,128/128,128/128,0,0,2,1,0,1,0,128,128,192,0,0,0,1,0,2,0,0,1
19281037515821732,0x448000600812a4,1,TND,BF16,3,2048,2048,4,1,192,128,none,1,slope,2,0,1.0,4,65536,65536,0,0,1024/1792/3840,1024/1792/3840,0,5,2,1,0,1,0,128,128,192,0,0,0,1,0,2,0,0,1
19281037515821856,0x44800060081320,1,BNSD,BF16,48,256,256,1,1,192,64,none,1,bnss,0,0,0.9,0,65536,65536,0,0,,,0,0,2,0,1,1,0,128,128,192,0,0,0,1,0,2,0,0,1
19281037515821858,0x44800060081322,1,BSND,BF16,2,64,64,2,1,192,64,none,1,1nss,1,0,0.9,0,65536,65536,0,0,,,0,1,2,0,1,1,0,128,128,192,0,0,0,1,0,2,0,0,1
19281037515821984,0x448000600813a0,1,TND,BF16,2,128,128,2,1,192,64,none,1,slope,2,0,0.9,4,65536,65536,0,0,128/128,128/128,0,0,2,1,1,1,0,128,128,192,0,0,0,1,0,2,0,0,1
19281037515822112,0x44800060081420,1,TND,BF16,4,4096,128,2,1,192,16,2048,0,,1,0,1.0,2,128,0,0,0,4096/8192/12288/16384,128/256/384/512,0,0,2,0,0,0,1,128,128,192,0,0,0,1,0,2,0,0,1
19281037515822114,0x44800060081422,1,BSND,BF16,2,128,128,2,1,192,128,ss,0,,1,0,1.0,5,128,0,0,1,,,0,1,2,0,0,0,1,128,128,192,0,0,0,1,0,2,0,0,1
19281037515822240,0x448000600814a0,1,TND,BF16,8,2048,2048,2,1,192,72,2048,0,,1,0,1.0,4,128,0,0,0,2048/3968/6016/7936/9984/11904/13952/15872,2048/3968/6016/7936/9984/11904/13952/15872,0,0,2,1,0,0,1,128,128,192,0,0,0,1,0,2,0,0,1
19281037515822244,0x448000600814a4,1,TND,BF16,32,1024,2048,2,1,192,96,2048,0,,1,0,1.0,2,128,0,0,0,1024/2048/3072/4096/5120/6144/7168/8192/9216/10240/11264/12288/13312/14336/15360/16384/17408/18432/19456/20480/21504/22528/23552/24576/25600/26624/27648/28672/29696/30720/31744/32768,2048/4096/6144/8192/10240/12288/14336/16384/18432/20480/22528/24576/26624/28672/30720/32768/34816/36864/38912/40960/43008/45056/47104/49152/51200/53248/55296/57344/59392/61440/63488/65536,0,5,2,1,0,0,1,128,128,192,0,0,0,1,0,2,0,0,1
19281037515822368,0x44800060081520,1,BNSD,BF16,1,128,1024,1,1,192,16,ss,0,,1,0,0.9,0,65536,65536,0,0,,,0,0,2,0,1,0,1,128,128,192,0,0,0,1,0,2,0,0,1
19281037515822370,0x44800060081522,1,BNSD,BF16,1,128,64,1,1,192,16,11ss,0,,1,0,0.9,0,65536,65536,0,0,,,0,1,2,0,1,0,1,128,128,192,0,0,0,1,0,2,0,0,1
19281037515822496,0x448000600815a0,1,TND,BF16,32,64,64,2,1,192,128,2048,0,,1,0,0.9,2,128,0,0,0,64/107/129/193/236/258/322/365/387/451/494/516/580/623/645/709/752/774/838/881/903/967/1010/1032/1096/1139/1161/1225/1268/1290/1354/1397,64/107/129/193/236/258/322/365/387/451/494/516/580/623/645/709/752/774/838/881/903/967/1010/1032/1096/1139/1161/1225/1268/1290/1354/1397,0,0,2,1,1,0,1,128,128,192,0,0,0,1,0,2,0,0,1
19281037515822624,0x44800060081620,1,BNSD,BF16,1,64,256,1,1,192,64,11ss,1,1nss,1,0,1.0,0,65536,65536,0,0,,,0,0,2,0,0,1,1,128,128,192,0,0,0,1,0,2,0,0,1
19281037515822626,0x44800060081622,1,BNSD,BF16,1,64,64,1,1,192,128,2048,1,1nss,1,0,1.0,2,128,0,0,1,,,0,1,2,0,0,1,1,128,128,192,0,0,0,1,0,2,0,0,1
19281037515822752,0x448000600816a0,1,TND,BF16,4,4992,128,2,1,192,128,2048,1,bnhs,1,0,1.0,2,128,0,0,0,4096/8064/12160/17152,128/256/384/512,0,0,2,1,0,1,1,128,128,192,0,0,0,1,0,2,0,0,1
19281037515822756,0x448000600816a4,1,TND,BF16,4,5120,4992,2,1,192,72,2048,1,bnhs,1,0,1.0,2,128,0,0,0,5120/9088/13184/17152,4096/8064/12160/17152,0,5,2,1,0,1,1,128,128,192,0,0,0,1,0,2,0,0,1
19281037515822880,0x44800060081720,1,BNSD,BF16,1,128,256,1,1,192,64,11ss,1,1nss,1,0,0.5,0,65536,65536,0,0,,,0,0,2,0,1,1,1,128,128,192,0,0,0,1,0,2,0,0,1
19281037515822882,0x44800060081722,1,BNSD,BF16,1,128,128,1,1,192,64,11ss,1,1nss,1,0,0.5,0,65536,65536,0,0,,,0,1,2,0,1,1,1,128,128,192,0,0,0,1,0,2,0,0,1
19281037515823008,0x448000600817a0,1,TND,BF16,4,5120,4992,2,1,192,72,2048,1,1nhs,1,0,0.9,2,128,0,0,0,5120/9088/13184/17152,4096/8064/12160/17152,0,0,2,1,1,1,1,128,128,192,0,0,0,1,0,2,0,0,1
19281038052692000,0x44800080081020,1,BNSD,BF16,1,128,256,1,1,256,192,none,0,,1,0,1.0,0,65536,65536,0,0,,,0,0,2,0,0,0,0,128,128,256,0,0,0,1,0,2,0,0,1
19281038052692002,0x44800080081022,1,BNSD,BF16,1,128,128,1,1,256,192,none,0,,1,0,1.0,0,65536,65536,0,0,,,0,1,2,0,0,0,0,128,128,256,0,0,0,1,0,2,0,0,1
19281038052692128,0x448000800810a0,1,TND,BF16,3,1024,1024,2,1,256,16,none,0,,1,0,1.0,4,65536,65536,0,0,1024/1024/1024,1024/1024/1024,0,0,2,1,0,0,0,128,128,256,0,0,0,1,0,2,0,0,1
19281038052692132,0x448000800810a4,1,TND,BF16,3,1024,2048,2,1,256,16,none,0,,1,0,1.0,4,65536,65536,0,0,1024/1792/1792,1024/1920/3968,0,5,2,1,0,0,0,128,128,256,0,0,0,1,0,2,0,0,1
19281038052692256,0x44800080081120,1,BNSD,BF16,1,256,32,1,1,256,32,none,0,,1,0,0.9,0,65536,65536,0,0,,,0,0,2,0,1,0,0,128,128,256,0,0,0,1,0,2,0,0,1
19281038052692258,0x44800080081122,1,BNSD,BF16,1,64,32,1,1,256,32,none,0,,1,0,0.9,0,65536,65536,0,0,,,0,1,2,0,1,0,0,128,128,256,0,0,0,1,0,2,0,0,1
19281038052692384,0x448000800811a0,1,TND,BF16,3,2048,2048,2,1,256,128,none,0,,1,0,0.9,0,65536,65536,0,0,1024/3072/4608,1024/3072/4608,0,0,2,1,1,0,0,128,128,256,0,0,0,1,0,2,0,0,1
19281038052692512,0x44800080081220,1,BNSD,BF16,1,64,256,1,1,256,128,none,1,b1ss,1,0,1.0,0,65536,65536,0,0,,,0,0,2,0,0,1,0,128,128,256,0,0,0,1,0,2,0,0,1
19281038052692514,0x44800080081222,1,BNSD,BF16,1,64,64,1,1,256,128,none,1,b1ss,1,0,1.0,0,65536,65536,0,0,,,0,1,2,0,0,1,0,128,128,256,0,0,0,1,0,2,0,0,1
19281038052692640,0x448000800812a0,1,TND,BF16,2,128,128,2,1,256,48,none,1,slope,2,0,1.0,4,65536,65536,0,0,128/128,128/128,0,0,2,1,0,1,0,128,128,256,0,0,0,1,0,2,0,0,1
19281038052692644,0x448000800812a4,1,TND,BF16,3,2048,2048,4,1,256,48,none,1,slope,2,0,1.0,4,65536,65536,0,0,1024/1792/3840,1024/1792/3840,0,5,2,1,0,1,0,128,128,256,0,0,0,1,0,2,0,0,1
19281038052692768,0x44800080081320,1,BSND,BF16,2,512,512,2,1,256,72,none,1,b1ss,0,0,0.9,0,65536,65536,0,0,,,0,0,2,0,1,1,0,128,128,256,0,0,0,1,0,2,0,0,1
19281038052692770,0x44800080081322,1,BSND,BF16,2,64,64,2,1,256,128,none,1,1nss,1,0,0.9,0,65536,65536,0,0,,,0,1,2,0,1,1,0,128,128,256,0,0,0,1,0,2,0,0,1
19281038052692896,0x448000800813a0,1,TND,BF16,2,128,128,2,1,256,64,none,1,slope,2,0,0.9,4,65536,65536,0,0,128/128,128/128,0,0,2,1,1,1,0,128,128,256,0,0,0,1,0,2,0,0,1
19281038052693024,0x44800080081420,1,BNSD,BF16,1,256,256,1,1,256,16,ss,0,,1,0,1.0,0,65536,65536,0,0,,,0,0,2,0,0,0,1,128,128,256,0,0,0,1,0,2,0,0,1
19281038052693026,0x44800080081422,1,BNSD,BF16,1,32,64,1,1,256,64,2048,0,,1,0,1.0,3,128,0,0,1,,,0,1,2,0,0,0,1,128,128,256,0,0,0,1,0,2,0,0,1
19281038052693152,0x448000800814a0,1,TND,BF16,8,2048,512,2,1,256,72,2048,0,,1,0,1.0,2,128,0,0,0,2048/3968/5760/7808/9728/11520/13568/15488,512/896/1152/1664/2048/2304/2816/3200,0,0,2,1,0,0,1,128,128,256,0,0,0,1,0,2,0,0,1
19281038052693156,0x448000800814a4,1,TND,BF16,4,4096,4480,2,1,256,72,2048,0,,1,0,1.0,2,128,0,0,0,4096/8192/12288/16384,4096/8576/12672/16640,0,5,2,1,0,0,1,128,128,256,0,0,0,1,0,2,0,0,1
19281038052693280,0x44800080081520,1,TND,BF16,1,1024,128,2,1,256,96,2048,0,,1,0,0.9,4,65536,65536,0,0,1024,128,0,0,2,0,1,0,1,128,128,256,0,0,0,1,0,2,0,0,1
19281038052693282,0x44800080081522,1,BNSD,BF16,1,64,128,1,1,256,64,ss,0,,1,0,0.9,0,65536,65536,0,0,,,0,1,2,0,1,0,1,128,128,256,0,0,0,1,0,2,0,0,1
19281038052693408,0x448000800815a0,1,TND,BF16,3,2048,2048,2,1,256,96,2048,0,,1,0,0.9,4,65536,65536,0,0,1024/1792/3840,1024/1792/3840,0,0,2,1,1,0,1,128,128,256,0,0,0,1,0,2,0,0,1
19281038052693536,0x44800080081620,1,BNSD,BF16,1,128,256,1,1,256,128,ss,1,b1ss,1,0,1.0,0,65536,65536,0,0,,,0,0,2,0,0,1,1,128,128,256,0,0,0,1,0,2,0,0,1
19281038052693538,0x44800080081622,1,BNSD,BF16,1,64,64,1,1,256,128,2048,1,1nss,1,0,1.0,2,128,0,0,1,,,0,1,2,0,0,1,1,128,128,256,0,0,0,1,0,2,0,0,1
19281038052693664,0x448000800816a0,1,TND,BF16,4,4992,128,2,1,256,128,2048,1,bnhs,1,0,1.0,2,128,0,0,0,4096/8064/12160/17152,128/256/384/512,0,0,2,1,0,1,1,128,128,256,0,0,0,1,0,2,0,0,1
19281038052693668,0x448000800816a4,1,TND,BF16,32,1024,128,2,1,256,192,2048,1,bnhs,1,0,1.0,2,128,0,0,0,1024/1984/3008/3968/4992/5952/6976/7936/8960/9920/10944/11904/12928/13888/14912/15872/16896/17856/18880/19840/20864/21824/22848/23808/24832/25792/26816/27776/28800/29760/30784/31744,128/256/384/512/640/768/896/1024/1152/1280/1408/1536/1664/1792/1920/2048/2176/2304/2432/2560/2688/2816/2944/3072/3200/3328/3456/3584/3712/3840/3968/4096,0,5,2,1,0,1,1,128,128,256,0,0,0,1,0,2,0,0,1
19281038052693792,0x44800080081720,1,BNSD,BF16,48,256,256,1,1,256,16,ss,1,bnss,1,0,0.9,0,65536,65536,0,0,,,0,0,2,0,1,1,1,128,128,256,0,0,0,1,0,2,0,0,1
19281038052693794,0x44800080081722,1,BNSD,BF16,1,64,128,1,1,256,64,11ss,1,1nss,0,0,0.9,0,65536,128,0,0,,,0,1,2,0,1,1,1,128,128,256,0,0,0,1,0,2,0,0,1
19281038052693920,0x448000800817a0,1,TND,BF16,8,64,64,2,1,256,32,2048,1,1nhs,1,0,0.9,4,128,0,0,0,64/107/129/193/236/258/322/365,64/107/129/193/236/258/322/365,0,0,2,1,1,1,1,128,128,256,0,0,0,1,0,2,0,0,1
19281038589562912,0x448000a0081020,1,SBH,BF16,1,128,256,1,1,320,96,none,0,,1,0,1.0,0,65536,65536,0,0,,,0,0,2,0,0,0,0,128,128,768,0,0,0,1,0,2,0,0,1
19281038589562914,0x448000a0081022,1,BNSD,BF16,1,32,32,1,1,512,16,none,0,,1,0,1.0,0,65536,65536,0,0,,,0,1,2,0,0,0,0,128,128,768,0,0,0,1,0,2,0,0,1
19281038589563040,0x448000a00810a0,1,TND,BF16,3,2048,4096,2,1,320,48,none,0,,1,0,1.0,4,65536,65536,0,0,1024/1024/3072,2048/3584/7680,0,0,2,1,0,0,0,128,128,768,0,0,0,1,0,2,0,0,1
19281038589563044,0x448000a00810a4,1,TND,BF16,3,2048,2048,2,1,512,32,none,0,,1,0,1.0,0,65536,65536,0,0,1024/3072/4608,1024/3072/4608,0,5,2,1,0,0,0,128,128,768,0,0,0,1,0,2,0,0,1
19281038589563168,0x448000a0081120,1,BNSD,BF16,1,256,32,1,1,320,256,none,0,,1,0,0.9,0,65536,65536,0,0,,,0,0,2,0,1,0,0,128,128,768,0,0,0,1,0,2,0,0,1
19281038589563170,0x448000a0081122,1,BNSD,BF16,1,64,32,1,1,320,256,none,0,,1,0,0.9,0,65536,65536,0,0,,,0,1,2,0,1,0,0,128,128,768,0,0,0,1,0,2,0,0,1
19281038589563296,0x448000a00811a0,1,TND,BF16,3,2048,2048,2,1,768,128,none,0,,1,0,0.9,0,65536,65536,0,0,1024/3072/4608,1024/3072/4608,0,0,2,1,1,0,0,128,128,768,0,0,0,1,0,2,0,0,1
19281038589563424,0x448000a0081220,1,BNSD,BF16,1,64,256,1,1,512,48,none,1,b1ss,1,0,1.0,0,65536,65536,0,0,,,0,0,2,0,0,1,0,128,128,768,0,0,0,1,0,2,0,0,1
19281038589563426,0x448000a0081222,1,BNSD,BF16,1,64,64,1,1,512,48,none,1,b1ss,1,0,1.0,0,65536,65536,0,0,,,0,1,2,0,0,1,0,128,128,768,0,0,0,1,0,2,0,0,1
19281038589563552,0x448000a00812a0,1,TND,BF16,3,128,2048,2,1,320,48,none,1,slope,2,0,1.0,4,65536,65536,0,0,128/214/258,2048/3968/5760,0,0,2,1,0,1,0,128,128,768,0,0,0,1,0,2,0,0,1
19281038589563556,0x448000a00812a4,1,TND,BF16,3,1024,1024,2,1,320,48,none,1,slope,2,0,1.0,4,65536,65536,0,0,512/896/1920,1024/2048/3072,0,5,2,1,0,1,0,128,128,768,0,0,0,1,0,2,0,0,1
19281038589563680,0x448000a0081320,1,BNSD,BF16,1,256,32,1,1,320,256,none,1,1nss,0,0,0.9,0,65536,65536,0,0,,,0,0,2,0,1,1,0,128,128,768,0,0,0,1,0,2,0,0,1
19281038589563682,0x448000a0081322,1,BNSD,BF16,1,64,32,1,1,320,256,none,1,1nss,0,0,0.9,0,65536,65536,0,0,,,0,1,2,0,1,1,0,128,128,768,0,0,0,1,0,2,0,0,1
19281038589563808,0x448000a00813a0,1,TND,BF16,2,128,128,2,1,768,64,none,1,slope,2,0,0.9,4,65536,65536,0,0,128/128,128/128,0,0,2,1,1,1,0,128,128,768,0,0,0,1,0,2,0,0,1
19281038589563936,0x448000a0081420,1,BSND,BF16,2,512,512,2,1,320,16,ss,0,,1,0,1.0,5,128,0,0,0,,,0,0,2,0,0,0,1,128,128,768,0,0,0,1,0,2,0,0,1
19281038589563938,0x448000a0081422,1,BNSD,BF16,1,128,64,1,1,512,16,11ss,0,,1,0,1.0,0,65536,65536,0,1,,,0,1,2,0,0,0,1,128,128,768,0,0,0,1,0,2,0,0,1
19281038589564064,0x448000a00814a0,1,TND,BF16,34,2048,128,2,1,512,48,2048,0,,1,0,1.0,2,128,0,0,0,2048/3968/6016/7936/9984/11904/13952/15872/17920/19840/21888/23808/25856/27776/29824/31744/33792/35712/37760/39680/41728/43648/45696/47616/49664/51584/53632/55552/57600/59520/61568/63488/63616/65664,128/256/384/512/640/768/896/1024/1152/1280/1408/1536/1664/1792/1920/2048/2176/2304/2432/2560/2688/2816/2944/3072/3200/3328/3456/3584/3712/3840/3968/4096/4224/4352,0,0,2,1,0,0,1,128,128,768,0,0,0,1,0,2,0,0,1
19281038589564068,0x448000a00814a4,1,TND,BF16,32,2048,2048,2,1,512,48,2048,0,,1,0,1.0,2,128,0,0,0,1024/1984/3008/3968/6016/6976/8000/8960/9984/10944/11968/12928/13952/14912/15936/16896/17920/18880/19904/20864/21888/22848/23872/24832/25856/26816/27840/28800/29824/30784/31808/32768,2048/4096/6144/8192/10240/12288/14336/16384/18432/20480/22528/24576/26624/28672/30720/32768/34816/36864/38912/40960/43008/45056/47104/49152/51200/53248/55296/57344/59392/61440/63488/65536,0,5,2,1,0,0,1,128,128,768,0,0,0,1,0,2,0,0,1
19281038589564192,0x448000a0081520,1,BNSD,BF16,1,256,256,1,1,512,64,ss,0,,1,0,0.9,0,65536,65536,0,0,,,0,0,2,0,1,0,1,128,128,768,0,0,0,1,0,2,0,0,1
19281038589564194,0x448000a0081522,1,BSND,BF16,2,128,128,2,1,320,72,ss,0,,1,0,0.9,5,128,0,0,1,,,0,1,2,0,1,0,1,128,128,768,0,0,0,1,0,2,0,0,1
19281038589564320,0x448000a00815a0,1,TND,BF16,3,2048,2048,2,1,320,64,2048,0,,1,0,0.9,4,65536,65536,0,0,1024/1792/3840,1024/1792/3840,0,0,2,1,1,0,1,128,128,768,0,0,0,1,0,2,0,0,1
19281038589564448,0x448000a0081620,1,BSND,BF16,2,1024,512,2,1,512,64,ss,1,bnhs,0,0,1.0,0,65536,65536,0,0,,,0,0,2,0,0,1,1,128,128,768,0,0,0,1,0,2,0,0,1
19281038589564450,0x448000a0081622,1,BNSD,BF16,1,128,64,2,1,512,16,bnss,1,1nss,1,0,1.0,0,65536,65536,0,0,,,0,1,2,0,0,1,1,128,128,768,0,0,0,1,0,2,0,0,1
19281038589564576,0x448000a00816a0,1,TND,BF16,3,1024,256,2,1,512,192,2048,1,bnhs,1,0,1.0,2,128,0,0,0,1024/1920/2688,256/384/384,0,0,2,1,0,1,1,128,128,768,0,0,0,1,0,2,0,0,1
19281038589564580,0x448000a00816a4,1,TND,BF16,32,2048,128,8,1,512,320,2048,1,bnhs,1,0,1.0,2,128,0,0,0,2048/3968/6016/7936/9984/11904/13952/15872/17920/19840/21888/23808/23808/25728/27776/29696/31744/33664/35712/37632/39680/41600/43648/45568/47616/49536/51584/53504/55552/57472/59520/61440,128/256/384/512/640/768/896/1024/1152/1280/1408/1536/1664/1792/1920/2048/2176/2304/2432/2560/2688/2816/2944/3072/3200/3328/3456/3584/3712/3840/3968/4096,0,5,2,1,0,1,1,128,128,768,0,0,0,1,0,2,0,0,1
19281038589564704,0x448000a0081720,1,BNSD,BF16,1,256,64,1,1,320,256,ss,1,1nss,0,0,0.9,0,65536,65536,0,0,,,0,0,2,0,1,1,1,128,128,768,0,0,0,1,0,2,0,0,1
19281038589564706,0x448000a0081722,1,BNSD,BF16,1,128,64,1,1,320,256,ss,1,1nss,0,0,0.9,0,65536,65536,0,0,,,0,1,2,0,1,1,1,128,128,768,0,0,0,1,0,2,0,0,1
19281038589564832,0x448000a00817a0,1,TND,BF16,8,64,64,2,1,768,32,2048,1,1nhs,1,0,0.9,4,128,0,0,0,64/107/129/193/236/258/322/365,64/107/129/193/236/258/322/365,0,0,2,1,1,1,1,128,128,768,0,0,0,1,0,2,0,0,1
19283235465334816,0x44820020081020,1,BNSD,BF16,1,256,256,1,1,64,16,none,0,,1,0,1.0,6,0,1024,0,1,,,0,0,2,0,0,0,0,128,128,64,1,0,0,1,0,2,0,0,1
19283235465334944,0x448200200810a0,1,TND,BF16,4,1024,512,16,2,32,768,none,0,,1,0,1.0,6,1024,512,2,1,512/1536/1664/2176,0/512/768/896,0,0,2,1,0,0,0,128,128,64,1,0,0,1,0,2,0,0,1
19283235465335072,0x44820020081120,1,BSH,BF16,4,512,512,2,2,64,16,none,0,,1,0,0.9,5,65536,65536,0,1,,,0,0,2,0,1,0,0,128,128,64,1,0,0,1,0,2,0,0,1
19283235465335200,0x448200200811a0,1,TND,BF16,32,10240,128,2,2,64,32,none,0,,1,0,0.5,6,65536,65536,0,1,8192/17408/27648/35840/45056/55296/63488/72704/82944/91136/100352/110592/118784/128000/138240/146432/155648/165888/174080/183296/193536/201728/210944/221184/229376/238592/248832/257024/266240/276480/284672/293888,128/256/384/512/640/768/896/1024/1152/1280/1408/1536/1664/1792/1920/2048/2176/2304/2432/2560/2688/2816/2944/3072/3200/3328/3456/3584/3712/3840/3968/4096,0,0,2,1,1,0,0,128,128,64,1,0,0,1,0,2,0,0,1
19283235465335328,0x44820020081220,1,BSH,BF16,4,512,512,2,2,64,32,none,1,slope,2,0,1.0,5,65536,65536,0,1,,,0,0,2,0,0,1,0,128,128,64,1,0,0,1,0,2,0,0,1
19283235465335456,0x448200200812a0,1,TND,BF16,3,2048,2048,2,1,64,32,none,1,slope,2,0,1.0,6,65536,65536,0,1,1024/1792/3840,1024/1792/3840,0,0,2,1,0,1,0,128,128,64,1,0,0,1,0,2,0,0,1
19283235465335584,0x44820020081320,1,BNSD,BF16,1,2048,128,1,1,64,32,none,1,1nss,1,0,0.9,5,65536,65536,0,1,,,0,0,2,0,1,1,0,128,128,64,1,0,0,1,0,2,0,0,1
19283235465335712,0x448200200813a0,1,TND,BF16,4,512,512,2,2,64,32,none,1,slope,3,0,0.9,6,65536,0,0,1,512/512/512/512,512/512/512/512,0,0,2,1,1,1,0,128,128,64,1,0,0,1,0,2,0,0,1
19283235465335840,0x44820020081420,1,BNSD,BF16,1,256,256,1,2,64,48,2048,0,,1,0,1.0,6,0,1024,0,1,,,0,0,2,0,0,0,1,128,128,64,1,0,0,1,0,2,0,0,1
19283235465335968,0x448200200814a0,1,TND,BF16,3,2048,2048,2,1,64,16,2048,0,,1,0,1.0,6,65536,65536,0,1,1024/1792/3840,1024/1792/3840,0,0,2,1,0,0,1,128,128,64,1,0,0,1,0,2,0,0,1
19283235465336096,0x44820020081520,1,BSND,BF16,2,1024,1024,2,2,64,32,bnss,0,,1,0,0.5,6,65536,65536,0,1,,,0,0,2,0,1,0,1,128,128,64,1,0,0,1,0,2,0,0,1
19283235465336224,0x448200200815a0,1,TND,BF16,3,256,128,2,1,64,16,2048,0,,1,0,0.5,6,128,1024,0,1,256/427/513,128/214/258,0,0,2,1,1,0,1,128,128,64,1,0,0,1,0,2,0,0,1
19283235465336352,0x44820020081620,1,BNSD,BF16,1,256,256,1,1,64,48,2048,1,1nss,1,0,1.0,6,0,1024,0,1,,,0,0,2,0,0,1,1,128,128,64,1,0,0,1,0,2,0,0,1
19283235465336480,0x448200200816a0,1,TND,BF16,16,1024,512,4,1,64,72,2048,1,slope_n,3,0,1.0,6,2048,256,0,1,256/768/896/1024/1536/1536/1792/2816/3840/3840/3904/4928/5440/5440/5696/5696,128/384/384/448/512/1024/1152/1280/1536/1600/2112/2368/2624/2752/3008/3264,0,0,2,1,0,1,1,128,128,64,1,0,0,1,0,2,0,0,1
19283235465336608,0x44820020081720,1,BNSD,BF16,1,256,256,1,1,64,48,2048,1,1nss,1,0,0.9,6,0,1024,0,1,,,0,0,2,0,1,1,1,128,128,64,1,0,0,1,0,2,0,0,1
19283235465336736,0x448200200817a0,1,TND,BF16,16,1024,1024,4,8,16,512,bnss,1,slope,3,0,0.9,6,128,65536,3,1,64/320/1344/1472/1536/1536/1664/2688/3712/4736/4800/4864/4864/5888/6400/6400,1024/1024/1024/1280/1344/1600/2624/2752/3008/3520/3584/4608/5120/5632/5632/5888,0,0,2,1,1,1,1,128,128,64,1,0,0,1,0,2,0,0,1
19283236002205728,0x44820040081020,1,BNSD,BF16,1,256,256,1,1,96,16,none,0,,1,0,1.0,6,65536,1024,0,1,,,0,0,2,0,0,0,0,128,128,128,1,0,0,1,0,2,0,0,1
19283236002205856,0x448200400810a0,1,TND,BF16,3,2176,128,2,1,96,72,none,0,,1,0,1.0,6,0,1024,0,1,1024/1792/3968,128/256/384,0,0,2,1,0,0,0,128,128,128,1,0,0,1,0,2,0,0,1
19283236002205984,0x44820040081120,1,BSND,BF16,2,1024,1024,2,1,128,72,none,0,,1,0,0.9,6,128,1024,0,1,,,0,0,2,0,1,0,0,128,128,128,1,0,0,1,0,2,0,0,1
19283236002206112,0x448200400811a0,1,TND,BF16,16,1024,1024,16,2,96,144,none,0,,0,0,0.9,6,1,512,0,1,256/384/896/1408/1536/1792/2048/2304/2368/2432/2944/3456/3584/4096/5120/5120,256/512/1024/1088/1088/2112/2176/2304/2816/3072/3072/3136/3136/3648/4160/4160,0,0,2,1,1,0,0,128,128,128,1,0,0,1,0,2,0,0,1
19283236002206240,0x44820040081220,1,BNSD,BF16,1,128,1024,1,1,96,16,none,1,1nss,1,0,1.0,5,65536,65536,0,1,,,0,0,2,0,0,1,0,128,128,128,1,0,0,1,0,2,0,0,1
19283236002206368,0x448200400812a0,1,TND,BF16,4,512,512,2,2,128,32,none,1,slope,3,0,1.0,6,65536,0,0,1,512/512/512/512,512/512/512/512,0,0,2,1,0,1,0,128,128,128,1,0,0,1,0,2,0,0,1
19283236002206496,0x44820040081320,1,BSH,BF16,4,512,512,2,2,128,32,none,1,slope,3,0,0.9,6,65536,0,0,1,,,0,0,2,0,1,1,0,128,128,128,1,0,0,1,0,2,0,0,1
19283236002206624,0x448200400813a0,1,TND,BF16,4,512,512,2,2,128,32,none,1,slope,3,0,0.9,6,65536,0,0,1,512/512/512/512,512/512/512/512,0,0,2,1,1,1,0,128,128,128,1,0,0,1,0,2,0,0,1
19283236002206752,0x44820040081420,1,BSND,BF16,2,1024,1024,4,1,72,64,ss,0,,1,0,1.0,5,128,0,0,1,,,0,0,2,0,0,0,1,128,128,128,1,0,0,1,0,2,0,0,1
19283236002206880,0x448200400814a0,1,TND,BF16,16,1024,1024,5,1,72,32,bnss,0,,2,0,1.0,6,128,256,0,1,1024/1024/1280/1536/2560/2624/2688/3200/3456/3968/3968/4096/4096/4224/4736/4864,1024/1280/1344/1344/2368/2368/2624/2624/2688/2752/3008/3072/3200/3456/3520/4032,0,0,2,1,0,0,1,128,128,128,1,0,0,1,0,2,0,0,1
19283236002207008,0x44820040081520,1,BSND,BF16,2,1024,1024,2,1,72,16,ss,0,,1,0,0.5,5,128,0,0,1,,,0,0,2,0,1,0,1,128,128,128,1,0,0,1,0,2,0,0,1
19283236002207136,0x448200400815a0,1,TND,BF16,16,1024,512,4,2,96,128,2048,0,,0,0,0.9,6,2048,0,0,1,256/512/576/1600/2112/2240/2240/2368/2880/3904/4032/4096/5120/5632/5632/5696,0/128/128/128/192/448/448/448/448/448/512/512/1024/1536/1536/2048,0,0,2,1,1,0,1,128,128,128,1,0,0,1,0,2,0,0,1
19283236002207264,0x44820040081620,1,BSH,BF16,4,512,512,2,2,96,72,2048,1,1nss,1,0,1.0,6,128,128,0,1,,,0,0,2,0,0,1,1,128,128,128,1,0,0,1,0,2,0,0,1
19283236002207392,0x448200400816a0,1,TND,BF16,8,512,1024,4,2,72,16,2048,1,slope,3,0,1.0,6,1024,2048,2,1,512/768/832/832/1088/1088/1088/1600,128/192/320/320/384/384/1408/1472,0,0,2,1,0,1,1,128,128,128,1,0,0,1,0,2,0,0,1
19283236002207520,0x44820040081720,1,BSND,BF16,48,1024,1024,2,1,72,16,2048,1,1nhs,1,0,0.5,6,128,0,0,1,,,0,0,2,0,1,1,1,128,128,128,1,0,0,1,0,2,0,0,1
19283236002207648,0x448200400817a0,1,TND,BF16,2,1024,1024,40,1,128,192,bnss,1,slope_n,2,0,0.5,6,0,256,3,1,1024/1088,128/1152,0,0,2,1,1,1,1,128,128,128,1,0,0,1,0,2,0,0,1
19283236539076640,0x44820060081020,1,BNSD,BF16,1,256,256,1,1,192,72,none,0,,1,0,1.0,6,0,1024,0,1,,,0,0,2,0,0,0,0,128,128,192,1,0,0,1,0,2,0,0,1
19283236539076768,0x448200600810a0,1,TND,BF16,8,512,1024,40,4,144,64,none,0,,2,0,1.0,6,256,256,1,1,64/320/384/384/896/960/960/1024,1024/1536/2048/2304/3328/3392/3392/3520,0,0,2,1,0,0,0,128,128,192,1,0,0,1,0,2,0,0,1
19283236539076896,0x44820060081120,1,BSND,BF16,2,1024,1024,2,1,192,128,none,0,,1,0,0.9,5,128,0,0,1,,,0,0,2,0,1,0,0,128,128,192,1,0,0,1,0,2,0,0,1
19283236539077024,0x448200600811a0,1,TND,BF16,16,1024,512,2,1,192,72,none,0,,1,0,0.5,6,0,2048,1,1,0/0/256/1280/2304/2560/2624/2688/2752/2816/3840/4352/4864/4992/5056/5184,64/64/576/576/1088/1600/1664/2176/2688/2816/2880/3136/3392/3456/3520/4032,0,0,2,1,1,0,0,128,128,192,1,0,0,1,0,2,0,0,1
19283236539077152,0x44820060081220,1,BNSD,BF16,1,64,1024,1,1,192,16,none,1,1nss,1,0,1.0,5,65536,65536,0,1,,,0,0,2,0,0,1,0,128,128,192,1,0,0,1,0,2,0,0,1
19283236539077280,0x448200600812a0,1,TND,BF16,2,256,1024,16,4,192,768,none,1,slope_n,3,0,1.0,6,2048,65536,1,1,256/320,1024/1536,0,0,2,1,0,1,0,128,128,192,1,0,0,1,0,2,0,0,1
19283236539077408,0x44820060081320,1,BSH,BF16,4,512,512,2,2,192,32,none,1,slope,3,0,0.9,6,65536,0,0,1,,,0,0,2,0,1,1,0,128,128,192,1,0,0,1,0,2,0,0,1
19283236539077536,0x448200600813a0,1,TND,BF16,4,512,512,2,2,192,32,none,1,slope,3,0,0.9,6,65536,0,0,1,512/512/512/512,512/512/512/512,0,0,2,1,1,1,0,128,128,192,1,0,0,1,0,2,0,0,1
19283236539077664,0x44820060081420,1,BSND,BF16,2,128,256,2,1,192,128,ss,0,,1,0,1.0,5,128,0,0,1,,,0,0,2,0,0,0,1,128,128,192,1,0,0,1,0,2,0,0,1
19283236539077792,0x448200600814a0,1,TND,BF16,3,2048,2048,2,1,192,48,11ss,0,,1,0,1.0,6,0,65536,0,1,1024/1792/3840,1024/1792/3840,0,0,2,1,0,0,1,128,128,192,1,0,0,1,0,2,0,0,1
19283236539077920,0x44820060081520,1,BSND,BF16,64,256,512,16,1,192,144,bnss,0,,0,0,0.9,5,128,65536,2,1,,,0,0,2,0,1,0,1,128,128,192,1,0,0,1,0,2,0,0,1
19283236539078048,0x448200600815a0,1,TND,BF16,3,2048,2048,2,1,192,48,11ss,0,,1,0,0.5,6,0,65536,0,1,1024/1792/3840,1024/1792/3840,0,0,2,1,1,0,1,128,128,192,1,0,0,1,0,2,0,0,1
19283236539078176,0x44820060081620,1,BSND,BF16,24,1024,1024,2,1,192,128,2048,1,1nhs,1,0,1.0,6,128,0,0,1,,,0,0,2,0,0,1,1,128,128,192,1,0,0,1,0,2,0,0,1
19283236539078304,0x448200600816a0,1,TND,BF16,16,1024,1024,40,2,144,192,b1ss,1,slope,3,0,1.0,6,1,0,2,1,1024/2048/2048/3072/3328/4352/4480/4992/6016/7040/8064/8192/8448/8512/9536/9664,0/0/64/192/256/768/832/832/1856/2880/3136/3392/4416/4480/4480/4992,0,0,2,1,0,1,1,128,128,192,1,0,0,1,0,2,0,0,1
19283236539078432,0x44820060081720,1,BSND,BF16,1,1024,1024,2,1,192,72,2048,1,1nhs,1,0,0.5,6,128,0,0,1,,,0,0,2,0,1,1,1,128,128,192,1,0,0,1,0,2,0,0,1
19283236539078560,0x448200600817a0,1,TND,BF16,2,512,512,16,1,144,16,ss,1,slope,3,0,0.9,6,2048,64,0,1,256/768,64/576,0,0,2,1,1,1,1,128,128,192,1,0,0,1,0,2,0,0,1
19283237075947552,0x44820080081020,1,SBH,BF16,1,256,256,1,1,256,72,none,0,,1,0,1.0,6,1024,0,0,1,,,0,0,2,0,0,0,0,128,128,256,1,0,0,1,0,2,0,0,1
19283237075947680,0x448200800810a0,1,TND,BF16,4,4096,4096,2,1,256,128,none,0,,1,0,1.0,6,0,0,0,1,4096/8064/12160/16128,4096/8064/12160/16128,0,0,2,1,0,0,0,128,128,256,1,0,0,1,0,2,0,0,1
19283237075947808,0x44820080081120,1,BNSD,BF16,1,256,256,1,1,256,128,none,0,,1,0,0.9,6,65536,65536,0,1,,,0,0,2,0,1,0,0,128,128,256,1,0,0,1,0,2,0,0,1
19283237075947936,0x448200800811a0,1,TND,BF16,4,512,256,2,2,256,32,none,0,,1,0,0.9,6,65536,0,0,1,512/512/512/512,256/256/256/256,0,0,2,1,1,0,0,128,128,256,1,0,0,1,0,2,0,0,1
19283237075948064,0x44820080081220,1,BSND,BF16,1,256,256,1,2,256,16,none,1,1nss,1,0,1.0,6,65536,65536,0,1,,,0,0,2,0,0,1,0,128,128,256,1,0,0,1,0,2,0,0,1
19283237075948192,0x448200800812a0,1,TND,BF16,4,512,512,4,2,256,32,none,1,slope,3,0,1.0,6,65536,0,0,1,512/512/512/512,512/512/512/512,0,0,2,1,0,1,0,128,128,256,1,0,0,1,0,2,0,0,1
19283237075948320,0x44820080081320,1,SBH,BF16,1,256,256,1,1,256,48,none,1,1nss,0,0,0.9,6,128,0,0,1,,,0,0,2,0,1,1,0,128,128,256,1,0,0,1,0,2,0,0,1
19283237075948448,0x448200800813a0,1,TND,BF16,4,512,256,2,2,256,32,none,1,slope,3,0,0.9,6,65536,0,0,1,512/512/512/512,256/256/256/256,0,0,2,1,1,1,0,128,128,256,1,0,0,1,0,2,0,0,1
19283237075948576,0x44820080081420,1,BNSD,BF16,1,256,256,1,1,256,48,2048,0,,1,0,1.0,6,0,128,0,1,,,0,0,2,0,0,0,1,128,128,256,1,0,0,1,0,2,0,0,1
19283237075948704,0x448200800814a0,1,TND,BF16,3,2048,2048,2,1,256,128,11ss,0,,1,0,1.0,6,0,0,0,1,1024/1792/3840,1024/1792/3840,0,0,2,1,0,0,1,128,128,256,1,0,0,1,0,2,0,0,1
19283237075948832,0x44820080081520,1,BSND,BF16,2,1024,1024,2,2,256,128,bnss,0,,1,0,0.5,5,65536,65536,0,1,,,0,0,2,0,1,0,1,128,128,256,1,0,0,1,0,2,0,0,1
19283237075948960,0x448200800815a0,1,TND,BF16,2,1024,1024,1,4,256,96,b1ss,0,,1,0,0.9,6,128,1,3,1,64/1088,0/1024,0,0,2,1,1,0,1,128,128,256,1,0,0,1,0,2,0,0,1
19283237075949088,0x44820080081620,1,BSND,BF16,24,1024,1024,2,1,256,128,2048,1,1nhs,1,0,1.0,6,128,0,0,1,,,0,0,2,0,0,1,1,128,128,256,1,0,0,1,0,2,0,0,1
19283237075949216,0x448200800816a0,1,TND,BF16,4,512,1024,5,1,256,128,ss,1,slope_n,2,0,1.0,6,65536,256,3,1,512/1024/1280/1792,64/1088/1088/1152,0,0,2,1,0,1,1,128,128,256,1,0,0,1,0,2,0,0,1
19283237075949344,0x44820080081720,1,BSH,BF16,4,512,512,2,2,256,32,ss,1,slope,3,0,0.9,6,65536,0,0,1,,,0,0,2,0,1,1,1,128,128,256,1,0,0,1,0,2,0,0,1
19283237075949472,0x448200800817a0,1,TND,BF16,16,1024,1024,12,8,256,16,11ss,1,slope_n,3,0,0.5,6,1024,64,3,1,64/128/192/1216/1472/1984/2112/3136/3264/3776/3840/4096/4352/4608/4608/4672,1024/1088/1088/1600/1600/1664/2688/2752/3776/4288/4288/4352/4416/4672/4928/5184,0,0,2,1,1,1,1,128,128,256,1,0,0,1,0,2,0,0,1
19283237612818464,0x448200a0081020,1,BNSD,BF16,1,256,256,1,1,320,32,none,0,,1,0,1.0,6,65536,1024,0,1,,,0,0,2,0,0,0,0,128,128,768,1,0,0,1,0,2,0,0,1
19283237612818592,0x448200a00810a0,1,TND,BF16,4,4096,4096,2,1,512,192,none,0,,1,0,1.0,6,0,0,0,1,4096/8064/12160/16128,4096/8064/12160/16128,0,0,2,1,0,0,0,128,128,768,1,0,0,1,0,2,0,0,1
19283237612818720,0x448200a0081120,1,BNSD,BF16,1,256,256,1,1,512,16,none,0,,1,0,0.9,6,1024,0,0,1,,,0,0,2,0,1,0,0,128,128,768,1,0,0,1,0,2,0,0,1
19283237612818848,0x448200a00811a0,1,TND,BF16,16,1024,1024,1,1,768,72,none,0,,1,0,0.9,6,65536,1024,0,1,0/512/576/832/960/1984/2240/2752/2752/3776/3840/4864/4992/5120/5376/5632,64/1088/1152/1664/2688/2816/2944/3456/4480/4544/4672/4928/5056/5568/5632/5760,0,0,2,1,1,0,0,128,128,768,1,0,0,1,0,2,0,0,1
19283237612818976,0x448200a0081220,1,BNSD,BF16,1,2048,256,1,1,320,256,none,1,1nss,0,0,1.0,5,65536,65536,0,1,,,0,0,2,0,0,1,0,128,128,768,1,0,0,1,0,2,0,0,1
19283237612819104,0x448200a00812a0,1,TND,BF16,3,2048,2048,2,1,512,72,none,1,slope,2,0,1.0,6,65536,65536,0,1,1024/1792/3840,1024/1792/3840,0,0,2,1,0,1,0,128,128,768,1,0,0,1,0,2,0,0,1
19283237612819232,0x448200a0081320,1,BSH,BF16,4,512,512,2,2,320,64,none,1,bnss,1,0,0.9,6,65536,0,0,1,,,0,0,2,0,1,1,0,128,128,768,1,0,0,1,0,2,0,0,1
19283237612819360,0x448200a00813a0,1,TND,BF16,4,512,256,2,2,512,32,none,1,slope,3,0,0.9,6,65536,0,0,1,512/512/512/512,256/256/256/256,0,0,2,1,1,1,0,128,128,768,1,0,0,1,0,2,0,0,1
19283237612819488,0x448200a0081420,1,BSND,BF16,2,1024,1024,2,1,320,72,ss,0,,1,0,1.0,5,128,0,0,1,,,0,0,2,0,0,0,1,128,128,768,1,0,0,1,0,2,0,0,1
19283237612819616,0x448200a00814a0,1,TND,BF16,3,2048,2048,2,1,768,128,11ss,0,,1,0,1.0,6,0,0,0,1,1024/1792/3840,1024/1792/3840,0,0,2,1,0,0,1,128,128,768,1,0,0,1,0,2,0,0,1
19283237612819744,0x448200a0081520,1,BSND,BF16,2,2048,1024,2,1,320,72,ss,0,,1,0,0.9,5,128,0,0,1,,,0,0,2,0,1,0,1,128,128,768,1,0,0,1,0,2,0,0,1
19283237612819872,0x448200a00815a0,1,TND,BF16,16,1024,1024,8,1,768,128,11ss,0,,0,0,0.9,6,2048,0,0,1,1024/1024/1536/1792/1856/2112/3136/3264/3264/3328/4352/5376/6400/6400/6528/6592,256/256/320/576/1600/1664/2176/2688/2816/2944/3008/3520/4544/4672/4672/4736,0,0,2,1,1,0,1,128,128,768,1,0,0,1,0,2,0,0,1
19283237612820000,0x448200a0081620,1,BSND,BF16,24,1024,1024,2,1,768,128,2048,1,1nhs,1,0,1.0,6,128,0,0,1,,,0,0,2,0,0,1,1,128,128,768,1,0,0,1,0,2,0,0,1
19283237612820128,0x448200a00816a0,1,TND,BF16,16,1024,1024,1,1,768,32,11ss,1,slope,3,0,1.0,6,0,1024,2,1,512/512/1536/1664/1920/2048/2048/3072/3328/3840/3840/3968/3968/4224/4288/4288,128/256/768/832/1856/2880/2880/2880/2880/3392/3456/4480/4480/4608/5120/5120,0,0,2,1,0,1,1,128,128,768,1,0,0,1,0,2,0,0,1
19283237612820256,0x448200a0081720,1,BNSD,BF16,1,2048,64,1,1,320,192,2048,1,1nss,1,0,0.9,6,1024,0,0,1,,,0,0,2,0,1,1,1,128,128,768,1,0,0,1,0,2,0,0,1
19283237612820384,0x448200a00817a0,1,TND,BF16,16,1024,1024,16,1,768,128,11ss,1,slope,2,0,0.5,6,2048,65536,3,1,0/1024/1088/1152/1664/1920/2944/3456/3584/3584/3840/3968/4224/4288/4800/5312,1024/1024/1024/2048/2560/2624/2880/3904/4160/4288/4288/4288/4352/4416/4416/4416,0,0,2,1,1,1,1,128,128,768,1,0,0,1,0,2,0,0,1
19285434488590368,0x44840020081020,1,SBH,BF16,1,256,256,2,2,64,16,none,0,,1,0,1.0,0,65536,65536,0,1,,,0,0,2,0,0,0,0,128,128,64,2,0,0,1,0,2,0,0,1
19285434488590496,0x448400200810a0,1,TND,BF16,3,64,128,1,2,64,48,none,0,,1,0,1.0,0,128,0,0,1,64/107/129,128/214/258,0,0,2,1,0,0,0,128,128,64,2,0,0,1,0,2,0,0,1
19285434488590624,0x44840020081120,1,BSH,BF16,4,512,512,2,2,64,16,none,0,,1,0,0.9,0,65536,65536,0,1,,,0,0,2,0,1,0,0,128,128,64,2,0,0,1,0,2,0,0,1
19285434488590752,0x448400200811a0,1,TND,BF16,4,4096,4096,1,2,64,32,none,0,,1,0,0.9,3,0,1024,0,1,4096/8064/12160/16128,4096/8064/12160/16128,0,0,2,1,1,0,0,128,128,64,2,0,0,1,0,2,0,0,1
19285434488590880,0x44840020081220,1,BSH,BF16,1,512,512,2,2,64,32,none,1,slope,2,0,1.0,0,65536,65536,0,1,,,0,0,2,0,0,1,0,128,128,64,2,0,0,1,0,2,0,0,1
19285434488591008,0x448400200812a0,1,TND,BF16,4,512,256,2,2,64,32,none,1,slope,2,0,1.0,0,65536,65536,0,1,512/512/512/512,256/256/256/256,0,0,2,1,0,1,0,128,128,64,2,0,0,1,0,2,0,0,1
19285434488591136,0x44840020081320,1,BSH,BF16,4,512,512,2,2,64,32,none,1,slope,2,0,0.5,0,65536,65536,0,1,,,0,0,2,0,1,1,0,128,128,64,2,0,0,1,0,2,0,0,1
19285434488591264,0x448400200813a0,1,TND,BF16,4,512,512,2,2,63,32,none,1,slope,3,0,0.9,3,65536,0,0,1,512/512/512/512,512/512/512/512,0,0,2,1,1,1,0,128,128,64,2,0,0,1,0,2,0,0,1
19285434488591392,0x44840020081420,1,BNSD,BF16,1,256,256,1,2,64,48,2048,0,,1,0,1.0,4,1024,65536,0,1,,,0,0,2,0,0,0,1,128,128,64,2,0,0,1,0,2,0,0,1
19285434488591520,0x448400200814a0,1,TND,BF16,2,1024,512,2,2,64,48,ss,0,,1,0,1.0,1,65536,0,0,1,1024/1024,512/512,0,0,2,1,0,0,1,128,128,64,2,0,0,1,0,2,0,0,1
19285434488591648,0x44840020081520,1,BSH,BF16,4,512,512,2,2,64,32,2048,0,,1,0,0.9,4,1024,1024,0,1,,,0,0,2,0,1,0,1,128,128,64,2,0,0,1,0,2,0,0,1
19285434488591776,0x448400200815a0,1,TND,BF16,16,1024,1024,4,2,64,96,bnss,0,,2,0,0.9,1,1024,1,2,1,64/128/192/320/832/832/1088/2112/2112/2112/3136/3392/3392/3904/4928/5952,64/320/1344/2368/2880/3008/3264/3520/3584/3840/3904/4928/5952/6080/6080/7104,0,0,2,1,1,0,1,128,128,64,2,0,0,1,0,2,0,0,1
19285434488591904,0x44840020081620,1,BSH,BF16,4,512,512,2,2,64,32,ss,1,slope,2,0,1.0,0,65536,65536,0,1,,,0,0,2,0,0,1,1,128,128,64,2,0,0,1,0,2,0,0,1
19285434488592032,0x448400200816a0,1,TND,BF16,4,512,256,1,8,64,32,11ss,1,slope,2,0,1.0,0,65536,65536,0,1,512/512/512/512,256/256/256/256,0,0,2,1,0,1,1,128,128,64,2,0,0,1,0,2,0,0,1
19285434488592160,0x44840020081720,1,BSH,BF16,4,512,512,2,2,64,32,ss,1,slope,2,0,0.5,0,65536,65536,0,1,,,0,0,2,0,1,1,1,128,128,64,2,0,0,1,0,2,0,0,1
19285434488592288,0x448400200817a0,1,TND,BF16,16,1024,1024,2,8,32,256,b1ss,1,slope,2,0,0.5,1,64,1024,3,1,1024/1024/2048/2048/3072/4096/4352/5376/6400/6656/6784/7296/7808/7808/7936/8960,0/512/576/704/704/1728/1984/2112/2240/2752/2880/3392/4416/5440/5568/5632,0,0,2,1,1,1,1,128,128,64,2,0,0,1,0,2,0,0,1
19285435025461280,0x44840040081020,1,BNSD,BF16,1,256,256,2,2,128,32,none,0,,1,0,1.0,0,65536,65536,0,1,,,0,0,2,0,0,0,0,128,128,128,2,0,0,1,0,2,0,0,1
19285435025461408,0x448400400810a0,1,TND,BF16,3,2048,2048,1,2,72,64,none,0,,1,0,1.0,4,65536,65536,0,1,1024/1792/3840,1024/1792/3840,0,0,2,1,0,0,0,128,128,128,2,0,0,1,0,2,0,0,1
19285435025461536,0x44840040081120,1,SBH,BF16,1,128,128,1,2,96,72,none,0,,1,0,0.9,0,65536,65536,0,1,,,0,0,2,0,1,0,0,128,128,128,2,0,0,1,0,2,0,0,1
19285435025461664,0x448400400811a0,1,TND,BF16,3,128,128,8,4,96,144,none,0,,1,0,0.9,3,65536,2048,2,1,128/192/192,128/192/192,0,0,2,1,1,0,0,128,128,128,2,0,0,1,0,2,0,0,1
19285435025461792,0x44840040081220,1,BNSD,BF16,1,256,256,2,2,72,48,none,1,b1ss,1,0,1.0,0,65536,65536,0,1,,,0,0,2,0,0,1,0,128,128,128,2,0,0,1,0,2,0,0,1
19285435025461920,0x448400400812a0,1,TND,BF16,3,2048,2048,2,4,72,64,none,1,slope,2,0,1.0,4,65536,65536,0,1,1024/1792/3840,1024/1792/3840,0,0,2,1,0,1,0,128,128,128,2,0,0,1,0,2,0,0,1
19285435025462048,0x44840040081320,1,SBH,BF16,1,256,256,1,2,96,72,none,1,1nss,1,0,0.9,0,65536,65536,0,1,,,0,0,2,0,1,1,0,128,128,128,2,0,0,1,0,2,0,0,1
19285435025462176,0x448400400813a0,1,TND,BF16,3,1024,1024,5,2,128,768,none,1,slope_n,2,0,0.5,1,256,0,2,1,0/1024/1088,128/1152/1280,0,0,2,1,1,1,0,128,128,128,2,0,0,1,0,2,0,0,1
19285435025462304,0x44840040081420,1,BNSD,BF16,2,256,256,1,2,72,32,2048,0,,1,0,1.0,4,1024,65536,0,1,,,0,0,2,0,0,0,1,128,128,128,2,0,0,1,0,2,0,0,1
19285435025462432,0x448400400814a0,1,TND,BF16,3,2048,2048,1,2,128,32,2048,0,,1,0,1.0,4,65536,65536,0,1,1024/1792/3840,1024/1792/3840,0,0,2,1,0,0,1,128,128,128,2,0,0,1,0,2,0,0,1
19285435025462560,0x44840040081520,1,BSH,BF16,4,1024,1024,2,2,72,32,b1ss,0,,1,0,0.9,0,65536,65536,0,1,,,0,0,2,0,1,0,1,128,128,128,2,0,0,1,0,2,0,0,1
19285435025462688,0x448400400815a0,1,TND,BF16,16,1024,512,4,4,72,64,bnss,0,,1,0,0.5,1,0,2048,3,1,1024/1280/1792/2304/2432/3456/3968/4224/4352/4352/4608/4608/5120/6144/6400/6912,512/768/1024/1536/1792/1856/1920/2048/2112/2368/2432/2560/2688/2944/3072/3200,0,0,2,1,1,0,1,128,128,128,2,0,0,1,0,2,0,0,1
19285435025462816,0x44840040081620,1,BSND,BF16,2,1024,1024,1,2,128,96,b1ss,1,slope,3,0,1.0,0,65536,65536,0,1,,,0,0,2,0,0,1,1,128,128,128,2,0,0,1,0,2,0,0,1
19285435025462944,0x448400400816a0,1,TND,BF16,8,1024,512,16,4,128,144,11ss,1,slope,3,0,1.0,1,256,128,2,1,128/192/704/832/1088/2112/2368/2496,128/640/640/896/960/1472/1536/2048,0,0,2,1,0,1,1,128,128,128,2,0,0,1,0,2,0,0,1
19285435025463072,0x44840040081720,1,SBH,BF16,1,512,256,2,2,128,96,11ss,1,1nss,1,0,0.9,1,128,0,0,1,,,0,0,2,0,1,1,1,128,128,128,2,0,0,1,0,2,0,0,1
19285435025463200,0x448400400817a0,1,TND,BF16,16,1024,1024,4,4,72,128,bnss,1,slope,3,0,0.5,1,1,0,3,1,512/1024/1152/2176/2688/3200/3200/3712/3712/3712/3776/4800/5056/5184/6208/6336,1024/1152/2176/2432/3456/3712/3712/3712/3776/4800/4928/5440/5440/6464/6464/6528,0,0,2,1,1,1,1,128,128,128,2,0,0,1,0,2,0,0,1
19285435562332192,0x44840060081020,1,BNSD,BF16,1,256,256,2,2,192,16,none,0,,1,0,1.0,4,128,65536,0,1,,,0,0,2,0,0,0,0,128,128,192,2,0,0,1,0,2,0,0,1
19285435562332320,0x448400600810a0,1,TND,BF16,16,1024,1024,40,2,192,128,none,0,,2,0,1.0,0,0,512,0,1,0/64/128/640/768/768/768/1280/1280/1792/2048/3072/3136/4160/4672/4672,256/256/768/896/960/960/1024/1280/1536/1792/1792/1792/2816/3328/3392/3456,0,0,2,1,0,0,0,128,128,192,2,0,0,1,0,2,0,0,1
19285435562332448,0x44840060081120,1,SBH,BF16,1,256,256,1,2,192,128,none,0,,1,0,0.9,0,65536,65536,0,1,,,0,0,2,0,1,0,0,128,128,192,2,0,0,1,0,2,0,0,1
19285435562332576,0x448400600811a0,1,TND,BF16,4,4096,4096,1,2,192,184,none,0,,1,0,0.5,3,0,1024,0,1,4096/8064/12160/16128,4096/8064/12160/16128,0,0,2,1,1,0,0,128,128,192,2,0,0,1,0,2,0,0,1
19285435562332704,0x44840060081220,1,BSH,BF16,4,512,512,2,2,192,72,none,1,slope,2,0,1.0,0,65536,65536,0,1,,,0,0,2,0,0,1,0,128,128,192,2,0,0,1,0,2,0,0,1
19285435562332832,0x448400600812a0,1,TND,BF16,16,1024,1024,5,4,144,256,none,1,slope_n,2,0,1.0,1,65536,512,0,1,256/320/1344/1856/2112/2176/2176/3200/3456/4480/4992/6016/7040/7104/8128/8256,64/1088/1344/1472/1984/2112/2624/2880/2880/3008/3264/3392/3904/4032/5056/6080,0,0,2,1,0,1,0,128,128,192,2,0,0,1,0,2,0,0,1
19285435562332960,0x44840060081320,1,BSH,BF16,4,512,512,2,2,192,64,none,1,b1ss,1,0,0.9,0,65536,65536,0,1,,,0,0,2,0,1,1,0,128,128,192,2,0,0,1,0,2,0,0,1
19285435562333088,0x448400600813a0,1,TND,BF16,16,1024,1024,40,2,192,16,none,1,slope_n,2,0,0.5,0,64,1024,1,1,256/384/512/768/832/1344/1344/2368/3392/3904/3904/4032/4096/4608/4736/5760,512/1024/1536/1664/2688/3200/3456/3456/3584/3712/3776/3904/4416/5440/5504/5632,0,0,2,1,1,1,0,128,128,192,2,0,0,1,0,2,0,0,1
19285435562333216,0x44840060081420,1,SBH,BF16,1,128,64,1,2,192,96,11ss,0,,1,0,1.0,0,65536,65536,0,1,,,0,0,2,0,0,0,1,128,128,192,2,0,0,1,0,2,0,0,1
19285435562333344,0x448400600814a0,1,TND,BF16,4,4096,4096,2,2,192,128,ss,0,,1,0,1.0,0,65536,65536,0,1,4096/8064/12160/16128,4096/8064/12160/16128,0,0,2,1,0,0,1,128,128,192,2,0,0,1,0,2,0,0,1
19285435562333472,0x44840060081520,1,BNSD,BF16,1,1024,128,1,2,192,64,2048,0,,1,0,0.5,4,65536,65536,0,1,,,0,0,2,0,1,0,1,128,128,192,2,0,0,1,0,2,0,0,1
19285435562333600,0x448400600815a0,1,TND,BF16,2,1024,256,5,2,144,16,11ss,0,,0,0,0.5,1,512,0,0,1,1024/1536,64/320,0,0,2,1,1,0,1,128,128,192,2,0,0,1,0,2,0,0,1
19285435562333728,0x44840060081620,1,BSH,BF16,4,512,512,2,2,192,32,ss,1,b1ss,1,0,1.0,0,65536,65536,0,1,,,0,0,2,0,0,1,1,128,128,192,2,0,0,1,0,2,0,0,1
19285435562333856,0x448400600816a0,1,TND,BF16,32,2048,2048,2,4,192,128,2048,1,slope_n,3,0,1.0,4,65536,65536,0,1,2048/3968/6016/7936/9984/11904/13952/15872/17920/19840/21888/23808/25856/27776/29824/31744/33792/35712/37760/39680/41728/43648/45696/47616/49664/51584/53632/55552/57600/59520/61568/63488,2048/3968/6016/7936/9984/11904/13952/15872/17920/19840/21888/23808/25856/27776/29824/31744/33792/35712/37760/39680/41728/43648/45696/47616/49664/51584/53632/55552/57600/59520/61568/63488,0,0,2,1,0,1,1,128,128,192,2,0,0,1,0,2,0,0,1
19285435562333984,0x44840060081720,1,BSH,BF16,4,512,512,2,2,192,64,ss,1,b1ss,1,0,0.9,0,65536,65536,0,1,,,0,0,2,0,1,1,1,128,128,192,2,0,0,1,0,2,0,0,1
19285435562334112,0x448400600817a0,1,TND,BF16,8,1024,1024,4,2,192,512,11ss,1,slope_n,2,0,0.9,1,65536,65536,2,1,1024/1536/1600/2112/2624/2880/3392/3520,0/0/1024/1152/1216/1216/2240/2304,0,0,2,1,1,1,1,128,128,192,2,0,0,1,0,2,0,0,1
19285436099203104,0x44840080081020,1,BNSD,BF16,1,256,256,1,2,256,128,none,0,,1,0,1.0,0,65536,65536,0,1,,,0,0,2,0,0,0,0,128,128,256,2,0,0,1,0,2,0,0,1
19285436099203232,0x448400800810a0,1,TND,BF16,3,2048,2048,2,2,256,64,none,0,,1,0,1.0,4,65536,65536,0,1,1024/1792/3840,1024/1792/3840,0,0,2,1,0,0,0,128,128,256,2,0,0,1,0,2,0,0,1
19285436099203360,0x44840080081120,1,BSH,BF16,48,256,256,2,2,256,32,none,0,,1,0,0.9,0,65536,65536,0,1,,,0,0,2,0,1,0,0,128,128,256,2,0,0,1,0,2,0,0,1
19285436099203488,0x448400800811a0,1,TND,BF16,4,512,512,2,2,256,32,none,0,,1,0,0.9,0,65536,65536,0,1,512/512/512/512,512/512/512/512,0,0,2,1,1,0,0,128,128,256,2,0,0,1,0,2,0,0,1
19285436099203616,0x44840080081220,1,BSND,BF16,1,256,256,1,2,256,16,none,1,1nss,1,0,1.0,0,65536,65536,0,1,,,0,0,2,0,0,1,0,128,128,256,2,0,0,1,0,2,0,0,1
19285436099203744,0x448400800812a0,1,TND,BF16,3,1024,1920,2,8,256,128,none,1,slope,2,0,1.0,2,65536,65536,0,1,1024/1792/1792,1024/1792/3712,0,0,2,1,0,1,0,128,128,256,2,0,0,1,0,2,0,0,1
19285436099203872,0x44840080081320,1,BSH,BF16,48,512,512,2,2,256,32,none,1,bnss,1,0,0.9,0,65536,65536,0,1,,,0,0,2,0,1,1,0,128,128,256,2,0,0,1,0,2,0,0,1
19285436099204000,0x448400800813a0,1,TND,BF16,3,512,512,2,2,256,128,none,1,slope,2,0,0.5,4,65536,65536,0,1,512/896/1152,512/896/1152,0,0,2,1,1,1,0,128,128,256,2,0,0,1,0,2,0,0,1
19285436099204128,0x44840080081420,1,BNSD,BF16,1,256,256,1,2,256,48,2048,0,,1,0,1.0,4,65536,65536,0,1,,,0,0,2,0,0,0,1,128,128,256,2,0,0,1,0,2,0,0,1
19285436099204256,0x448400800814a0,1,TND,BF16,4,4096,4096,2,2,256,128,ss,0,,1,0,1.0,0,65536,65536,0,1,4096/8064/12160/16128,4096/8064/12160/16128,0,0,2,1,0,0,1,128,128,256,2,0,0,1,0,2,0,0,1
19285436099204384,0x44840080081520,1,BSH,BF16,4,512,512,2,2,256,32,ss,0,,1,0,0.9,0,65536,65536,0,1,,,0,0,2,0,1,0,1,128,128,256,2,0,0,1,0,2,0,0,1
19285436099204512,0x448400800815a0,1,TND,BF16,16,1024,1024,16,4,256,72,2048,0,,1,0,0.5,1,2048,2048,2,1,128/1152/2176/2304/2816/2944/3456/3712/3840/3968/4096/4160/4160/4160/4224/4480,128/256/1280/2304/2304/2560/2816/2944/3456/4480/5504/6016/6016/6144/6656/7168,0,0,2,1,1,0,1,128,128,256,2,0,0,1,0,2,0,0,1
19285436099204640,0x44840080081620,1,SBH,BF16,1,256,256,1,2,256,16,ss,1,b1ss,1,0,1.0,0,65536,65536,0,1,,,0,0,2,0,0,1,1,128,128,256,2,0,0,1,0,2,0,0,1
19285436099204768,0x448400800816a0,1,TND,BF16,3,512,512,5,2,193,64,2048,1,slope,2,0,1.0,0,65536,65536,1,1,512/896/1152,512/896/1152,0,0,2,1,0,1,1,128,128,256,2,0,0,1,0,2,0,0,1
19285436099204896,0x44840080081720,1,BSH,BF16,4,512,512,2,2,256,192,b1ss,1,1nss,1,0,0.9,0,65536,65536,0,1,,,0,0,2,0,1,1,1,128,128,256,2,0,0,1,0,2,0,0,1
19285436099205024,0x448400800817a0,1,TND,BF16,2,128,128,5,8,256,64,2048,1,slope,2,0,0.9,0,65536,65536,0,1,128/128,128/128,0,0,2,1,1,1,1,128,128,256,2,0,0,1,0,2,0,0,1
19285436636074016,0x448400a0081020,1,BNSD,BF16,1,256,256,2,2,512,16,none,0,,1,0,1.0,0,65536,65536,0,1,,,0,0,2,0,0,0,0,128,128,768,2,0,0,1,0,2,0,0,1
19285436636074144,0x448400a00810a0,1,TND,BF16,3,2048,2048,2,2,320,64,none,0,,1,0,1.0,4,65536,65536,0,1,1024/1792/3840,1024/1792/3840,0,0,2,1,0,0,0,128,128,768,2,0,0,1,0,2,0,0,1
19285436636074272,0x448400a0081120,1,BNSD,BF16,48,256,256,1,2,512,16,none,0,,1,0,0.9,0,65536,65536,0,1,,,0,0,2,0,1,0,0,128,128,768,2,0,0,1,0,2,0,0,1
19285436636074400,0x448400a00811a0,1,TND,BF16,4,4096,4096,1,2,512,256,none,0,,1,0,0.9,3,0,1024,0,1,4096/8064/12160/16128,4096/8064/12160/16128,0,0,2,1,1,0,0,128,128,768,2,0,0,1,0,2,0,0,1
19285436636074528,0x448400a0081220,1,BSH,BF16,4,64,512,2,2,320,72,none,1,slope_n,2,0,1.0,0,65536,65536,0,1,,,0,0,2,0,0,1,0,128,128,768,2,0,0,1,0,2,0,0,1
19285436636074656,0x448400a00812a0,1,TND,BF16,4,512,512,2,2,320,128,none,1,slope,2,0,1.0,0,65536,65536,0,1,512/512/512/512,512/512/512/512,0,0,2,1,0,1,0,128,128,768,2,0,0,1,0,2,0,0,1
19285436636074784,0x448400a0081320,1,BSH,BF16,4,4096,64,2,2,512,32,none,1,slope_n,2,0,0.9,0,65536,65536,0,1,,,0,0,2,0,1,1,0,128,128,768,2,0,0,1,0,2,0,0,1
19285436636074912,0x448400a00813a0,1,TND,BF16,16,1024,1024,5,8,512,768,none,1,slope,2,0,0.9,1,0,256,1,1,64/576/832/1856/2368/2496/2752/3264/3776/3840/3904/4160/5184/6208/6272/6272,64/192/320/320/320/384/640/640/1664/2688/3712/4224/4480/4480/4480/5504,0,0,2,1,1,1,0,128,128,768,2,0,0,1,0,2,0,0,1
19285436636075040,0x448400a0081420,1,BNSD,BF16,1,256,256,2,2,320,192,2048,0,,1,0,1.0,4,1024,1024,0,1,,,0,0,2,0,0,0,1,128,128,768,2,0,0,1,0,2,0,0,1
19285436636075168,0x448400a00814a0,1,TND,BF16,2,1024,512,2,2,320,16,ss,0,,1,0,1.0,1,65536,0,0,1,1024/1024,512/512,0,0,2,1,0,0,1,128,128,768,2,0,0,1,0,2,0,0,1
19285436636075296,0x448400a0081520,1,BSH,BF16,4,512,512,2,2,320,32,b1ss,0,,1,0,0.9,0,65536,65536,0,1,,,0,0,2,0,1,0,1,128,128,768,2,0,0,1,0,2,0,0,1
19285436636075424,0x448400a00815a0,1,TND,BF16,4,4096,4096,2,2,768,128,ss,0,,1,0,0.5,0,65536,65536,0,1,4096/8064/12160/16128,4096/8064/12160/16128,0,0,2,1,1,0,1,128,128,768,2,0,0,1,0,2,0,0,1
19285436636075552,0x448400a0081620,1,BSND,BF16,1,256,256,1,2,512,16,bnss,1,1nss,1,0,1.0,0,65536,65536,0,1,,,0,0,2,0,0,1,1,128,128,768,2,0,0,1,0,2,0,0,1
19285436636075680,0x448400a00816a0,1,TND,BF16,8,1024,512,16,8,512,144,b1ss,1,slope,2,0,1.0,1,2048,2048,2,1,0/1024/1152/1216/1344/1600/1728/1792,128/128/128/384/896/960/1088/1600,0,0,2,1,0,1,1,128,128,768,2,0,0,1,0,2,0,0,1
19285436636075808,0x448400a0081720,1,BSND,BF16,2,1024,1024,2,2,320,160,11ss,1,bnhs,1,0,0.5,1,65536,65536,0,1,,,0,0,2,0,1,1,1,128,128,768,2,0,0,1,0,2,0,0,1
19285436636075936,0x448400a00817a0,1,TND,BF16,4,4096,4096,2,2,320,312,ss,1,slope,2,0,0.5,0,65536,65536,0,1,4096/8064/12160/16128,4096/8064/12160/16128,0,0,2,1,1,1,1,128,128,768,2,0,0,1,0,2,0,0,1
19287633511846944,0x44860020081420,1,BSND,BF16,2,1024,1024,1,2,64,16,2048,0,,1,0,1.0,2,128,0,0,1,,,0,0,2,0,0,0,1,128,128,64,3,0,0,1,0,2,0,0,1
19287633511847072,0x448600200814a0,1,TND,BF16,3,64,128,1,2,64,48,2048,0,,1,0,1.0,0,128,0,0,1,64/107/129,128/214/258,0,0,2,1,0,0,1,128,128,64,3,0,0,1,0,2,0,0,1
19287633511847200,0x44860020081520,1,BSH,BF16,4,512,512,2,2,64,48,2048,0,,1,0,0.9,2,0,0,0,1,,,0,0,2,0,1,0,1,128,128,64,3,0,0,1,0,2,0,0,1
19287633511847328,0x448600200815a0,1,TND,BF16,2,512,512,2,2,32,64,2048,0,,1,0,0.9,3,128,0,0,1,512/512,512/512,0,0,2,1,1,0,1,128,128,64,3,0,0,1,0,2,0,0,1
19287633511847456,0x44860020081620,1,SBH,BF16,1,256,256,1,2,64,32,2048,1,1nss,1,0,1.0,2,128,0,0,1,,,0,0,2,0,0,1,1,128,128,64,3,0,0,1,0,2,0,0,1
19287633511847584,0x448600200816a0,1,TND,BF16,2,1024,128,2,2,64,48,2048,1,1nhs,1,0,1.0,2,128,0,0,1,1024/1792,128/256,0,0,2,1,0,1,1,128,128,64,3,0,0,1,0,2,0,0,1
19287633511847712,0x44860020081720,1,SBH,BF16,1,256,256,1,2,64,56,2048,1,1nss,1,0,0.5,2,128,0,0,1,,,0,0,2,0,1,1,1,128,128,64,3,0,0,1,0,2,0,0,1
19287633511847840,0x448600200817a0,1,TND,BF16,16,512,1024,8,8,32,96,b1ss,1,slope,2,0,0.5,0,2048,0,0,1,0/64/320/576/704/1216/1280/1344/1472/1536/1664/1920/2432/2432/2944/2944,512/1024/1024/1152/1152/1664/1920/1920/2944/3072/3136/4160/4416/4928/5184/5184,0,0,2,1,1,1,1,128,128,64,3,0,0,1,0,2,0,0,1
19287634048717856,0x44860040081420,1,BSH,BF16,4,512,512,2,2,72,32,2048,0,,1,0,1.0,2,128,0,0,1,,,0,0,2,0,0,0,1,128,128,128,3,0,0,1,0,2,0,0,1
19287634048717984,0x448600400814a0,1,TND,BF16,3,2048,2048,2,2,72,16,2048,0,,1,0,1.0,2,128,0,0,1,1024/1792/3840,1024/1792/3840,0,0,2,1,0,0,1,128,128,128,3,0,0,1,0,2,0,0,1
19287634048718112,0x44860040081520,1,TND,BF16,1,256,256,2,2,128,96,2048,0,,1,0,0.9,2,128,0,0,1,256,256,0,0,2,0,1,0,1,128,128,128,3,0,0,1,0,2,0,0,1
19287634048718240,0x448600400815a0,1,TND,BF16,3,2048,2048,2,4,128,16,2048,0,,1,0,0.9,3,1024,128,0,1,1024/1792/3840,1024/1792/3840,0,0,2,1,1,0,1,128,128,128,3,0,0,1,0,2,0,0,1
19287634048718368,0x44860040081620,1,BNSD,BF16,1,2048,2048,2,2,128,32,2048,1,1nss,1,0,1.0,2,128,0,0,1,,,0,0,2,0,0,1,1,128,128,128,3,0,0,1,0,2,0,0,1
19287634048718496,0x448600400816a0,1,TND,BF16,3,1024,128,1,4,96,64,2048,1,bnhs,1,0,1.0,2,128,0,0,1,1024/1024/2048,128/256/384,0,0,2,1,0,1,1,128,128,128,3,0,0,1,0,2,0,0,1
19287634048718624,0x44860040081720,1,SBH,BF16,1,128,128,2,2,128,96,2048,1,1nss,1,0,0.9,2,128,0,0,1,,,0,0,2,0,1,1,1,128,128,128,3,0,0,1,0,2,0,0,1
19287634048718752,0x448600400817a0,1,TND,BF16,16,1024,1024,2,2,96,768,2048,1,slope_n,3,0,0.5,2,512,1024,1,1,512/640/1152/1408/1536/2048/2048/2176/2432/2432/3456/3584/3712/4224/4736/4800,128/384/1408/2432/2432/2496/3520/3520/4032/4032/4096/4160/4416/4416/4416/4928,0,0,2,1,1,1,1,128,128,128,3,0,0,1,0,2,0,0,1
19287634585588768,0x44860060081420,1,BSH,BF16,2,512,512,2,2,192,64,2048,0,,1,0,1.0,2,128,0,0,1,,,0,0,2,0,0,0,1,128,128,192,3,0,0,1,0,2,0,0,1
19287634585588896,0x448600600814a0,1,TND,BF16,3,64,1024,1,2,129,128,2048,0,,1,0,1.0,2,128,65536,0,1,64/107/129,1024/1920/2688,0,0,2,1,0,0,1,128,128,192,3,0,0,1,0,2,0,0,1
19287634585589024,0x44860060081520,1,TND,BF16,1,256,512,2,2,192,128,2048,0,,1,0,0.9,2,128,0,0,1,256,512,0,0,2,0,1,0,1,128,128,192,3,0,0,1,0,2,0,0,1
19287634585589152,0x448600600815a0,1,TND,BF16,3,512,512,40,2,144,512,2048,0,,3,0,0.5,2,256,512,3,1,512/640/768,512/640/896,0,0,2,1,1,0,1,128,128,192,3,0,0,1,0,2,0,0,1
19287634585589280,0x44860060081620,1,BNSD,BF16,1,64,64,2,2,192,128,2048,1,1nss,1,0,1.0,2,128,0,0,1,,,0,0,2,0,0,1,1,128,128,192,3,0,0,1,0,2,0,0,1
19287634585589408,0x448600600816a0,1,TND,BF16,3,64,1024,1,2,192,128,2048,1,1nhs,1,0,1.0,2,128,65536,0,1,64/107/129,1024/1920/2688,0,0,2,1,0,1,1,128,128,192,3,0,0,1,0,2,0,0,1
19287634585589536,0x44860060081720,1,SBH,BF16,1,256,512,2,2,192,128,2048,1,1nss,1,0,0.9,2,128,0,0,1,,,0,0,2,0,1,1,1,128,128,192,3,0,0,1,0,2,0,0,1
19287634585589664,0x448600600817a0,1,TND,BF16,3,64,1024,1,2,191,128,2048,1,1nhs,1,0,0.9,2,128,65536,3,1,64/107/129,1024/1920/2688,0,0,2,1,1,1,1,128,128,192,3,0,0,1,0,2,0,0,1
19287635122459680,0x44860080081420,1,SBH,BF16,1,256,256,1,2,256,64,2048,0,,1,0,1.0,2,1024,65536,0,1,,,0,0,2,0,0,0,1,128,128,256,3,0,0,1,0,2,0,0,1
19287635122459808,0x448600800814a0,1,TND,BF16,4,2048,128,1,2,256,72,2048,0,,1,0,1.0,2,128,0,0,1,2048/4032/6080/8064,128/256/384/512,0,0,2,1,0,0,1,128,128,256,3,0,0,1,0,2,0,0,1
19287635122459936,0x44860080081520,1,BSH,BF16,4,512,512,2,2,256,16,2048,0,,1,0,0.9,2,128,0,0,1,,,0,0,2,0,1,0,1,128,128,256,3,0,0,1,0,2,0,0,1
19287635122460064,0x448600800815a0,1,TND,BF16,3,512,512,8,8,256,768,2048,0,,3,0,0.9,2,1,65536,1,1,512/768/832,0/512/640,0,0,2,1,1,0,1,128,128,256,3,0,0,1,0,2,0,0,1
19287635122460192,0x44860080081620,1,BNSD,BF16,1,256,256,1,2,256,48,2048,1,1nss,1,0,1.0,2,128,0,0,1,,,0,0,2,0,0,1,1,128,128,256,3,0,0,1,0,2,0,0,1
19287635122460320,0x448600800816a0,1,TND,BF16,4,64,4096,1,2,256,72,2048,1,bnhs,1,0,1.0,2,128,0,2,1,64/107/129/193,4096/8064/11904/16000,0,0,2,1,0,1,1,128,128,256,3,0,0,1,0,2,0,0,1
19287635122460448,0x44860080081720,1,BNSD,BF16,1,512,512,2,2,256,96,2048,1,1nss,1,0,0.5,2,128,0,0,1,,,0,0,2,0,1,1,1,128,128,256,3,0,0,1,0,2,0,0,1
19287635122460576,0x448600800817a0,1,TND,BF16,32,2048,128,2,8,256,128,2048,1,bnhs,1,0,0.9,2,128,0,0,1,2048/3968/6016/7936/9984/11904/13952/15872/17920/19840/21888/23808/23808/25728/27776/29696/31744/33664/35712/37632/39680/41600/43648/45568/47616/49536/51584/53504/55552/57472/59520/61440,128/256/384/512/640/768/896/1024/1152/1280/1408/1536/1664/1792/1920/2048/2176/2304/2432/2560/2688/2816/2944/3072/3200/3328/3456/3584/3712/3840/3968/4096,0,0,2,1,1,1,1,128,128,256,3,0,0,1,0,2,0,0,1
19287635659330592,0x448600a0081420,1,BSH,BF16,4,512,512,2,2,320,72,2048,0,,1,0,1.0,2,0,1024,0,1,,,0,0,2,0,0,0,1,128,128,768,3,0,0,1,0,2,0,0,1
19287635659330720,0x448600a00814a0,1,TND,BF16,3,128,64,2,2,320,16,2048,0,,1,0,1.0,0,128,0,0,1,128/214/258,64/107/129,0,0,2,1,0,0,1,128,128,768,3,0,0,1,0,2,0,0,1
19287635659330848,0x448600a0081520,1,BSH,BF16,4,512,512,2,2,320,192,2048,0,,1,0,0.9,2,128,0,0,1,,,0,0,2,0,1,0,1,128,128,768,3,0,0,1,0,2,0,0,1
19287635659330976,0x448600a00815a0,1,TND,BF16,2,512,512,2,2,768,64,2048,0,,1,0,0.9,3,128,0,0,1,512/512,512/512,0,0,2,1,1,0,1,128,128,768,3,0,0,1,0,2,0,0,1
19287635659331104,0x448600a0081620,1,BNSD,BF16,1,256,256,1,2,320,32,2048,1,1nss,1,0,1.0,2,128,0,0,1,,,0,0,2,0,0,1,1,128,128,768,3,0,0,1,0,2,0,0,1
19287635659331232,0x448600a00816a0,1,TND,BF16,8,512,512,2,2,513,64,2048,1,bnhs,1,0,1.0,2,128,0,0,1,512/512/512/512/512/512/512/512,512/512/512/512/512/512/512/512,0,0,2,1,0,1,1,128,128,768,3,0,0,1,0,2,0,0,1
19287635659331360,0x448600a0081720,1,BSH,BF16,4,256,128,2,2,768,192,2048,1,bnss,1,0,0.9,2,128,65536,0,1,,,0,0,2,0,1,1,1,128,128,768,3,0,0,1,0,2,0,0,1
19287635659331488,0x448600a00817a0,1,TND,BF16,8,1024,1024,40,8,512,192,2048,1,slope_n,2,0,0.9,2,1024,256,1,1,1024/1280/1408/1472/1984/3008/3072/3584,0/0/1024/1152/1280/1408/1408/1472,0,0,2,1,1,1,1,128,128,768,3,0,0,1,0,2,0,0,1
19289832535102496,0x44880020081420,1,BSH,BF16,4,512,512,2,2,64,16,2048,0,,1,0,1.0,3,128,0,0,1,,,0,0,2,0,0,0,1,128,128,64,4,0,0,1,0,2,0,0,1
19289832535102624,0x448800200814a0,1,TND,BF16,4,512,1024,12,4,64,256,ss,0,,1,0,1.0,0,128,512,2,1,0/64/576/832,0/0/64/1088,0,0,2,1,0,0,1,128,128,64,4,0,0,1,0,2,0,0,1
19289832535102752,0x44880020081520,1,BSH,BF16,4,512,512,1,2,64,48,2048,0,,1,0,0.9,4,128,65536,0,1,,,0,0,2,0,1,0,1,128,128,64,4,0,0,1,0,2,0,0,1
19289832535102880,0x448800200815a0,1,TND,BF16,16,1024,1024,2,2,64,16,11ss,0,,1,0,0.5,0,512,64,1,1,1024/1088/1216/1728/2752/3776/4288/4416/4544/5568/5632/5696/5824/5824/6336/6464,0/128/128/256/384/896/1920/1984/2112/2176/3200/3264/3520/3584/3648/3648,0,0,2,1,1,0,1,128,128,64,4,0,0,1,0,2,0,0,1
19289832535103008,0x44880020081620,1,BNSD,BF16,1,256,256,2,8,64,48,2048,1,1nss,0,0,1.0,3,128,0,0,1,,,0,0,2,0,0,1,1,128,128,64,4,0,0,1,0,2,0,0,1
19289832535103136,0x448800200816a0,1,TND,BF16,16,1024,1024,40,2,32,96,ss,1,slope_n,3,0,1.0,0,256,65536,1,1,1024/1088/1600/2624/3648/4160/5184/5696/6208/6720/6976/7232/7360/7872/8896/8960,1024/1536/2560/2816/2944/3968/4032/5056/5056/6080/6208/6336/6848/7360/7488/7488,0,0,2,1,0,1,1,128,128,64,4,0,0,1,0,2,0,0,1
19289832535103264,0x44880020081720,1,BSH,BF16,1,512,512,2,2,64,48,2048,1,1nss,1,0,0.9,3,128,0,0,1,,,0,0,2,0,1,1,1,128,128,64,4,0,0,1,0,2,0,0,1
19289832535103392,0x448800200817a0,1,TND,BF16,3,512,1024,8,8,64,96,2048,1,slope_n,3,0,0.5,0,256,64,2,1,512/768/1280,512/1536/2560,0,0,2,1,1,1,1,128,128,64,4,0,0,1,0,2,0,0,1
19289833071973408,0x44880040081420,1,BNSD,BF16,1,1024,64,1,2,128,64,2048,0,,1,0,1.0,3,128,0,0,1,,,0,0,2,0,0,0,1,128,128,128,4,0,0,1,0,2,0,0,1
19289833071973536,0x448800400814a0,1,TND,BF16,3,1024,128,2,2,96,72,2048,0,,1,0,1.0,0,128,0,0,1,512/896/1920,128/256/384,0,0,2,1,0,0,1,128,128,128,4,0,0,1,0,2,0,0,1
19289833071973664,0x44880040081520,1,BSH,BF16,2,512,512,2,2,72,48,2048,0,,1,0,0.9,4,128,65536,0,1,,,0,0,2,0,1,0,1,128,128,128,4,0,0,1,0,2,0,0,1
19289833071973792,0x448800400815a0,1,TND,BF16,3,2048,2048,4,2,128,16,2048,0,,1,0,0.9,0,1024,128,0,1,1024/1792/3840,1024/1792/3840,0,0,2,1,1,0,1,128,128,128,4,0,0,1,0,2,0,0,1
19289833071973920,0x44880040081620,1,BNSD,BF16,1,64,128,2,2,128,32,2048,1,1nss,1,0,1.0,4,1024,0,0,1,,,0,0,2,0,0,1,1,128,128,128,4,0,0,1,0,2,0,0,1
19289833071974048,0x448800400816a0,1,TND,BF16,3,2048,2048,2,2,72,64,2048,1,slope_n,3,0,1.0,0,128,0,0,1,1024/1792/3840,1024/1792/3840,0,0,2,1,0,1,1,128,128,128,4,0,0,1,0,2,0,0,1
19289833071974176,0x44880040081720,1,BSND,BF16,2,1024,1024,1,2,72,64,2048,1,slope_n,2,0,0.9,3,128,0,0,1,,,0,0,2,0,1,1,1,128,128,128,4,0,0,1,0,2,0,0,1
19289833071974304,0x448800400817a0,1,TND,BF16,2,4096,4096,8,2,72,16,2048,1,slope_n,3,0,0.5,0,256,65536,3,1,4096/4096,4096/4096,0,0,2,1,1,1,1,128,128,128,4,0,0,1,0,2,0,0,1
19289833608844320,0x44880060081420,1,BNSD,BF16,2,256,256,1,2,192,128,2048,0,,1,0,1.0,3,128,0,0,1,,,0,0,2,0,0,0,1,128,128,192,4,0,0,1,0,2,0,0,1
19289833608844448,0x448800600814a0,1,TND,BF16,2,256,1024,2,2,144,512,2048,0,,2,0,1.0,0,1024,256,1,1,64/320,128/1152,0,0,2,1,0,0,1,128,128,192,4,0,0,1,0,2,0,0,1
19289833608844576,0x44880060081520,1,TND,BF16,1,512,256,2,2,192,48,2048,0,,1,0,0.9,3,128,0,0,1,512,256,0,0,2,0,1,0,1,128,128,192,4,0,0,1,0,2,0,0,1
19289833608844704,0x448800600815a0,1,TND,BF16,8,1024,1024,4,4,192,256,bnss,0,,2,0,0.9,0,0,512,3,1,256/768/896/1408/2432/2432/2432/2560,1024/1024/1152/1152/2176/2432/2432/2496,0,0,2,1,1,0,1,128,128,192,4,0,0,1,0,2,0,0,1
19289833608844832,0x44880060081620,1,BSND,BF16,2,1024,1024,1,2,192,32,2048,1,slope_n,2,0,1.0,3,128,0,0,1,,,0,0,2,0,0,1,1,128,128,192,4,0,0,1,0,2,0,0,1
19289833608844960,0x448800600816a0,1,TND,BF16,3,64,1024,1,2,192,128,2048,1,1nhs,1,0,1.0,3,128,65536,0,1,64/107/129,1024/1920/2688,0,0,2,1,0,1,1,128,128,192,4,0,0,1,0,2,0,0,1
19289833608845088,0x44880060081720,1,BSH,BF16,1,512,512,2,2,192,48,2048,1,1nss,1,0,0.9,3,128,0,0,1,,,0,0,2,0,1,1,1,128,128,192,4,0,0,1,0,2,0,0,1
19289833608845216,0x448800600817a0,1,TND,BF16,16,1024,1024,12,2,192,144,2048,1,slope,3,0,0.9,0,256,128,3,1,0/64/64/128/640/640/640/640/1152/1216/1344/1472/1472/1536/1664/2688,128/384/1408/1408/1536/1536/1536/1536/2048/2112/2624/3136/4160/5184/5312/5440,0,0,2,1,1,1,1,128,128,192,4,0,0,1,0,2,0,0,1
19289834145715232,0x44880080081420,1,SBH,BF16,1,256,256,1,2,256,64,2048,0,,1,0,1.0,4,1024,128,0,1,,,0,0,2,0,0,0,1,128,128,256,4,0,0,1,0,2,0,0,1
19289834145715360,0x448800800814a0,1,TND,BF16,3,1024,1024,2,2,256,64,2048,0,,1,0,1.0,3,1024,0,0,1,1024/2048/3072,1024/1792/1792,0,0,2,1,0,0,1,128,128,256,4,0,0,1,0,2,0,0,1
19289834145715488,0x44880080081520,1,BSH,BF16,4,512,512,2,2,256,192,2048,0,,1,0,0.9,3,128,0,0,1,,,0,0,2,0,1,0,1,128,128,256,4,0,0,1,0,2,0,0,1
19289834145715616,0x448800800815a0,1,TND,BF16,2,512,512,40,4,256,192,2048,0,,1,0,0.9,4,2048,64,1,1,128/640,64/576,0,0,2,1,1,0,1,128,128,256,4,0,0,1,0,2,0,0,1
19289834145715744,0x44880080081620,1,BNSD,BF16,1,256,256,1,2,256,48,2048,1,1nss,1,0,1.0,3,128,65536,0,1,,,0,0,2,0,0,1,1,128,128,256,4,0,0,1,0,2,0,0,1
19289834145715872,0x448800800816a0,1,TND,BF16,2,4096,128,1,2,256,248,2048,1,bnhs,1,0,1.0,3,128,0,0,1,4096/8064,128/256,0,0,2,1,0,1,1,128,128,256,4,0,0,1,0,2,0,0,1
19289834145716000,0x44880080081720,1,BNSD,BF16,2,768,4096,1,8,256,32,b1ss,1,slope_n,2,0,0.5,0,512,2048,1,1,,,0,0,2,0,1,1,1,128,128,256,4,0,0,1,0,2,0,0,1
19289834145716128,0x448800800817a0,1,TND,BF16,32,2048,128,2,2,255,128,2048,1,bnhs,1,0,0.9,3,128,0,0,1,2048/3968/6016/7936/9984/11904/13952/15872/17920/19840/21888/23808/23808/25728/27776/29696/31744/33664/35712/37632/39680/41600/43648/45568/47616/49536/51584/53504/55552/57472/59520/61440,128/256/384/512/640/768/896/1024/1152/1280/1408/1536/1664/1792/1920/2048/2176/2304/2432/2560/2688/2816/2944/3072/3200/3328/3456/3584/3712/3840/3968/4096,0,0,2,1,1,1,1,128,128,256,4,0,0,1,0,2,0,0,1
19289834682586144,0x448800a0081420,1,TND,BF16,1,512,2048,1,2,320,64,2048,0,,1,0,1.0,3,128,0,0,1,512,2048,0,0,2,0,0,0,1,128,128,768,4,0,0,1,0,2,0,0,1
19289834682586272,0x448800a00814a0,1,TND,BF16,3,2048,2048,2,2,320,16,2048,0,,1,0,1.0,0,128,0,0,1,1024/1792/3840,1024/1792/3840,0,0,2,1,0,0,1,128,128,768,4,0,0,1,0,2,0,0,1
19289834682586400,0x448800a0081520,1,BNSD,BF16,1,256,256,1,2,320,16,2048,0,,1,0,0.9,3,128,0,0,1,,,0,0,2,0,1,0,1,128,128,768,4,0,0,1,0,2,0,0,1
19289834682586528,0x448800a00815a0,1,TND,BF16,2,512,256,2,2,768,64,2048,0,,1,0,0.9,3,128,0,0,1,512/512,256/256,0,0,2,1,1,0,1,128,128,768,4,0,0,1,0,2,0,0,1
19289834682586656,0x448800a0081620,1,BSND,BF16,2,1024,1024,1,2,512,96,2048,1,slope_n,2,0,1.0,3,128,0,0,1,,,0,0,2,0,0,1,1,128,128,768,4,0,0,1,0,2,0,0,1
19289834682586784,0x448800a00816a0,1,TND,BF16,16,1024,1024,8,2,768,512,2048,1,slope_n,3,0,1.0,3,65536,512,3,1,0/0/64/1088/1600/1856/1856/1856/1920/1984/3008/3008/3264/3328/3392/3520,256/256/512/768/768/1792/1792/2816/2816/3840/4096/4096/4608/4864/4864/4928,0,0,2,1,0,1,1,128,128,768,4,0,0,1,0,2,0,0,1
19289834682586912,0x448800a0081720,1,BNSD,BF16,48,256,256,1,2,320,64,2048,1,bnss,1,0,0.5,3,128,0,0,1,,,0,0,2,0,1,1,1,128,128,768,4,0,0,1,0,2,0,0,1
19289834682587040,0x448800a00817a0,1,TND,BF16,8,4096,128,2,8,768,320,2048,1,bnhs,1,0,0.5,3,128,0,0,1,4096/8064/12160/16128/17152/17408/17472/17984,128/256/384/512/640/768/896/1024,0,0,2,1,1,1,1,128,128,768,4,0,0,1,0,2,0,0,1
19320618860679200,0x44a40020081020,1,BSH,BF16,24,512,512,8,1,64,16,none,0,,1,0,1.0,0,65536,65536,0,1,,,0,0,2,0,0,0,0,128,128,64,2,1,0,1,0,2,0,0,1
19320618860679328,0x44a400200810a0,1,TND,BF16,3,2048,512,2,1,64,16,none,0,,1,0,1.0,0,65536,65536,0,1,2048/3968/5760,512/896/1152,0,0,2,1,0,0,0,128,128,64,2,1,0,1,0,2,0,0,1
19320618860679332,0x44a400200810a4,1,TND,BF16,32,2560,2560,2,1,64,32,none,0,,1,0,1.0,0,65536,65536,0,1,2048/4352/6912/8960/11264/13824/15872/18176/20736/22784/25088/27648/29696/32000/34560/36608/38912/41472/43520/45824/48384/50432/52736/55296/57344/59648/62208/64256/66560/69120/71168/73472,2048/4352/6912/8960/11264/13824/15872/18176/20736/22784/25088/27648/29696/32000/34560/36608/38912/41472/43520/45824/48384/50432/52736/55296/57344/59648/62208/64256/66560/69120/71168/73472,0,5,2,1,0,0,0,128,128,64,2,1,0,1,0,2,0,0,1
19320618860679456,0x44a40020081120,1,SBH,BF16,1,256,256,1,1,64,32,none,0,,1,0,0.9,0,65536,65536,0,1,,,0,0,2,0,1,0,0,128,128,64,2,1,0,1,0,2,0,0,1
19320618860679584,0x44a400200811a0,1,TND,BF16,2,4096,128,2,1,64,32,none,0,,1,0,0.9,3,0,1024,0,1,4096/8064,128/256,0,0,2,1,1,0,0,128,128,64,2,1,0,1,0,2,0,0,1
19320618860679588,0x44a400200811a4,1,TND,BF16,32,2560,2560,2,1,64,48,none,0,,1,0,0.5,0,65536,65536,0,1,2048/4352/6912/8960/11264/13824/15872/18176/20736/22784/25088/27648/29696/32000/34560/36608/38912/41472/43520/45824/48384/50432/52736/55296/57344/59648/62208/64256/66560/69120/71168/73472,2048/4352/6912/8960/11264/13824/15872/18176/20736/22784/25088/27648/29696/32000/34560/36608/38912/41472/43520/45824/48384/50432/52736/55296/57344/59648/62208/64256/66560/69120/71168/73472,0,5,2,1,1,0,0,128,128,64,2,1,0,1,0,2,0,0,1
19320618860679712,0x44a40020081220,1,BNSD,BF16,1,256,32,1,1,64,16,none,1,b1ss,1,0,1.0,0,65536,65536,0,1,,,0,0,2,0,0,1,0,128,128,64,2,1,0,1,0,2,0,0,1
19320618860679840,0x44a400200812a0,1,TND,BF16,4,512,256,1,1,64,32,none,1,slope,2,0,1.0,0,65536,65536,0,1,512/512/512/512,256/256/256/256,0,0,2,1,0,1,0,128,128,64,2,1,0,1,0,2,0,0,1
19320618860679844,0x44a400200812a4,1,TND,BF16,3,2048,2048,40,1,64,16,none,1,slope,2,0,1.0,4,128,65536,0,1,1024/1792/3840,1024/1792/3840,0,5,2,1,0,1,0,128,128,64,2,1,0,1,0,2,0,0,1
19320618860679968,0x44a40020081320,1,SBH,BF16,1,256,256,1,1,64,16,none,1,1nss,0,0,0.9,0,65536,65536,0,1,,,0,0,2,0,1,1,0,128,128,64,2,1,0,1,0,2,0,0,1
19320618860680096,0x44a400200813a0,1,TND,BF16,3,2048,2048,2,1,64,16,none,1,slope,2,0,0.9,4,65536,65536,0,1,1024/1792/3840,1024/1792/3840,0,0,2,1,1,1,0,128,128,64,2,1,0,1,0,2,0,0,1
19320618860680100,0x44a400200813a4,1,TND,BF16,32,512,4096,2,1,32,72,none,1,slope_n,3,0,0.5,0,65536,64,0,1,512/896/1152/1664/2048/2304/2816/3200/3456/3968/4352/4608/5120/5504/5760/6272/6656/6912/7424/7808/8064/8576/8960/9216/9728/10112/10368/10880/11264/11520/12032/12416,4096/8064/11904/16000/19968/23808/27904/31872/35712/39808/43776/47616/51712/55680/59520/63616/67584/71424/75520/79488/83328/87424/91392/95232/99328/103296/107136/111232/115200/119040/123136/127104,0,5,2,1,1,1,0,128,128,64,2,1,0,1,0,2,0,0,1
19320618860680224,0x44a40020081420,1,BNSD,BF16,1,256,256,1,1,64,48,2048,0,,1,0,1.0,4,1024,65536,0,1,,,0,0,2,0,0,0,1,128,128,64,2,1,0,1,0,2,0,0,1
19320618860680352,0x44a400200814a0,1,TND,BF16,3,2048,2048,2,1,64,16,11ss,0,,1,0,1.0,4,65536,65536,0,1,1024/1792/3840,1024/1792/3840,0,0,2,1,0,0,1,128,128,64,2,1,0,1,0,2,0,0,1
19320618860680356,0x44a400200814a4,1,TND,BF16,32,2560,2560,4,1,64,16,ss,0,,1,0,1.0,0,65536,65536,0,1,2048/4352/6912/8960/11264/13824/15872/18176/20736/22784/25088/27648/29696/32000/34560/36608/38912/41472/43520/45824/48384/50432/52736/55296/57344/59648/62208/64256/66560/69120/71168/73472,2048/4352/6912/8960/11264/13824/15872/18176/20736/22784/25088/27648/29696/32000/34560/36608/38912/41472/43520/45824/48384/50432/52736/55296/57344/59648/62208/64256/66560/69120/71168/73472,0,5,2,1,0,0,1,128,128,64,2,1,0,1,0,2,0,0,1
19320618860680480,0x44a40020081520,1,BNSD,BF16,1,256,256,1,1,64,48,11ss,0,,1,0,0.5,0,65536,65536,0,1,,,0,0,2,0,1,0,1,128,128,64,2,1,0,1,0,2,0,0,1
19320618860680608,0x44a400200815a0,1,TND,BF16,4,4096,128,2,1,64,56,2048,0,,1,0,0.5,0,65536,65536,0,1,1024/1792/3840/7936,128/256/384/512,0,0,2,1,1,0,1,128,128,64,2,1,0,1,0,2,0,0,1
19320618860680612,0x44a400200815a4,1,TND,BF16,32,2560,2560,4,1,64,16,ss,0,,1,0,0.9,0,65536,65536,0,1,2048/4352/6912/8960/11264/13824/15872/18176/20736/22784/25088/27648/29696/32000/34560/36608/38912/41472/43520/45824/48384/50432/52736/55296/57344/59648/62208/64256/66560/69120/71168/73472,2048/4352/6912/8960/11264/13824/15872/18176/20736/22784/25088/27648/29696/32000/34560/36608/38912/41472/43520/45824/48384/50432/52736/55296/57344/59648/62208/64256/66560/69120/71168/73472,0,5,2,1,1,0,1,128,128,64,2,1,0,1,0,2,0,0,1
19320618860680736,0x44a40020081620,1,BSH,BF16,24,512,512,8,1,64,16,ss,1,bnss,1,0,1.0,0,65536,65536,0,1,,,0,0,2,0,0,1,1,128,128,64,2,1,0,1,0,2,0,0,1
19320618860680864,0x44a400200816a0,1,TND,BF16,4,512,256,1,1,64,32,b1ss,1,slope,2,0,1.0,0,65536,1024,0,1,512/512/512/512,256/256/256/256,0,0,2,1,0,1,1,128,128,64,2,1,0,1,0,2,0,0,1
19320618860680868,0x44a400200816a4,1,TND,BF16,32,2048,2048,2,1,16,96,11ss,1,slope_n,3,0,1.0,0,2048,65536,0,1,2048/3968/6016/7936/9984/11904/13952/15872/17920/19840/21888/23808/25856/27776/29824/31744/33792/35712/37760/39680/41728/43648/45696/47616/49664/51584/53632/55552/57600/59520/61568/63488,2048/3968/6016/7936/9984/11904/13952/15872/17920/19840/21888/23808/25856/27776/29824/31744/33792/35712/37760/39680/41728/43648/45696/47616/49664/51584/53632/55552/57600/59520/61568/63488,0,5,2,1,0,1,1,128,128,64,2,1,0,1,0,2,0,0,1
19320618860680992,0x44a40020081720,1,BNSD,BF16,1,2048,128,1,1,64,32,ss,1,1nss,1,0,0.9,0,65536,65536,0,1,,,0,0,2,0,1,1,1,128,128,64,2,1,0,1,0,2,0,0,1
19320618860681120,0x44a400200817a0,1,TND,BF16,4,512,256,1,1,64,32,b1ss,1,slope,2,0,0.9,0,65536,1024,2,1,512/512/512/512,256/256/256/256,0,0,2,1,1,1,1,128,128,64,2,1,0,1,0,2,0,0,1
19320618860681124,0x44a400200817a4,1,TND,BF16,32,2048,2048,5,1,16,128,2048,1,slope_n,3,0,0.5,4,65536,65536,0,1,2048/3968/6016/7936/9984/11904/13952/15872/17920/19840/21888/23808/25856/27776/29824/31744/33792/35712/37760/39680/41728/43648/45696/47616/49664/51584/53632/55552/57600/59520/61568/63488,2048/3968/6016/7936/9984/11904/13952/15872/17920/19840/21888/23808/25856/27776/29824/31744/33792/35712/37760/39680/41728/43648/45696/47616/49664/51584/53632/55552/57600/59520/61568/63488,0,5,2,1,1,1,1,128,128,64,2,1,0,1,0,2,0,0,1
19320619397550112,0x44a40040081020,1,BSH,BF16,24,512,512,8,1,128,64,none,0,,1,0,1.0,0,65536,65536,0,1,,,0,0,2,0,0,0,0,128,128,128,2,1,0,1,0,2,0,0,1
19320619397550240,0x44a400400810a0,1,TND,BF16,32,2048,128,2,1,72,16,none,0,,1,0,1.0,0,65536,65536,0,1,2048/2048/2048/2048/2048/2048/2048/2048/2048/2048/2048/2048/2048/2048/2048/2048/2048/2048/2048/2048/2048/2048/2048/2048/2048/2048/2048/2048/2048/2048/2048/2048,128/128/128/128/128/128/128/128/128/128/128/128/128/128/128/128/128/128/128/128/128/128/128/128/128/128/128/128/128/128/128/128,0,0,2,1,0,0,0,128,128,128,2,1,0,1,0,2,0,0,1
19320619397550244,0x44a400400810a4,1,TND,BF16,32,10240,128,2,1,128,72,none,0,,1,0,1.0,0,65536,65536,0,1,8192/17408/27648/35840/45056/55296/63488/72704/82944/91136/100352/110592/118784/128000/138240/138240/147456/157696/165888/175104/185344/193536/202752/212992/221184/230400/240640/248832/258048/268288/276480/285696,128/256/384/512/640/768/896/1024/1152/1280/1408/1536/1664/1792/1920/2048/2176/2304/2432/2560/2688/2816/2944/3072/3200/3328/3456/3584/3712/3840/3968/4096,0,5,2,1,0,0,0,128,128,128,2,1,0,1,0,2,0,0,1
19320619397550368,0x44a40040081120,1,BNSD,BF16,1,256,256,1,1,96,72,none,0,,1,0,0.9,4,0,1024,0,1,,,0,0,2,0,1,0,0,128,128,128,2,1,0,1,0,2,0,0,1
19320619397550496,0x44a400400811a0,1,TND,BF16,3,1024,256,2,1,128,16,none,0,,1,0,0.9,0,65536,65536,0,1,1024/1920/2688,256/384/384,0,0,2,1,1,0,0,128,128,128,2,1,0,1,0,2,0,0,1
19320619397550500,0x44a400400811a4,1,TND,BF16,32,2560,2560,2,1,128,48,none,0,,1,0,0.5,0,65536,65536,0,1,2048/4352/6912/8960/11264/13824/15872/18176/20736/22784/25088/27648/29696/32000/34560/36608/38912/41472/43520/45824/48384/50432/52736/55296/57344/59648/62208/64256/66560/69120/71168/73472,2048/4352/6912/8960/11264/13824/15872/18176/20736/22784/25088/27648/29696/32000/34560/36608/38912/41472/43520/45824/48384/50432/52736/55296/57344/59648/62208/64256/66560/69120/71168/73472,0,5,2,1,1,0,0,128,128,128,2,1,0,1,0,2,0,0,1
19320619397550624,0x44a40040081220,1,BNSD,BF16,1,64,512,1,1,96,16,none,1,1nss,1,0,1.0,0,65536,65536,0,1,,,0,0,2,0,0,1,0,128,128,128,2,1,0,1,0,2,0,0,1
19320619397550752,0x44a400400812a0,1,TND,BF16,3,2048,2048,4,1,96,16,none,1,slope,3,0,1.0,4,65536,65536,0,1,1024/1792/3840,1024/1792/3840,0,0,2,1,0,1,0,128,128,128,2,1,0,1,0,2,0,0,1
19320619397550756,0x44a400400812a4,1,TND,BF16,3,2048,2048,40,1,96,16,none,1,slope,3,0,1.0,4,65536,65536,0,1,1024/1792/3840,1024/1792/3840,0,5,2,1,0,1,0,128,128,128,2,1,0,1,0,2,0,0,1
19320619397550880,0x44a40040081320,1,BNSD,BF16,1,128,256,1,1,128,16,none,1,1nss,1,0,0.9,0,65536,65536,0,1,,,0,0,2,0,1,1,0,128,128,128,2,1,0,1,0,2,0,0,1
19320619397551008,0x44a400400813a0,1,TND,BF16,3,2048,2048,2,1,96,64,none,1,slope,2,0,0.9,4,65536,65536,0,1,1024/1792/3840,1024/1792/3840,0,0,2,1,1,1,0,128,128,128,2,1,0,1,0,2,0,0,1
19320619397551012,0x44a400400813a4,1,TND,BF16,3,2048,2048,40,1,96,64,none,1,slope,2,0,0.9,3,65536,65536,2,1,1024/1792/3840,1024/1792/3840,0,5,2,1,1,1,0,128,128,128,2,1,0,1,0,2,0,0,1
19320619397551136,0x44a40040081420,1,SBH,BF16,1,128,256,1,1,96,72,11ss,0,,1,0,1.0,0,65536,65536,0,1,,,0,0,2,0,0,0,1,128,128,128,2,1,0,1,0,2,0,0,1
19320619397551264,0x44a400400814a0,1,TND,BF16,3,2048,2048,2,1,96,72,11ss,0,,1,0,1.0,4,65536,65536,0,1,1024/1792/3840,1024/1792/3840,0,0,2,1,0,0,1,128,128,128,2,1,0,1,0,2,0,0,1
19320619397551268,0x44a400400814a4,1,TND,BF16,32,2048,2048,12,1,72,128,2048,0,,1,0,1.0,1,128,128,0,1,2048/3968/6016/7936/9984/11904/13952/15872/17920/19840/21888/23808/25856/27776/29824/31744/33792/35712/37760/39680/41728/43648/45696/47616/49664/51584/53632/55552/57600/59520/61568/63488,2048/3968/6016/7936/9984/11904/13952/15872/17920/19840/21888/23808/25856/27776/29824/31744/33792/35712/37760/39680/41728/43648/45696/47616/49664/51584/53632/55552/57600/59520/61568/63488,0,5,2,1,0,0,1,128,128,128,2,1,0,1,0,2,0,0,1
19320619397551392,0x44a40040081520,1,BSND,BF16,2,256,4096,2,1,72,16,11ss,0,,1,0,0.9,0,65536,65536,0,1,,,0,0,2,0,1,0,1,128,128,128,2,1,0,1,0,2,0,0,1
19320619397551520,0x44a400400815a0,1,TND,BF16,3,2048,2048,2,1,96,72,11ss,0,,1,0,0.5,4,65536,65536,0,1,1024/1792/3840,1024/1792/3840,0,0,2,1,1,0,1,128,128,128,2,1,0,1,0,2,0,0,1
19320619397551524,0x44a400400815a4,1,TND,BF16,32,2048,64,2,1,96,72,b1ss,0,,1,0,0.9,0,65536,65536,0,1,2048/3968/5760/7808/9728/11520/13568/15488/17280/19328/21248/23040/25088/27008/28800/30848/32768/34560/36608/38528/40320/42368/44288/46080/48128/50048/51840/53888/55808/57600/59648/61568,64/107/129/193/236/258/322/365/387/451/494/516/580/623/645/709/752/774/838/881/903/967/1010/1032/1096/1139/1161/1225/1268/1290/1354/1397,0,5,2,1,1,0,1,128,128,128,2,1,0,1,0,2,0,0,1
19320619397551648,0x44a40040081620,1,BNSD,BF16,1,256,32,1,1,72,16,2048,1,b1ss,1,0,1.0,4,65536,65536,0,1,,,0,0,2,0,0,1,1,128,128,128,2,1,0,1,0,2,0,0,1
19320619397551776,0x44a400400816a0,1,TND,BF16,4,512,256,8,1,96,32,b1ss,1,slope,2,0,1.0,0,65536,1024,0,1,512/512/512/512,256/256/256/256,0,0,2,1,0,1,1,128,128,128,2,1,0,1,0,2,0,0,1
19320619397551780,0x44a400400816a4,1,TND,BF16,32,2048,2048,2,1,72,128,2048,1,slope_n,3,0,1.0,0,65536,65536,0,1,2048/3968/6016/7936/9984/11904/13952/15872/17920/19840/21888/23808/25856/27776/29824/31744/33792/35712/37760/39680/41728/43648/45696/47616/49664/51584/53632/55552/57600/59520/61568/63488,2048/3968/6016/7936/9984/11904/13952/15872/17920/19840/21888/23808/25856/27776/29824/31744/33792/35712/37760/39680/41728/43648/45696/47616/49664/51584/53632/55552/57600/59520/61568/63488,0,5,2,1,0,1,1,128,128,128,2,1,0,1,0,2,0,0,1
19320619397551904,0x44a40040081720,1,SBH,BF16,1,256,256,1,1,72,16,ss,1,1nss,1,0,0.9,0,65536,65536,0,1,,,0,0,2,0,1,1,1,128,128,128,2,1,0,1,0,2,0,0,1
19320619397552032,0x44a400400817a0,1,TND,BF16,32,2048,2048,1,1,128,32,2048,1,slope_n,3,0,0.5,4,65536,65536,0,1,2048/3968/6016/7936/9984/11904/13952/15872/17920/19840/21888/23808/25856/27776/29824/31744/33792/35712/37760/39680/41728/43648/45696/47616/49664/51584/53632/55552/57600/59520/61568/63488,2048/3968/6016/7936/9984/11904/13952/15872/17920/19840/21888/23808/25856/27776/29824/31744/33792/35712/37760/39680/41728/43648/45696/47616/49664/51584/53632/55552/57600/59520/61568/63488,0,0,2,1,1,1,1,128,128,128,2,1,0,1,0,2,0,0,1
19320619397552036,0x44a400400817a4,1,TND,BF16,32,2048,2048,2,1,128,32,2048,1,slope_n,3,0,0.5,4,65536,65536,0,1,2048/3968/6016/7936/9984/11904/13952/15872/17920/19840/21888/23808/25856/27776/29824/31744/33792/35712/37760/39680/41728/43648/45696/47616/49664/51584/53632/55552/57600/59520/61568/63488,2048/3968/6016/7936/9984/11904/13952/15872/17920/19840/21888/23808/25856/27776/29824/31744/33792/35712/37760/39680/41728/43648/45696/47616/49664/51584/53632/55552/57600/59520/61568/63488,0,5,2,1,1,1,1,128,128,128,2,1,0,1,0,2,0,0,1
19320619934421024,0x44a40060081020,1,BSH,BF16,24,512,512,8,1,192,64,none,0,,1,0,1.0,0,65536,65536,0,1,,,0,0,2,0,0,0,0,128,128,192,2,1,0,1,0,2,0,0,1
19320619934421152,0x44a400600810a0,1,TND,BF16,3,2048,2048,2,1,192,32,none,0,,1,0,1.0,0,65536,65536,0,1,1024/1792/3840,1024/1792/3840,0,0,2,1,0,0,0,128,128,192,2,1,0,1,0,2,0,0,1
19320619934421156,0x44a400600810a4,1,TND,BF16,32,2560,2560,2,1,192,128,none,0,,1,0,1.0,0,65536,65536,0,1,2048/4352/6912/8960/11264/13824/15872/18176/20736/22784/25088/27648/29696/32000/34560/36608/38912/41472/43520/45824/48384/50432/52736/55296/57344/59648/62208/64256/66560/69120/71168/73472,2048/4352/6912/8960/11264/13824/15872/18176/20736/22784/25088/27648/29696/32000/34560/36608/38912/41472/43520/45824/48384/50432/52736/55296/57344/59648/62208/64256/66560/69120/71168/73472,0,5,2,1,0,0,0,128,128,192,2,1,0,1,0,2,0,0,1
19320619934421280,0x44a40060081120,1,BNSD,BF16,1,256,256,1,1,192,64,none,0,,0,0,0.9,4,65536,65536,0,1,,,0,0,2,0,1,0,0,128,128,192,2,1,0,1,0,2,0,0,1
19320619934421408,0x44a400600811a0,1,TND,BF16,4,4096,4096,2,1,192,48,none,0,,1,0,0.5,0,65536,65536,0,1,4096/8064/12160/16128,4096/8064/12160/16128,0,0,2,1,1,0,0,128,128,192,2,1,0,1,0,2,0,0,1
19320619934421536,0x44a40060081220,1,BNSD,BF16,1,256,256,1,1,192,128,none,1,b1ss,1,0,1.0,0,65536,65536,0,1,,,0,0,2,0,0,1,0,128,128,192,2,1,0,1,0,2,0,0,1
19320619934421664,0x44a400600812a0,1,TND,BF16,3,512,1024,2,1,192,128,none,1,slope,2,0,1.0,0,65536,65536,0,1,512/896/1152,1024/1920/2688,0,0,2,1,0,1,0,128,128,192,2,1,0,1,0,2,0,0,1
19320619934421668,0x44a400600812a4,1,TND,BF16,3,2048,2048,40,1,192,128,none,1,slope,2,0,1.0,4,65536,65536,0,1,1024/1792/3840,1024/1792/3840,0,5,2,1,0,1,0,128,128,192,2,1,0,1,0,2,0,0,1
19320619934421792,0x44a40060081320,1,BSH,BF16,24,512,512,8,1,192,64,none,1,bnss,1,0,0.5,0,65536,65536,0,1,,,0,0,2,0,1,1,0,128,128,192,2,1,0,1,0,2,0,0,1
19320619934421920,0x44a400600813a0,1,TND,BF16,3,64,2048,2,1,192,128,none,1,slope,2,0,0.5,0,65536,65536,0,1,64/107/129,2048/3968/5760,0,0,2,1,1,1,0,128,128,192,2,1,0,1,0,2,0,0,1
19320619934422048,0x44a40060081420,1,BSH,BF16,24,512,512,8,1,192,64,ss,0,,1,0,1.0,0,65536,65536,0,1,,,0,0,2,0,0,0,1,128,128,192,2,1,0,1,0,2,0,0,1
19320619934422176,0x44a400600814a0,1,TND,BF16,3,2048,2048,2,1,192,48,11ss,0,,1,0,1.0,4,65536,65536,0,1,1024/1792/3840,1024/1792/3840,0,0,2,1,0,0,1,128,128,192,2,1,0,1,0,2,0,0,1
19320619934422180,0x44a400600814a4,1,TND,BF16,32,2560,2560,2,1,144,96,b1ss,0,,1,0,1.0,0,65536,65536,0,1,2048/4352/6912/8960/11264/13824/15872/18176/20736/22784/25088/27648/29696/32000/34560/36608/38912/41472/43520/45824/48384/50432/52736/55296/57344/59648/62208/64256/66560/69120/71168/73472,2048/4352/6912/8960/11264/13824/15872/18176/20736/22784/25088/27648/29696/32000/34560/36608/38912/41472/43520/45824/48384/50432/52736/55296/57344/59648/62208/64256/66560/69120/71168/73472,0,5,2,1,0,0,1,128,128,192,2,1,0,1,0,2,0,0,1
19320619934422304,0x44a40060081520,1,BNSD,BF16,1,512,64,1,1,192,96,2048,0,,1,0,0.9,4,1024,1024,0,1,,,0,0,2,0,1,0,1,128,128,192,2,1,0,1,0,2,0,0,1
19320619934422432,0x44a400600815a0,1,TND,BF16,3,2048,2048,2,1,192,48,11ss,0,,1,0,0.9,0,65536,65536,0,1,1024/1792/3840,1024/1792/3840,0,0,2,1,1,0,1,128,128,192,2,1,0,1,0,2,0,0,1
19320619934422560,0x44a40060081620,1,BSH,BF16,24,512,512,8,1,192,64,ss,1,bnss,1,0,1.0,0,65536,65536,0,1,,,0,0,2,0,0,1,1,128,128,192,2,1,0,1,0,2,0,0,1
19320619934422688,0x44a400600816a0,1,TND,BF16,3,2048,2048,2,1,192,128,b1ss,1,slope,2,0,1.0,4,65536,65536,0,1,1024/1792/3840,1024/1792/3840,0,0,2,1,0,1,1,128,128,192,2,1,0,1,0,2,0,0,1
19320619934422692,0x44a400600816a4,1,TND,BF16,32,2048,2048,2,1,192,128,2048,1,slope_n,3,0,1.0,4,65536,65536,0,1,2048/3968/6016/7936/9984/11904/13952/15872/17920/19840/21888/23808/25856/27776/29824/31744/33792/35712/37760/39680/41728/43648/45696/47616/49664/51584/53632/55552/57600/59520/61568/63488,2048/3968/6016/7936/9984/11904/13952/15872/17920/19840/21888/23808/25856/27776/29824/31744/33792/35712/37760/39680/41728/43648/45696/47616/49664/51584/53632/55552/57600/59520/61568/63488,0,5,2,1,0,1,1,128,128,192,2,1,0,1,0,2,0,0,1
19320619934422816,0x44a40060081720,1,SBH,BF16,1,256,256,1,1,192,128,ss,1,1nss,1,0,0.9,0,65536,65536,0,1,,,0,0,2,0,1,1,1,128,128,192,2,1,0,1,0,2,0,0,1
19320619934422944,0x44a400600817a0,1,TND,BF16,2,128,128,40,1,192,96,2048,1,slope,2,0,0.9,0,65536,65536,1,1,128/128,128/128,0,0,2,1,1,1,1,128,128,192,2,1,0,1,0,2,0,0,1
19320620471291936,0x44a40080081020,1,BNSD,BF16,1,64,512,1,1,256,32,none,0,,1,0,1.0,0,65536,65536,0,1,,,0,0,2,0,0,0,0,128,128,256,2,1,0,1,0,2,0,0,1
19320620471292064,0x44a400800810a0,1,TND,BF16,3,2048,1024,1,1,256,192,none,0,,1,0,1.0,0,65536,65536,0,1,896/2944/4480,1024/2048/3072,0,0,2,1,0,0,0,128,128,256,2,1,0,1,0,2,0,0,1
19320620471292068,0x44a400800810a4,1,TND,BF16,32,2560,2560,2,1,256,128,none,0,,1,0,1.0,0,65536,65536,0,1,2048/4352/6912/8960/11264/13824/15872/18176/20736/22784/25088/27648/29696/32000/34560/36608/38912/41472/43520/45824/48384/50432/52736/55296/57344/59648/62208/64256/66560/69120/71168/73472,2048/4352/6912/8960/11264/13824/15872/18176/20736/22784/25088/27648/29696/32000/34560/36608/38912/41472/43520/45824/48384/50432/52736/55296/57344/59648/62208/64256/66560/69120/71168/73472,0,5,2,1,0,0,0,128,128,256,2,1,0,1,0,2,0,0,1
19320620471292192,0x44a40080081120,1,BNSD,BF16,1,256,256,1,1,256,16,none,0,,1,0,0.9,0,65536,65536,0,1,,,0,0,2,0,1,0,0,128,128,256,2,1,0,1,0,2,0,0,1
19320620471292320,0x44a400800811a0,1,TND,BF16,3,2048,1024,2,1,256,192,none,0,,1,0,0.5,0,65536,65536,0,1,896/2944/4480,1024/2048/3072,0,0,2,1,1,0,0,128,128,256,2,1,0,1,0,2,0,0,1
19320620471292448,0x44a40080081220,1,BSH,BF16,24,512,512,8,1,256,64,none,1,bnss,1,0,1.0,0,65536,65536,0,1,,,0,0,2,0,0,1,0,128,128,256,2,1,0,1,0,2,0,0,1
19320620471292576,0x44a400800812a0,1,TND,BF16,2,1024,128,2,1,256,248,none,1,slope,2,0,1.0,3,65536,65536,0,1,1024/1792,128/256,0,0,2,1,0,1,0,128,128,256,2,1,0,1,0,2,0,0,1
19320620471292580,0x44a400800812a4,1,TND,BF16,32,2048,2048,2,1,256,128,none,1,slope_n,3,0,1.0,4,65536,65536,0,1,2048/3968/6016/7936/9984/11904/13952/15872/17920/19840/21888/23808/25856/27776/29824/31744/33792/35712/37760/39680/41728/43648/45696/47616/49664/51584/53632/55552/57600/59520/61568/63488,2048/3968/6016/7936/9984/11904/13952/15872/17920/19840/21888/23808/25856/27776/29824/31744/33792/35712/37760/39680/41728/43648/45696/47616/49664/51584/53632/55552/57600/59520/61568/63488,0,5,2,1,0,1,0,128,128,256,2,1,0,1,0,2,0,0,1
19320620471292704,0x44a40080081320,1,BSH,BF16,24,512,512,8,1,256,64,none,1,bnss,1,0,0.5,0,65536,65536,0,1,,,0,0,2,0,1,1,0,128,128,256,2,1,0,1,0,2,0,0,1
19320620471292832,0x44a400800813a0,1,TND,BF16,3,2048,2048,2,1,256,248,none,1,slope,2,0,0.5,2,65536,65536,0,1,1024/1792/3840,1024/1792/3840,0,0,2,1,1,1,0,128,128,256,2,1,0,1,0,2,0,0,1
19320620471292960,0x44a40080081420,1,BNSD,BF16,1,256,256,1,1,256,64,2048,0,,1,0,1.0,4,1024,65536,0,1,,,0,0,2,0,0,0,1,128,128,256,2,1,0,1,0,2,0,0,1
19320620471293088,0x44a400800814a0,1,TND,BF16,3,2048,2048,2,1,256,64,11ss,0,,1,0,1.0,4,65536,65536,0,1,1024/1792/3840,1024/1792/3840,0,0,2,1,0,0,1,128,128,256,2,1,0,1,0,2,0,0,1
19320620471293092,0x44a400800814a4,1,TND,BF16,32,2560,2560,4,1,256,72,bnss,0,,1,0,1.0,0,65536,65536,0,1,2048/4352/6912/8960/11264/13824/15872/18176/20736/22784/25088/27648/29696/32000/34560/36608/38912/41472/43520/45824/48384/50432/52736/55296/57344/59648/62208/64256/66560/69120/71168/73472,2048/4352/6912/8960/11264/13824/15872/18176/20736/22784/25088/27648/29696/32000/34560/36608/38912/41472/43520/45824/48384/50432/52736/55296/57344/59648/62208/64256/66560/69120/71168/73472,0,5,2,1,0,0,1,128,128,256,2,1,0,1,0,2,0,0,1
19320620471293216,0x44a40080081520,1,BNSD,BF16,1,256,256,1,1,256,64,ss,0,,1,0,0.9,0,65536,65536,0,1,,,0,0,2,0,1,0,1,128,128,256,2,1,0,1,0,2,0,0,1
19320620471293344,0x44a400800815a0,1,TND,BF16,3,2048,2048,2,1,256,96,2048,0,,1,0,0.9,0,65536,65536,0,1,1024/1792/3840,1024/1792/3840,0,0,2,1,1,0,1,128,128,256,2,1,0,1,0,2,0,0,1
19320620471293472,0x44a40080081620,1,BSH,BF16,24,512,512,8,1,256,64,ss,1,bnss,1,0,1.0,0,65536,65536,0,1,,,0,0,2,0,0,1,1,128,128,256,2,1,0,1,0,2,0,0,1
19320620471293600,0x44a400800816a0,1,TND,BF16,3,512,512,5,1,193,64,2048,1,slope,2,0,1.0,0,65536,65536,0,1,512/896/1152,512/896/1152,0,0,2,1,0,1,1,128,128,256,2,1,0,1,0,2,0,0,1
19320620471293604,0x44a400800816a4,1,TND,BF16,32,2048,2048,2,1,256,128,2048,1,slope_n,3,0,1.0,4,65536,65536,0,1,2048/3968/6016/7936/9984/11904/13952/15872/17920/19840/21888/23808/25856/27776/29824/31744/33792/35712/37760/39680/41728/43648/45696/47616/49664/51584/53632/55552/57600/59520/61568/63488,2048/3968/6016/7936/9984/11904/13952/15872/17920/19840/21888/23808/25856/27776/29824/31744/33792/35712/37760/39680/41728/43648/45696/47616/49664/51584/53632/55552/57600/59520/61568/63488,0,5,2,1,0,1,1,128,128,256,2,1,0,1,0,2,0,0,1
19320620471293728,0x44a40080081720,1,SBH,BF16,1,256,256,1,1,256,128,ss,1,1nss,1,0,0.9,0,65536,65536,0,1,,,0,0,2,0,1,1,1,128,128,256,2,1,0,1,0,2,0,0,1
19320620471293856,0x44a400800817a0,1,TND,BF16,2,128,128,2,1,256,64,ss,1,slope,2,0,0.9,0,65536,65536,0,1,128/128,128/128,0,0,2,1,1,1,1,128,128,256,2,1,0,1,0,2,0,0,1
19320621008162848,0x44a400a0081020,1,BNSD,BF16,1,256,256,1,1,512,16,none,0,,1,0,1.0,0,65536,65536,0,1,,,0,0,2,0,0,0,0,128,128,768,2,1,0,1,0,2,0,0,1
19320621008162976,0x44a400a00810a0,1,TND,BF16,32,2560,2560,2,1,768,128,none,0,,1,0,1.0,0,65536,65536,0,1,2048/4352/6912/8960/11264/13824/15872/18176/20736/22784/25088/27648/29696/32000/34560/36608/38912/41472/43520/45824/48384/50432/52736/55296/57344/59648/62208/64256/66560/69120/71168/73472,2048/4352/6912/8960/11264/13824/15872/18176/20736/22784/25088/27648/29696/32000/34560/36608/38912/41472/43520/45824/48384/50432/52736/55296/57344/59648/62208/64256/66560/69120/71168/73472,0,0,2,1,0,0,0,128,128,768,2,1,0,1,0,2,0,0,1
19320621008162980,0x44a400a00810a4,1,TND,BF16,64,4096,512,2,1,320,64,none,0,,1,0,1.0,0,65536,65536,0,1,2048/4608/7680/11264/15360/17408/19968/23040/26624/30720/32768/35328/38400/41984/46080/48128/50688/53760/57344/61440/63488/66048/69120/72704/76800/78848/81408/84480/88064/92160/94208/96768/99840/103424/107520/109568/112128/115200/118784/122880/124928/127488/130560/134144/138240/140288/142848/145920/149504/153600/155648/158208/161280/164864/168960/171008/173568/176640/180224/184320/186368/188928/192000/195584,512/1024/1536/2048/2560/3072/3584/4096/4608/5120/5632/6144/6656/7168/7680/8192/8704/9216/9728/10240/10752/11264/11776/12288/12800/13312/13824/14336/14848/15360/15872/16384/16896/17408/17920/18432/18944/19456/19968/20480/20992/21504/22016/22528/23040/23552/24064/24576/25088/25600/26112/26624/27136/27648/28160/28672/29184/29696/30208/30720/31232/31744/32256/32768,0,5,2,1,0,0,0,128,128,768,2,1,0,1,0,2,0,0,1
19320621008163104,0x44a400a0081120,1,BNSD,BF16,1,256,256,1,1,512,16,none,0,,1,0,0.9,0,65536,65536,0,1,,,0,0,2,0,1,0,0,128,128,768,2,1,0,1,0,2,0,0,1
19320621008163232,0x44a400a00811a0,1,TND,BF16,4,4096,4096,2,1,512,192,none,0,,1,0,0.5,0,65536,65536,0,1,4096/8064/12160/16128,4096/8064/12160/16128,0,0,2,1,1,0,0,128,128,768,2,1,0,1,0,2,0,0,1
19320621008163360,0x44a400a0081220,1,BSH,BF16,4,512,512,2,1,512,256,none,1,bnss,0,0,1.0,1,128,0,0,1,,,0,0,2,0,0,1,0,128,128,768,2,1,0,1,0,2,0,0,1
19320621008163488,0x44a400a00812a0,1,TND,BF16,3,2048,2048,2,1,320,48,none,1,slope,2,0,1.0,4,65536,65536,0,1,1024/1792/3840,1024/1792/3840,0,0,2,1,0,1,0,128,128,768,2,1,0,1,0,2,0,0,1
19320621008163492,0x44a400a00812a4,1,TND,BF16,3,2048,2048,40,1,320,64,none,1,slope,2,0,1.0,4,65536,65536,1,1,1024/1792/3840,1024/1792/3840,0,5,2,1,0,1,0,128,128,768,2,1,0,1,0,2,0,0,1
19320621008163616,0x44a400a0081320,1,BSH,BF16,24,512,512,8,1,768,64,none,1,bnss,1,0,0.5,0,65536,65536,0,1,,,0,0,2,0,1,1,0,128,128,768,2,1,0,1,0,2,0,0,1
19320621008163744,0x44a400a00813a0,1,TND,BF16,2,128,128,2,1,512,256,none,1,slope,2,0,0.9,0,65536,65536,0,1,128/128,128/128,0,0,2,1,1,1,0,128,128,768,2,1,0,1,0,2,0,0,1
19320621008163872,0x44a400a0081420,1,BSH,BF16,24,512,512,8,1,768,64,ss,0,,1,0,1.0,0,65536,65536,0,1,,,0,0,2,0,0,0,1,128,128,768,2,1,0,1,0,2,0,0,1
19320621008164000,0x44a400a00814a0,1,TND,BF16,3,2048,2048,2,1,768,128,11ss,0,,1,0,1.0,4,65536,65536,0,1,1024/1792/3840,1024/1792/3840,0,0,2,1,0,0,1,128,128,768,2,1,0,1,0,2,0,0,1
19320621008164004,0x44a400a00814a4,1,TND,BF16,32,2560,2560,2,1,320,96,ss,0,,1,0,1.0,0,65536,65536,0,1,2048/4352/6912/8960/11264/13824/15872/18176/20736/22784/25088/27648/29696/32000/34560/36608/38912/41472/43520/45824/48384/50432/52736/55296/57344/59648/62208/64256/66560/69120/71168/73472,2048/4352/6912/8960/11264/13824/15872/18176/20736/22784/25088/27648/29696/32000/34560/36608/38912/41472/43520/45824/48384/50432/52736/55296/57344/59648/62208/64256/66560/69120/71168/73472,0,5,2,1,0,0,1,128,128,768,2,1,0,1,0,2,0,0,1
19320621008164128,0x44a400a0081520,1,BNSD,BF16,1,256,256,1,1,512,64,ss,0,,1,0,0.9,1,1024,1024,0,1,,,0,0,2,0,1,0,1,128,128,768,2,1,0,1,0,2,0,0,1
19320621008164256,0x44a400a00815a0,1,TND,BF16,3,2048,2048,2,1,320,64,2048,0,,1,0,0.9,0,65536,65536,0,1,1024/1792/3840,1024/1792/3840,0,0,2,1,1,0,1,128,128,768,2,1,0,1,0,2,0,0,1
19320621008164384,0x44a400a0081620,1,BSND,BF16,1,256,256,1,1,320,48,11ss,1,1nss,1,0,1.0,0,65536,65536,0,1,,,0,0,2,0,0,1,1,128,128,768,2,1,0,1,0,2,0,0,1
19320621008164512,0x44a400a00816a0,1,TND,BF16,16,1024,1024,2,1,768,128,11ss,1,slope_n,3,0,1.0,1,128,256,1,1,0/1024/1088/1600/1728/1728/1984/2048/2048/2304/2304/2304/2816/3072/4096/4224,1024/1152/2176/2688/3200/3328/3840/3840/3904/4416/4416/4416/4416/4416/4928/5184,0,0,2,1,0,1,1,128,128,768,2,1,0,1,0,2,0,0,1
19320621008164516,0x44a400a00816a4,1,TND,BF16,3,2048,2048,40,1,320,64,b1ss,1,slope,2,0,1.0,4,65536,65536,1,1,1024/1792/3840,1024/1792/3840,0,5,2,1,0,1,1,128,128,768,2,1,0,1,0,2,0,0,1
19320621008164640,0x44a400a0081720,1,SBH,BF16,1,256,256,1,1,768,128,ss,1,1nss,1,0,0.9,0,65536,65536,0,1,,,0,0,2,0,1,1,1,128,128,768,2,1,0,1,0,2,0,0,1
19320621008164768,0x44a400a00817a0,1,TND,BF16,2,128,128,2,1,768,192,2048,1,slope,2,0,0.9,0,65536,65536,0,1,128/128,128/128,0,0,2,1,1,1,1,128,128,768,2,1,0,1,0,2,0,0,1
19322817883935776,0x44a60020081420,1,BNSD,BF16,1,256,256,1,1,64,48,2048,0,,1,0,1.0,2,128,0,0,1,,,0,0,2,0,0,0,1,128,128,64,3,1,0,1,0,2,0,0,1
19322817883935904,0x44a600200814a0,1,TND,BF16,3,2048,2048,2,1,64,16,b1ss,0,,1,0,1.0,3,128,128,0,1,1024/1792/3840,1024/1792/3840,0,0,2,1,0,0,1,128,128,64,3,1,0,1,0,2,0,0,1
19322817883936032,0x44a60020081520,1,BSH,BF16,4,512,512,2,1,64,48,2048,0,,1,0,0.9,2,128,0,0,1,,,0,0,2,0,1,0,1,128,128,64,3,1,0,1,0,2,0,0,1
19322817883936160,0x44a600200815a0,1,TND,BF16,3,2048,2048,2,1,64,48,2048,0,,1,0,0.9,2,128,1024,0,1,1024/1792/3840,1024/1792/3840,0,0,2,1,1,0,1,128,128,64,3,1,0,1,0,2,0,0,1
19322817883936288,0x44a60020081620,1,BNSD,BF16,1,256,256,1,1,64,48,2048,1,1nss,1,0,1.0,2,128,0,0,1,,,0,0,2,0,0,1,1,128,128,64,3,1,0,1,0,2,0,0,1
19322817883936416,0x44a600200816a0,1,TND,BF16,40,4096,128,2,1,64,16,2048,1,1nhs,0,0,1.0,2,128,0,0,1,2048/3968/6016/7936/9984/11904/13952/15872/17920/19840/21888/23808/25856/27776/29824/31744/33792/35712/37760/39680/41728/43648/45696/47616/49664/51584/53632/55552/57600/59520/61568/63488/64512/66560/67072/71168/72192/72320/72384/76480,128/256/384/512/640/768/896/1024/1152/1280/1408/1536/1664/1792/1920/2048/2176/2304/2432/2560/2688/2816/2944/3072/3200/3328/3456/3584/3712/3840/3968/4096/4224/4352/4480/4608/4736/4864/4992/5120,0,0,2,1,0,1,1,128,128,64,3,1,0,1,0,2,0,0,1
19322817883936544,0x44a60020081720,1,BSH,BF16,4,4096,2048,4,1,64,16,2048,1,bnss,1,0,0.9,2,128,0,0,1,,,0,0,2,0,1,1,1,128,128,64,3,1,0,1,0,2,0,0,1
19322817883936672,0x44a600200817a0,1,TND,BF16,40,4096,128,2,1,64,16,2048,1,1nhs,0,0,0.5,2,128,0,0,1,2048/3968/6016/7936/9984/11904/13952/15872/17920/19840/21888/23808/25856/27776/29824/31744/33792/35712/37760/39680/41728/43648/45696/47616/49664/51584/53632/55552/57600/59520/61568/63488/64512/66560/67072/71168/72192/72320/72384/76480,128/256/384/512/640/768/896/1024/1152/1280/1408/1536/1664/1792/1920/2048/2176/2304/2432/2560/2688/2816/2944/3072/3200/3328/3456/3584/3712/3840/3968/4096/4224/4352/4480/4608/4736/4864/4992/5120,0,0,2,1,1,1,1,128,128,64,3,1,0,1,0,2,0,0,1
19322818420806688,0x44a60040081420,1,BNSD,BF16,1,1024,128,1,1,72,16,2048,0,,1,0,1.0,2,128,0,0,1,,,0,0,2,0,0,0,1,128,128,128,3,1,0,1,0,2,0,0,1
19322818420806816,0x44a600400814a0,1,TND,BF16,3,4096,1024,2,1,96,72,2048,0,,1,0,1.0,2,128,0,0,1,4096/8064/11904,1024/1920/2688,0,0,2,1,0,0,1,128,128,128,3,1,0,1,0,2,0,0,1
19322818420806944,0x44a60040081520,1,BNSD,BF16,48,128,256,1,1,96,64,2048,0,,1,0,0.9,2,128,0,0,1,,,0,0,2,0,1,0,1,128,128,128,3,1,0,1,0,2,0,0,1
19322818420807072,0x44a600400815a0,1,TND,BF16,32,2048,2048,2,1,128,64,2048,0,,1,0,0.9,2,128,0,0,1,2048/3968/6016/7936/9984/11904/13952/15872/17920/19840/21888/23808/25856/27776/29824/31744/33792/35712/37760/39680/41728/43648/45696/47616/49664/51584/53632/55552/57600/59520/61568/63488,2048/3968/6016/7936/9984/11904/13952/15872/17920/19840/21888/23808/25856/27776/29824/31744/33792/35712/37760/39680/41728/43648/45696/47616/49664/51584/53632/55552/57600/59520/61568/63488,0,0,2,1,1,0,1,128,128,128,3,1,0,1,0,2,0,0,1
19322818420807200,0x44a60040081620,1,TND,BF16,4,4096,128,2,1,96,32,2048,1,bnhs,1,0,1.0,2,128,0,0,1,4096/8192/12288/16384,128/256/384/512,0,0,2,0,0,1,1,128,128,128,3,1,0,1,0,2,0,0,1
19322818420807328,0x44a600400816a0,1,TND,BF16,4,5120,128,2,1,96,32,2048,1,bnhs,1,0,1.0,2,128,0,0,1,5120/9216/13312/17408,128/256/384/512,0,0,2,1,0,1,1,128,128,128,3,1,0,1,0,2,0,0,1
19322818420807456,0x44a60040081720,1,TND,BF16,4,4096,128,2,1,96,32,2048,1,bnhs,1,0,0.5,2,128,0,0,1,4096/8192/12288/16384,128/256/384/512,0,0,2,0,1,1,1,128,128,128,3,1,0,1,0,2,0,0,1
19322818420807584,0x44a600400817a0,1,TND,BF16,4,5120,128,2,1,96,32,2048,1,bnhs,1,0,0.5,2,128,0,0,1,5120/9216/13312/17408,128/256/384/512,0,0,2,1,1,1,1,128,128,128,3,1,0,1,0,2,0,0,1
19322818957677600,0x44a60060081420,1,BNSD,BF16,2,256,256,1,1,192,64,2048,0,,1,0,1.0,2,128,0,0,1,,,0,0,2,0,0,0,1,128,128,192,3,1,0,1,0,2,0,0,1
19322818957677728,0x44a600600814a0,1,TND,BF16,10,4096,128,2,1,192,16,2048,0,,1,0,1.0,2,128,0,0,1,4096/8064/12160/16128/16640/20736/20992/21504/21760/21888,128/256/384/512/640/768/896/1024/1152/1280,0,0,2,1,0,0,1,128,128,192,3,1,0,1,0,2,0,0,1
19322818957677856,0x44a60060081520,1,BNSD,BF16,1,256,256,1,1,192,64,2048,0,,1,0,0.9,2,128,0,0,1,,,0,0,2,0,1,0,1,128,128,192,3,1,0,1,0,2,0,0,1
19322818957677984,0x44a600600815a0,1,TND,BF16,3,1024,4096,2,1,192,128,2048,0,,1,0,0.9,2,128,0,0,1,1024/1920/2688,4096/8064/11904,0,0,2,1,1,0,1,128,128,192,3,1,0,1,0,2,0,0,1
19322818957678112,0x44a60060081620,1,BNSD,BF16,1,256,256,1,1,192,96,2048,1,b1ss,0,0,1.0,2,65536,128,0,1,,,0,0,2,0,0,1,1,128,128,192,3,1,0,1,0,2,0,0,1
19322818957678240,0x44a600600816a0,1,TND,BF16,3,10240,128,2,1,192,72,2048,1,bnhs,1,0,1.0,2,128,0,0,1,10240/18176/26368,128/256/384,0,0,2,1,0,1,1,128,128,192,3,1,0,1,0,2,0,0,1
19322818957678368,0x44a60060081720,1,BSND,BF16,4,8192,8192,2,1,192,72,2048,1,1nhs,1,0,0.9,2,128,0,0,1,,,0,0,2,0,1,1,1,128,128,192,3,1,0,1,0,2,0,0,1
19322818957678496,0x44a600600817a0,1,TND,BF16,4,5120,4992,2,1,192,72,2048,1,1nhs,1,0,0.9,2,128,0,0,1,5120/9088/13184/17152,4096/8064/12160/17152,0,0,2,1,1,1,1,128,128,192,3,1,0,1,0,2,0,0,1
19322819494548512,0x44a60080081420,1,BNSD,BF16,1,256,256,1,1,256,128,2048,0,,1,0,1.0,2,128,0,0,1,,,0,0,2,0,0,0,1,128,128,256,3,1,0,1,0,2,0,0,1
19322819494548640,0x44a600800814a0,1,TND,BF16,8,2048,512,2,1,256,72,2048,0,,1,0,1.0,2,128,0,0,1,2048/3968/5760/7808/9728/11520/13568/15488,512/896/1152/1664/2048/2304/2816/3200,0,0,2,1,0,0,1,128,128,256,3,1,0,1,0,2,0,0,1
19322819494548768,0x44a60080081520,1,TND,BF16,1,1024,128,2,1,256,96,2048,0,,1,0,0.9,2,65536,65536,0,1,1024,128,0,0,2,0,1,0,1,128,128,256,3,1,0,1,0,2,0,0,1
19322819494548896,0x44a600800815a0,1,TND,BF16,3,2048,2048,2,1,256,96,2048,0,,1,0,0.9,2,65536,65536,0,1,1024/1792/3840,1024/1792/3840,0,0,2,1,1,0,1,128,128,256,3,1,0,1,0,2,0,0,1
19322819494549024,0x44a60080081620,1,BNSD,BF16,8,256,256,1,1,256,128,2048,1,bnss,1,0,1.0,2,128,0,0,1,,,0,0,2,0,0,1,1,128,128,256,3,1,0,1,0,2,0,0,1
19322819494549152,0x44a600800816a0,1,TND,BF16,4,4992,128,2,1,256,96,2048,1,bnhs,1,0,1.0,2,128,0,0,1,4096/8064/12160/17152,128/256/384/512,0,0,2,1,0,1,1,128,128,256,3,1,0,1,0,2,0,0,1
19322819494549280,0x44a60080081720,1,SBH,BF16,1,256,256,1,1,256,72,2048,1,1nss,1,0,0.9,2,128,0,0,1,,,0,0,2,0,1,1,1,128,128,256,3,1,0,1,0,2,0,0,1
19322819494549408,0x44a600800817a0,1,TND,BF16,32,2048,128,2,1,256,128,2048,1,bnhs,1,0,0.9,2,128,0,0,1,2048/3968/6016/7936/9984/11904/13952/15872/17920/19840/21888/23808/23808/25728/27776/29696/31744/33664/35712/37632/39680/41600/43648/45568/47616/49536/51584/53504/55552/57472/59520/61440,128/256/384/512/640/768/896/1024/1152/1280/1408/1536/1664/1792/1920/2048/2176/2304/2432/2560/2688/2816/2944/3072/3200/3328/3456/3584/3712/3840/3968/4096,0,0,2,1,1,1,1,128,128,256,3,1,0,1,0,2,0,0,1
19322820031419424,0x44a600a0081420,1,BNSD,BF16,1,2048,256,1,1,768,16,2048,0,,1,0,1.0,2,128,0,0,1,,,0,0,2,0,0,0,1,128,128,768,3,1,0,1,0,2,0,0,1
19322820031419552,0x44a600a00814a0,1,TND,BF16,3,2048,2048,2,1,320,192,2048,0,,1,0,1.0,2,1024,1024,0,1,1024/1792/3840,1024/1792/3840,0,0,2,1,0,0,1,128,128,768,3,1,0,1,0,2,0,0,1
19322820031419680,0x44a600a0081520,1,BSH,BF16,4,4096,2048,4,1,768,64,2048,0,,1,0,0.9,2,128,0,0,1,,,0,0,2,0,1,0,1,128,128,768,3,1,0,1,0,2,0,0,1
19322820031419808,0x44a600a00815a0,1,TND,BF16,3,2048,2048,2,1,320,64,2048,0,,1,0,0.9,2,65536,65536,0,1,1024/1792/3840,1024/1792/3840,0,0,2,1,1,0,1,128,128,768,3,1,0,1,0,2,0,0,1
19322820031419936,0x44a600a0081620,1,BNSD,BF16,1,256,256,1,1,320,72,2048,1,1nss,1,0,1.0,2,128,0,0,1,,,0,0,2,0,0,1,1,128,128,768,3,1,0,1,0,2,0,0,1
19322820031420064,0x44a600a00816a0,1,TND,BF16,3,1024,256,2,1,512,192,2048,1,bnhs,1,0,1.0,2,128,0,0,1,1024/1920/2688,256/384/384,0,0,2,1,0,1,1,128,128,768,3,1,0,1,0,2,0,0,1
19322820031420192,0x44a600a0081720,1,BNSD,BF16,1,2048,64,1,1,320,192,2048,1,1nss,1,0,0.9,2,1024,0,0,1,,,0,0,2,0,1,1,1,128,128,768,3,1,0,1,0,2,0,0,1
19322820031420320,0x44a600a00817a0,1,TND,BF16,8,64,64,2,1,768,32,2048,1,1nhs,1,0,0.9,0,128,0,0,1,64/107/129/193/236/258/322/365,64/107/129/193/236/258/322/365,0,0,2,1,1,1,1,128,128,768,3,1,0,1,0,2,0,0,1
19325016907191328,0x44a80020081420,1,BNSD,BF16,1,256,256,1,1,64,48,2048,0,,1,0,1.0,3,128,0,0,1,,,0,0,2,0,0,0,1,128,128,64,4,1,0,1,0,2,0,0,1
19325016907191456,0x44a800200814a0,1,TND,BF16,3,4096,4096,2,1,64,48,2048,0,,1,0,1.0,0,128,0,0,1,4096/8064/11904,4096/8064/11904,0,0,2,1,0,0,1,128,128,64,4,1,0,1,0,2,0,0,1
19325016907191460,0x44a800200814a4,1,TND,BF16,32,2560,2560,4,1,64,16,ss,0,,1,0,1.0,0,512,65536,0,1,2048/4352/6912/8960/11264/13824/15872/18176/20736/22784/25088/27648/29696/32000/34560/36608/38912/41472/43520/45824/48384/50432/52736/55296/57344/59648/62208/64256/66560/69120/71168/73472,2048/4352/6912/8960/11264/13824/15872/18176/20736/22784/25088/27648/29696/32000/34560/36608/38912/41472/43520/45824/48384/50432/52736/55296/57344/59648/62208/64256/66560/69120/71168/73472,0,5,2,1,0,0,1,128,128,64,4,1,0,1,0,2,0,0,1
19325016907191584,0x44a80020081520,1,BSH,BF16,4,512,512,2,1,64,48,2048,0,,1,0,0.9,4,128,65536,0,1,,,0,0,2,0,1,0,1,128,128,64,4,1,0,1,0,2,0,0,1
19325016907191712,0x44a800200815a0,1,TND,BF16,3,512,4096,2,1,64,48,2048,0,,1,0,0.9,0,128,0,0,1,512/896/1152,4096/8064/11904,0,0,2,1,1,0,1,128,128,64,4,1,0,1,0,2,0,0,1
19325016907191716,0x44a800200815a4,1,TND,BF16,32,2560,2560,2,1,64,72,2048,0,,1,0,0.9,0,128,1024,0,1,2048/4352/6912/8960/11264/13824/15872/18176/20736/22784/25088/27648/29696/32000/34560/36608/38912/41472/43520/45824/48384/50432/52736/55296/57344/59648/62208/64256/66560/69120/71168/73472,2048/4352/6912/8960/11264/13824/15872/18176/20736/22784/25088/27648/29696/32000/34560/36608/38912/41472/43520/45824/48384/50432/52736/55296/57344/59648/62208/64256/66560/69120/71168/73472,0,5,2,1,1,0,1,128,128,64,4,1,0,1,0,2,0,0,1
19325016907191840,0x44a80020081620,1,BNSD,BF16,1,256,256,1,1,64,48,2048,1,1nss,1,0,1.0,4,0,0,0,1,,,0,0,2,0,0,1,1,128,128,64,4,1,0,1,0,2,0,0,1
19325016907191968,0x44a800200816a0,1,TND,BF16,40,4096,128,2,1,64,16,2048,1,1nhs,0,0,1.0,3,128,0,0,1,2048/3968/6016/7936/9984/11904/13952/15872/17920/19840/21888/23808/25856/27776/29824/31744/33792/35712/37760/39680/41728/43648/45696/47616/49664/51584/53632/55552/57600/59520/61568/63488/64512/66560/67072/71168/72192/72320/72384/76480,128/256/384/512/640/768/896/1024/1152/1280/1408/1536/1664/1792/1920/2048/2176/2304/2432/2560/2688/2816/2944/3072/3200/3328/3456/3584/3712/3840/3968/4096/4224/4352/4480/4608/4736/4864/4992/5120,0,0,2,1,0,1,1,128,128,64,4,1,0,1,0,2,0,0,1
19325016907191972,0x44a800200816a4,1,TND,BF16,3,2048,2048,40,1,64,16,2048,1,slope,2,0,1.0,4,128,65536,0,1,1024/1792/3840,1024/1792/3840,0,5,2,1,0,1,1,128,128,64,4,1,0,1,0,2,0,0,1
19325016907192096,0x44a80020081720,1,BNSD,BF16,1,2048,128,1,1,64,32,ss,1,1nss,1,0,0.9,0,0,65536,0,1,,,0,0,2,0,1,1,1,128,128,64,4,1,0,1,0,2,0,0,1
19325016907192224,0x44a800200817a0,1,TND,BF16,40,4096,128,2,1,64,16,2048,1,1nhs,0,0,0.5,3,128,0,0,1,2048/3968/6016/7936/9984/11904/13952/15872/17920/19840/21888/23808/25856/27776/29824/31744/33792/35712/37760/39680/41728/43648/45696/47616/49664/51584/53632/55552/57600/59520/61568/63488/64512/66560/67072/71168/72192/72320/72384/76480,128/256/384/512/640/768/896/1024/1152/1280/1408/1536/1664/1792/1920/2048/2176/2304/2432/2560/2688/2816/2944/3072/3200/3328/3456/3584/3712/3840/3968/4096/4224/4352/4480/4608/4736/4864/4992/5120,0,0,2,1,1,1,1,128,128,64,4,1,0,1,0,2,0,0,1
19325016907192228,0x44a800200817a4,1,TND,BF16,32,2048,128,4,1,64,72,2048,1,bnhs,1,0,0.9,3,128,0,0,1,2048/3968/6016/7936/9984/11904/13952/15872/17920/19840/21888/23808/23808/25728/27776/29696/31744/33664/35712/37632/39680/41600/43648/45568/47616/49536/51584/53504/55552/57472/59520/61440,128/256/384/512/640/768/896/1024/1152/1280/1408/1536/1664/1792/1920/2048/2176/2304/2432/2560/2688/2816/2944/3072/3200/3328/3456/3584/3712/3840/3968/4096,0,5,2,1,1,1,1,128,128,64,4,1,0,1,0,2,0,0,1
19325017444062240,0x44a80040081420,1,BNSD,BF16,1,128,256,1,1,128,72,2048,0,,1,0,1.0,3,128,0,0,1,,,0,0,2,0,0,0,1,128,128,128,4,1,0,1,0,2,0,0,1
19325017444062368,0x44a800400814a0,1,TND,BF16,8,2048,2048,2,1,96,64,2048,0,,1,0,1.0,0,128,0,0,1,2048/3968/6016/7936/9984/11904/13952/15872,2048/3968/6016/7936/9984/11904/13952/15872,0,0,2,1,0,0,1,128,128,128,4,1,0,1,0,2,0,0,1
19325017444062372,0x44a800400814a4,1,TND,BF16,8,2048,2048,8,1,96,32,2048,0,,1,0,1.0,4,128,0,0,1,2048/3968/6016/7936/9984/11904/13952/15872,2048/3968/6016/7936/9984/11904/13952/15872,0,5,2,1,0,0,1,128,128,128,4,1,0,1,0,2,0,0,1
19325017444062496,0x44a80040081520,1,BNSD,BF16,1,256,256,1,1,128,96,2048,0,,1,0,0.9,3,128,0,0,1,,,0,0,2,0,1,0,1,128,128,128,4,1,0,1,0,2,0,0,1
19325017444062624,0x44a800400815a0,1,TND,BF16,3,4096,2048,2,1,128,16,2048,0,,1,0,0.9,0,128,0,0,1,4096/8064/11904,2048/3968/5760,0,0,2,1,1,0,1,128,128,128,4,1,0,1,0,2,0,0,1
19325017444062628,0x44a800400815a4,1,TND,BF16,8,2048,2048,8,1,96,32,2048,0,,1,0,0.5,4,128,0,0,1,2048/3968/6016/7936/9984/11904/13952/15872,2048/3968/6016/7936/9984/11904/13952/15872,0,5,2,1,1,0,1,128,128,128,4,1,0,1,0,2,0,0,1
19325017444062752,0x44a80040081620,1,BNSD,BF16,48,128,256,1,1,96,16,2048,1,bnss,1,0,1.0,3,128,0,0,1,,,0,0,2,0,0,1,1,128,128,128,4,1,0,1,0,2,0,0,1
19325017444062880,0x44a800400816a0,1,TND,BF16,4,5120,128,2,1,96,32,2048,1,bnhs,1,0,1.0,3,128,0,0,1,5120/9216/13312/17408,128/256/384/512,0,0,2,1,0,1,1,128,128,128,4,1,0,1,0,2,0,0,1
19325017444062884,0x44a800400816a4,1,TND,BF16,32,2048,2048,2,1,128,16,2048,1,slope_n,3,0,1.0,0,1024,65536,0,1,2048/3968/6016/7936/9984/11904/13952/15872/17920/19840/21888/23808/25856/27776/29824/31744/33792/35712/37760/39680/41728/43648/45696/47616/49664/51584/53632/55552/57600/59520/61568/63488,2048/3968/6016/7936/9984/11904/13952/15872/17920/19840/21888/23808/25856/27776/29824/31744/33792/35712/37760/39680/41728/43648/45696/47616/49664/51584/53632/55552/57600/59520/61568/63488,0,5,2,1,0,1,1,128,128,128,4,1,0,1,0,2,0,0,1
19325017444063008,0x44a80040081720,1,BNSD,BF16,48,128,256,1,1,96,16,2048,1,bnss,1,0,0.5,3,128,0,0,1,,,0,0,2,0,1,1,1,128,128,128,4,1,0,1,0,2,0,0,1
19325017444063136,0x44a800400817a0,1,TND,BF16,4,5120,128,2,1,96,32,2048,1,bnhs,1,0,0.5,3,128,0,0,1,5120/9216/13312/17408,128/256/384/512,0,0,2,1,1,1,1,128,128,128,4,1,0,1,0,2,0,0,1
19325017444063140,0x44a800400817a4,1,TND,BF16,32,2048,2048,2,1,128,32,2048,1,slope_n,3,0,0.5,4,1024,65536,0,1,2048/3968/6016/7936/9984/11904/13952/15872/17920/19840/21888/23808/25856/27776/29824/31744/33792/35712/37760/39680/41728/43648/45696/47616/49664/51584/53632/55552/57600/59520/61568/63488,2048/3968/6016/7936/9984/11904/13952/15872/17920/19840/21888/23808/25856/27776/29824/31744/33792/35712/37760/39680/41728/43648/45696/47616/49664/51584/53632/55552/57600/59520/61568/63488,0,5,2,1,1,1,1,128,128,128,4,1,0,1,0,2,0,0,1
19325017980933152,0x44a80060081420,1,BNSD,BF16,2,256,256,1,1,192,64,2048,0,,1,0,1.0,3,128,0,0,1,,,0,0,2,0,0,0,1,128,128,192,4,1,0,1,0,2,0,0,1
19325017980933280,0x44a800600814a0,1,TND,BF16,10,4096,128,2,1,192,16,2048,0,,1,0,1.0,0,128,0,0,1,4096/8064/12160/16128/16640/20736/20992/21504/21760/21888,128/256/384/512/640/768/896/1024/1152/1280,0,0,2,1,0,0,1,128,128,192,4,1,0,1,0,2,0,0,1
19325017980933284,0x44a800600814a4,1,TND,BF16,32,2560,2560,2,1,144,96,b1ss,0,,1,0,1.0,0,65536,128,0,1,2048/4352/6912/8960/11264/13824/15872/18176/20736/22784/25088/27648/29696/32000/34560/36608/38912/41472/43520/45824/48384/50432/52736/55296/57344/59648/62208/64256/66560/69120/71168/73472,2048/4352/6912/8960/11264/13824/15872/18176/20736/22784/25088/27648/29696/32000/34560/36608/38912/41472/43520/45824/48384/50432/52736/55296/57344/59648/62208/64256/66560/69120/71168/73472,0,5,2,1,0,0,1,128,128,192,4,1,0,1,0,2,0,0,1
19325017980933408,0x44a80060081520,1,BNSD,BF16,1,256,256,1,1,192,96,2048,0,,1,0,0.9,3,128,0,0,1,,,0,0,2,0,1,0,1,128,128,192,4,1,0,1,0,2,0,0,1
19325017980933536,0x44a800600815a0,1,TND,BF16,3,4096,2048,2,1,192,128,2048,0,,1,0,0.9,0,128,0,0,1,4096/8064/11904,2048/3968/5760,0,0,2,1,1,0,1,128,128,192,4,1,0,1,0,2,0,0,1
19325017980933664,0x44a80060081620,1,BNSD,BF16,48,256,256,1,1,192,96,2048,1,bnss,1,0,1.0,3,128,0,0,1,,,0,0,2,0,0,1,1,128,128,192,4,1,0,1,0,2,0,0,1
19325017980933792,0x44a800600816a0,1,TND,BF16,3,10240,128,2,1,192,72,2048,1,bnhs,1,0,1.0,3,128,0,0,1,10240/18176/26368,128/256/384,0,0,2,1,0,1,1,128,128,192,4,1,0,1,0,2,0,0,1
19325017980933796,0x44a800600816a4,1,TND,BF16,32,2048,2048,2,1,192,128,2048,1,slope_n,3,0,1.0,4,1024,65536,0,1,2048/3968/6016/7936/9984/11904/13952/15872/17920/19840/21888/23808/25856/27776/29824/31744/33792/35712/37760/39680/41728/43648/45696/47616/49664/51584/53632/55552/57600/59520/61568/63488,2048/3968/6016/7936/9984/11904/13952/15872/17920/19840/21888/23808/25856/27776/29824/31744/33792/35712/37760/39680/41728/43648/45696/47616/49664/51584/53632/55552/57600/59520/61568/63488,0,5,2,1,0,1,1,128,128,192,4,1,0,1,0,2,0,0,1
19325017980933920,0x44a80060081720,1,BSND,BF16,1,256,256,2,1,192,72,bnss,1,1nss,1,0,0.9,0,128,1024,0,1,,,0,0,2,0,1,1,1,128,128,192,4,1,0,1,0,2,0,0,1
19325017980934048,0x44a800600817a0,1,TND,BF16,4,5120,4992,2,1,192,72,2048,1,1nhs,1,0,0.9,3,128,0,0,1,5120/9088/13184/17152,4096/8064/12160/17152,0,0,2,1,1,1,1,128,128,192,4,1,0,1,0,2,0,0,1
19325018517804064,0x44a80080081420,1,BNSD,BF16,1,32,256,1,1,256,64,2048,0,,1,0,1.0,3,128,0,0,1,,,0,0,2,0,0,0,1,128,128,256,4,1,0,1,0,2,0,0,1
19325018517804192,0x44a800800814a0,1,TND,BF16,8,2048,512,2,1,256,72,2048,0,,1,0,1.0,0,128,0,0,1,2048/3968/5760/7808/9728/11520/13568/15488,512/896/1152/1664/2048/2304/2816/3200,0,0,2,1,0,0,1,128,128,256,4,1,0,1,0,2,0,0,1
19325018517804196,0x44a800800814a4,1,TND,BF16,32,2048,2048,2,1,256,128,2048,0,,1,0,1.0,0,128,128,0,1,2048/3968/6016/7936/9984/11904/13952/15872/17920/19840/21888/23808/25856/27776/29824/31744/33792/35712/37760/39680/41728/43648/45696/47616/49664/51584/53632/55552/57600/59520/61568/63488,2048/3968/6016/7936/9984/11904/13952/15872/17920/19840/21888/23808/25856/27776/29824/31744/33792/35712/37760/39680/41728/43648/45696/47616/49664/51584/53632/55552/57600/59520/61568/63488,0,5,2,1,0,0,1,128,128,256,4,1,0,1,0,2,0,0,1
19325018517804320,0x44a80080081520,1,TND,BF16,1,1024,128,2,1,256,96,2048,0,,1,0,0.9,3,65536,65536,0,1,1024,128,0,0,2,0,1,0,1,128,128,256,4,1,0,1,0,2,0,0,1
19325018517804448,0x44a800800815a0,1,TND,BF16,3,4096,2048,2,1,256,128,2048,0,,1,0,0.9,0,128,0,0,1,4096/8064/11904,2048/3968/5760,0,0,2,1,1,0,1,128,128,256,4,1,0,1,0,2,0,0,1
19325018517804576,0x44a80080081620,1,BNSD,BF16,1,512,64,1,1,256,64,2048,1,1nss,1,0,1.0,3,128,0,0,1,,,0,0,2,0,0,1,1,128,128,256,4,1,0,1,0,2,0,0,1
19325018517804704,0x44a800800816a0,1,TND,BF16,4,4992,128,2,1,256,96,2048,1,bnhs,1,0,1.0,3,128,0,0,1,4096/8064/12160/17152,128/256/384/512,0,0,2,1,0,1,1,128,128,256,4,1,0,1,0,2,0,0,1
19325018517804708,0x44a800800816a4,1,TND,BF16,32,2048,2048,2,1,256,128,2048,1,slope_n,3,0,1.0,4,65536,1024,0,1,2048/3968/6016/7936/9984/11904/13952/15872/17920/19840/21888/23808/25856/27776/29824/31744/33792/35712/37760/39680/41728/43648/45696/47616/49664/51584/53632/55552/57600/59520/61568/63488,2048/3968/6016/7936/9984/11904/13952/15872/17920/19840/21888/23808/25856/27776/29824/31744/33792/35712/37760/39680/41728/43648/45696/47616/49664/51584/53632/55552/57600/59520/61568/63488,0,5,2,1,0,1,1,128,128,256,4,1,0,1,0,2,0,0,1
19325018517804832,0x44a80080081720,1,BNSD,BF16,1,128,512,1,1,256,64,2048,1,1nss,1,0,0.9,3,128,0,0,1,,,0,0,2,0,1,1,1,128,128,256,4,1,0,1,0,2,0,0,1
19325018517804960,0x44a800800817a0,1,TND,BF16,32,2048,128,2,1,256,128,2048,1,bnhs,1,0,0.9,3,128,0,0,1,2048/3968/6016/7936/9984/11904/13952/15872/17920/19840/21888/23808/23808/25728/27776/29696/31744/33664/35712/37632/39680/41600/43648/45568/47616/49536/51584/53504/55552/57472/59520/61440,128/256/384/512/640/768/896/1024/1152/1280/1408/1536/1664/1792/1920/2048/2176/2304/2432/2560/2688/2816/2944/3072/3200/3328/3456/3584/3712/3840/3968/4096,0,0,2,1,1,1,1,128,128,256,4,1,0,1,0,2,0,0,1
19325019054674976,0x44a800a0081420,1,BNSD,BF16,1,256,256,1,1,512,32,2048,0,,1,0,1.0,3,128,0,0,1,,,0,0,2,0,0,0,1,128,128,768,4,1,0,1,0,2,0,0,1
19325019054675104,0x44a800a00814a0,1,TND,BF16,32,2048,2048,2,1,768,128,2048,0,,1,0,1.0,0,128,128,0,1,2048/3968/6016/7936/9984/11904/13952/15872/17920/19840/21888/23808/25856/27776/29824/31744/33792/35712/37760/39680/41728/43648/45696/47616/49664/51584/53632/55552/57600/59520/61568/63488,2048/3968/6016/7936/9984/11904/13952/15872/17920/19840/21888/23808/25856/27776/29824/31744/33792/35712/37760/39680/41728/43648/45696/47616/49664/51584/53632/55552/57600/59520/61568/63488,0,0,2,1,0,0,1,128,128,768,4,1,0,1,0,2,0,0,1
19325019054675108,0x44a800a00814a4,1,TND,BF16,32,2048,2048,16,1,512,128,2048,0,,1,0,1.0,0,128,128,0,1,2048/3968/6016/7936/9984/11904/13952/15872/17920/19840/21888/23808/25856/27776/29824/31744/33792/35712/37760/39680/41728/43648/45696/47616/49664/51584/53632/55552/57600/59520/61568/63488,2048/3968/6016/7936/9984/11904/13952/15872/17920/19840/21888/23808/25856/27776/29824/31744/33792/35712/37760/39680/41728/43648/45696/47616/49664/51584/53632/55552/57600/59520/61568/63488,0,5,2,1,0,0,1,128,128,768,4,1,0,1,0,2,0,0,1
19325019054675232,0x44a800a0081520,1,TND,BF16,1,4096,1024,1,1,320,64,2048,0,,1,0,0.9,3,128,0,0,1,4096,1024,0,0,2,0,1,0,1,128,128,768,4,1,0,1,0,2,0,0,1
19325019054675360,0x44a800a00815a0,1,TND,BF16,3,4096,2048,2,1,768,128,2048,0,,1,0,0.9,0,128,0,0,1,4096/8064/11904,2048/3968/5760,0,0,2,1,1,0,1,128,128,768,4,1,0,1,0,2,0,0,1
19325019054675488,0x44a800a0081620,1,BSND,BF16,2,256,64,2,1,512,96,2048,1,slope_n,2,0,1.0,3,128,0,0,1,,,0,0,2,0,0,1,1,128,128,768,4,1,0,1,0,2,0,0,1
19325019054675616,0x44a800a00816a0,1,TND,BF16,3,1024,256,2,1,512,192,2048,1,bnhs,1,0,1.0,3,128,0,0,1,1024/1920/2688,256/384/384,0,0,2,1,0,1,1,128,128,768,4,1,0,1,0,2,0,0,1
19325019054675620,0x44a800a00816a4,1,TND,BF16,32,2048,2048,2,1,512,128,2048,1,slope,3,0,1.0,4,1024,65536,0,1,2048/3968/6016/7936/9984/11904/13952/15872/17920/19840/21888/23808/25856/27776/29824/31744/33792/35712/37760/39680/41728/43648/45696/47616/49664/51584/53632/55552/57600/59520/61568/63488,2048/3968/6016/7936/9984/11904/13952/15872/17920/19840/21888/23808/25856/27776/29824/31744/33792/35712/37760/39680/41728/43648/45696/47616/49664/51584/53632/55552/57600/59520/61568/63488,0,5,2,1,0,1,1,128,128,768,4,1,0,1,0,2,0,0,1
19325019054675744,0x44a800a0081720,1,BNSD,BF16,1,2048,64,1,1,320,192,2048,1,1nss,1,0,0.9,3,1024,0,0,1,,,0,0,2,0,1,1,1,128,128,768,4,1,0,1,0,2,0,0,1
19325019054675872,0x44a800a00817a0,1,TND,BF16,3,1024,256,2,1,512,192,2048,1,bnhs,1,0,0.5,3,128,0,0,1,1024/1920/2688,256/384/384,0,0,2,1,1,1,1,128,128,768,4,1,0,1,0,2,0,0,1
19562512492531744,0x45800060081020,1,BNSD,BF16,1,128,256,1,1,192,192,none,0,,1,1,1.0,0,65536,65536,0,0,,,0,0,2,0,0,0,0,128,128,192,0,0,0,1,1,2,0,0,1
19562512492531746,0x45800060081022,1,BNSD,BF16,1,128,128,1,1,192,192,none,0,,1,1,1.0,0,65536,65536,0,0,,,0,1,2,0,0,0,0,128,128,192,0,0,0,1,1,2,0,0,1
19562512492531872,0x458000600810a0,1,TND,BF16,4,4096,4096,2,1,192,192,none,0,,1,1,1.0,0,65536,65536,0,0,4096/8064/12160/16128,4096/8064/12160/16128,0,0,2,1,0,0,0,128,128,192,0,0,0,1,1,2,0,0,1
19562512492532000,0x45800060081120,1,BNSD,BF16,1,128,256,1,1,192,192,none,0,,1,1,0.9,0,65536,65536,0,0,,,0,0,2,0,1,0,0,128,128,192,0,0,0,1,1,2,0,0,1
19562512492532002,0x45800060081122,1,BNSD,BF16,1,128,128,1,1,192,192,none,0,,1,1,0.9,0,65536,65536,0,0,,,0,1,2,0,1,0,0,128,128,192,0,0,0,1,1,2,0,0,1
19562512492532128,0x458000600811a0,1,TND,BF16,3,2048,2048,2,1,192,192,none,0,,1,1,0.9,4,0,0,0,0,2048/2048/2048,2048/2048/2048,0,0,2,1,1,0,0,128,128,192,0,0,0,1,1,2,0,0,1
19562512492532256,0x45800060081220,1,BNSD,BF16,1,128,256,1,1,192,192,none,1,1nss,1,1,1.0,0,65536,65536,0,0,,,0,0,2,0,0,1,0,128,128,192,0,0,0,1,1,2,0,0,1
19562512492532258,0x45800060081222,1,BNSD,BF16,1,128,128,1,1,192,192,none,1,1nss,1,1,1.0,0,65536,65536,0,0,,,0,1,2,0,0,1,0,128,128,192,0,0,0,1,1,2,0,0,1
19562512492532384,0x458000600812a0,1,TND,BF16,3,2048,2048,2,1,192,192,none,1,slope,2,1,1.0,4,65536,65536,0,0,2048/3968/5760,2048/3968/5760,0,0,2,1,0,1,0,128,128,192,0,0,0,1,1,2,0,0,1
19562512492532512,0x45800060081320,1,BNSD,BF16,1,128,256,1,1,192,192,none,1,1nss,1,1,0.9,0,65536,65536,0,0,,,0,0,2,0,1,1,0,128,128,192,0,0,0,1,1,2,0,0,1
19562512492532514,0x45800060081322,1,BNSD,BF16,1,128,128,1,1,192,192,none,1,1nss,1,1,0.9,0,65536,65536,0,0,,,0,1,2,0,1,1,0,128,128,192,0,0,0,1,1,2,0,0,1
19562512492532640,0x458000600813a0,1,TND,BF16,3,2048,2048,2,1,192,192,none,1,slope,2,1,0.5,0,65536,65536,0,0,1024/1792/3840,1024/1792/3840,0,0,2,1,1,1,0,128,128,192,0,0,0,1,1,2,0,0,1
19562512492532768,0x45800060081420,1,TND,BF16,1,256,64,1,1,192,192,ss,0,,1,1,1.0,0,65536,65536,0,0,256,64,0,0,2,0,0,0,1,128,128,192,0,0,0,1,1,2,0,0,1
19562512492532770,0x45800060081422,1,BNSD,BF16,1,64,128,1,1,192,192,2048,0,,1,1,1.0,2,128,0,0,1,,,0,1,2,0,0,0,1,128,128,192,0,0,0,1,1,2,0,0,1
19562512492532896,0x458000600814a0,1,TND,BF16,4,4096,4096,2,1,192,192,2048,0,,1,1,1.0,2,128,0,0,0,4096/8064/12160/16128,4096/8064/12160/16128,0,0,2,1,0,0,1,128,128,192,0,0,0,1,1,2,0,0,1
19562512492533024,0x45800060081520,1,BSND,BF16,2,128,256,2,1,192,192,bnss,0,,1,1,0.9,0,65536,65536,0,0,,,0,0,2,0,1,0,1,128,128,192,0,0,0,1,1,2,0,0,1
19562512492533026,0x45800060081522,1,BSND,BF16,2,128,128,2,1,192,192,bnss,0,,1,1,0.9,0,65536,65536,0,0,,,0,1,2,0,1,0,1,128,128,192,0,0,0,1,1,2,0,0,1
19562512492533152,0x458000600815a0,1,TND,BF16,4,4096,4096,2,1,192,192,2048,0,,1,1,0.5,2,128,0,0,0,4096/8064/12160/16128,4096/8064/12160/16128,0,0,2,1,1,0,1,128,128,192,0,0,0,1,1,2,0,0,1
19562512492533280,0x45800060081620,1,BNSD,BF16,1,256,64,1,1,192,192,ss,1,1nss,1,1,1.0,0,65536,65536,0,0,,,0,0,2,0,0,1,1,128,128,192,0,0,0,1,1,2,0,0,1
19562512492533282,0x45800060081622,1,BNSD,BF16,48,64,128,1,1,192,192,ss,1,slope_n,2,1,1.0,0,65536,65536,0,0,,,0,1,2,0,0,1,1,128,128,192,0,0,0,1,1,2,0,0,1
19562512492533408,0x458000600816a0,1,TND,BF16,4,4096,4096,2,1,192,192,2048,1,bnhs,1,1,1.0,2,128,0,0,0,4096/8064/12160/16128,4096/8064/12160/16128,0,0,2,1,0,1,1,128,128,192,0,0,0,1,1,2,0,0,1
19562512492533536,0x45800060081720,1,BNSD,BF16,1,128,256,1,1,192,192,ss,1,1nss,1,1,0.9,0,65536,65536,0,0,,,0,0,2,0,1,1,1,128,128,192,0,0,0,1,1,2,0,0,1
19562512492533538,0x45800060081722,1,BNSD,BF16,1,128,128,1,1,192,192,ss,1,1nss,1,1,0.9,0,65536,65536,0,0,,,0,1,2,0,1,1,1,128,128,192,0,0,0,1,1,2,0,0,1
19562512492533664,0x458000600817a0,1,TND,BF16,3,1024,2048,2,1,192,192,2048,1,slope_n,2,1,0.5,0,128,0,0,0,1024/1920/2688,2048/3968/5760,0,0,2,1,1,1,1,128,128,192,0,0,0,1,1,2,0,0,1
19564711515787296,0x45820060081020,1,TND,BF16,32,1024,128,2,1,192,192,none,0,,1,1,1.0,6,65536,65536,0,1,1024/2048/3072/4096/5120/6144/7168/8192/9216/10240/11264/12288/13312/14336/15360/16384/17408/18432/19456/20480/21504/22528/23552/24576/25600/26624/27648/28672/29696/30720/31744/32768,128/256/384/512/640/768/896/1024/1152/1280/1408/1536/1664/1792/1920/2048/2176/2304/2432/2560/2688/2816/2944/3072/3200/3328/3456/3584/3712/3840/3968/4096,0,0,2,0,0,0,0,128,128,192,1,0,0,1,1,2,0,0,1
19564711515787424,0x458200600810a0,1,TND,BF16,32,512,64,2,1,192,192,none,0,,1,1,1.0,6,1024,128,0,1,512/896/1152/1664/2048/2304/2816/3200/3456/3968/4352/4608/5120/5504/5760/6272/6656/6912/7424/7808/8064/8576/8960/9216/9728/10112/10368/10880/11264/11520/12032/12416,64/107/129/193/236/258/322/365/387/451/494/516/580/623/645/709/752/774/838/881/903/967/1010/1032/1096/1139/1161/1225/1268/1290/1354/1397,0,0,2,1,0,0,0,128,128,192,1,0,0,1,1,2,0,0,1
19564711515787552,0x45820060081120,1,BNSD,BF16,1,256,256,1,2,192,192,none,0,,1,1,0.9,6,128,128,0,1,,,0,0,2,0,1,0,0,128,128,192,1,0,0,1,1,2,0,0,1
19564711515787680,0x458200600811a0,1,TND,BF16,32,2560,2560,2,1,192,192,none,0,,1,1,0.9,6,1024,128,0,1,2048/4352/6912/8960/11264/13824/15872/18176/20736/22784/25088/27648/29696/32000/34560/36608/38912/41472/43520/45824/48384/50432/52736/55296/57344/59648/62208/64256/66560/69120/71168/73472,2048/4352/6912/8960/11264/13824/15872/18176/20736/22784/25088/27648/29696/32000/34560/36608/38912/41472/43520/45824/48384/50432/52736/55296/57344/59648/62208/64256/66560/69120/71168/73472,0,0,2,1,1,0,0,128,128,192,1,0,0,1,1,2,0,0,1
19564711515787808,0x45820060081220,1,BNSD,BF16,1,256,256,1,1,192,192,none,1,1nss,1,1,1.0,6,128,65536,0,1,,,0,0,2,0,0,1,0,128,128,192,1,0,0,1,1,2,0,0,1
19564711515787936,0x458200600812a0,1,TND,BF16,3,2048,2048,2,2,192,192,none,1,slope,2,1,1.0,6,128,65536,0,1,1024/1792/3840,1024/1792/3840,0,0,2,1,0,1,0,128,128,192,1,0,0,1,1,2,0,0,1
19564711515788064,0x45820060081320,1,BNSD,BF16,1,256,256,1,1,192,192,none,1,1nss,1,1,0.9,5,65536,65536,0,1,,,0,0,2,0,1,1,0,128,128,192,1,0,0,1,1,2,0,0,1
19564711515788192,0x458200600813a0,1,TND,BF16,4,512,512,2,2,192,192,none,1,slope,3,1,0.9,6,65536,0,0,1,512/512/512/512,512/512/512/512,0,0,2,1,1,1,0,128,128,192,1,0,0,1,1,2,0,0,1
19564711515788320,0x45820060081420,1,BNSD,BF16,1,256,64,1,1,192,192,ss,0,,1,1,1.0,5,65536,65536,0,1,,,0,0,2,0,0,0,1,128,128,192,1,0,0,1,1,2,0,0,1
19564711515788448,0x458200600814a0,1,TND,BF16,3,2048,2048,2,1,192,192,2048,0,,1,1,1.0,6,128,65536,0,1,1024/1792/3840,1024/1792/3840,0,0,2,1,0,0,1,128,128,192,1,0,0,1,1,2,0,0,1
19564711515788576,0x45820060081520,1,BSND,BF16,2,128,4096,2,1,192,192,ss,0,,1,1,0.5,5,128,0,0,1,,,0,0,2,0,1,0,1,128,128,192,1,0,0,1,1,2,0,0,1
19564711515788704,0x458200600815a0,1,TND,BF16,3,1024,64,4,8,192,192,bnss,0,,3,1,0.5,6,0,2048,3,1,256/1280/1408,64/64/64,0,0,2,1,1,0,1,128,128,192,1,0,0,1,1,2,0,0,1
19564711515788832,0x45820060081620,1,BSND,BF16,2,1024,1024,2,1,192,192,ss,1,bnhs,1,1,1.0,5,128,0,0,1,,,0,0,2,0,0,1,1,128,128,192,1,0,0,1,1,2,0,0,1
19564711515788960,0x458200600816a0,1,TND,BF16,2,512,1024,5,8,192,192,b1ss,1,slope,2,1,1.0,6,2048,1,1,1,64/576,1024/1152,0,0,2,1,0,1,1,128,128,192,1,0,0,1,1,2,0,0,1
19564711515789088,0x45820060081720,1,BSND,BF16,2,128,4096,2,1,192,192,ss,1,bnss,1,1,0.9,5,128,0,0,1,,,0,0,2,0,1,1,1,128,128,192,1,0,0,1,1,2,0,0,1
19564711515789216,0x458200600817a0,1,TND,BF16,2,512,128,40,2,192,192,bnss,1,slope,3,1,0.9,6,1,128,2,1,256/768,0/128,0,0,2,1,1,1,1,128,128,192,1,0,0,1,1,2,0,0,1
19566910539042848,0x45840060081020,1,BNSD,BF16,1,64,128,1,2,192,192,none,0,,1,1,1.0,0,65536,65536,0,1,,,0,0,2,0,0,0,0,128,128,192,2,0,0,1,1,2,0,0,1
19566910539042976,0x458400600810a0,1,TND,BF16,32,512,128,2,2,192,192,none,0,,1,1,1.0,0,65536,65536,0,1,512/896/1152/1664/2048/2304/2816/3200/3456/3968/4352/4608/5120/5504/5760/6272/6656/6912/7424/7808/8064/8576/8960/9216/9728/10112/10368/10880/11264/11520/12032/12416,128/214/258/386/472/516/644/730/774/902/988/1032/1160/1246/1290/1418/1504/1548/1676/1762/1806/1934/2020/2064/2192/2278/2322/2450/2536/2580/2708/2794,0,0,2,1,0,0,0,128,128,192,2,0,0,1,1,2,0,0,1
19566910539043104,0x45840060081120,1,BNSD,BF16,1,256,256,2,2,192,192,none,0,,1,1,0.9,0,65536,65536,0,1,,,0,0,2,0,1,0,0,128,128,192,2,0,0,1,1,2,0,0,1
19566910539043232,0x458400600811a0,1,TND,BF16,16,1024,1024,16,2,192,192,none,0,,1,1,0.9,1,2048,0,2,1,64/64/192/320/576/1088/1088/2112/2112/2176/3200/4224/4288/4800/5312/5440,512/512/512/768/1792/2048/3072/3584/3840/4352/4416/4928/4992/5056/5056/5056,0,0,2,1,1,0,0,128,128,192,2,0,0,1,1,2,0,0,1
19566910539043360,0x45840060081220,1,BSH,BF16,4,512,512,2,2,192,192,none,1,slope,2,1,1.0,0,65536,65536,0,1,,,0,0,2,0,0,1,0,128,128,192,2,0,0,1,1,2,0,0,1
19566910539043488,0x458400600812a0,1,TND,BF16,4,512,512,2,2,192,192,none,1,slope,2,1,1.0,0,65536,65536,0,1,512/512/512/512,512/512/512/512,0,0,2,1,0,1,0,128,128,192,2,0,0,1,1,2,0,0,1
19566910539043616,0x45840060081320,1,BNSD,BF16,1,256,256,1,2,192,192,none,1,1nss,1,1,0.9,0,65536,65536,0,1,,,0,0,2,0,1,1,0,128,128,192,2,0,0,1,1,2,0,0,1
19566910539043744,0x458400600813a0,1,TND,BF16,16,1024,1024,2,4,192,192,none,1,slope,3,1,0.5,1,512,0,3,1,1024/1280/1344/2368/2624/3136/3200/3328/3456/3456/3968/3968/3968/4480/4608/5632,1024/2048/2560/3584/3712/4224/4480/4992/6016/6528/6656/6720/7232/7296/7424/7680,0,0,2,1,1,1,0,128,128,192,2,0,0,1,1,2,0,0,1
19566910539043872,0x45840060081420,1,BNSD,BF16,1,256,256,1,2,192,192,2048,0,,1,1,1.0,4,1024,1024,0,1,,,0,0,2,0,0,0,1,128,128,192,2,0,0,1,1,2,0,0,1
19566910539044000,0x458400600814a0,1,TND,BF16,3,2048,2048,1,2,192,192,2048,0,,1,1,1.0,1,1024,0,0,1,1024/1792/3840,1024/1792/3840,0,0,2,1,0,0,1,128,128,192,2,0,0,1,1,2,0,0,1
19566910539044128,0x45840060081520,1,BSH,BF16,48,512,512,2,2,192,192,b1ss,0,,1,1,0.9,0,65536,65536,0,1,,,0,0,2,0,1,0,1,128,128,192,2,0,0,1,1,2,0,0,1
19566910539044256,0x458400600815a0,1,TND,BF16,3,1024,256,2,2,192,192,2048,0,,1,1,0.9,0,65536,65536,0,1,1024/1920/2688,256/427/513,0,0,2,1,1,0,1,128,128,192,2,0,0,1,1,2,0,0,1
19566910539044384,0x45840060081620,1,BSH,BF16,4,512,512,2,2,192,192,ss,1,slope,2,1,1.0,0,65536,65536,0,1,,,0,0,2,0,0,1,1,128,128,192,2,0,0,1,1,2,0,0,1
19566910539044512,0x458400600816a0,1,TND,BF16,8,1024,1024,5,2,192,192,bnss,1,slope_n,3,1,1.0,1,65536,128,1,1,64/1088/1344/2368/2368/2496/2560/2560,128/384/640/768/832/960/1984/2048,0,0,2,1,0,1,1,128,128,192,2,0,0,1,1,2,0,0,1
19566910539044640,0x45840060081720,1,BSND,BF16,2,1024,1024,2,2,192,192,b1ss,1,bnhs,1,1,0.5,0,65536,65536,0,1,,,0,0,2,0,1,1,1,128,128,192,2,0,0,1,1,2,0,0,1
19566910539044768,0x458400600817a0,1,TND,BF16,2,128,128,2,2,192,192,ss,1,slope,2,1,0.9,0,65536,65536,0,1,128/128,128/128,0,0,2,1,1,1,1,128,128,192,2,0,0,1,1,2,0,0,1
19569109562299424,0x45860060081420,1,TND,BF16,3,1024,128,1,2,192,192,2048,0,,1,1,1.0,2,128,0,0,1,1024/2048/3072,128/256/384,0,0,2,0,0,0,1,128,128,192,3,0,0,1,1,2,0,0,1
19569109562299552,0x458600600814a0,1,TND,BF16,3,2048,2048,1,2,192,192,2048,0,,1,1,1.0,2,128,0,0,1,1024/1792/3840,1024/1792/3840,0,0,2,1,0,0,1,128,128,192,3,0,0,1,1,2,0,0,1
19569109562299680,0x45860060081520,1,BSH,BF16,4,512,512,2,2,192,192,2048,0,,1,1,0.9,2,128,0,0,1,,,0,0,2,0,1,0,1,128,128,192,3,0,0,1,1,2,0,0,1
19569109562299808,0x458600600815a0,1,TND,BF16,2,512,512,2,2,192,192,2048,0,,1,1,0.9,3,128,0,0,1,512/512,512/512,0,0,2,1,1,0,1,128,128,192,3,0,0,1,1,2,0,0,1
19569109562299936,0x45860060081620,1,BNSD,BF16,1,64,64,2,2,192,192,2048,1,1nss,1,1,1.0,2,128,0,0,1,,,0,0,2,0,0,1,1,128,128,192,3,0,0,1,1,2,0,0,1
19569109562300064,0x458600600816a0,1,TND,BF16,3,2048,2048,2,4,192,192,2048,1,1nhs,1,1,1.0,2,128,0,0,1,1024/1792/3840,1024/1792/3840,0,0,2,1,0,1,1,128,128,192,3,0,0,1,1,2,0,0,1
19569109562300192,0x45860060081720,1,SBH,BF16,1,512,512,2,2,192,192,2048,1,b1ss,1,1,0.9,2,128,1024,0,1,,,0,0,2,0,1,1,1,128,128,192,3,0,0,1,1,2,0,0,1
19569109562300320,0x458600600817a0,1,TND,BF16,2,512,512,2,2,192,192,2048,1,slope,2,1,0.5,3,128,0,0,1,512/512,512/512,0,0,2,1,1,1,1,128,128,192,3,0,0,1,1,2,0,0,1
19571308585554976,0x45880060081420,1,BSND,BF16,2,1024,2048,1,2,192,192,2048,0,,1,1,1.0,3,128,0,0,1,,,0,0,2,0,0,0,1,128,128,192,4,0,0,1,1,2,0,0,1
19571308585555104,0x458800600814a0,1,TND,BF16,3,2048,2048,2,2,192,192,2048,0,,1,1,1.0,0,65536,1024,0,1,1024/1792/3840,1024/1792/3840,0,0,2,1,0,0,1,128,128,192,4,0,0,1,1,2,0,0,1
19571308585555232,0x45880060081520,1,BSH,BF16,4,512,512,2,2,192,192,2048,0,,1,1,0.9,4,128,65536,0,1,,,0,0,2,0,1,0,1,128,128,192,4,0,0,1,1,2,0,0,1
19571308585555360,0x458800600815a0,1,TND,BF16,16,1024,1024,8,2,192,192,b1ss,0,,1,1,0.9,0,2048,128,2,1,0/0/256/384/512/512/768/1024/1536/1536/2048/2560/2688/3200/3328/4352,64/1088/1600/1600/2112/2112/2112/2624/2752/2880/3904/4416/4544/5568/5824/6080,0,0,2,1,1,0,1,128,128,192,4,0,0,1,1,2,0,0,1
19571308585555488,0x45880060081620,1,BSH,BF16,4,512,512,2,2,192,192,2048,1,1nss,0,1,1.0,3,128,0,0,1,,,0,0,2,0,0,1,1,128,128,192,4,0,0,1,1,2,0,0,1
19571308585555616,0x458800600816a0,1,TND,BF16,16,1024,1024,2,8,192,192,b1ss,1,slope,3,1,1.0,0,64,2048,1,1,128/256/512/768/1792/2304/2432/2432/2432/2688/3200/4224/4224/4480/4736/4736,1024/1024/1536/1536/1664/1728/2240/3264/4288/4416/4672/4736/4736/4992/6016/6528,0,0,2,1,0,1,1,128,128,192,4,0,0,1,1,2,0,0,1
19571308585555744,0x45880060081720,1,BSH,BF16,48,192,192,1,8,192,192,2048,1,bnss,0,1,0.5,3,128,1024,1,1,,,0,0,2,0,1,1,1,128,128,192,4,0,0,1,1,2,0,0,1
19571308585555872,0x458800600817a0,1,TND,BF16,16,1024,1024,2,2,192,192,2048,1,slope_n,3,1,0.9,4,128,256,0,1,256/512/640/704/960/1216/1280/1344/1408/1920/2432/3456/3456/3584/3712/4224,0/256/768/1024/2048/2560/2560/2688/2688/2816/2944/3008/3072/3584/3648/4160,0,0,2,1,1,1,1,128,128,192,4,0,0,1,1,2,0,0,1
19602094911131680,0x45a40060081020,1,BNSD,BF16,1,256,256,4,1,192,192,none,0,,1,1,1.0,0,65536,65536,0,1,,,0,0,2,0,0,0,0,128,128,192,2,1,0,1,1,2,0,0,1
19602094911131808,0x45a400600810a0,1,TND,BF16,3,2048,2048,2,1,192,192,none,0,,1,1,1.0,0,65536,65536,0,1,1024/3072/4608,1024/3072/4608,0,0,2,1,0,0,0,128,128,192,2,1,0,1,1,2,0,0,1
19602094911131936,0x45a40060081120,1,TND,BF16,1,4096,128,8,1,192,192,none,0,,1,1,0.9,3,128,0,0,1,4096,128,0,0,2,0,1,0,0,128,128,192,2,1,0,1,1,2,0,0,1
19602094911132064,0x45a400600811a0,1,TND,BF16,3,2048,2048,2,1,192,192,none,0,,1,1,0.9,0,65536,65536,0,1,1024/3072/4608,1024/3072/4608,0,0,2,1,1,0,0,128,128,192,2,1,0,1,1,2,0,0,1
19602094911132192,0x45a40060081220,1,BSH,BF16,8,512,512,2,1,192,192,none,1,bnss,0,1,1.0,0,65536,65536,0,1,,,0,0,2,0,0,1,0,128,128,192,2,1,0,1,1,2,0,0,1
19602094911132320,0x45a400600812a0,1,TND,BF16,3,2048,2048,2,1,192,192,none,1,slope,2,1,1.0,4,65536,65536,0,1,1024/1792/3840,1024/1792/3840,0,0,2,1,0,1,0,128,128,192,2,1,0,1,1,2,0,0,1
19602094911132448,0x45a40060081320,1,BNSD,BF16,1,256,256,1,1,192,192,none,1,1nss,1,1,0.9,0,65536,65536,0,1,,,0,0,2,0,1,1,0,128,128,192,2,1,0,1,1,2,0,0,1
19602094911132576,0x45a400600813a0,1,TND,BF16,3,2048,2048,2,1,192,192,none,1,slope,2,1,0.9,4,65536,65536,0,1,1024/1792/3840,1024/1792/3840,0,0,2,1,1,1,0,128,128,192,2,1,0,1,1,2,0,0,1
19602094911132704,0x45a40060081420,1,BNSD,BF16,1,256,256,1,1,192,192,ss,0,,1,1,1.0,0,65536,65536,0,1,,,0,0,2,0,0,0,1,128,128,192,2,1,0,1,1,2,0,0,1
19602094911132832,0x45a400600814a0,1,TND,BF16,3,2048,2048,8,1,192,192,2048,0,,1,1,1.0,1,1024,0,0,1,1024/1792/3840,1024/1792/3840,0,0,2,1,0,0,1,128,128,192,2,1,0,1,1,2,0,0,1
19602094911132960,0x45a40060081520,1,BSH,BF16,4,512,512,4,1,192,192,b1ss,0,,1,1,0.9,0,65536,65536,0,1,,,0,0,2,0,1,0,1,128,128,192,2,1,0,1,1,2,0,0,1
19602094911133088,0x45a400600815a0,1,TND,BF16,3,256,1024,2,1,192,192,2048,0,,1,1,0.9,0,65536,65536,0,1,256/427/513,1024/1920/2688,0,0,2,1,1,0,1,128,128,192,2,1,0,1,1,2,0,0,1
19602094911133216,0x45a40060081620,1,BNSD,BF16,1,256,256,1,1,192,192,ss,1,1nss,1,1,1.0,0,65536,65536,0,1,,,0,0,2,0,0,1,1,128,128,192,2,1,0,1,1,2,0,0,1
19602094911133344,0x45a400600816a0,1,TND,BF16,4,512,256,1,1,192,192,b1ss,1,slope,2,1,1.0,0,65536,1024,0,1,512/512/512/512,256/256/256/256,0,0,2,1,0,1,1,128,128,192,2,1,0,1,1,2,0,0,1
19602094911133472,0x45a40060081720,1,BNSD,BF16,1,256,256,1,1,192,192,11ss,1,1nss,1,1,0.9,0,65536,65536,0,1,,,0,0,2,0,1,1,1,128,128,192,2,1,0,1,1,2,0,0,1
19602094911133600,0x45a400600817a0,1,TND,BF16,16,1024,1024,4,1,192,192,ss,1,slope_n,3,1,0.9,1,256,65536,2,1,256/320/1344/1344/1408/1536/1600/2112/3136/4160/4224/4736/4800/4800/5312/5568,256/256/320/448/448/576/832/1344/1600/1600/2624/2688/2816/3840/3840/4096,0,0,2,1,1,1,1,128,128,192,2,1,0,1,1,2,0,0,1
19604293934388256,0x45a60060081420,1,BNSD,BF16,1,64,256,1,1,192,192,2048,0,,1,1,1.0,2,128,0,0,1,,,0,0,2,0,0,0,1,128,128,192,3,1,0,1,1,2,0,0,1
19604293934388384,0x45a600600814a0,1,TND,BF16,4,4096,4096,2,1,192,192,2048,0,,1,1,1.0,2,128,0,0,1,4096/8064/12160/16128,4096/8064/12160/16128,0,0,2,1,0,0,1,128,128,192,3,1,0,1,1,2,0,0,1
19604293934388512,0x45a60060081520,1,BSND,BF16,2,2048,2048,2,1,192,192,2048,0,,1,1,0.9,2,128,0,0,1,,,0,0,2,0,1,0,1,128,128,192,3,1,0,1,1,2,0,0,1
19604293934388640,0x45a600600815a0,1,TND,BF16,3,64,128,2,1,192,192,2048,0,,1,1,0.9,0,128,0,0,1,64/107/129,128/214/258,0,0,2,1,1,0,1,128,128,192,3,1,0,1,1,2,0,0,1
19604293934388768,0x45a60060081620,1,BNSD,BF16,1,256,256,8,1,192,192,2048,1,1nss,1,1,1.0,2,128,0,0,1,,,0,0,2,0,0,1,1,128,128,192,3,1,0,1,1,2,0,0,1
19604293934388896,0x45a600600816a0,1,TND,BF16,4,4096,4096,2,1,192,192,2048,1,bnhs,1,1,1.0,2,128,0,0,1,4096/8064/12160/16128,4096/8064/12160/16128,0,0,2,1,0,1,1,128,128,192,3,1,0,1,1,2,0,0,1
19604293934389024,0x45a60060081720,1,BNSD,BF16,2,256,256,1,1,192,192,2048,1,bnss,1,1,0.9,2,128,0,0,1,,,0,0,2,0,1,1,1,128,128,192,3,1,0,1,1,2,0,0,1
19604293934389152,0x45a600600817a0,1,TND,BF16,3,1024,2048,2,1,192,192,2048,1,slope_n,2,1,0.5,2,128,0,0,1,1024/1920/2688,2048/3968/5760,0,0,2,1,1,1,1,128,128,192,3,1,0,1,1,2,0,0,1
19606492957643808,0x45a80060081420,1,BSND,BF16,2,1024,64,2,1,192,192,2048,0,,1,1,1.0,3,128,0,0,1,,,0,0,2,0,0,0,1,128,128,192,4,1,0,1,1,2,0,0,1
19606492957643936,0x45a800600814a0,1,TND,BF16,4,4096,4096,2,1,192,192,2048,0,,1,1,1.0,0,128,0,0,1,4096/8064/12160/16128,4096/8064/12160/16128,0,0,2,1,0,0,1,128,128,192,4,1,0,1,1,2,0,0,1
19606492957644064,0x45a80060081520,1,BSND,BF16,2,1024,1024,2,1,192,192,ss,0,,1,1,0.9,0,128,0,0,1,,,0,0,2,0,1,0,1,128,128,192,4,1,0,1,1,2,0,0,1
19606492957644192,0x45a800600815a0,1,TND,BF16,3,4096,128,2,1,192,192,2048,0,,1,1,0.9,0,128,0,0,1,2048/3584/7680,128/256/384,0,0,2,1,1,0,1,128,128,192,4,1,0,1,1,2,0,0,1
19606492957644320,0x45a80060081620,1,BNSD,BF16,1,4096,2048,1,1,192,192,2048,1,1nss,1,1,1.0,3,128,0,0,1,,,0,0,2,0,0,1,1,128,128,192,4,1,0,1,1,2,0,0,1
19606492957644448,0x45a800600816a0,1,TND,BF16,2,1024,128,2,1,192,192,2048,1,slope_n,2,1,1.0,0,128,0,0,1,1024/1792,128/256,0,0,2,1,0,1,1,128,128,192,4,1,0,1,1,2,0,0,1
19606492957644576,0x45a80060081720,1,BSND,BF16,1,256,256,2,1,192,192,bnss,1,1nss,1,1,0.9,0,128,1024,0,1,,,0,0,2,0,1,1,1,128,128,192,4,1,0,1,1,2,0,0,1
19606492957644704,0x45a800600817a0,1,TND,BF16,3,1024,2048,2,1,192,192,2048,1,slope_n,2,1,0.9,0,128,0,0,1,1024/1920/2688,2048/3968/5760,0,0,2,1,1,1,1,128,128,192,4,1,0,1,1,2,0,0,1
19703248907145264,0x46000020081030,1,BSH,FLOAT16,4,512,512,1,2,64,64,none,0,,1,0,1.0,0,65536,65536,0,0,,,0,0,3,0,0,0,0,128,128,64,0,0,0,0,0,3,0,0,1
19703248907145266,0x46000020081032,1,BSH,FLOAT16,4,64,128,8,1,64,64,none,0,,1,0,1.0,0,65536,65536,0,1,,,0,1,3,0,0,0,0,128,128,64,0,0,0,0,0,3,0,0,1
19703248907145268,0x46000020081034,1,BSND,FLOAT16,2,128,1024,2,1,64,64,none,0,,1,0,1.0,0,65536,65536,0,0,,,0,5,3,0,0,0,0,128,128,64,0,0,0,0,0,3,0,0,1
19703248907145392,0x460000200810b0,1,TND,FLOAT16,3,1024,2048,2,1,64,64,none,0,,1,0,1.0,4,65536,65536,0,0,1024/2048/3072,1024/1024/3072,0,0,3,1,0,0,0,128,128,64,0,0,0,0,0,3,0,0,1
19703248907145394,0x460000200810b2,1,TND,FLOAT16,3,64,128,2,1,64,64,none,0,,1,0,1.0,4,65536,65536,0,0,64/107/129,128/214/258,0,1,3,1,0,0,0,128,128,64,0,0,0,0,0,3,0,0,1
19703248907145396,0x460000200810b4,1,TND,FLOAT16,3,2048,2048,4,1,64,64,none,0,,1,0,1.0,4,65536,65536,0,0,1024/1792/3840,1024/1792/3840,0,5,3,1,0,0,0,128,128,64,0,0,0,0,0,3,0,0,1
19703248907145520,0x46000020081130,1,BSH,FLOAT16,4,512,512,2,2,64,64,none,0,,1,0,0.9,0,65536,65536,0,0,,,0,0,3,0,1,0,0,128,128,64,0,0,0,0,0,3,0,0,1
19703248907145522,0x46000020081132,1,BSH,FLOAT16,2,1,1,2,1,16,16,none,0,,1,0,0.9,1,128,128,2,0,,,0,1,3,0,1,0,0,128,128,64,0,0,0,0,0,3,0,0,1
19703248907145524,0x46000020081134,1,BSND,FLOAT16,2,64,1024,2,1,16,16,none,0,,1,0,0.9,3,65536,0,0,0,,,0,5,3,0,1,0,0,128,128,64,0,0,0,0,0,3,0,0,1
19703248907145648,0x460000200811b0,1,TND,FLOAT16,3,128,128,2,2,64,64,none,0,,1,0,0.9,4,65536,65536,0,0,128/214/258,128/214/258,0,0,3,1,1,0,0,128,128,64,0,0,0,0,0,3,0,0,1
19703248907145650,0x460000200811b2,1,TND,FLOAT16,2,128,128,2,1,64,64,none,0,,1,0,0.9,4,65536,65536,0,0,128/214,128/256,0,1,3,1,1,0,0,128,128,64,0,0,0,0,0,3,0,0,1
19703248907145652,0x460000200811b4,1,TND,FLOAT16,4,512,512,4,1,16,16,none,0,,2,0,0.9,5,2048,2048,0,0,512/1024/1536/2048,512/1024/1536/2048,0,5,3,1,1,0,0,128,128,64,0,0,0,0,0,3,0,0,1
19703248907145776,0x46000020081230,1,BSH,FLOAT16,2,256,256,2,2,64,64,none,1,bnss,0,0,1.0,0,65536,65536,0,0,,,0,0,3,0,0,1,0,128,128,64,0,0,0,0,0,3,0,0,1
19703248907145778,0x46000020081232,1,BSH,FLOAT16,48,1,1,5,1,32,32,none,1,b1ss,1,0,1.0,1,1,256,3,1,,,0,1,3,0,0,1,0,128,128,64,0,0,0,0,0,3,0,0,1
19703248907145780,0x46000020081234,1,BSND,FLOAT16,2,128,1024,2,1,64,64,none,1,b1ss,1,0,1.0,0,65536,65536,0,0,,,0,5,3,0,0,1,0,128,128,64,0,0,0,0,0,3,0,0,1
19703248907145904,0x460000200812b0,1,TND,FLOAT16,2,1024,128,2,1,64,64,none,1,slope,2,0,1.0,4,65536,65536,0,0,1024/1792,128/256,0,0,3,1,0,1,0,128,128,64,0,0,0,0,0,3,0,0,1
19703248907145906,0x460000200812b2,1,TND,FLOAT16,2,128,128,2,1,64,64,none,1,slope,2,0,1.0,4,65536,65536,0,0,128/128,128/128,0,1,3,1,0,1,0,128,128,64,0,0,0,0,0,3,0,0,1
19703248907145908,0x460000200812b4,1,TND,FLOAT16,3,2048,2048,40,1,32,32,none,1,slope,2,0,1.0,4,65536,65536,1,0,1024/1792/3840,1024/1792/3840,0,5,3,1,0,1,0,128,128,64,0,0,0,0,0,3,0,0,1
19703248907146032,0x46000020081330,1,BSH,FLOAT16,4,512,512,2,2,64,64,none,1,bnss,1,0,0.9,0,65536,65536,0,0,,,0,0,3,0,1,1,0,128,128,64,0,0,0,0,0,3,0,0,1
19703248907146034,0x46000020081332,1,SBH,FLOAT16,4,64,64,40,1,32,32,none,1,bnss,1,0,0.9,4,1,64,2,1,,,0,1,3,0,1,1,0,128,128,64,0,0,0,0,0,3,0,0,1
19703248907146036,0x46000020081334,1,BSH,FLOAT16,4,512,1024,4,1,64,64,none,1,bnss,1,0,0.9,0,65536,65536,0,0,,,0,5,3,0,1,1,0,128,128,64,0,0,0,0,0,3,0,0,1
19703248907146160,0x460000200813b0,1,TND,FLOAT16,2,128,128,1,2,64,64,none,1,slope,2,0,0.9,4,65536,65536,0,0,128/128,128/128,0,0,3,1,1,1,0,128,128,64,0,0,0,0,0,3,0,0,1
19703248907146162,0x460000200813b2,1,TND,FLOAT16,2,128,128,2,1,64,64,none,1,slope,2,0,0.9,4,65536,65536,0,0,128/128,128/128,0,1,3,1,1,1,0,128,128,64,0,0,0,0,0,3,0,0,1
19703248907146164,0x460000200813b4,1,TND,FLOAT16,3,2048,2048,4,1,32,32,none,1,slope,2,0,0.9,4,65536,65536,1,0,1024/1792/3840,1024/1792/3840,0,5,3,1,1,1,0,128,128,64,0,0,0,0,0,3,0,0,1
19703248907146288,0x46000020081430,1,BSH,FLOAT16,4,256,256,2,2,64,64,ss,0,,1,0,1.0,0,65536,65536,0,0,,,0,0,3,0,0,0,1,128,128,64,0,0,0,0,0,3,0,0,1
19703248907146290,0x46000020081432,1,BSH,FLOAT16,48,128,64,4,1,64,64,2048,0,,1,0,1.0,3,128,0,0,1,,,0,1,3,0,0,0,1,128,128,64,0,0,0,0,0,3,0,0,1
19703248907146292,0x46000020081434,1,BSND,FLOAT16,2,64,1024,2,1,64,64,bnss,0,,1,0,1.0,0,65536,65536,0,0,,,0,5,3,0,0,0,1,128,128,64,0,0,0,0,0,3,0,0,1
19703248907146416,0x460000200814b0,1,TND,FLOAT16,8,2048,2048,2,1,64,64,2048,0,,1,0,1.0,4,128,0,0,0,2048/3968/6016/7936/9984/11904/13952/15872,2048/3968/6016/7936/9984/11904/13952/15872,0,0,3,1,0,0,1,128,128,64,0,0,0,0,0,3,0,0,1
19703248907146418,0x460000200814b2,1,TND,FLOAT16,3,128,64,2,1,64,64,2048,0,,2,0,1.0,2,128,0,0,0,128/214/258,64/107/129,0,1,3,1,0,0,1,128,128,64,0,0,0,0,0,3,0,0,1
19703248907146420,0x460000200814b4,1,TND,FLOAT16,8,2048,128,12,1,64,64,2048,0,,1,0,1.0,3,128,128,2,0,2048/4096/6144/8192/10240/12288/14336/16384,128/256/384/512/640/768/896/1024,0,5,3,1,0,0,1,128,128,64,0,0,0,0,0,3,0,0,1
19703248907146544,0x46000020081530,1,BSND,FLOAT16,2,1024,1024,2,1,64,64,bnss,0,,1,0,0.9,0,65536,65536,0,0,,,0,0,3,0,1,0,1,128,128,64,0,0,0,0,0,3,0,0,1
19703248907146546,0x46000020081532,1,BSND,FLOAT16,2,64,64,2,1,32,32,2048,0,,1,0,0.5,5,2048,512,2,1,,,0,1,3,0,1,0,1,128,128,64,0,0,0,0,0,3,0,0,1
19703248907146548,0x46000020081534,1,BSH,FLOAT16,64,64,1024,1,1,16,16,ss,0,,3,0,0.9,0,65536,2048,2,0,,,0,5,3,0,1,0,1,128,128,64,0,0,0,0,0,3,0,0,1
19703248907146672,0x460000200815b0,1,TND,FLOAT16,3,2048,2048,2,1,64,64,2048,0,,1,0,0.9,4,65536,65536,0,0,1024/1792/3840,1024/1792/3840,0,0,3,1,1,0,1,128,128,64,0,0,0,0,0,3,0,0,1
19703248907146674,0x460000200815b2,1,TND,FLOAT16,3,128,64,2,1,64,64,2048,0,,2,0,0.5,2,128,0,0,0,128/214/258,64/107/129,0,1,3,1,1,0,1,128,128,64,0,0,0,0,0,3,0,0,1
19703248907146676,0x460000200815b4,1,TND,FLOAT16,3,2048,2048,2,1,64,64,2048,0,,1,0,0.9,2,65536,0,0,0,1024/1792/3840,1024/1792/3840,0,5,3,1,1,0,1,128,128,64,0,0,0,0,0,3,0,0,1
19703248907146800,0x46000020081630,1,BSH,FLOAT16,4,256,256,2,2,64,64,ss,1,1nss,1,0,1.0,0,65536,65536,0,0,,,0,0,3,0,0,1,1,128,128,64,0,0,0,0,0,3,0,0,1
19703248907146802,0x46000020081632,1,BSND,FLOAT16,1,64,128,4,1,64,64,bnss,1,slope,3,0,1.0,5,65536,2048,3,0,,,0,1,3,0,0,1,1,128,128,64,0,0,0,0,0,3,0,0,1
19703248907146804,0x46000020081634,1,BSND,FLOAT16,2,128,1024,2,1,64,64,ss,1,b1ss,1,0,1.0,0,65536,65536,0,0,,,0,5,3,0,0,1,1,128,128,64,0,0,0,0,0,3,0,0,1
19703248907146928,0x460000200816b0,1,TND,FLOAT16,3,512,512,2,1,64,64,2048,1,slope,2,0,1.0,4,65536,65536,0,0,512/896/1152,512/896/1152,0,0,3,1,0,1,1,128,128,64,0,0,0,0,0,3,0,0,1
19703248907146930,0x460000200816b2,1,TND,FLOAT16,8,64,128,2,1,64,64,2048,1,slope,3,0,1.0,4,128,0,0,0,64/107/129/193/236/258/322/365,128/214/258/386/472/516/644/730,0,1,3,1,0,1,1,128,128,64,0,0,0,0,0,3,0,0,1
19703248907146932,0x460000200816b4,1,TND,FLOAT16,32,2048,2048,2,1,1,1,2048,1,bnhs,1,0,1.0,2,128,0,0,0,2048/3968/6016/7936/9984/11904/13952/15872/17920/19840/21888/23808/25856/27776/29824/31744/33792/35712/37760/39680/41728/43648/45696/47616/49664/51584/53632/55552/57600/59520/61568/63488,2048/3968/6016/7936/9984/11904/13952/15872/17920/19840/21888/23808/25856/27776/29824/31744/33792/35712/37760/39680/41728/43648/45696/47616/49664/51584/53632/55552/57600/59520/61568/63488,0,5,3,1,0,1,1,128,128,64,0,0,0,0,0,3,0,0,1
19703248907147056,0x46000020081730,1,BSH,FLOAT16,4,256,256,2,2,64,64,ss,1,b1ss,1,0,0.9,0,65536,65536,0,0,,,0,0,3,0,1,1,1,128,128,64,0,0,0,0,0,3,0,0,1
19703248907147058,0x46000020081732,1,BSND,FLOAT16,4,128,128,5,1,64,64,11ss,1,b1ss,0,0,0.9,1,1024,1024,0,0,,,0,1,3,0,1,1,1,128,128,64,0,0,0,0,0,3,0,0,1
19703248907147060,0x46000020081734,1,BSND,FLOAT16,2,128,1024,8,1,16,16,b1ss,1,bnss,1,0,0.5,0,65536,65536,0,0,,,0,5,3,0,1,1,1,128,128,64,0,0,0,0,0,3,0,0,1
19703248907147184,0x460000200817b0,1,TND,FLOAT16,2,128,128,1,2,64,64,2048,1,slope,2,0,0.9,4,65536,65536,0,0,128/128,128/128,0,0,3,1,1,1,1,128,128,64,0,0,0,0,0,3,0,0,1
19703248907147186,0x460000200817b2,1,TND,FLOAT16,2,128,128,2,1,64,64,2048,1,slope,2,0,0.9,4,65536,65536,0,0,128/128,128/128,0,1,3,1,1,1,1,128,128,64,0,0,0,0,0,3,0,0,1
19703248907147188,0x460000200817b4,1,TND,FLOAT16,3,2048,2048,2,1,64,64,2048,1,slope,2,0,0.5,2,65536,0,0,0,1024/1792/3840,1024/1792/3840,0,5,3,1,1,1,1,128,128,64,0,0,0,0,0,3,0,0,1
19703249444016176,0x46000040081030,1,BSND,FLOAT16,2,512,512,1,2,128,128,none,0,,1,0,1.0,0,65536,65536,0,0,,,0,0,3,0,0,0,0,128,128,128,0,0,0,0,0,3,0,0,1
19703249444016178,0x46000040081032,1,SBH,FLOAT16,1,128,128,1,1,128,128,none,0,,1,0,1.0,4,0,0,0,0,,,0,1,3,0,0,0,0,128,128,128,0,0,0,0,0,3,0,0,1
19703249444016180,0x46000040081034,1,BSND,FLOAT16,2,64,1024,2,1,128,128,none,0,,1,0,1.0,0,1024,1024,0,0,,,0,5,3,0,0,0,0,128,128,128,0,0,0,0,0,3,0,0,1
19703249444016304,0x460000400810b0,1,TND,FLOAT16,3,2048,2048,2,1,128,128,none,0,,1,0,1.0,4,65536,65536,0,0,1024/1792/3840,1024/1792/3840,0,0,3,1,0,0,0,128,128,128,0,0,0,0,0,3,0,0,1
19703249444016306,0x460000400810b2,1,TND,FLOAT16,2,128,128,2,1,128,128,none,0,,1,0,1.0,4,65536,65536,0,0,128/128,128/128,0,1,3,1,0,0,0,128,128,128,0,0,0,0,0,3,0,0,1
19703249444016308,0x460000400810b4,1,TND,FLOAT16,1,1024,1024,4,1,128,128,none,0,,1,0,1.0,4,65536,65536,0,0,1024,1024,0,5,3,1,0,0,0,128,128,128,0,0,0,0,0,3,0,0,1
19703249444016432,0x46000040081130,1,BSND,FLOAT16,2,64,256,2,1,128,128,none,0,,1,0,0.9,4,0,0,0,0,,,0,0,3,0,1,0,0,128,128,128,0,0,0,0,0,3,0,0,1
19703249444016434,0x46000040081132,1,BSND,FLOAT16,2,64,64,2,1,128,128,none,0,,1,0,0.9,4,0,0,0,0,,,0,1,3,0,1,0,0,128,128,128,0,0,0,0,0,3,0,0,1
19703249444016436,0x46000040081134,1,BSND,FLOAT16,2,64,1024,2,1,128,128,none,0,,1,0,0.9,0,65536,65536,0,0,,,0,5,3,0,1,0,0,128,128,128,0,0,0,0,0,3,0,0,1
19703249444016560,0x460000400811b0,1,TND,FLOAT16,3,2048,2048,2,1,128,128,none,0,,1,0,0.9,4,65536,65536,0,0,1024/1792/3840,1024/1792/3840,0,0,3,1,1,0,0,128,128,128,0,0,0,0,0,3,0,0,1
19703249444016562,0x460000400811b2,1,TND,FLOAT16,32,128,128,2,1,128,128,none,0,,1,0,0.9,0,65536,65536,0,1,128/214/258/386/472/516/644/730/774/902/988/1032/1160/1246/1290/1418/1504/1548/1676/1762/1806/1934/2020/2064/2192/2278/2322/2450/2536/2580/2708/2794,128/214/258/386/472/516/644/730/774/902/988/1032/1160/1246/1290/1418/1504/1548/1676/1762/1806/1934/2020/2064/2192/2278/2322/2450/2536/2580/2708/2794,0,1,3,1,1,0,0,128,128,128,0,0,0,0,0,3,0,0,1
19703249444016564,0x460000400811b4,1,TND,FLOAT16,3,1024,2176,2,1,128,128,none,0,,1,0,0.9,4,65536,65536,0,0,1024/1792/1792,1024/1792/3968,0,5,3,1,1,0,0,128,128,128,0,0,0,0,0,3,0,0,1
19703249444016688,0x46000040081230,1,BSND,FLOAT16,1,512,512,2,1,128,128,none,1,1nss,0,0,1.0,0,65536,65536,0,0,,,0,0,3,0,0,1,0,128,128,128,0,0,0,0,0,3,0,0,1
19703249444016690,0x46000040081232,1,TND,FLOAT16,1,128,128,2,1,128,128,none,1,slope,2,0,1.0,4,65536,65536,0,1,128,128,0,1,3,0,0,1,0,128,128,128,0,0,0,0,0,3,0,0,1
19703249444016692,0x46000040081234,1,BSND,FLOAT16,2,64,1024,2,1,128,128,none,1,b1ss,1,0,1.0,0,65536,65536,0,0,,,0,5,3,0,0,1,0,128,128,128,0,0,0,0,0,3,0,0,1
19703249444016816,0x460000400812b0,1,TND,FLOAT16,3,512,2048,2,1,128,128,none,1,slope,2,0,1.0,4,65536,65536,0,0,512/896/1152,2048/3968/5760,0,0,3,1,0,1,0,128,128,128,0,0,0,0,0,3,0,0,1
19703249444016818,0x460000400812b2,1,TND,FLOAT16,2,128,128,2,1,128,128,none,1,slope,2,0,1.0,4,65536,65536,0,0,128/128,128/128,0,1,3,1,0,1,0,128,128,128,0,0,0,0,0,3,0,0,1
19703249444016820,0x460000400812b4,1,TND,FLOAT16,2,4096,4096,4,1,72,72,none,1,slope_n,3,0,1.0,0,65536,65536,0,0,4096/4096,4096/4096,0,5,3,1,0,1,0,128,128,128,0,0,0,0,0,3,0,0,1
19703249444016944,0x46000040081330,1,BSND,FLOAT16,1,1024,1024,2,1,128,128,none,1,1nhs,0,0,0.5,0,65536,65536,0,0,,,0,0,3,0,1,1,0,128,128,128,0,0,0,0,0,3,0,0,1
19703249444016946,0x46000040081332,1,TND,FLOAT16,1,128,128,2,1,128,128,none,1,slope,2,0,0.5,4,65536,65536,0,1,128,128,0,1,3,0,1,1,0,128,128,128,0,0,0,0,0,3,0,0,1
19703249444016948,0x46000040081334,1,BSND,FLOAT16,2,64,1024,2,1,128,128,none,1,b1ss,1,0,0.5,0,65536,65536,0,0,,,0,5,3,0,1,1,0,128,128,128,0,0,0,0,0,3,0,0,1
19703249444017072,0x460000400813b0,1,TND,FLOAT16,2,2048,512,2,1,128,128,none,1,slope,2,0,0.9,4,65536,65536,0,0,2048/3968,512/896,0,0,3,1,1,1,0,128,128,128,0,0,0,0,0,3,0,0,1
19703249444017074,0x460000400813b2,1,TND,FLOAT16,2,128,128,2,1,128,128,none,1,slope,2,0,0.9,4,65536,65536,0,0,128/128,128/128,0,1,3,1,1,1,0,128,128,128,0,0,0,0,0,3,0,0,1
19703249444017076,0x460000400813b4,1,TND,FLOAT16,3,2048,2048,4,1,72,72,none,1,slope,2,0,0.9,4,65536,65536,0,0,1024/1792/3840,1024/1792/3840,0,5,3,1,1,1,0,128,128,128,0,0,0,0,0,3,0,0,1
19703249444017200,0x46000040081430,1,BSND,FLOAT16,2,512,512,2,1,128,128,ss,0,,1,0,1.0,0,65536,65536,0,0,,,0,0,3,0,0,0,1,128,128,128,0,0,0,0,0,3,0,0,1
19703249444017202,0x46000040081432,1,BSND,FLOAT16,2,64,64,2,1,128,128,ss,0,,1,0,1.0,5,128,0,0,1,,,0,1,3,0,0,0,1,128,128,128,0,0,0,0,0,3,0,0,1
19703249444017204,0x46000040081434,1,BSND,FLOAT16,2,512,1024,2,1,128,128,ss,0,,1,0,1.0,0,65536,65536,0,0,,,0,5,3,0,0,0,1,128,128,128,0,0,0,0,0,3,0,0,1
19703249444017328,0x460000400814b0,1,TND,FLOAT16,3,2048,2048,2,1,128,128,2048,0,,1,0,1.0,4,65536,65536,0,0,1024/1792/3840,1024/1792/3840,0,0,3,1,0,0,1,128,128,128,0,0,0,0,0,3,0,0,1
19703249444017330,0x460000400814b2,1,TND,FLOAT16,32,64,64,2,1,128,128,2048,0,,1,0,1.0,2,128,0,0,0,64/128/192/256/320/384/448/512/576/640/704/768/832/896/960/1024/1088/1152/1216/1280/1344/1408/1472/1536/1600/1664/1728/1792/1856/1920/1984/2048,64/107/129/193/236/258/322/365/387/387/430/452/516/559/581/645/688/710/774/817/839/903/946/968/1032/1075/1097/1161/1204/1226/1290/1333,0,1,3,1,0,0,1,128,128,128,0,0,0,0,0,3,0,0,1
19703249444017332,0x460000400814b4,1,TND,FLOAT16,32,2944,2048,2,1,128,128,2048,0,,1,0,1.0,2,128,0,0,0,2048/3968/6016/7936/9984/11904/13952/15872/17920/19840/21888/23808/25856/27776/29824/32768/34816/36736/38784/40704/42752/44672/46720/48640/50688/52608/54656/56576/58624/60544/62592/64512,2048/4096/6144/8192/10240/12288/14336/16384/18432/20480/22528/24576/26624/28672/30720/32768/34816/36864/38912/40960/43008/45056/47104/49152/51200/53248/55296/57344/59392/61440/63488/65536,0,5,3,1,0,0,1,128,128,128,0,0,0,0,0,3,0,0,1
19703249444017456,0x46000040081530,1,TND,FLOAT16,1,1024,128,2,1,128,128,2048,0,,1,0,0.9,4,65536,65536,0,0,1024,128,0,0,3,0,1,0,1,128,128,128,0,0,0,0,0,3,0,0,1
19703249444017458,0x46000040081532,1,BSND,FLOAT16,2,128,128,2,1,128,128,bnss,0,,1,0,0.9,0,65536,65536,0,0,,,0,1,3,0,1,0,1,128,128,128,0,0,0,0,0,3,0,0,1
19703249444017460,0x46000040081534,1,BSND,FLOAT16,2,256,1024,2,1,128,128,ss,0,,1,0,0.9,0,65536,65536,0,0,,,0,5,3,0,1,0,1,128,128,128,0,0,0,0,0,3,0,0,1
19703249444017584,0x460000400815b0,1,TND,FLOAT16,3,2048,2048,2,1,128,128,2048,0,,1,0,0.9,4,65536,65536,0,0,1024/1792/3840,1024/1792/3840,0,0,3,1,1,0,1,128,128,128,0,0,0,0,0,3,0,0,1
19703249444017586,0x460000400815b2,1,TND,FLOAT16,32,64,64,2,1,128,128,2048,0,,1,0,0.9,2,128,0,0,0,64/107/129/193/236/258/322/365/387/451/494/516/580/623/645/709/752/774/838/881/903/967/1010/1032/1096/1139/1161/1225/1268/1290/1354/1397,64/107/129/193/236/258/322/365/387/451/494/516/580/623/645/709/752/774/838/881/903/967/1010/1032/1096/1139/1161/1225/1268/1290/1354/1397,0,1,3,1,1,0,1,128,128,128,0,0,0,0,0,3,0,0,1
19703249444017588,0x460000400815b4,1,TND,FLOAT16,3,2048,2048,2,1,128,128,2048,0,,1,0,0.9,2,128,0,0,0,1024/1792/3840,1024/1792/3840,0,5,3,1,1,0,1,128,128,128,0,0,0,0,0,3,0,0,1
19703249444017712,0x46000040081630,1,BSND,FLOAT16,2,1024,1024,2,1,128,128,b1ss,1,bnhs,0,0,1.0,0,65536,65536,0,0,,,0,0,3,0,0,1,1,128,128,128,0,0,0,0,0,3,0,0,1
19703249444017714,0x46000040081632,1,BSND,FLOAT16,2,128,64,2,1,128,128,ss,1,bnss,0,0,1.0,0,65536,65536,0,0,,,0,1,3,0,0,1,1,128,128,128,0,0,0,0,0,3,0,0,1
19703249444017716,0x46000040081634,1,BSND,FLOAT16,2,64,1024,2,1,128,128,ss,1,b1ss,1,0,1.0,0,65536,65536,0,0,,,0,5,3,0,0,1,1,128,128,128,0,0,0,0,0,3,0,0,1
19703249444017840,0x460000400816b0,1,TND,FLOAT16,32,2048,2048,2,2,128,128,2048,1,bnhs,1,0,1.0,2,128,0,0,0,2048/3968/6016/7936/9984/11904/13952/15872/17920/19840/21888/23808/25856/27776/29824/31744/33792/35712/37760/39680/41728/43648/45696/47616/49664/51584/53632/55552/57600/59520/61568/63488,2048/3968/6016/7936/9984/11904/13952/15872/17920/19840/21888/23808/25856/27776/29824/31744/33792/35712/37760/39680/41728/43648/45696/47616/49664/51584/53632/55552/57600/59520/61568/63488,0,0,3,1,0,1,1,128,128,128,0,0,0,0,0,3,0,0,1
19703249444017842,0x460000400816b2,1,TND,FLOAT16,8,128,128,2,1,128,128,2048,1,slope,3,0,1.0,4,128,0,0,0,128/214/258/386/472/516/644/730,128/214/258/386/472/516/644/730,0,1,3,1,0,1,1,128,128,128,0,0,0,0,0,3,0,0,1
19703249444017844,0x460000400816b4,1,TND,FLOAT16,16,2048,128,2,1,128,128,2048,1,bnhs,1,0,1.0,2,128,0,0,0,2048/3968/6016/7936/9984/11904/13952/15872/17920/19840/21888/23808/25856/27776/29824/31744,128/256/384/512/640/768/896/1024/1152/1280/1408/1536/1664/1792/1920/2048,0,5,3,1,0,1,1,128,128,128,0,0,0,0,0,3,0,0,1
19703249444017968,0x46000040081730,1,BSND,FLOAT16,2,64,2048,2,1,128,128,ss,1,b1ss,1,0,0.5,0,65536,65536,0,0,,,0,0,3,0,1,1,1,128,128,128,0,0,0,0,0,3,0,0,1
19703249444017970,0x46000040081732,1,TND,FLOAT16,2,128,128,2,1,128,128,2048,1,slope,2,0,0.9,4,65536,65536,0,0,128/256,128/256,0,1,3,0,1,1,1,128,128,128,0,0,0,0,0,3,0,0,1
19703249444017972,0x46000040081734,1,BSND,FLOAT16,2,64,1024,2,1,128,128,ss,1,b1ss,1,0,0.5,0,65536,65536,0,0,,,0,5,3,0,1,1,1,128,128,128,0,0,0,0,0,3,0,0,1
19703249444018096,0x460000400817b0,1,TND,FLOAT16,4,1024,128,2,1,128,128,2048,1,slope,2,0,0.5,4,65536,65536,0,0,1024/1088/1344/2368,128/256/384/512,0,0,3,1,1,1,1,128,128,128,0,0,0,0,0,3,0,0,1
19703249444018098,0x460000400817b2,1,TND,FLOAT16,2,128,128,2,1,128,128,2048,1,slope,2,0,0.9,4,65536,65536,0,0,128/128,128/128,0,1,3,1,1,1,1,128,128,128,0,0,0,0,0,3,0,0,1
19703249444018100,0x460000400817b4,1,TND,FLOAT16,16,2048,128,2,1,128,128,2048,1,slope,2,0,0.5,2,128,0,0,0,2048/3968/6016/7936/9984/11904/13952/15872/17920/19840/21888/23808/25856/27776/29824/31744,128/256/384/512/640/768/896/1024/1152/1280/1408/1536/1664/1792/1920/2048,0,5,3,1,1,1,1,128,128,128,0,0,0,0,0,3,0,0,1
19703249980887088,0x46000060081030,1,BSND,FLOAT16,48,512,512,2,1,192,192,none,0,,1,0,1.0,0,65536,65536,0,0,,,0,0,3,0,0,0,0,128,128,192,0,0,0,0,0,3,0,0,1
19703249980887090,0x46000060081032,1,SBH,FLOAT16,1,128,128,1,1,192,192,none,0,,1,0,1.0,0,65536,65536,0,1,,,0,1,3,0,0,0,0,128,128,192,0,0,0,0,0,3,0,0,1
19703249980887216,0x460000600810b0,1,TND,FLOAT16,3,768,1024,2,1,192,192,none,0,,1,0,1.0,4,65536,65536,0,0,0/768/768,512/960/1984,0,0,3,1,0,0,0,128,128,192,0,0,0,0,0,3,0,0,1
19703249980887220,0x460000600810b4,1,TND,FLOAT16,1,1024,4096,2,1,192,192,none,0,,1,0,1.0,4,65536,65536,0,0,1024,4096,0,5,3,1,0,0,0,128,128,192,0,0,0,0,0,3,0,0,1
19703249980887344,0x46000060081130,1,BNSD,FLOAT16,1,128,256,1,1,192,192,none,0,,1,0,0.9,0,65536,65536,0,0,,,0,0,3,0,1,0,0,128,128,192,0,0,0,0,0,3,0,0,1
19703249980887346,0x46000060081132,1,BNSD,FLOAT16,1,128,128,1,1,192,192,none,0,,1,0,0.9,0,65536,65536,0,0,,,0,1,3,0,1,0,0,128,128,192,0,0,0,0,0,3,0,0,1
19703249980887472,0x460000600811b0,1,TND,FLOAT16,3,1024,2048,2,1,192,192,none,0,,1,0,0.5,4,65536,65536,0,0,1024/1792/1792,1024/1920/3968,0,0,3,1,1,0,0,128,128,192,0,0,0,0,0,3,0,0,1
19703249980887600,0x46000060081230,1,BNSD,FLOAT16,1,256,256,1,1,192,192,none,1,1nss,0,0,1.0,0,65536,65536,0,0,,,0,0,3,0,0,1,0,128,128,192,0,0,0,0,0,3,0,0,1
19703249980887602,0x46000060081232,1,BNSD,FLOAT16,1,128,128,1,1,192,192,none,1,1nss,1,0,1.0,0,65536,65536,0,0,,,0,1,3,0,0,1,0,128,128,192,0,0,0,0,0,3,0,0,1
19703249980887728,0x460000600812b0,1,TND,FLOAT16,3,2048,2048,2,1,192,192,none,1,slope,2,0,1.0,4,65536,65536,0,0,1024/1792/3840,1024/1792/3840,0,0,3,1,0,1,0,128,128,192,0,0,0,0,0,3,0,0,1
19703249980887732,0x460000600812b4,1,TND,FLOAT16,3,2048,2048,4,1,192,192,none,1,slope,2,0,1.0,4,65536,65536,0,0,1024/1792/3840,1024/1792/3840,0,5,3,1,0,1,0,128,128,192,0,0,0,0,0,3,0,0,1
19703249980887856,0x46000060081330,1,BSND,FLOAT16,2,64,1024,2,1,192,192,none,1,bnss,1,0,0.9,0,65536,65536,0,0,,,0,0,3,0,1,1,0,128,128,192,0,0,0,0,0,3,0,0,1
19703249980887858,0x46000060081332,1,TND,FLOAT16,1,128,128,2,1,192,192,none,1,slope,2,0,0.5,4,65536,65536,0,1,128,128,0,1,3,0,1,1,0,128,128,192,0,0,0,0,0,3,0,0,1
19703249980887984,0x460000600813b0,1,TND,FLOAT16,2,1024,128,4,1,192,192,none,1,slope,2,0,0.9,4,65536,65536,0,0,1024/1792,128/256,0,0,3,1,1,1,0,128,128,192,0,0,0,0,0,3,0,0,1
19703249980888112,0x46000060081430,1,BSH,FLOAT16,4,512,512,2,2,192,192,ss,0,,1,0,1.0,0,65536,65536,0,0,,,0,0,3,0,0,0,1,128,128,192,0,0,0,0,0,3,0,0,1
19703249980888114,0x46000060081432,1,BSH,FLOAT16,4,128,64,4,1,192,192,2048,0,,1,0,1.0,4,128,0,0,1,,,0,1,3,0,0,0,1,128,128,192,0,0,0,0,0,3,0,0,1
19703249980888240,0x460000600814b0,1,TND,FLOAT16,3,2048,2048,2,1,192,192,11ss,0,,1,0,1.0,4,65536,65536,0,0,1024/1792/3840,1024/1792/3840,0,0,3,1,0,0,1,128,128,192,0,0,0,0,0,3,0,0,1
19703249980888244,0x460000600814b4,1,TND,FLOAT16,4,1024,256,12,1,144,144,2048,0,,1,0,1.0,4,0,128,0,0,1024/2048/3072/4096,256/512/768/1024,0,5,3,1,0,0,1,128,128,192,0,0,0,0,0,3,0,0,1
19703249980888368,0x46000060081530,1,BNSD,FLOAT16,1,64,256,1,1,192,192,ss,0,,1,0,0.9,0,65536,65536,0,0,,,0,0,3,0,1,0,1,128,128,192,0,0,0,0,0,3,0,0,1
19703249980888370,0x46000060081532,1,BNSD,FLOAT16,1,64,64,1,1,192,192,ss,0,,1,0,0.9,0,65536,65536,0,0,,,0,1,3,0,1,0,1,128,128,192,0,0,0,0,0,3,0,0,1
19703249980888496,0x460000600815b0,1,TND,FLOAT16,3,2048,2048,2,1,192,192,b1ss,0,,1,0,0.9,4,0,65536,0,0,1024/1792/3840,1024/1792/3840,0,0,3,1,1,0,1,128,128,192,0,0,0,0,0,3,0,0,1
19703249980888624,0x46000060081630,1,BSND,FLOAT16,16,256,640,4,1,192,192,ss,1,bnss,1,0,1.0,0,65536,65536,0,0,,,0,0,3,0,0,1,1,128,128,192,0,0,0,0,0,3,0,0,1
19703249980888626,0x46000060081632,1,BSND,FLOAT16,2,64,64,2,1,192,192,ss,1,slope,2,0,1.0,0,65536,65536,0,1,,,0,1,3,0,0,1,1,128,128,192,0,0,0,0,0,3,0,0,1
19703249980888752,0x460000600816b0,1,TND,FLOAT16,3,2048,2048,2,1,192,192,11ss,1,slope,2,0,1.0,4,65536,65536,0,0,1024/1792/3840,1024/1792/3840,0,0,3,1,0,1,1,128,128,192,0,0,0,0,0,3,0,0,1
19703249980888756,0x460000600816b4,1,TND,FLOAT16,32,1024,128,2,1,192,192,2048,1,slope,2,0,1.0,2,128,0,0,0,1024/1984/3008/3968/4992/5952/6976/7936/8960/9920/10944/11904/12928/13888/14912/15872/16896/17856/18880/19840/20864/21824/22848/23808/24832/25792/26816/27776/28800/29760/30784/31744,128/256/384/512/640/768/896/1024/1152/1280/1408/1536/1664/1792/1920/2048/2176/2304/2432/2560/2688/2816/2944/3072/3200/3328/3456/3584/3712/3840/3968/4096,0,5,3,1,0,1,1,128,128,192,0,0,0,0,0,3,0,0,1
19703249980888880,0x46000060081730,1,BSH,FLOAT16,4,256,256,2,2,192,192,11ss,1,b1ss,1,0,0.9,0,65536,65536,0,0,,,0,0,3,0,1,1,1,128,128,192,0,0,0,0,0,3,0,0,1
19703249980888882,0x46000060081732,1,BSH,FLOAT16,16,64,64,4,1,192,192,11ss,1,bnss,0,0,0.9,1,0,128,0,1,,,0,1,3,0,1,1,1,128,128,192,0,0,0,0,0,3,0,0,1
19703249980889008,0x460000600817b0,1,TND,FLOAT16,3,128,4096,2,2,192,192,2048,1,1nhs,1,0,0.5,0,128,0,0,0,128/214/258,4096/8064/11904,0,0,3,1,1,1,1,128,128,192,0,0,0,0,0,3,0,0,1
19703250517758000,0x46000080081030,1,BSND,FLOAT16,2,1024,1024,2,1,256,256,none,0,,1,0,1.0,0,65536,65536,0,0,,,0,0,3,0,0,0,0,128,128,256,0,0,0,0,0,3,0,0,1
19703250517758002,0x46000080081032,1,BSND,FLOAT16,2,64,64,2,1,256,256,none,0,,1,0,1.0,5,128,0,0,1,,,0,1,3,0,0,0,0,128,128,256,0,0,0,0,0,3,0,0,1
19703250517758128,0x460000800810b0,1,TND,FLOAT16,3,768,1024,2,1,256,256,none,0,,1,0,1.0,4,65536,65536,0,0,0/768/768,512/960/1984,0,0,3,1,0,0,0,128,128,256,0,0,0,0,0,3,0,0,1
19703250517758132,0x460000800810b4,1,TND,FLOAT16,3,2048,2048,4,1,256,256,none,0,,1,0,1.0,4,65536,65536,0,0,1024/1792/3840,1024/1792/3840,0,5,3,1,0,0,0,128,128,256,0,0,0,0,0,3,0,0,1
19703250517758256,0x46000080081130,1,TND,FLOAT16,3,1024,128,2,1,256,256,none,0,,1,0,0.9,4,65536,65536,0,0,1024/2048/3072,128/256/384,0,0,3,0,1,0,0,128,128,256,0,0,0,0,0,3,0,0,1
19703250517758258,0x46000080081132,1,BSND,FLOAT16,2,32,64,2,1,256,256,none,0,,1,0,0.9,0,65536,65536,0,1,,,0,1,3,0,1,0,0,128,128,256,0,0,0,0,0,3,0,0,1
19703250517758384,0x460000800811b0,1,TND,FLOAT16,3,3072,8192,2,1,256,256,none,0,,1,0,0.5,4,65536,65536,0,0,1024/1792/4864,4096/7168/15360,0,0,3,1,1,0,0,128,128,256,0,0,0,0,0,3,0,0,1
19703250517758512,0x46000080081230,1,BSND,FLOAT16,2,512,512,2,1,256,256,none,1,slope,3,0,1.0,0,65536,65536,0,0,,,0,0,3,0,0,1,0,128,128,256,0,0,0,0,0,3,0,0,1
19703250517758514,0x46000080081232,1,BSH,FLOAT16,2,128,128,40,1,256,256,none,1,bnss,0,0,1.0,4,512,1,3,0,,,0,1,3,0,0,1,0,128,128,256,0,0,0,0,0,3,0,0,1
19703250517758640,0x460000800812b0,1,TND,FLOAT16,3,2048,2048,2,1,256,256,none,1,slope,2,0,1.0,4,65536,65536,0,0,1024/1792/3840,1024/1792/3840,0,0,3,1,0,1,0,128,128,256,0,0,0,0,0,3,0,0,1
19703250517758644,0x460000800812b4,1,TND,FLOAT16,3,2048,2048,4,1,256,256,none,1,slope,2,0,1.0,4,65536,65536,0,0,1024/1792/3840,1024/1792/3840,0,5,3,1,0,1,0,128,128,256,0,0,0,0,0,3,0,0,1
19703250517758768,0x46000080081330,1,BSND,FLOAT16,2,1024,1024,2,1,256,256,none,1,1nhs,0,0,0.9,0,65536,65536,0,0,,,0,0,3,0,1,1,0,128,128,256,0,0,0,0,0,3,0,0,1
19703250517758770,0x46000080081332,1,TND,FLOAT16,1,128,128,2,1,256,256,none,1,slope,2,0,0.5,3,65536,65536,0,1,128,128,0,1,3,0,1,1,0,128,128,256,0,0,0,0,0,3,0,0,1
19703250517758896,0x460000800813b0,1,TND,FLOAT16,3,512,512,2,2,256,256,none,1,slope,2,0,0.5,0,65536,65536,0,0,512/896/1152,512/896/1152,0,0,3,1,1,1,0,128,128,256,0,0,0,0,0,3,0,0,1
19703250517759024,0x46000080081430,1,BSND,FLOAT16,2,1024,1024,2,1,256,256,b1ss,0,,1,0,1.0,0,65536,65536,2,0,,,0,0,3,0,0,0,1,128,128,256,0,0,0,0,0,3,0,0,1
19703250517759026,0x46000080081432,1,BSH,FLOAT16,48,128,64,4,1,256,256,2048,0,,1,0,1.0,1,0,128,0,1,,,0,1,3,0,0,0,1,128,128,256,0,0,0,0,0,3,0,0,1
19703250517759152,0x460000800814b0,1,TND,FLOAT16,3,2048,2048,2,1,256,256,2048,0,,1,0,1.0,4,65536,65536,0,0,1024/1792/3840,1024/1792/3840,0,0,3,1,0,0,1,128,128,256,0,0,0,0,0,3,0,0,1
19703250517759156,0x460000800814b4,1,TND,FLOAT16,3,2048,2048,2,1,256,256,2048,0,,1,0,1.0,2,128,1024,0,0,1024/1792/3840,1024/1792/3840,0,5,3,1,0,0,1,128,128,256,0,0,0,0,0,3,0,0,1
19703250517759280,0x46000080081530,1,TND,FLOAT16,1,1024,128,2,1,256,256,2048,0,,1,0,0.9,4,65536,65536,0,0,1024,128,0,0,3,0,1,0,1,128,128,256,0,0,0,0,0,3,0,0,1
19703250517759282,0x46000080081532,1,SBH,FLOAT16,48,128,128,5,1,256,256,11ss,0,,0,0,0.5,6,0,256,3,1,,,0,1,3,0,1,0,1,128,128,256,0,0,0,0,0,3,0,0,1
19703250517759408,0x460000800815b0,1,TND,FLOAT16,3,2048,2048,2,1,256,256,2048,0,,1,0,0.9,4,65536,65536,0,0,1024/1792/3840,1024/1792/3840,0,0,3,1,1,0,1,128,128,256,0,0,0,0,0,3,0,0,1
19703250517759536,0x46000080081630,1,BSH,FLOAT16,48,256,256,2,2,256,256,2048,1,1nss,1,0,1.0,2,128,0,0,0,,,0,0,3,0,0,1,1,128,128,256,0,0,0,0,0,3,0,0,1
19703250517759538,0x46000080081632,1,BSH,FLOAT16,4,64,64,16,1,256,256,11ss,1,slope,3,0,1.0,6,256,128,2,0,,,0,1,3,0,0,1,1,128,128,256,0,0,0,0,0,3,0,0,1
19703250517759664,0x460000800816b0,1,TND,FLOAT16,8,256,2048,1,1,256,256,2048,1,slope,3,0,1.0,4,128,0,0,0,256/427/513/769/940/1026/1282/1453,2048/3968/5760/7808/9728/11520/13568/15488,0,0,3,1,0,1,1,128,128,256,0,0,0,0,0,3,0,0,1
19703250517759668,0x460000800816b4,1,TND,FLOAT16,32,1024,128,2,1,256,256,2048,1,bnhs,1,0,1.0,2,128,0,0,0,1024/1984/3008/3968/4992/5952/6976/7936/8960/9920/10944/11904/12928/13888/14912/15872/16896/17856/18880/19840/20864/21824/22848/23808/24832/25792/26816/27776/28800/29760/30784/31744,128/256/384/512/640/768/896/1024/1152/1280/1408/1536/1664/1792/1920/2048/2176/2304/2432/2560/2688/2816/2944/3072/3200/3328/3456/3584/3712/3840/3968/4096,0,5,3,1,0,1,1,128,128,256,0,0,0,0,0,3,0,0,1
19703250517759792,0x46000080081730,1,BSH,FLOAT16,4,256,256,2,2,256,256,11ss,1,b1ss,1,0,0.9,0,65536,65536,0,0,,,0,0,3,0,1,1,1,128,128,256,0,0,0,0,0,3,0,0,1
19703250517759794,0x46000080081732,1,SBH,FLOAT16,64,128,128,12,1,256,256,bnss,1,b1ss,0,0,0.9,0,2048,256,1,0,,,0,1,3,0,1,1,1,128,128,256,0,0,0,0,0,3,0,0,1
19703250517759920,0x460000800817b0,1,TND,FLOAT16,32,1024,128,2,1,256,256,2048,1,bnhs,1,0,0.5,2,128,0,0,0,1024/1984/3008/3968/4992/5952/6976/7936/8960/9920/10944/11904/12928/13888/14912/15872/16896/17856/18880/19840/20864/21824/22848/23808/24832/25792/26816/27776/28800/29760/30784/31744,128/256/384/512/640/768/896/1024/1152/1280/1408/1536/1664/1792/1920/2048/2176/2304/2432/2560/2688/2816/2944/3072/3200/3328/3456/3584/3712/3840/3968/4096,0,0,3,1,1,1,1,128,128,256,0,0,0,0,0,3,0,0,1
19703251054628912,0x460000a0081030,1,BNSD,FLOAT16,1,64,256,1,1,320,320,none,0,,1,0,1.0,0,65536,65536,0,0,,,0,0,3,0,0,0,0,128,128,768,0,0,0,0,0,3,0,0,1
19703251054628914,0x460000a0081032,1,BNSD,FLOAT16,1,64,64,1,1,320,320,none,0,,1,0,1.0,0,65536,65536,0,0,,,0,1,3,0,0,0,0,128,128,768,0,0,0,0,0,3,0,0,1
19703251054629040,0x460000a00810b0,1,TND,FLOAT16,3,2048,2048,2,1,320,320,none,0,,1,0,1.0,4,65536,65536,0,0,1024/1792/3840,1024/1792/3840,0,0,3,1,0,0,0,128,128,768,0,0,0,0,0,3,0,0,1
19703251054629044,0x460000a00810b4,1,TND,FLOAT16,32,2560,2560,2,1,320,320,none,0,,1,0,1.0,6,1024,128,0,0,2048/4352/6912/8960/11264/13824/15872/18176/20736/22784/25088/27648/29696/32000/34560/36608/38912/41472/43520/45824/48384/50432/52736/55296/57344/59648/62208/64256/66560/69120/71168/73472,2048/4352/6912/8960/11264/13824/15872/18176/20736/22784/25088/27648/29696/32000/34560/36608/38912/41472/43520/45824/48384/50432/52736/55296/57344/59648/62208/64256/66560/69120/71168/73472,0,5,3,1,0,0,0,128,128,768,0,0,0,0,0,3,0,0,1
19703251054629168,0x460000a0081130,1,BNSD,FLOAT16,1,64,256,1,1,320,320,none,0,,1,0,0.9,0,65536,65536,0,0,,,0,0,3,0,1,0,0,128,128,768,0,0,0,0,0,3,0,0,1
19703251054629170,0x460000a0081132,1,BNSD,FLOAT16,1,64,64,1,1,320,320,none,0,,1,0,0.9,0,65536,65536,0,0,,,0,1,3,0,1,0,0,128,128,768,0,0,0,0,0,3,0,0,1
19703251054629296,0x460000a00811b0,1,TND,FLOAT16,6,2048,4096,2,1,320,320,none,0,,1,0,0.5,4,65536,65536,0,0,1024/1920/2688/4736/4800/6848,4096/8192/12288/16384/20480/24576,0,0,3,1,1,0,0,128,128,768,0,0,0,0,0,3,0,0,1
19703251054629424,0x460000a0081230,1,BNSD,FLOAT16,1,64,256,1,1,320,320,none,1,1nss,1,0,1.0,0,65536,65536,0,0,,,0,0,3,0,0,1,0,128,128,768,0,0,0,0,0,3,0,0,1
19703251054629426,0x460000a0081232,1,BNSD,FLOAT16,1,64,64,1,1,320,320,none,1,1nss,1,0,1.0,0,65536,65536,0,0,,,0,1,3,0,0,1,0,128,128,768,0,0,0,0,0,3,0,0,1
19703251054629552,0x460000a00812b0,1,TND,FLOAT16,3,256,256,2,1,320,320,none,1,slope,2,0,1.0,4,65536,65536,0,0,256/427/513,256/427/513,0,0,3,1,0,1,0,128,128,768,0,0,0,0,0,3,0,0,1
19703251054629556,0x460000a00812b4,1,TND,FLOAT16,2,4096,4096,4,1,512,512,none,1,slope_n,3,0,1.0,2,65536,65536,0,0,4096/4096,4096/4096,0,5,3,1,0,1,0,128,128,768,0,0,0,0,0,3,0,0,1
19703251054629680,0x460000a0081330,1,BSH,FLOAT16,4,256,256,1,2,512,512,none,1,b1ss,1,0,0.9,0,65536,65536,0,0,,,0,0,3,0,1,1,0,128,128,768,0,0,0,0,0,3,0,0,1
19703251054629682,0x460000a0081332,1,BNSD,FLOAT16,1,64,64,1,1,320,320,none,1,1nss,1,0,0.9,0,65536,65536,0,0,,,0,1,3,0,1,1,0,128,128,768,0,0,0,0,0,3,0,0,1
19703251054629808,0x460000a00813b0,1,TND,FLOAT16,2,2048,512,2,1,768,768,none,1,slope,2,0,0.9,4,65536,65536,0,0,2048/3968,512/896,0,0,3,1,1,1,0,128,128,768,0,0,0,0,0,3,0,0,1
19703251054629936,0x460000a0081430,1,BSH,FLOAT16,2,1,1024,8,4,768,768,bnss,0,,0,0,1.0,6,256,256,2,0,,,0,0,3,0,0,0,1,128,128,768,0,0,0,0,0,3,0,0,1
19703251054629938,0x460000a0081432,1,BSND,FLOAT16,2,32,128,2,1,320,320,ss,0,,1,0,1.0,5,128,0,0,1,,,0,1,3,0,0,0,1,128,128,768,0,0,0,0,0,3,0,0,1
19703251054630064,0x460000a00814b0,1,TND,FLOAT16,3,2048,2048,2,1,320,320,2048,0,,1,0,1.0,4,65536,65536,0,0,1024/1792/3840,1024/1792/3840,0,0,3,1,0,0,1,128,128,768,0,0,0,0,0,3,0,0,1
19703251054630068,0x460000a00814b4,1,TND,FLOAT16,3,512,512,8,1,512,512,b1ss,0,,0,0,1.0,0,256,256,0,0,512/1024/1536,512/1024/1536,0,5,3,1,0,0,1,128,128,768,0,0,0,0,0,3,0,0,1
19703251054630192,0x460000a0081530,1,BNSD,FLOAT16,1,64,256,1,1,320,320,ss,0,,1,0,0.9,0,65536,65536,0,0,,,0,0,3,0,1,0,1,128,128,768,0,0,0,0,0,3,0,0,1
19703251054630194,0x460000a0081532,1,BNSD,FLOAT16,1,64,64,1,1,320,320,ss,0,,1,0,0.9,0,65536,65536,0,0,,,0,1,3,0,1,0,1,128,128,768,0,0,0,0,0,3,0,0,1
19703251054630320,0x460000a00815b0,1,TND,FLOAT16,9,2048,128,2,1,320,320,2048,0,,1,0,0.9,1,65536,128,0,0,1024/1792/3840/4864/6912/6976/7488/8000/9024,128/256/384/512/640/768/896/1024/1152,0,0,3,1,1,0,1,128,128,768,0,0,0,0,0,3,0,0,1
19703251054630448,0x460000a0081630,1,BNSD,FLOAT16,1,128,256,1,1,320,320,ss,1,1nss,1,0,1.0,0,65536,65536,0,0,,,0,0,3,0,0,1,1,128,128,768,0,0,0,0,0,3,0,0,1
19703251054630450,0x460000a0081632,1,BNSD,FLOAT16,1,128,128,1,1,320,320,ss,1,1nss,1,0,1.0,0,65536,65536,0,0,,,0,1,3,0,0,1,1,128,128,768,0,0,0,0,0,3,0,0,1
19703251054630576,0x460000a00816b0,1,TND,FLOAT16,3,512,2048,2,1,512,512,2048,1,bnhs,1,0,1.0,2,128,0,0,0,512/896/1152,2048/3968/5760,0,0,3,1,0,1,1,128,128,768,0,0,0,0,0,3,0,0,1
19703251054630580,0x460000a00816b4,1,TND,FLOAT16,32,1024,128,2,1,512,512,2048,1,bnhs,1,0,1.0,2,128,0,0,0,1024/1984/3008/3968/4992/5952/6976/7936/8960/9920/10944/11904/12928/13888/14912/15872/16896/17856/18880/19840/20864/21824/22848/23808/24832/25792/26816/27776/28800/29760/30784/31744,128/256/384/512/640/768/896/1024/1152/1280/1408/1536/1664/1792/1920/2048/2176/2304/2432/2560/2688/2816/2944/3072/3200/3328/3456/3584/3712/3840/3968/4096,0,5,3,1,0,1,1,128,128,768,0,0,0,0,0,3,0,0,1
19703251054630704,0x460000a0081730,1,BSH,FLOAT16,4,512,512,2,2,512,512,11ss,1,bnss,1,0,0.9,0,65536,65536,0,0,,,0,0,3,0,1,1,1,128,128,768,0,0,0,0,0,3,0,0,1
19703251054630706,0x460000a0081732,1,BNSD,FLOAT16,4,64,64,4,1,512,512,ss,1,b1ss,1,0,0.9,6,256,64,0,1,,,0,1,3,0,1,1,1,128,128,768,0,0,0,0,0,3,0,0,1
19703251054630832,0x460000a00817b0,1,TND,FLOAT16,3,512,2048,2,1,512,512,2048,1,bnhs,1,0,0.5,2,128,0,0,0,512/896/1152,2048/3968/5760,0,0,3,1,1,1,1,128,128,768,0,0,0,0,0,3,0,0,1
19705447930400816,0x46020020081030,1,BSND,FLOAT16,2,1024,1024,2,1,64,64,none,0,,1,0,1.0,5,128,0,0,1,,,0,0,3,0,0,0,0,128,128,64,1,0,0,0,0,3,0,0,1
19705447930400944,0x460200200810b0,1,TND,FLOAT16,16,1024,1024,12,1,16,16,none,0,,0,0,1.0,6,2048,1024,1,1,64/320/320/576/640/1152/1408/1536/1600/2624/2752/3008/3008/3136/3648/3776,64/128/1152/1664/1664/2688/2816/2944/3200/4224/4352/5376/5632/5760/6784/7808,0,0,3,1,0,0,0,128,128,64,1,0,0,0,0,3,0,0,1
19705447930401072,0x46020020081130,1,BSH,FLOAT16,4,1024,1024,2,1,64,64,none,0,,1,0,0.9,5,65536,65536,0,1,,,0,0,3,0,1,0,0,128,128,64,1,0,0,0,0,3,0,0,1
19705447930401200,0x460200200811b0,1,TND,FLOAT16,4,512,256,2,2,64,64,none,0,,1,0,0.9,6,128,128,0,1,512/512/512/512,256/256/256/256,0,0,3,1,1,0,0,128,128,64,1,0,0,0,0,3,0,0,1
19705447930401328,0x46020020081230,1,BSND,FLOAT16,1,256,256,1,1,64,64,none,1,1nss,1,0,1.0,6,65536,128,0,1,,,0,0,3,0,0,1,0,128,128,64,1,0,0,0,0,3,0,0,1
19705447930401456,0x460200200812b0,1,TND,FLOAT16,3,1024,512,8,8,16,16,none,1,slope_n,2,0,1.0,6,128,2048,0,1,0/1024/1088,128/128/640,0,0,3,1,0,1,0,128,128,64,1,0,0,0,0,3,0,0,1
19705447930401584,0x46020020081330,1,BSH,FLOAT16,4,512,512,2,2,64,64,none,1,b1ss,1,0,0.9,5,65536,65536,0,1,,,0,0,3,0,1,1,0,128,128,64,1,0,0,0,0,3,0,0,1
19705447930401712,0x460200200813b0,1,TND,FLOAT16,16,512,1024,2,2,64,64,none,1,slope,3,0,0.5,6,64,65536,1,1,0/64/192/320/576/576/576/1088/1344/1408/1536/1792/1856/2112/2368/2880,128/128/128/192/192/448/1472/1472/1984/3008/3520/3584/4608/4608/4864/5888,0,0,3,1,1,1,0,128,128,64,1,0,0,0,0,3,0,0,1
19705447930401840,0x46020020081430,1,BSH,FLOAT16,4,512,512,2,2,64,64,2048,0,,1,0,1.0,6,1024,1024,0,1,,,0,0,3,0,0,0,1,128,128,64,1,0,0,0,0,3,0,0,1
19705447930401968,0x460200200814b0,1,TND,FLOAT16,16,1024,1024,40,4,64,64,bnss,0,,2,0,1.0,6,1024,65536,3,1,0/1024/1088/1344/1856/2112/2368/3392/4416/4928/5184/5440/5568/6592/7616/7680,512/640/640/768/1024/2048/2176/3200/3264/3392/3520/3776/3840/4864/4928/5440,0,0,3,1,0,0,1,128,128,64,1,0,0,0,0,3,0,0,1
19705447930402096,0x46020020081530,1,BSH,FLOAT16,4,512,128,2,2,64,64,11ss,0,,1,0,0.5,6,128,128,0,1,,,0,0,3,0,1,0,1,128,128,64,1,0,0,0,0,3,0,0,1
19705447930402224,0x460200200815b0,1,TND,FLOAT16,3,2048,2048,2,1,64,64,2048,0,,1,0,0.9,6,1024,65536,0,1,1024/1792/3840,1024/1792/3840,0,0,3,1,1,0,1,128,128,64,1,0,0,0,0,3,0,0,1
19705447930402352,0x46020020081630,1,TND,FLOAT16,1,512,256,8,8,16,16,11ss,1,slope,3,0,1.0,6,64,0,0,1,512,256,0,0,3,0,0,1,1,128,128,64,1,0,0,0,0,3,0,0,1
19705447930402480,0x460200200816b0,1,TND,FLOAT16,4,1024,1024,1,2,16,16,2048,1,slope,2,0,1.0,6,0,256,0,1,1024/2048/2304/2304,256/768/1792/1856,0,0,3,1,0,1,1,128,128,64,1,0,0,0,0,3,0,0,1
19705447930402608,0x46020020081730,1,BSH,FLOAT16,4,512,128,2,2,64,64,11ss,1,bnss,1,0,0.9,6,128,128,0,1,,,0,0,3,0,1,1,1,128,128,64,1,0,0,0,0,3,0,0,1
19705447930402736,0x460200200817b0,1,TND,FLOAT16,3,256,1024,4,1,16,16,ss,1,slope_n,3,0,0.9,6,512,0,3,1,0/256/320,64/1088/1088,0,0,3,1,1,1,1,128,128,64,1,0,0,0,0,3,0,0,1
19705448467271728,0x46020040081030,1,BSND,FLOAT16,2,4096,4096,8,1,72,72,none,0,,1,0,1.0,5,65536,65536,0,1,,,0,0,3,0,0,0,0,128,128,128,1,0,0,0,0,3,0,0,1
19705448467271856,0x460200400810b0,1,TND,FLOAT16,32,2560,2560,2,1,128,128,none,0,,1,0,1.0,6,1024,128,0,1,2048/4352/6912/8960/11264/13824/15872/18176/20736/22784/25088/27648/29696/32000/34560/36608/38912/41472/43520/45824/48384/50432/52736/55296/57344/59648/62208/64256/66560/69120/71168/73472,2048/4352/6912/8960/11264/13824/15872/18176/20736/22784/25088/27648/29696/32000/34560/36608/38912/41472/43520/45824/48384/50432/52736/55296/57344/59648/62208/64256/66560/69120/71168/73472,0,0,3,1,0,0,0,128,128,128,1,0,0,0,0,3,0,0,1
19705448467271984,0x46020040081130,1,BSND,FLOAT16,8,1024,1024,2,1,128,128,none,0,,1,0,0.9,6,128,1024,0,1,,,0,0,3,0,1,0,0,128,128,128,1,0,0,0,0,3,0,0,1
19705448467272112,0x460200400811b0,1,TND,FLOAT16,32,2560,2560,2,1,128,128,none,0,,1,0,0.9,6,1024,128,0,1,2048/4352/6912/8960/11264/13824/15872/18176/20736/22784/25088/27648/29696/32000/34560/36608/38912/41472/43520/45824/48384/50432/52736/55296/57344/59648/62208/64256/66560/69120/71168/73472,2048/4352/6912/8960/11264/13824/15872/18176/20736/22784/25088/27648/29696/32000/34560/36608/38912/41472/43520/45824/48384/50432/52736/55296/57344/59648/62208/64256/66560/69120/71168/73472,0,0,3,1,1,0,0,128,128,128,1,0,0,0,0,3,0,0,1
19705448467272240,0x46020040081230,1,BSND,FLOAT16,2,4096,4096,8,1,72,72,none,1,slope_n,3,0,1.0,5,65536,65536,0,1,,,0,0,3,0,0,1,0,128,128,128,1,0,0,0,0,3,0,0,1
19705448467272368,0x460200400812b0,1,TND,FLOAT16,3,2048,2048,2,1,128,128,none,1,slope,2,0,1.0,6,1024,65536,0,1,1024/1792/3840,1024/1792/3840,0,0,3,1,0,1,0,128,128,128,1,0,0,0,0,3,0,0,1
19705448467272496,0x46020040081330,1,SBH,FLOAT16,1,512,2048,1,1,128,128,none,1,1nss,0,0,0.9,6,0,1024,0,1,,,0,0,3,0,1,1,0,128,128,128,1,0,0,0,0,3,0,0,1
19705448467272624,0x460200400813b0,1,TND,FLOAT16,4,512,1024,2,2,72,72,none,1,slope,3,0,0.5,6,1,2048,3,1,512/1024/1152/1216,1024/1088/1152/1216,0,0,3,1,1,1,0,128,128,128,1,0,0,0,0,3,0,0,1
19705448467272752,0x46020040081430,1,BSND,FLOAT16,2,4096,4096,8,1,72,72,b1ss,0,,1,0,1.0,5,65536,65536,0,1,,,0,0,3,0,0,0,1,128,128,128,1,0,0,0,0,3,0,0,1
19705448467272880,0x460200400814b0,1,TND,FLOAT16,3,2048,2048,4,1,128,128,2048,0,,1,0,1.0,6,1024,0,0,1,1024/1792/3840,1024/1792/3840,0,0,3,1,0,0,1,128,128,128,1,0,0,0,0,3,0,0,1
19705448467273008,0x46020040081530,1,BSND,FLOAT16,1,1024,1024,2,1,128,128,11ss,0,,1,0,0.9,6,128,1024,0,1,,,0,0,3,0,1,0,1,128,128,128,1,0,0,0,0,3,0,0,1
19705448467273136,0x460200400815b0,1,TND,FLOAT16,3,1024,128,2,1,128,128,2048,0,,1,0,0.9,6,65536,128,0,1,512/896/1920,128/256/384,0,0,3,1,1,0,1,128,128,128,1,0,0,0,0,3,0,0,1
19705448467273264,0x46020040081630,1,BSND,FLOAT16,2,1024,1024,2,1,128,128,ss,1,1nhs,1,0,1.0,5,128,0,0,1,,,0,0,3,0,0,1,1,128,128,128,1,0,0,0,0,3,0,0,1
19705448467273392,0x460200400816b0,1,TND,FLOAT16,3,2048,2048,8,1,72,72,bnss,1,slope,2,0,1.0,6,65536,65536,0,1,1024/1792/3840,1024/1792/3840,0,0,3,1,0,1,1,128,128,128,1,0,0,0,0,3,0,0,1
19705448467273520,0x46020040081730,1,BSND,FLOAT16,2,1024,1024,2,1,128,128,ss,1,b1ss,0,0,0.5,5,128,0,0,1,,,0,0,3,0,1,1,1,128,128,128,1,0,0,0,0,3,0,0,1
19705448467273648,0x460200400817b0,1,TND,FLOAT16,3,1024,128,2,1,128,128,2048,1,slope,2,0,0.5,6,65536,128,0,1,512/896/1920,128/256/384,0,0,3,1,1,1,1,128,128,128,1,0,0,0,0,3,0,0,1
19705449004142640,0x46020060081030,1,BNSD,FLOAT16,1,256,256,1,1,192,192,none,0,,1,0,1.0,6,65536,1024,0,1,,,0,0,3,0,0,0,0,128,128,192,1,0,0,0,0,3,0,0,1
19705449004142768,0x460200600810b0,1,TND,FLOAT16,32,2560,2048,2,1,192,192,none,0,,1,0,1.0,6,1024,1024,0,1,2048/4352/6912/8960/11264/13824/15872/18176/20736/22784/25088/27648/29696/32000/34560/37120/39424/41984/44032/46336/48896/50944/53248/55808/57856/60160/62720/64768/67072/69632/71680/73984,2048/4096/6144/8192/10240/12288/14336/16384/18432/20480/22528/24576/26624/28672/30720/32768/34816/36864/38912/40960/43008/45056/47104/49152/51200/53248/55296/57344/59392/61440/63488/65536,0,0,3,1,0,0,0,128,128,192,1,0,0,0,0,3,0,0,1
19705449004142896,0x46020060081130,1,BSND,FLOAT16,2,256,1024,2,2,192,192,none,0,,1,0,0.5,6,65536,65536,0,1,,,0,0,3,0,1,0,0,128,128,192,1,0,0,0,0,3,0,0,1
19705449004143024,0x460200600811b0,1,TND,FLOAT16,32,2560,2560,2,1,192,192,none,0,,1,0,0.5,6,1024,1024,0,1,2048/4352/6912/8960/11264/13824/15872/18176/20736/22784/25088/27648/29696/32000/34560/36608/38912/41472/43520/45824/48384/50432/52736/55296/57344/59648/62208/64256/66560/69120/71168/73472,2048/4352/6912/8960/11264/13824/15872/18176/20736/22784/25088/27648/29696/32000/34560/36608/38912/41472/43520/45824/48384/50432/52736/55296/57344/59648/62208/64256/66560/69120/71168/73472,0,0,3,1,1,0,0,128,128,192,1,0,0,0,0,3,0,0,1
19705449004143152,0x46020060081230,1,BSND,FLOAT16,2,1024,1024,2,1,192,192,none,1,1nhs,1,0,1.0,5,65536,65536,0,1,,,0,0,3,0,0,1,0,128,128,192,1,0,0,0,0,3,0,0,1
19705449004143280,0x460200600812b0,1,TND,FLOAT16,3,8192,2048,40,1,192,192,none,1,slope,2,0,1.0,6,65536,65536,0,1,4096/7168/15360,1024/2816/4864,0,0,3,1,0,1,0,128,128,192,1,0,0,0,0,3,0,0,1
19705449004143408,0x46020060081330,1,BSND,FLOAT16,2,256,1024,2,2,192,192,none,1,bnss,1,0,0.5,6,65536,65536,0,1,,,0,0,3,0,1,1,0,128,128,192,1,0,0,0,0,3,0,0,1
19705449004143536,0x460200600813b0,1,TND,FLOAT16,16,1024,1024,2,1,144,144,none,1,slope_n,3,0,0.9,6,0,512,1,1,1024/1152/1664/2688/2752/3264/3520/3776/4032/4544/4544/4672/4800/4928/5952/6464,128/1152/2176/2176/2240/2496/3008/3008/4032/4096/4224/4736/4992/5504/6016/6016,0,0,3,1,1,1,0,128,128,192,1,0,0,0,0,3,0,0,1
19705449004143664,0x46020060081430,1,BSND,FLOAT16,2,1024,1024,2,1,192,192,ss,0,,1,0,1.0,5,128,0,0,1,,,0,0,3,0,0,0,1,128,128,192,1,0,0,0,0,3,0,0,1
19705449004143792,0x460200600814b0,1,TND,FLOAT16,16,1024,1024,1,2,144,144,11ss,0,,0,0,1.0,6,65536,64,3,1,256/256/1280/1408/1536/1792/2048/2176/2304/2304/2432/2496/2496/2560/2560/2688,128/256/768/1280/1792/1856/1856/1984/2112/2240/3264/3392/3520/3584/4096/4352,0,0,3,1,0,0,1,128,128,192,1,0,0,0,0,3,0,0,1
19705449004143920,0x46020060081530,1,BSND,FLOAT16,2,1024,1024,1,2,192,192,ss,0,,1,0,0.9,6,1024,1024,0,1,,,0,0,3,0,1,0,1,128,128,192,1,0,0,0,0,3,0,0,1
19705449004144048,0x460200600815b0,1,TND,FLOAT16,3,1024,4096,2,1,192,192,2048,0,,3,0,0.9,6,1024,65536,0,1,1024/1920/2688,4096/8064/11904,0,0,3,1,1,0,1,128,128,192,1,0,0,0,0,3,0,0,1
19705449004144176,0x46020060081630,1,BSND,FLOAT16,2,1024,1024,1,2,192,192,ss,1,slope_n,2,0,1.0,5,128,0,0,1,,,0,0,3,0,0,1,1,128,128,192,1,0,0,0,0,3,0,0,1
19705449004144304,0x460200600816b0,1,TND,FLOAT16,2,512,512,2,2,192,192,2048,1,1nhs,1,0,1.0,6,1024,0,0,1,512/512,512/512,0,0,3,1,0,1,1,128,128,192,1,0,0,0,0,3,0,0,1
19705449004144432,0x46020060081730,1,BSH,FLOAT16,4,512,512,2,2,192,192,11ss,1,b1ss,1,0,0.9,5,65536,65536,0,1,,,0,0,3,0,1,1,1,128,128,192,1,0,0,0,0,3,0,0,1
19705449004144560,0x460200600817b0,1,TND,FLOAT16,8,1024,512,1,1,192,192,b1ss,1,slope_n,2,0,0.9,6,1024,64,1,1,1024/1088/2112/2112/2368/2880/3904/4416,64/576/704/960/1472/1728/1984/2496,0,0,3,1,1,1,1,128,128,192,1,0,0,0,0,3,0,0,1
19705449541013552,0x46020080081030,1,BSH,FLOAT16,4,2048,64,2,2,256,256,none,0,,1,0,1.0,5,65536,65536,0,1,,,0,0,3,0,0,0,0,128,128,256,1,0,0,0,0,3,0,0,1
19705449541013680,0x460200800810b0,1,TND,FLOAT16,3,1024,128,2,1,256,256,none,0,,1,0,1.0,6,128,65536,0,1,1024/1536/2560,128/256/384,0,0,3,1,0,0,0,128,128,256,1,0,0,0,0,3,0,0,1
19705449541013808,0x46020080081130,1,BSND,FLOAT16,2,256,1024,2,2,256,256,none,0,,1,0,0.5,6,65536,65536,0,1,,,0,0,3,0,1,0,0,128,128,256,1,0,0,0,0,3,0,0,1
19705449541013936,0x460200800811b0,1,TND,FLOAT16,33,2560,128,2,1,256,256,none,0,,1,0,0.9,6,1024,128,0,1,2048/4352/6912/8960/11264/13824/15872/18176/20736/22784/25088/27648/29696/32000/34560/36608/38912/41472/43520/45824/48384/50432/52736/55296/57344/59648/62208/64256/66560/69120/71168/73472/73728,128/256/384/512/640/768/896/1024/1152/1280/1408/1536/1664/1792/1920/2048/2176/2304/2432/2560/2688/2816/2944/3072/3200/3328/3456/3584/3712/3840/3968/4096/4224,0,0,3,1,1,0,0,128,128,256,1,0,0,0,0,3,0,0,1
19705449541014064,0x46020080081230,1,BSND,FLOAT16,2,1024,1024,2,1,256,256,none,1,1nhs,1,0,1.0,6,0,65536,0,1,,,0,0,3,0,0,1,0,128,128,256,1,0,0,0,0,3,0,0,1
19705449541014192,0x460200800812b0,1,TND,FLOAT16,3,1024,128,2,1,256,256,none,1,slope,2,0,1.0,6,128,65536,0,1,1024/1536/2560,128/256/384,0,0,3,1,0,1,0,128,128,256,1,0,0,0,0,3,0,0,1
19705449541014320,0x46020080081330,1,BSH,FLOAT16,4,512,512,2,2,256,256,none,1,bnss,1,0,0.9,6,65536,0,0,1,,,0,0,3,0,1,1,0,128,128,256,1,0,0,0,0,3,0,0,1
19705449541014448,0x460200800813b0,1,TND,FLOAT16,16,1024,1024,8,8,256,256,none,1,slope,2,0,0.9,6,256,2048,1,1,0/0/1024/1152/1280/1536/1664/1728/2752/3776/3904/4032/4032/4032/4096/4352,256/768/768/1280/1408/1408/2432/2944/3200/3264/3776/4288/5312/6336/6336/6592,0,0,3,1,1,1,0,128,128,256,1,0,0,0,0,3,0,0,1
19705449541014576,0x46020080081430,1,BSND,FLOAT16,24,1024,1024,2,1,256,256,ss,0,,1,0,1.0,5,128,0,0,1,,,0,0,3,0,0,0,1,128,128,256,1,0,0,0,0,3,0,0,1
19705449541014704,0x460200800814b0,1,TND,FLOAT16,2,512,256,2,2,256,256,2048,0,,1,0,1.0,6,1024,0,0,1,512/512,256/256,0,0,3,1,0,0,1,128,128,256,1,0,0,0,0,3,0,0,1
19705449541014832,0x46020080081530,1,BSH,FLOAT16,4,64,512,2,2,256,256,2048,0,,1,0,0.9,6,128,0,0,1,,,0,0,3,0,1,0,1,128,128,256,1,0,0,0,0,3,0,0,1
19705449541014960,0x460200800815b0,1,TND,FLOAT16,2,1024,128,1,4,256,256,bnss,0,,1,0,0.9,6,128,128,0,1,512/1536,64/192,0,0,3,1,1,0,1,128,128,256,1,0,0,0,0,3,0,0,1
19705449541015088,0x46020080081630,1,BSND,FLOAT16,2,1024,1024,2,1,256,256,ss,1,b1ss,1,0,1.0,5,128,0,0,1,,,0,0,3,0,0,1,1,128,128,256,1,0,0,0,0,3,0,0,1
19705449541015216,0x460200800816b0,1,TND,FLOAT16,2,512,512,2,2,256,256,2048,1,1nhs,1,0,1.0,6,1024,0,0,1,512/512,512/512,0,0,3,1,0,1,1,128,128,256,1,0,0,0,0,3,0,0,1
19705449541015344,0x46020080081730,1,BSH,FLOAT16,4,512,512,2,2,256,256,11ss,1,b1ss,1,0,0.9,5,65536,65536,0,1,,,0,0,3,0,1,1,1,128,128,256,1,0,0,0,0,3,0,0,1
19705449541015472,0x460200800817b0,1,TND,FLOAT16,8,1024,1024,12,1,256,256,11ss,1,slope_n,3,0,0.9,6,0,128,1,1,512/1536/1536/2048/2560/3072/3328/3328,0/64/128/640/704/1728/1856/1920,0,0,3,1,1,1,1,128,128,256,1,0,0,0,0,3,0,0,1
19705450077884464,0x460200a0081030,1,BSND,FLOAT16,1,256,256,1,1,320,320,none,0,,1,0,1.0,5,65536,65536,0,1,,,0,0,3,0,0,0,0,128,128,768,1,0,0,0,0,3,0,0,1
19705450077884592,0x460200a00810b0,1,TND,FLOAT16,35,4096,128,2,1,320,320,none,0,,1,0,1.0,6,1024,128,0,1,2048/4352/6912/8960/11264/13824/15872/18176/20736/22784/25088/27648/29696/32000/34560/36608/38912/41472/43520/45824/48384/50432/52736/55296/57344/59648/62208/64256/66560/69120/71168/73472/77568/79616/83712,128/256/384/512/640/768/896/1024/1152/1280/1408/1536/1664/1792/1920/2048/2176/2304/2432/2560/2688/2816/2944/3072/3200/3328/3456/3584/3712/3840/3968/4096/4224/4352/4480,0,0,3,1,0,0,0,128,128,768,1,0,0,0,0,3,0,0,1
19705450077884720,0x460200a0081130,1,BSND,FLOAT16,1,256,256,1,1,320,320,none,0,,1,0,0.9,6,1024,128,0,1,,,0,0,3,0,1,0,0,128,128,768,1,0,0,0,0,3,0,0,1
19705450077884848,0x460200a00811b0,1,TND,FLOAT16,32,2560,2560,2,1,320,320,none,0,,1,0,0.9,6,1024,128,0,1,2048/4352/6912/8960/11264/13824/15872/18176/20736/22784/25088/27648/29696/32000/34560/36608/38912/41472/43520/45824/48384/50432/52736/55296/57344/59648/62208/64256/66560/69120/71168/73472,2048/4352/6912/8960/11264/13824/15872/18176/20736/22784/25088/27648/29696/32000/34560/36608/38912/41472/43520/45824/48384/50432/52736/55296/57344/59648/62208/64256/66560/69120/71168/73472,0,0,3,1,1,0,0,128,128,768,1,0,0,0,0,3,0,0,1
19705450077884976,0x460200a0081230,1,BNSD,FLOAT16,1,512,2048,1,1,320,320,none,1,1nss,1,0,1.0,5,65536,65536,0,1,,,0,0,3,0,0,1,0,128,128,768,1,0,0,0,0,3,0,0,1
19705450077885104,0x460200a00812b0,1,TND,FLOAT16,4,1024,256,2,1,512,512,none,1,slope,2,0,1.0,6,128,65536,0,1,1024/1920/2688/3712,256/384/384/640,0,0,3,1,0,1,0,128,128,768,1,0,0,0,0,3,0,0,1
19705450077885232,0x460200a0081330,1,BSH,FLOAT16,4,512,512,2,2,512,512,none,1,b1ss,1,0,0.9,5,65536,65536,0,1,,,0,0,3,0,1,1,0,128,128,768,1,0,0,0,0,3,0,0,1
19705450077885360,0x460200a00813b0,1,TND,FLOAT16,16,1024,1024,1,8,768,768,none,1,slope_n,2,0,0.9,6,2048,1,1,1,1024/2048/2304/2368/2368/2496/2560/2624/3136/3264/3392/3392/3648/3648/3904/4416,512/640/640/768/1280/1536/2560/3072/4096/4352/5376/5376/5888/6144/7168/7296,0,0,3,1,1,1,0,128,128,768,1,0,0,0,0,3,0,0,1
19705450077885488,0x460200a0081430,1,BSND,FLOAT16,2,32,256,2,1,320,320,ss,0,,1,0,1.0,5,128,0,0,1,,,0,0,3,0,0,0,1,128,128,768,1,0,0,0,0,3,0,0,1
19705450077885616,0x460200a00814b0,1,TND,FLOAT16,3,2048,128,1,2,512,512,2048,0,,1,0,1.0,6,65536,128,0,1,0/768/2816,128/256/384,0,0,3,1,0,0,1,128,128,768,1,0,0,0,0,3,0,0,1
19705450077885744,0x460200a0081530,1,BSND,FLOAT16,2,1024,1024,2,1,320,320,ss,0,,1,0,0.5,5,128,0,0,1,,,0,0,3,0,1,0,1,128,128,768,1,0,0,0,0,3,0,0,1
19705450077885872,0x460200a00815b0,1,TND,FLOAT16,3,1024,128,2,1,320,320,2048,0,,2,0,0.5,6,65536,128,0,1,512/896/1920,128/256/384,0,0,3,1,1,0,1,128,128,768,1,0,0,0,0,3,0,0,1
19705450077886000,0x460200a0081630,1,BSND,FLOAT16,2,1024,1024,1,2,512,512,2048,1,1nhs,1,0,1.0,6,0,128,0,1,,,0,0,3,0,0,1,1,128,128,768,1,0,0,0,0,3,0,0,1
19705450077886128,0x460200a00816b0,1,TND,FLOAT16,16,1024,1024,4,2,768,768,11ss,1,slope_n,2,0,1.0,6,256,64,3,1,128/1152/1408/1472/1984/2240/3264/3520/4544/5568/5568/5696/5760/6272/6336/6592,64/576/640/1152/1152/2176/2304/3328/3840/4352/5376/5376/5888/5888/6144/6656,0,0,3,1,0,1,1,128,128,768,1,0,0,0,0,3,0,0,1
19705450077886256,0x460200a0081730,1,BSH,FLOAT16,4,512,512,2,2,512,512,11ss,1,b1ss,1,0,0.9,5,65536,65536,0,1,,,0,0,3,0,1,1,1,128,128,768,1,0,0,0,0,3,0,0,1
19705450077886384,0x460200a00817b0,1,TND,FLOAT16,2,512,256,2,1,512,512,bnss,1,slope_n,3,0,0.9,6,2048,65536,1,1,0/512,64/320,0,0,3,1,1,1,1,128,128,768,1,0,0,0,0,3,0,0,1
19707646953656368,0x46040020081030,1,BSH,FLOAT16,4,512,512,1,2,64,64,none,0,,1,0,1.0,0,65536,65536,0,1,,,0,0,3,0,0,0,0,128,128,64,2,0,0,0,0,3,0,0,1
19707646953656496,0x460400200810b0,1,TND,FLOAT16,3,64,512,2,2,64,64,none,0,,1,0,1.0,4,65536,65536,0,1,64/107/129,512/896/1152,0,0,3,1,0,0,0,128,128,64,2,0,0,0,0,3,0,0,1
19707646953656624,0x46040020081130,1,BSH,FLOAT16,4,64,128,2,2,64,64,none,0,,1,0,0.9,0,65536,65536,0,1,,,0,0,3,0,1,0,0,128,128,64,2,0,0,0,0,3,0,0,1
19707646953656752,0x460400200811b0,1,TND,FLOAT16,4,512,256,2,2,64,64,none,0,,1,0,0.9,0,65536,65536,0,1,512/512/512/512,256/256/256/256,0,0,3,1,1,0,0,128,128,64,2,0,0,0,0,3,0,0,1
19707646953656880,0x46040020081230,1,BSH,FLOAT16,48,256,256,2,2,64,64,none,1,bnss,0,0,1.0,0,65536,65536,0,1,,,0,0,3,0,0,1,0,128,128,64,2,0,0,0,0,3,0,0,1
19707646953657008,0x460400200812b0,1,TND,FLOAT16,16,1024,1024,12,8,32,32,none,1,slope_n,3,0,1.0,1,64,65536,0,1,1024/1152/1664/1664/2176/2240/3264/3392/3904/4032/4288/4352/4352/5376/6400/6400,64/1088/1152/1408/1472/1472/1536/1536/1664/1920/2048/3072/3328/3840/3968/4032,0,0,3,1,0,1,0,128,128,64,2,0,0,0,0,3,0,0,1
19707646953657136,0x46040020081330,1,BSH,FLOAT16,4,512,512,2,2,64,64,none,1,b1ss,1,0,0.9,0,65536,65536,0,1,,,0,0,3,0,1,1,0,128,128,64,2,0,0,0,0,3,0,0,1
19707646953657264,0x460400200813b0,1,TND,FLOAT16,2,128,128,1,2,64,64,none,1,slope,2,0,0.9,0,65536,65536,0,1,128/128,128/128,0,0,3,1,1,1,0,128,128,64,2,0,0,0,0,3,0,0,1
19707646953657392,0x46040020081430,1,BSH,FLOAT16,4,1024,512,2,2,64,64,ss,0,,1,0,1.0,0,65536,65536,0,1,,,0,0,3,0,0,0,1,128,128,64,2,0,0,0,0,3,0,0,1
19707646953657520,0x460400200814b0,1,TND,FLOAT16,3,2048,2048,2,2,64,64,2048,0,,1,0,1.0,4,65536,65536,0,1,1024/1792/3840,1024/1792/3840,0,0,3,1,0,0,1,128,128,64,2,0,0,0,0,3,0,0,1
19707646953657648,0x46040020081530,1,BSH,FLOAT16,4,2048,128,2,2,64,64,2048,0,,1,0,0.9,4,128,65536,0,1,,,0,0,3,0,1,0,1,128,128,64,2,0,0,0,0,3,0,0,1
19707646953657776,0x460400200815b0,1,TND,FLOAT16,16,1024,1024,5,2,16,16,b1ss,0,,3,0,0.5,1,64,128,0,1,128/256/1280/1344/1344/2368/3392/4416/4480/4608/4736/4864/4928/4992/5120/5376,256/320/320/832/896/1920/2944/3008/3008/3072/3072/3584/4608/4864/5888/5952,0,0,3,1,1,0,1,128,128,64,2,0,0,0,0,3,0,0,1
19707646953657904,0x46040020081630,1,BSH,FLOAT16,4,512,512,2,2,64,64,ss,1,b1ss,1,0,1.0,0,65536,65536,0,1,,,0,0,3,0,0,1,1,128,128,64,2,0,0,0,0,3,0,0,1
19707646953658032,0x460400200816b0,1,TND,FLOAT16,16,1024,1024,1,8,32,32,bnss,1,slope_n,3,0,1.0,1,256,256,2,1,0/256/1280/1280/1344/1600/1728/1792/1856/1984/3008/3520/3584/3648/4160/4416,1024/1024/2048/2048/2176/2688/2944/2944/3200/4224/4224/5248/5376/5632/5632/5760,0,0,3,1,0,1,1,128,128,64,2,0,0,0,0,3,0,0,1
19707646953658160,0x46040020081730,1,BSH,FLOAT16,4,512,512,1,2,64,64,b1ss,1,1nss,1,0,0.5,0,65536,65536,0,1,,,0,0,3,0,1,1,1,128,128,64,2,0,0,0,0,3,0,0,1
19707646953658288,0x460400200817b0,1,TND,FLOAT16,2,128,128,1,2,64,64,2048,1,slope,2,0,0.9,0,65536,65536,0,1,128/128,128/128,0,0,3,1,1,1,1,128,128,64,2,0,0,0,0,3,0,0,1
19707647490527280,0x46040040081030,1,BNSD,FLOAT16,1,256,256,1,2,128,128,none,0,,1,0,1.0,0,65536,65536,0,1,,,0,0,3,0,0,0,0,128,128,128,2,0,0,0,0,3,0,0,1
19707647490527408,0x460400400810b0,1,TND,FLOAT16,32,1280,128,2,2,128,128,none,0,,1,0,1.0,0,65536,65536,0,1,1024/2176/3456/4480/5632/6912/7936/9088/10368/11392/12544/13824/14848/16000/17280/18304/19456/20736/21760/22912/24192/25216/26368/27648/28672/29824/31104/32128/33280/34560/35584/36736,128/256/384/512/640/768/896/1024/1152/1280/1408/1536/1664/1792/1920/2048/2176/2304/2432/2560/2688/2816/2944/3072/3200/3328/3456/3584/3712/3840/3968/4096,0,0,3,1,0,0,0,128,128,128,2,0,0,0,0,3,0,0,1
19707647490527536,0x46040040081130,1,BSND,FLOAT16,2,512,512,2,2,128,128,none,0,,1,0,0.9,0,65536,65536,0,1,,,0,0,3,0,1,0,0,128,128,128,2,0,0,0,0,3,0,0,1
19707647490527664,0x460400400811b0,1,TND,FLOAT16,2,1024,1024,2,2,128,128,none,0,,1,0,0.9,3,128,65536,0,1,1024/1024,1024/1024,0,0,3,1,1,0,0,128,128,128,2,0,0,0,0,3,0,0,1
19707647490527792,0x46040040081230,1,BSH,FLOAT16,4,512,512,2,2,96,96,none,1,slope,3,0,1.0,0,65536,65536,0,1,,,0,0,3,0,0,1,0,128,128,128,2,0,0,0,0,3,0,0,1
19707647490527920,0x460400400812b0,1,TND,FLOAT16,3,512,512,2,2,128,128,none,1,slope,2,0,1.0,4,65536,65536,0,1,512/896/1152,512/896/1152,0,0,3,1,0,1,0,128,128,128,2,0,0,0,0,3,0,0,1
19707647490528048,0x46040040081330,1,SBH,FLOAT16,1,256,256,2,2,128,128,none,1,1nss,0,0,0.9,0,65536,65536,0,1,,,0,0,3,0,1,1,0,128,128,128,2,0,0,0,0,3,0,0,1
19707647490528176,0x460400400813b0,1,TND,FLOAT16,3,512,512,2,2,128,128,none,1,slope,2,0,0.5,4,65536,65536,0,1,512/896/1152,512/896/1152,0,0,3,1,1,1,0,128,128,128,2,0,0,0,0,3,0,0,1
19707647490528304,0x46040040081430,1,BSND,FLOAT16,2,512,512,1,2,128,128,ss,0,,1,0,1.0,1,65536,128,0,1,,,0,0,3,0,0,0,1,128,128,128,2,0,0,0,0,3,0,0,1
19707647490528432,0x460400400814b0,1,TND,FLOAT16,3,2048,2048,1,2,128,128,11ss,0,,1,0,1.0,4,65536,65536,0,1,1024/1792/3840,1024/1792/3840,0,0,3,1,0,0,1,128,128,128,2,0,0,0,0,3,0,0,1
19707647490528560,0x46040040081530,1,BSND,FLOAT16,2,256,256,1,2,128,128,11ss,0,,1,0,0.9,0,65536,65536,0,1,,,0,0,3,0,1,0,1,128,128,128,2,0,0,0,0,3,0,0,1
19707647490528688,0x460400400815b0,1,TND,FLOAT16,3,2048,2048,1,2,128,128,2048,0,,1,0,0.9,4,65536,65536,0,1,1024/1792/3840,1024/1792/3840,0,0,3,1,1,0,1,128,128,128,2,0,0,0,0,3,0,0,1
19707647490528816,0x46040040081630,1,BSND,FLOAT16,2,1024,1024,1,2,128,128,ss,1,1nhs,1,0,1.0,0,65536,65536,0,1,,,0,0,3,0,0,1,1,128,128,128,2,0,0,0,0,3,0,0,1
19707647490528944,0x460400400816b0,1,TND,FLOAT16,16,1024,1024,2,8,128,128,bnss,1,slope,3,0,1.0,1,0,1024,1,1,0/64/128/384/896/1152/1152/1280/1280/1280/1408/1408/1536/2560/2624/3648,64/192/1216/1216/2240/2304/2560/2816/2880/3392/3392/3520/3520/3648/3648/3648,0,0,3,1,0,1,1,128,128,128,2,0,0,0,0,3,0,0,1
19707647490529072,0x46040040081730,1,SBH,FLOAT16,1,256,256,2,2,128,128,11ss,1,1nss,0,0,0.9,0,65536,65536,0,1,,,0,0,3,0,1,1,1,128,128,128,2,0,0,0,0,3,0,0,1
19707647490529200,0x460400400817b0,1,TND,FLOAT16,3,512,512,2,2,128,128,2048,1,slope,2,0,0.5,4,65536,65536,0,1,512/896/1152,512/896/1152,0,0,3,1,1,1,1,128,128,128,2,0,0,0,0,3,0,0,1
19707648027398192,0x46040060081030,1,TND,FLOAT16,32,2048,128,2,2,192,192,none,0,,1,0,1.0,0,65536,65536,0,1,2048/4096/6144/8192/10240/12288/14336/16384/18432/20480/22528/24576/26624/28672/30720/32768/34816/36864/38912/40960/43008/45056/47104/49152/51200/53248/55296/57344/59392/61440/63488/65536,128/256/384/512/640/768/896/1024/1152/1280/1408/1536/1664/1792/1920/2048/2176/2304/2432/2560/2688/2816/2944/3072/3200/3328/3456/3584/3712/3840/3968/4096,0,0,3,0,0,0,0,128,128,192,2,0,0,0,0,3,0,0,1
19707648027398320,0x460400600810b0,1,TND,FLOAT16,32,2560,2560,1,2,192,192,none,0,,1,0,1.0,0,65536,65536,0,1,2048/4352/6912/8960/11264/13824/15872/18176/20736/22784/25088/27648/29696/32000/34560/36608/38912/41472/43520/45824/48384/50432/52736/55296/57344/59648/62208/64256/66560/69120/71168/73472,2048/4352/6912/8960/11264/13824/15872/18176/20736/22784/25088/27648/29696/32000/34560/36608/38912/41472/43520/45824/48384/50432/52736/55296/57344/59648/62208/64256/66560/69120/71168/73472,0,0,3,1,0,0,0,128,128,192,2,0,0,0,0,3,0,0,1
19707648027398448,0x46040060081130,1,BSH,FLOAT16,4,512,512,2,2,192,192,none,0,,2,0,0.5,3,128,128,0,1,,,0,0,3,0,1,0,0,128,128,192,2,0,0,0,0,3,0,0,1
19707648027398576,0x460400600811b0,1,TND,FLOAT16,32,2560,2560,1,2,192,192,none,0,,1,0,0.5,0,65536,65536,0,1,2048/4352/6912/8960/11264/13824/15872/18176/20736/22784/25088/27648/29696/32000/34560/36608/38912/41472/43520/45824/48384/50432/52736/55296/57344/59648/62208/64256/66560/69120/71168/73472,2048/4352/6912/8960/11264/13824/15872/18176/20736/22784/25088/27648/29696/32000/34560/36608/38912/41472/43520/45824/48384/50432/52736/55296/57344/59648/62208/64256/66560/69120/71168/73472,0,0,3,1,1,0,0,128,128,192,2,0,0,0,0,3,0,0,1
19707648027398704,0x46040060081230,1,BSND,FLOAT16,2,256,1024,2,2,192,192,none,1,bnss,1,0,1.0,1,65536,65536,0,1,,,0,0,3,0,0,1,0,128,128,192,2,0,0,0,0,3,0,0,1
19707648027398832,0x460400600812b0,1,TND,FLOAT16,3,1024,128,2,2,192,192,none,1,slope,2,0,1.0,3,65536,65536,0,1,1024/1792/1792,128/256/384,0,0,3,1,0,1,0,128,128,192,2,0,0,0,0,3,0,0,1
19707648027398960,0x46040060081330,1,BSND,FLOAT16,2,256,1024,2,2,192,192,none,1,bnss,1,0,0.5,1,65536,65536,0,1,,,0,0,3,0,1,1,0,128,128,192,2,0,0,0,0,3,0,0,1
19707648027399088,0x460400600813b0,1,TND,FLOAT16,3,512,512,2,2,192,192,none,1,slope,2,0,0.5,4,65536,65536,0,1,512/896/1152,512/896/1152,0,0,3,1,1,1,0,128,128,192,2,0,0,0,0,3,0,0,1
19707648027399216,0x46040060081430,1,BSND,FLOAT16,24,1024,1024,1,2,192,192,ss,0,,1,0,1.0,0,1024,65536,0,1,,,0,0,3,0,0,0,1,128,128,192,2,0,0,0,0,3,0,0,1
19707648027399344,0x460400600814b0,1,TND,FLOAT16,16,1024,1024,4,4,192,192,11ss,0,,2,0,1.0,1,512,1024,2,1,128/192/1216/1216/1216/1280/2304/2560/2624/2752/3776/4032/4032/4160/4160/5184,256/320/384/1408/2432/2560/3584/3840/4096/4160/4288/4544/5056/5056/5184/5248,0,0,3,1,0,0,1,128,128,192,2,0,0,0,0,3,0,0,1
19707648027399472,0x46040060081530,1,BSND,FLOAT16,2,1024,1024,1,2,192,192,ss,0,,1,0,0.9,0,1024,65536,0,1,,,0,0,3,0,1,0,1,128,128,192,2,0,0,0,0,3,0,0,1
19707648027399600,0x460400600815b0,1,TND,FLOAT16,2,1024,512,1,2,192,192,ss,0,,1,0,0.9,0,1024,65536,0,1,1024/1024,512/512,0,0,3,1,1,0,1,128,128,192,2,0,0,0,0,3,0,0,1
19707648027399728,0x46040060081630,1,BSND,FLOAT16,2,1024,1024,2,2,192,192,bnss,1,bnhs,1,0,1.0,0,65536,65536,0,1,,,0,0,3,0,0,1,1,128,128,192,2,0,0,0,0,3,0,0,1
19707648027399856,0x460400600816b0,1,TND,FLOAT16,2,1024,128,2,2,144,144,11ss,1,slope_n,3,0,1.0,1,256,1,1,1,1024/1536,64/192,0,0,3,1,0,1,1,128,128,192,2,0,0,0,0,3,0,0,1
19707648027399984,0x46040060081730,1,BSH,FLOAT16,4,512,512,2,2,192,192,11ss,1,b1ss,1,0,0.9,0,65536,65536,0,1,,,0,0,3,0,1,1,1,128,128,192,2,0,0,0,0,3,0,0,1
19707648027400112,0x460400600817b0,1,TND,FLOAT16,2,512,256,5,2,144,144,bnss,1,slope,2,0,0.9,1,1024,65536,1,1,512/768,256/320,0,0,3,1,1,1,1,128,128,192,2,0,0,0,0,3,0,0,1
19707648564269104,0x46040080081030,1,BSH,FLOAT16,4,2048,64,2,2,256,256,none,0,,1,0,1.0,0,65536,65536,0,1,,,0,0,3,0,0,0,0,128,128,256,2,0,0,0,0,3,0,0,1
19707648564269232,0x460400800810b0,1,TND,FLOAT16,16,1024,1024,12,8,256,256,none,0,,1,0,1.0,4,1,0,2,1,64/64/320/448/1472/1600/2624/2752/3776/4032/4288/5312/5824/5952/6208/7232,0/0/256/1280/2304/3328/3584/3712/4736/5760/6272/6784/6912/7168/7296/8320,0,0,3,1,0,0,0,128,128,256,2,0,0,0,0,3,0,0,1
19707648564269360,0x46040080081130,1,BSND,FLOAT16,2,1024,1024,1,2,256,256,none,0,,1,0,0.9,0,65536,65536,0,1,,,0,0,3,0,1,0,0,128,128,256,2,0,0,0,0,3,0,0,1
19707648564269488,0x460400800811b0,1,TND,FLOAT16,4,512,256,2,2,256,256,none,0,,1,0,0.5,0,65536,65536,0,1,512/512/512/512,256/256/256/256,0,0,3,1,1,0,0,128,128,256,2,0,0,0,0,3,0,0,1
19707648564269616,0x46040080081230,1,BNSD,FLOAT16,1,256,256,2,2,256,256,none,1,b1ss,1,0,1.0,0,65536,65536,0,1,,,0,0,3,0,0,1,0,128,128,256,2,0,0,0,0,3,0,0,1
19707648564269744,0x460400800812b0,1,TND,FLOAT16,3,1024,128,2,2,256,256,none,1,slope,2,0,1.0,2,65536,65536,0,1,1024/1792/1792,128/256/384,0,0,3,1,0,1,0,128,128,256,2,0,0,0,0,3,0,0,1
19707648564269872,0x46040080081330,1,SBH,FLOAT16,24,256,256,2,2,256,256,none,1,bnss,0,0,0.9,0,65536,65536,0,1,,,0,0,3,0,1,1,0,128,128,256,2,0,0,0,0,3,0,0,1
19707648564270000,0x460400800813b0,1,TND,FLOAT16,3,512,512,2,2,256,256,none,1,slope,2,0,0.5,4,65536,65536,0,1,512/896/1152,512/896/1152,0,0,3,1,1,1,0,128,128,256,2,0,0,0,0,3,0,0,1
19707648564270128,0x46040080081430,1,BSH,FLOAT16,4,512,512,2,2,256,256,ss,0,,1,0,1.0,0,65536,65536,0,1,,,0,0,3,0,0,0,1,128,128,256,2,0,0,0,0,3,0,0,1
19707648564270256,0x460400800814b0,1,TND,FLOAT16,3,2048,2048,2,2,256,256,2048,0,,1,0,1.0,4,65536,65536,0,1,1024/1792/3840,1024/1792/3840,0,0,3,1,0,0,1,128,128,256,2,0,0,0,0,3,0,0,1
19707648564270384,0x46040080081530,1,BSND,FLOAT16,2,1024,1024,1,2,256,256,ss,0,,1,0,0.9,0,65536,65536,0,1,,,0,0,3,0,1,0,1,128,128,256,2,0,0,0,0,3,0,0,1
19707648564270512,0x460400800815b0,1,TND,FLOAT16,2,256,256,40,4,256,256,b1ss,0,,2,0,0.5,0,2048,512,3,1,128/384,128/384,0,0,3,1,1,0,1,128,128,256,2,0,0,0,0,3,0,0,1
19707648564270640,0x46040080081630,1,BSND,FLOAT16,2,1024,1024,2,2,256,256,bnss,1,bnhs,1,0,1.0,0,65536,65536,0,1,,,0,0,3,0,0,1,1,128,128,256,2,0,0,0,0,3,0,0,1
19707648564270768,0x460400800816b0,1,TND,FLOAT16,4,512,256,2,2,256,256,ss,1,slope,2,0,1.0,0,65536,65536,0,1,512/512/512/512,256/256/256/256,0,0,3,1,0,1,1,128,128,256,2,0,0,0,0,3,0,0,1
19707648564270896,0x46040080081730,1,BSH,FLOAT16,4,512,512,2,2,256,256,11ss,1,b1ss,1,0,0.9,0,65536,65536,0,1,,,0,0,3,0,1,1,1,128,128,256,2,0,0,0,0,3,0,0,1
19707648564271024,0x460400800817b0,1,TND,FLOAT16,4,512,512,40,4,256,256,bnss,1,slope,3,0,0.9,1,0,512,0,1,64/128/640/768,512/512/512/576,0,0,3,1,1,1,1,128,128,256,2,0,0,0,0,3,0,0,1
19707649101140016,0x460400a0081030,1,BSND,FLOAT16,1,64,256,1,2,320,320,none,0,,1,0,1.0,0,65536,65536,0,1,,,0,0,3,0,0,0,0,128,128,768,2,0,0,0,0,3,0,0,1
19707649101140144,0x460400a00810b0,1,TND,FLOAT16,32,64,256,2,2,320,320,none,0,,1,0,1.0,0,65536,65536,0,1,64/107/129/193/236/258/322/365/387/451/494/516/580/623/645/709/752/774/838/881/903/967/1010/1032/1096/1139/1161/1225/1268/1290/1354/1397,256/427/513/769/940/1026/1282/1453/1539/1795/1966/2052/2308/2479/2565/2821/2992/3078/3334/3505/3591/3847/4018/4104/4360/4531/4617/4873/5044/5130/5386/5557,0,0,3,1,0,0,0,128,128,768,2,0,0,0,0,3,0,0,1
19707649101140272,0x460400a0081130,1,BSND,FLOAT16,2,2048,1024,2,2,320,320,none,0,,1,0,0.5,4,65536,65536,0,1,,,0,0,3,0,1,0,0,128,128,768,2,0,0,0,0,3,0,0,1
19707649101140400,0x460400a00811b0,1,TND,FLOAT16,32,2560,2560,2,2,320,320,none,0,,1,0,0.5,0,65536,65536,0,1,2048/4352/6912/8960/11264/13824/15872/18176/20736/22784/25088/27648/29696/32000/34560/36608/38912/41472/43520/45824/48384/50432/52736/55296/57344/59648/62208/64256/66560/69120/71168/73472,2048/4352/6912/8960/11264/13824/15872/18176/20736/22784/25088/27648/29696/32000/34560/36608/38912/41472/43520/45824/48384/50432/52736/55296/57344/59648/62208/64256/66560/69120/71168/73472,0,0,3,1,1,0,0,128,128,768,2,0,0,0,0,3,0,0,1
19707649101140528,0x460400a0081230,1,BSND,FLOAT16,2,256,1024,2,2,320,320,none,1,bnss,1,0,1.0,4,65536,65536,0,1,,,0,0,3,0,0,1,0,128,128,768,2,0,0,0,0,3,0,0,1
19707649101140656,0x460400a00812b0,1,TND,FLOAT16,32,2560,2560,2,2,320,320,none,1,slope_n,3,0,1.0,0,65536,65536,0,1,2048/4352/6912/8960/11264/13824/15872/18176/20736/22784/25088/27648/29696/32000/34560/36608/38912/41472/43520/45824/48384/50432/52736/55296/57344/59648/62208/64256/66560/69120/71168/73472,2048/4352/6912/8960/11264/13824/15872/18176/20736/22784/25088/27648/29696/32000/34560/36608/38912/41472/43520/45824/48384/50432/52736/55296/57344/59648/62208/64256/66560/69120/71168/73472,0,0,3,1,0,1,0,128,128,768,2,0,0,0,0,3,0,0,1
19707649101140784,0x460400a0081330,1,BSH,FLOAT16,4,512,512,2,2,512,512,none,1,b1ss,1,0,0.9,0,65536,65536,0,1,,,0,0,3,0,1,1,0,128,128,768,2,0,0,0,0,3,0,0,1
19707649101140912,0x460400a00813b0,1,TND,FLOAT16,32,2560,2560,2,2,320,320,none,1,slope_n,3,0,0.5,0,65536,65536,0,1,2048/4352/6912/8960/11264/13824/15872/18176/20736/22784/25088/27648/29696/32000/34560/36608/38912/41472/43520/45824/48384/50432/52736/55296/57344/59648/62208/64256/66560/69120/71168/73472,2048/4352/6912/8960/11264/13824/15872/18176/20736/22784/25088/27648/29696/32000/34560/36608/38912/41472/43520/45824/48384/50432/52736/55296/57344/59648/62208/64256/66560/69120/71168/73472,0,0,3,1,1,1,0,128,128,768,2,0,0,0,0,3,0,0,1
19707649101141040,0x460400a0081430,1,BSND,FLOAT16,2,1024,1024,2,2,320,320,ss,0,,1,0,1.0,1,65536,65536,0,1,,,0,0,3,0,0,0,1,128,128,768,2,0,0,0,0,3,0,0,1
19707649101141168,0x460400a00814b0,1,TND,FLOAT16,3,2048,2048,1,2,512,512,2048,0,,1,0,1.0,1,65536,128,0,1,1024/1792/3840,1024/1792/3840,0,0,3,1,0,0,1,128,128,768,2,0,0,0,0,3,0,0,1
19707649101141296,0x460400a0081530,1,BSND,FLOAT16,2,1024,1024,2,2,320,320,b1ss,0,,1,0,0.5,0,65536,65536,0,1,,,0,0,3,0,1,0,1,128,128,768,2,0,0,0,0,3,0,0,1
19707649101141424,0x460400a00815b0,1,TND,FLOAT16,32,2560,2560,2,2,320,320,ss,0,,1,0,0.5,0,65536,65536,0,1,2048/4352/6912/8960/11264/13824/15872/18176/20736/22784/25088/27648/29696/32000/34560/36608/38912/41472/43520/45824/48384/50432/52736/55296/57344/59648/62208/64256/66560/69120/71168/73472,2048/4352/6912/8960/11264/13824/15872/18176/20736/22784/25088/27648/29696/32000/34560/36608/38912/41472/43520/45824/48384/50432/52736/55296/57344/59648/62208/64256/66560/69120/71168/73472,0,0,3,1,1,0,1,128,128,768,2,0,0,0,0,3,0,0,1
19707649101141552,0x460400a0081630,1,BSND,FLOAT16,2,1024,1024,2,2,320,320,11ss,1,bnhs,1,0,1.0,1,65536,65536,0,1,,,0,0,3,0,0,1,1,128,128,768,2,0,0,0,0,3,0,0,1
19707649101141680,0x460400a00816b0,1,TND,FLOAT16,16,1024,1024,1,2,512,512,2048,1,slope_n,2,0,1.0,1,65536,2048,0,1,128/1152/1216/1728/2752/3264/3520/4544/4800/5312/5376/5504/6016/6144/6400/6912,512/1024/2048/2048/3072/3072/3328/3392/3456/3520/3520/3776/3776/3776/3904/4160,0,0,3,1,0,1,1,128,128,768,2,0,0,0,0,3,0,0,1
19707649101141808,0x460400a0081730,1,BSH,FLOAT16,4,512,512,2,2,512,512,11ss,1,b1ss,1,0,0.9,0,65536,65536,0,1,,,0,0,3,0,1,1,1,128,128,768,2,0,0,0,0,3,0,0,1
19707649101141936,0x460400a00817b0,1,TND,FLOAT16,8,1024,1024,5,8,768,768,11ss,1,slope_n,3,0,0.5,1,0,1024,3,1,256/320/1344/1600/1728/1984/1984/2048,256/768/1280/1408/2432/2432/2496/3008,0,0,3,1,1,1,1,128,128,768,2,0,0,0,0,3,0,0,1
19709845976912944,0x46060020081430,1,BSH,FLOAT16,4,64,1024,2,2,64,64,2048,0,,1,0,1.0,2,128,0,0,1,,,0,0,3,0,0,0,1,128,128,64,3,0,0,0,0,3,0,0,1
19709845976913072,0x460600200814b0,1,TND,FLOAT16,4,4096,4096,2,2,64,64,2048,0,,1,0,1.0,2,128,0,0,1,4096/8064/12160/16128,4096/8064/12160/16128,0,0,3,1,0,0,1,128,128,64,3,0,0,0,0,3,0,0,1
19709845976913200,0x46060020081530,1,BSH,FLOAT16,4,512,512,2,2,64,64,2048,0,,1,0,0.9,2,128,0,0,1,,,0,0,3,0,1,0,1,128,128,64,3,0,0,0,0,3,0,0,1
19709845976913328,0x460600200815b0,1,TND,FLOAT16,3,512,512,40,8,64,64,2048,0,,0,0,0.5,2,512,256,0,1,64/192/704,512/576/640,0,0,3,1,1,0,1,128,128,64,3,0,0,0,0,3,0,0,1
19709845976913456,0x46060020081630,1,SBH,FLOAT16,1,256,256,1,2,64,64,2048,1,1nss,1,0,1.0,2,128,0,0,1,,,0,0,3,0,0,1,1,128,128,64,3,0,0,0,0,3,0,0,1
19709845976913584,0x460600200816b0,1,TND,FLOAT16,3,1024,512,1,2,16,16,2048,1,slope,2,0,1.0,2,1024,128,1,1,256/320/1344,256/768/1024,0,0,3,1,0,1,1,128,128,64,3,0,0,0,0,3,0,0,1
19709845976913712,0x46060020081730,1,BSH,FLOAT16,1,512,512,2,2,64,64,2048,1,1nss,1,0,0.5,2,128,0,0,1,,,0,0,3,0,1,1,1,128,128,64,3,0,0,0,0,3,0,0,1
19709845976913840,0x460600200817b0,1,TND,FLOAT16,2,128,128,1,2,64,64,2048,1,slope,2,0,0.9,2,65536,65536,0,1,128/128,128/128,0,0,3,1,1,1,1,128,128,64,3,0,0,0,0,3,0,0,1
19709846513783856,0x46060040081430,1,BSND,FLOAT16,2,1024,1024,2,2,128,128,2048,0,,1,0,1.0,2,128,0,0,1,,,0,0,3,0,0,0,1,128,128,128,3,0,0,0,0,3,0,0,1
19709846513783984,0x460600400814b0,1,TND,FLOAT16,3,2048,2048,2,2,128,128,2048,0,,1,0,1.0,2,128,0,0,1,1024/1792/3840,1024/1792/3840,0,0,3,1,0,0,1,128,128,128,3,0,0,0,0,3,0,0,1
19709846513784112,0x46060040081530,1,BSH,FLOAT16,4,512,512,2,2,72,72,2048,0,,1,0,0.9,2,128,0,0,1,,,0,0,3,0,1,0,1,128,128,128,3,0,0,0,0,3,0,0,1
19709846513784240,0x460600400815b0,1,TND,FLOAT16,3,2048,2048,2,8,128,128,2048,0,,1,0,0.9,2,512,0,0,1,1024/1792/3840,1024/1792/3840,0,0,3,1,1,0,1,128,128,128,3,0,0,0,0,3,0,0,1
19709846513784368,0x46060040081630,1,BSND,FLOAT16,24,1024,1024,2,2,128,128,2048,1,slope_n,2,0,1.0,2,128,0,0,1,,,0,0,3,0,0,1,1,128,128,128,3,0,0,0,0,3,0,0,1
19709846513784496,0x460600400816b0,1,TND,FLOAT16,32,2048,2048,2,2,128,128,2048,1,bnhs,1,0,1.0,2,128,0,0,1,2048/3968/6016/7936/9984/11904/13952/15872/17920/19840/21888/23808/25856/27776/29824/31744/33792/35712/37760/39680/41728/43648/45696/47616/49664/51584/53632/55552/57600/59520/61568/63488,2048/3968/6016/7936/9984/11904/13952/15872/17920/19840/21888/23808/25856/27776/29824/31744/33792/35712/37760/39680/41728/43648/45696/47616/49664/51584/53632/55552/57600/59520/61568/63488,0,0,3,1,0,1,1,128,128,128,3,0,0,0,0,3,0,0,1
19709846513784624,0x46060040081730,1,BSH,FLOAT16,4,512,512,2,2,128,128,2048,1,bnss,1,0,0.5,2,128,0,0,1,,,0,0,3,0,1,1,1,128,128,128,3,0,0,0,0,3,0,0,1
19709846513784752,0x460600400817b0,1,TND,FLOAT16,32,2048,2048,2,2,96,96,2048,1,bnhs,1,0,0.9,2,128,0,0,1,2048/3968/6016/7936/9984/11904/13952/15872/17920/19840/21888/23808/25856/27776/29824/31744/33792/35712/37760/39680/41728/43648/45696/47616/49664/51584/53632/55552/57600/59520/61568/63488,2048/3968/6016/7936/9984/11904/13952/15872/17920/19840/21888/23808/25856/27776/29824/31744/33792/35712/37760/39680/41728/43648/45696/47616/49664/51584/53632/55552/57600/59520/61568/63488,0,0,3,1,1,1,1,128,128,128,3,0,0,0,0,3,0,0,1
19709847050654768,0x46060060081430,1,BSH,FLOAT16,1,512,512,2,2,192,192,2048,0,,1,0,1.0,2,128,0,0,1,,,0,0,3,0,0,0,1,128,128,192,3,0,0,0,0,3,0,0,1
19709847050654896,0x460600600814b0,1,TND,FLOAT16,3,2048,1024,1,2,192,192,2048,0,,1,0,1.0,2,128,0,0,1,1024/1024/3072,1024/2048/3072,0,0,3,1,0,0,1,128,128,192,3,0,0,0,0,3,0,0,1
19709847050655024,0x46060060081530,1,BSH,FLOAT16,4,512,512,2,2,192,192,2048,0,,1,0,0.9,2,128,65536,0,1,,,0,0,3,0,1,0,1,128,128,192,3,0,0,0,0,3,0,0,1
19709847050655152,0x460600600815b0,1,TND,FLOAT16,16,1024,1024,40,4,192,192,2048,0,,0,0,0.5,2,128,1,2,1,128/1152/2176/2432/2688/2944/3200/3328/4352/4416/4672/4928/5184/5312/6336/6336,64/576/704/704/768/832/960/1472/2496/2624/3648/4672/4672/5184/5440/5568,0,0,3,1,1,0,1,128,128,192,3,0,0,0,0,3,0,0,1
19709847050655280,0x46060060081630,1,BSH,FLOAT16,24,512,512,2,2,192,192,2048,1,bnss,1,0,1.0,2,128,0,0,1,,,0,0,3,0,0,1,1,128,128,192,3,0,0,0,0,3,0,0,1
19709847050655408,0x460600600816b0,1,TND,FLOAT16,2,512,512,2,2,192,192,2048,1,slope,2,0,1.0,3,1024,0,0,1,512/512,512/512,0,0,3,1,0,1,1,128,128,192,3,0,0,0,0,3,0,0,1
19709847050655536,0x46060060081730,1,SBH,FLOAT16,2,256,256,2,4,192,192,ss,1,bnss,1,0,0.9,0,256,0,0,1,,,0,0,3,0,1,1,1,128,128,192,3,0,0,0,0,3,0,0,1
19709847050655664,0x460600600817b0,1,TND,FLOAT16,3,128,4096,2,2,192,192,2048,1,1nhs,1,0,0.5,0,128,0,0,1,128/214/258,4096/8064/11904,0,0,3,1,1,1,1,128,128,192,3,0,0,0,0,3,0,0,1
19709847587525680,0x46060080081430,1,BSH,FLOAT16,4,128,256,2,2,256,256,2048,0,,1,0,1.0,2,128,0,0,1,,,0,0,3,0,0,0,1,128,128,256,3,0,0,0,0,3,0,0,1
19709847587525808,0x460600800814b0,1,TND,FLOAT16,8,512,256,2,2,256,256,2048,0,,1,0,1.0,2,128,0,0,1,512/512/512/512/512/512/512/512,256/256/256/256/256/256/256/256,0,0,3,1,0,0,1,128,128,256,3,0,0,0,0,3,0,0,1
19709847587525936,0x46060080081530,1,BSH,FLOAT16,4,512,512,2,2,256,256,2048,0,,1,0,0.9,2,128,0,0,1,,,0,0,3,0,1,0,1,128,128,256,3,0,0,0,0,3,0,0,1
19709847587526064,0x460600800815b0,1,TND,FLOAT16,8,512,512,16,2,256,256,2048,0,,1,0,0.9,2,128,2048,0,1,512/512/512/512/512/512/512/512,512/512/512/512/512/512/512/512,0,0,3,1,1,0,1,128,128,256,3,0,0,0,0,3,0,0,1
19709847587526192,0x46060080081630,1,BSH,FLOAT16,24,512,512,2,2,256,256,2048,1,bnss,1,0,1.0,2,128,0,0,1,,,0,0,3,0,0,1,1,128,128,256,3,0,0,0,0,3,0,0,1
19709847587526320,0x460600800816b0,1,TND,FLOAT16,2,512,512,40,2,256,256,2048,1,bnhs,1,0,1.0,2,1024,0,0,1,512/512,512/512,0,0,3,1,0,1,1,128,128,256,3,0,0,0,0,3,0,0,1
19709847587526448,0x46060080081730,1,BSH,FLOAT16,24,512,512,2,2,256,256,2048,1,bnss,1,0,0.5,2,128,0,0,1,,,0,0,3,0,1,1,1,128,128,256,3,0,0,0,0,3,0,0,1
19709847587526576,0x460600800817b0,1,TND,FLOAT16,32,2048,2048,2,2,256,256,2048,1,bnhs,1,0,0.9,2,128,0,0,1,2048/3968/6016/7936/9984/11904/13952/15872/17920/19840/21888/23808/25856/27776/29824/31744/33792/35712/37760/39680/41728/43648/45696/47616/49664/51584/53632/55552/57600/59520/61568/63488,2048/3968/6016/7936/9984/11904/13952/15872/17920/19840/21888/23808/25856/27776/29824/31744/33792/35712/37760/39680/41728/43648/45696/47616/49664/51584/53632/55552/57600/59520/61568/63488,0,0,3,1,1,1,1,128,128,256,3,0,0,0,0,3,0,0,1
19709848124396592,0x460600a0081430,1,SBH,FLOAT16,2,256,256,1,2,320,320,2048,0,,1,0,1.0,2,1024,65536,0,1,,,0,0,3,0,0,0,1,128,128,768,3,0,0,0,0,3,0,0,1
19709848124396720,0x460600a00814b0,1,TND,FLOAT16,2,1024,128,1,2,512,512,2048,0,,1,0,1.0,2,128,0,0,1,1024/1792,128/256,0,0,3,1,0,0,1,128,128,768,3,0,0,0,0,3,0,0,1
19709848124396848,0x460600a0081530,1,BSND,FLOAT16,2,1024,4096,1,2,320,320,2048,0,,1,0,0.9,2,128,0,0,1,,,0,0,3,0,1,0,1,128,128,768,3,0,0,0,0,3,0,0,1
19709848124396976,0x460600a00815b0,1,TND,FLOAT16,2,1024,4096,1,2,320,320,2048,0,,1,0,0.9,2,128,0,0,1,1024/1024,4096/4096,0,0,3,1,1,0,1,128,128,768,3,0,0,0,0,3,0,0,1
19709848124397104,0x460600a0081630,1,BSH,FLOAT16,4,128,256,2,2,320,320,2048,1,bnss,1,0,1.0,2,128,0,0,1,,,0,0,3,0,0,1,1,128,128,768,3,0,0,0,0,3,0,0,1
19709848124397232,0x460600a00816b0,1,TND,FLOAT16,3,64,128,1,2,512,512,2048,1,bnhs,1,0,1.0,2,128,0,0,1,64/107/129,128/214/258,0,0,3,1,0,1,1,128,128,768,3,0,0,0,0,3,0,0,1
19709848124397360,0x460600a0081730,1,BSND,FLOAT16,2,1024,1024,1,2,320,320,2048,1,bnhs,1,0,0.5,2,128,0,0,1,,,0,0,3,0,1,1,1,128,128,768,3,0,0,0,0,3,0,0,1
19709848124397488,0x460600a00817b0,1,TND,FLOAT16,3,64,128,1,2,320,320,2048,1,bnhs,1,0,0.5,0,128,0,0,1,64/107/129,128/214/258,0,0,3,1,1,1,1,128,128,768,3,0,0,0,0,3,0,0,1
19712045000168496,0x46080020081430,1,BSH,FLOAT16,1,256,256,2,2,64,64,2048,0,,1,0,1.0,3,128,0,0,1,,,0,0,3,0,0,0,1,128,128,64,4,0,0,0,0,3,0,0,1
19712045000168624,0x460800200814b0,1,TND,FLOAT16,4,512,32,2,2,64,64,2048,0,,1,0,1.0,3,128,0,0,1,512/512/512/512,32/32/32/32,0,0,3,1,0,0,1,128,128,64,4,0,0,0,0,3,0,0,1
19712045000168752,0x46080020081530,1,BSH,FLOAT16,48,512,512,2,2,64,64,2048,0,,1,0,0.9,4,128,65536,0,1,,,0,0,3,0,1,0,1,128,128,64,4,0,0,0,0,3,0,0,1
19712045000168880,0x460800200815b0,1,TND,FLOAT16,4,2048,64,2,2,64,64,2048,0,,1,0,0.9,4,128,65536,0,1,2048/2048/2048/2048,64/64/64/64,0,0,3,1,1,0,1,128,128,64,4,0,0,0,0,3,0,0,1
19712045000169008,0x46080020081630,1,SBH,FLOAT16,1,256,256,1,2,64,64,2048,1,1nss,1,0,1.0,3,128,0,0,1,,,0,0,3,0,0,1,1,128,128,64,4,0,0,0,0,3,0,0,1
19712045000169136,0x460800200816b0,1,TND,FLOAT16,3,128,4096,2,2,32,32,2048,1,1nhs,1,0,1.0,3,65536,0,0,1,128/214/258,4096/8064/11904,0,0,3,1,0,1,1,128,128,64,4,0,0,0,0,3,0,0,1
19712045000169264,0x46080020081730,1,BSH,FLOAT16,4,512,512,2,2,64,64,2048,1,1nss,1,0,0.9,4,128,65536,0,1,,,0,0,3,0,1,1,1,128,128,64,4,0,0,0,0,3,0,0,1
19712045000169392,0x460800200817b0,1,TND,FLOAT16,16,1024,1024,4,8,16,16,b1ss,1,slope,2,0,0.9,0,64,1,0,1,1024/1280/1344/2368/2432/3456/3584/3648/3712/4224/4480/4480/4608/4736/4736/5760,256/384/512/1024/1088/1152/1152/1216/1216/1216/2240/2368/2624/3648/3904/4416,0,0,3,1,1,1,1,128,128,64,4,0,0,0,0,3,0,0,1
19712045537039408,0x46080040081430,1,BSND,FLOAT16,2,32,64,2,2,128,128,2048,0,,1,0,1.0,3,128,0,0,1,,,0,0,3,0,0,0,1,128,128,128,4,0,0,0,0,3,0,0,1
19712045537039536,0x460800400814b0,1,TND,FLOAT16,3,2048,128,2,2,128,128,2048,0,,1,0,1.0,0,128,0,0,1,1024/1024/3072,128/256/384,0,0,3,1,0,0,1,128,128,128,4,0,0,0,0,3,0,0,1
19712045537039664,0x46080040081530,1,BSND,FLOAT16,2,512,1024,1,2,128,128,2048,0,,1,0,0.9,3,128,0,0,1,,,0,0,3,0,1,0,1,128,128,128,4,0,0,0,0,3,0,0,1
19712045537039792,0x460800400815b0,1,TND,FLOAT16,16,512,1024,12,2,96,96,bnss,0,,3,0,0.9,0,64,0,2,1,64/64/64/64/128/128/640/768/1280/1280/1280/1536/1792/2048/2176/2176,512/1024/1536/2048/3072/3136/3392/4416/5440/5440/5504/5760/5824/5824/6848/6912,0,0,3,1,1,0,1,128,128,128,4,0,0,0,0,3,0,0,1
19712045537039920,0x46080040081630,1,SBH,FLOAT16,1,256,256,1,2,128,128,2048,1,1nss,1,0,1.0,4,1024,0,0,1,,,0,0,3,0,0,1,1,128,128,128,4,0,0,0,0,3,0,0,1
19712045537040048,0x460800400816b0,1,TND,FLOAT16,3,2048,128,2,2,128,128,2048,1,slope,2,0,1.0,3,128,0,0,1,1024/1024/3072,128/256/384,0,0,3,1,0,1,1,128,128,128,4,0,0,0,0,3,0,0,1
19712045537040176,0x46080040081730,1,BSND,FLOAT16,2,512,1024,1,2,128,128,2048,1,bnss,1,0,0.9,3,128,0,0,1,,,0,0,3,0,1,1,1,128,128,128,4,0,0,0,0,3,0,0,1
19712045537040304,0x460800400817b0,1,TND,FLOAT16,2,1024,2048,1,2,128,128,2048,1,bnhs,1,0,0.9,3,128,0,0,1,1024/1024,2048/2048,0,0,3,1,1,1,1,128,128,128,4,0,0,0,0,3,0,0,1
19712046073910320,0x46080060081430,1,BSND,FLOAT16,2,4096,64,1,2,192,192,ss,0,,1,0,1.0,0,1024,65536,0,1,,,0,0,3,0,0,0,1,128,128,192,4,0,0,0,0,3,0,0,1
19712046073910448,0x460800600814b0,1,TND,FLOAT16,16,1024,1024,16,4,192,192,11ss,0,,0,0,1.0,0,65536,512,0,1,64/192/704/768/896/1024/2048/2176/2176/2432/2944/3072/4096/4352/4480/4992,1024/2048/2112/2176/3200/3264/3520/3776/4288/4800/4800/4928/4992/5120/5184/5248,0,0,3,1,0,0,1,128,128,192,4,0,0,0,0,3,0,0,1
19712046073910576,0x46080060081530,1,BSND,FLOAT16,2,512,1024,1,2,192,192,2048,0,,2,0,0.5,3,128,0,0,1,,,0,0,3,0,1,0,1,128,128,192,4,0,0,0,0,3,0,0,1
19712046073910704,0x460800600815b0,1,TND,FLOAT16,16,1024,512,5,4,192,192,2048,0,,3,0,0.5,0,64,0,0,1,1024/1024/1152/1664/2688/2752/2816/3840/3968/4992/5504/6016/6144/6656/6912/7936,512/640/704/768/896/960/960/1216/1280/1280/1536/1536/1536/2048/2560/2624,0,0,3,1,1,0,1,128,128,192,4,0,0,0,0,3,0,0,1
19712046073910832,0x46080060081630,1,BSH,FLOAT16,4,64,64,2,2,192,192,2048,1,1nss,0,0,1.0,3,128,0,0,1,,,0,0,3,0,0,1,1,128,128,192,4,0,0,0,0,3,0,0,1
19712046073910960,0x460800600816b0,1,TND,FLOAT16,3,128,4096,2,2,144,144,2048,1,1nhs,1,0,1.0,3,64,0,0,1,128/214/258,4096/8064/11904,0,0,3,1,0,1,1,128,128,192,4,0,0,0,0,3,0,0,1
19712046073911088,0x46080060081730,1,BSND,FLOAT16,64,128,4096,12,4,144,144,ss,1,slope_n,3,0,0.5,0,2048,1024,3,1,,,0,0,3,0,1,1,1,128,128,192,4,0,0,0,0,3,0,0,1
19712046073911216,0x460800600817b0,1,TND,FLOAT16,3,128,4096,2,2,192,192,2048,1,1nhs,1,0,0.5,3,128,0,0,1,128/214/258,4096/8064/11904,0,0,3,1,1,1,1,128,128,192,4,0,0,0,0,3,0,0,1
19712046610781232,0x46080080081430,1,BSH,FLOAT16,1,512,512,2,2,256,256,2048,0,,1,0,1.0,3,128,0,0,1,,,0,0,3,0,0,0,1,128,128,256,4,0,0,0,0,3,0,0,1
19712046610781360,0x460800800814b0,1,TND,FLOAT16,24,512,256,2,2,256,256,2048,0,,1,0,1.0,4,65536,128,0,1,512/512/512/512/512/512/512/512/512/512/512/512/512/512/512/512/512/512/512/512/512/512/512/512,256/256/256/256/256/256/256/256/256/256/256/256/256/256/256/256/256/256/256/256/256/256/256/256,0,0,3,1,0,0,1,128,128,256,4,0,0,0,0,3,0,0,1
19712046610781488,0x46080080081530,1,BSH,FLOAT16,1,512,512,2,2,256,256,2048,0,,1,0,0.9,3,128,0,0,1,,,0,0,3,0,1,0,1,128,128,256,4,0,0,0,0,3,0,0,1
19712046610781616,0x460800800815b0,1,TND,FLOAT16,3,1024,128,16,2,256,256,11ss,0,,0,0,0.9,0,0,128,3,1,1024/2048/2112,0/128/192,0,0,3,1,1,0,1,128,128,256,4,0,0,0,0,3,0,0,1
19712046610781744,0x46080080081630,1,BSH,FLOAT16,24,512,512,2,2,256,256,2048,1,bnss,1,0,1.0,3,128,0,0,1,,,0,0,3,0,0,1,1,128,128,256,4,0,0,0,0,3,0,0,1
19712046610781872,0x460800800816b0,1,TND,FLOAT16,2,256,512,5,8,256,256,2048,1,1nhs,1,0,1.0,3,64,2048,1,1,256/256,64/576,0,0,3,1,0,1,1,128,128,256,4,0,0,0,0,3,0,0,1
19712046610782000,0x46080080081730,1,BSND,FLOAT16,2,1024,1024,1,2,256,256,2048,1,slope,2,0,0.5,3,128,0,0,1,,,0,0,3,0,1,1,1,128,128,256,4,0,0,0,0,3,0,0,1
19712046610782128,0x460800800817b0,1,TND,FLOAT16,32,2048,2048,2,2,256,256,2048,1,slope,2,0,0.5,0,128,0,0,1,2048/3968/6016/7936/9984/11904/13952/15872/17920/19840/21888/23808/25856/27776/29824/31744/33792/35712/37760/39680/41728/43648/45696/47616/49664/51584/53632/55552/57600/59520/61568/63488,2048/3968/6016/7936/9984/11904/13952/15872/17920/19840/21888/23808/25856/27776/29824/31744/33792/35712/37760/39680/41728/43648/45696/47616/49664/51584/53632/55552/57600/59520/61568/63488,0,0,3,1,1,1,1,128,128,256,4,0,0,0,0,3,0,0,1
19712047147652144,0x460800a0081430,1,BSH,FLOAT16,4,128,64,1,2,320,320,2048,0,,1,0,1.0,4,128,0,0,1,,,0,0,3,0,0,0,1,128,128,768,4,0,0,0,0,3,0,0,1
19712047147652272,0x460800a00814b0,1,TND,FLOAT16,3,2048,128,1,2,512,512,2048,0,,1,0,1.0,0,1024,0,0,1,2048/2816/4864,128/256/384,0,0,3,1,0,0,1,128,128,768,4,0,0,0,0,3,0,0,1
19712047147652400,0x460800a0081530,1,BSND,FLOAT16,2,1024,4096,1,2,320,320,2048,0,,1,0,0.9,3,128,0,0,1,,,0,0,3,0,1,0,1,128,128,768,4,0,0,0,0,3,0,0,1
19712047147652528,0x460800a00815b0,1,TND,FLOAT16,2,1024,2048,1,2,320,320,2048,0,,1,0,0.9,3,128,0,0,1,1024/1024,2048/2048,0,0,3,1,1,0,1,128,128,768,4,0,0,0,0,3,0,0,1
19712047147652656,0x460800a0081630,1,BSH,FLOAT16,4,128,64,2,2,320,320,2048,1,1nss,0,0,1.0,3,128,0,0,1,,,0,0,3,0,0,1,1,128,128,768,4,0,0,0,0,3,0,0,1
19712047147652784,0x460800a00816b0,1,TND,FLOAT16,16,1024,1024,40,8,512,512,b1ss,1,slope_n,3,0,1.0,0,512,64,1,1,64/320/1344/1344/1856/1984/2496/3008/3008/3264/4288/5312/5568/6080/6080/7104,64/192/256/512/640/1664/2688/2752/2880/3008/3520/3584/4608/4672/5696/5760,0,0,3,1,0,1,1,128,128,768,4,0,0,0,0,3,0,0,1
19712047147652912,0x460800a0081730,1,BSND,FLOAT16,2,1024,1024,1,2,320,320,2048,1,bnhs,1,0,0.9,3,128,0,0,1,,,0,0,3,0,1,1,1,128,128,768,4,0,0,0,0,3,0,0,1
19712047147653040,0x460800a00817b0,1,TND,FLOAT16,3,64,128,1,2,320,320,2048,1,bnhs,1,0,0.5,3,128,0,0,1,64/107/129,128/214/258,0,0,3,1,1,1,1,128,128,768,4,0,0,0,0,3,0,0,1
19742831325745200,0x46240020081030,1,SBH,FLOAT16,1,256,256,1,1,64,64,none,0,,1,0,1.0,0,65536,65536,0,1,,,0,0,3,0,0,0,0,128,128,64,2,1,0,0,0,3,0,0,1
19742831325745328,0x462400200810b0,1,TND,FLOAT16,3,2048,2048,2,1,64,64,none,0,,1,0,1.0,0,65536,65536,0,1,1024/1792/3840,1024/1792/3840,0,0,3,1,0,0,0,128,128,64,2,1,0,0,0,3,0,0,1
19742831325745332,0x462400200810b4,1,TND,FLOAT16,32,2560,2560,2,1,64,64,none,0,,1,0,1.0,0,65536,65536,0,1,2048/4352/6912/8960/11264/13824/15872/18176/20736/22784/25088/27648/29696/32000/34560/36608/38912/41472/43520/45824/48384/50432/52736/55296/57344/59648/62208/64256/66560/69120/71168/73472,2048/4352/6912/8960/11264/13824/15872/18176/20736/22784/25088/27648/29696/32000/34560/36608/38912/41472/43520/45824/48384/50432/52736/55296/57344/59648/62208/64256/66560/69120/71168/73472,0,5,3,1,0,0,0,128,128,64,2,1,0,0,0,3,0,0,1
19742831325745456,0x46240020081130,1,BSH,FLOAT16,4,1024,1024,2,1,64,64,none,0,,1,0,0.9,0,65536,65536,0,1,,,0,0,3,0,1,0,0,128,128,64,2,1,0,0,0,3,0,0,1
19742831325745584,0x462400200811b0,1,TND,FLOAT16,4,512,256,2,1,64,64,none,0,,1,0,0.9,0,65536,65536,0,1,512/512/512/512,256/256/256/256,0,0,3,1,1,0,0,128,128,64,2,1,0,0,0,3,0,0,1
19742831325745588,0x462400200811b4,1,TND,FLOAT16,32,2560,2560,2,1,64,64,none,0,,1,0,0.9,0,65536,65536,0,1,2048/4352/6912/8960/11264/13824/15872/18176/20736/22784/25088/27648/29696/32000/34560/36608/38912/41472/43520/45824/48384/50432/52736/55296/57344/59648/62208/64256/66560/69120/71168/73472,2048/4352/6912/8960/11264/13824/15872/18176/20736/22784/25088/27648/29696/32000/34560/36608/38912/41472/43520/45824/48384/50432/52736/55296/57344/59648/62208/64256/66560/69120/71168/73472,0,5,3,1,1,0,0,128,128,64,2,1,0,0,0,3,0,0,1
19742831325745712,0x46240020081230,1,BSH,FLOAT16,1,512,512,1,1,64,64,none,1,b1ss,1,0,1.0,0,65536,65536,0,1,,,0,0,3,0,0,1,0,128,128,64,2,1,0,0,0,3,0,0,1
19742831325745840,0x462400200812b0,1,TND,FLOAT16,3,512,512,2,1,64,64,none,1,slope,2,0,1.0,0,65536,65536,0,1,512/896/1152,512/896/1152,0,0,3,1,0,1,0,128,128,64,2,1,0,0,0,3,0,0,1
19742831325745844,0x462400200812b4,1,TND,FLOAT16,32,2048,2048,2,1,63,63,none,1,slope_n,3,0,1.0,4,65536,65536,0,1,2048/3968/6016/7936/9984/11904/13952/15872/17920/19840/21888/23808/25856/27776/29824/31744/33792/35712/37760/39680/41728/43648/45696/47616/49664/51584/53632/55552/57600/59520/61568/63488,2048/3968/6016/7936/9984/11904/13952/15872/17920/19840/21888/23808/25856/27776/29824/31744/33792/35712/37760/39680/41728/43648/45696/47616/49664/51584/53632/55552/57600/59520/61568/63488,0,5,3,1,0,1,0,128,128,64,2,1,0,0,0,3,0,0,1
19742831325745968,0x46240020081330,1,BSH,FLOAT16,48,512,1024,4,1,64,64,none,1,1nss,1,0,0.5,2,128,0,0,1,,,0,0,3,0,1,1,0,128,128,64,2,1,0,0,0,3,0,0,1
19742831325746096,0x462400200813b0,1,TND,FLOAT16,3,1024,512,2,1,63,63,none,1,slope,2,0,0.5,4,65536,65536,0,1,1024/1920/2688,512/896/1152,0,0,3,1,1,1,0,128,128,64,2,1,0,0,0,3,0,0,1
19742831325746100,0x462400200813b4,1,TND,FLOAT16,32,2048,2048,5,1,64,64,none,1,slope_n,3,0,0.5,4,65536,65536,0,1,2048/3968/6016/7936/9984/11904/13952/15872/17920/19840/21888/23808/25856/27776/29824/31744/33792/35712/37760/39680/41728/43648/45696/47616/49664/51584/53632/55552/57600/59520/61568/63488,2048/3968/6016/7936/9984/11904/13952/15872/17920/19840/21888/23808/25856/27776/29824/31744/33792/35712/37760/39680/41728/43648/45696/47616/49664/51584/53632/55552/57600/59520/61568/63488,0,5,3,1,1,1,0,128,128,64,2,1,0,0,0,3,0,0,1
19742831325746224,0x46240020081430,1,BSH,FLOAT16,4,64,2048,8,1,64,64,b1ss,0,,1,0,1.0,0,65536,65536,0,1,,,0,0,3,0,0,0,1,128,128,64,2,1,0,0,0,3,0,0,1
19742831325746352,0x462400200814b0,1,TND,FLOAT16,3,2048,2048,4,1,64,64,2048,0,,1,0,1.0,4,65536,65536,0,1,1024/1792/3840,1024/1792/3840,0,0,3,1,0,0,1,128,128,64,2,1,0,0,0,3,0,0,1
19742831325746356,0x462400200814b4,1,TND,FLOAT16,32,2560,2560,2,1,64,64,ss,0,,1,0,1.0,0,65536,65536,0,1,2048/4352/6912/8960/11264/13824/15872/18176/20736/22784/25088/27648/29696/32000/34560/36608/38912/41472/43520/45824/48384/50432/52736/55296/57344/59648/62208/64256/66560/69120/71168/73472,2048/4352/6912/8960/11264/13824/15872/18176/20736/22784/25088/27648/29696/32000/34560/36608/38912/41472/43520/45824/48384/50432/52736/55296/57344/59648/62208/64256/66560/69120/71168/73472,0,5,3,1,0,0,1,128,128,64,2,1,0,0,0,3,0,0,1
19742831325746480,0x46240020081530,1,BSH,FLOAT16,4,64,2048,8,1,64,64,b1ss,0,,1,0,0.5,0,65536,65536,0,1,,,0,0,3,0,1,0,1,128,128,64,2,1,0,0,0,3,0,0,1
19742831325746608,0x462400200815b0,1,TND,FLOAT16,3,2048,2048,2,1,64,64,2048,0,,1,0,0.9,0,65536,65536,0,1,1024/1792/3840,1024/1792/3840,0,0,3,1,1,0,1,128,128,64,2,1,0,0,0,3,0,0,1
19742831325746612,0x462400200815b4,1,TND,FLOAT16,32,2560,2560,2,1,63,63,11ss,0,,1,0,0.9,0,65536,65536,0,1,2048/4352/6912/8960/11264/13824/15872/18176/20736/22784/25088/27648/29696/32000/34560/36608/38912/41472/43520/45824/48384/50432/52736/55296/57344/59648/62208/64256/66560/69120/71168/73472,2048/4352/6912/8960/11264/13824/15872/18176/20736/22784/25088/27648/29696/32000/34560/36608/38912/41472/43520/45824/48384/50432/52736/55296/57344/59648/62208/64256/66560/69120/71168/73472,0,5,3,1,1,0,1,128,128,64,2,1,0,0,0,3,0,0,1
19742831325746736,0x46240020081630,1,BSH,FLOAT16,4,64,256,8,1,64,64,b1ss,1,1nss,1,0,1.0,0,65536,65536,0,1,,,0,0,3,0,0,1,1,128,128,64,2,1,0,0,0,3,0,0,1
19742831325746864,0x462400200816b0,1,TND,FLOAT16,3,512,512,2,1,64,64,2048,1,slope,2,0,1.0,0,65536,65536,0,1,512/896/1152,512/896/1152,0,0,3,1,0,1,1,128,128,64,2,1,0,0,0,3,0,0,1
19742831325746868,0x462400200816b4,1,TND,FLOAT16,32,2048,2048,2,1,64,64,2048,1,slope_n,3,0,1.0,0,65536,65536,0,1,2048/3968/6016/7936/9984/11904/13952/15872/17920/19840/21888/23808/25856/27776/29824/31744/33792/35712/37760/39680/41728/43648/45696/47616/49664/51584/53632/55552/57600/59520/61568/63488,2048/3968/6016/7936/9984/11904/13952/15872/17920/19840/21888/23808/25856/27776/29824/31744/33792/35712/37760/39680/41728/43648/45696/47616/49664/51584/53632/55552/57600/59520/61568/63488,0,5,3,1,0,1,1,128,128,64,2,1,0,0,0,3,0,0,1
19742831325746992,0x46240020081730,1,BSH,FLOAT16,4,512,512,8,1,64,64,b1ss,1,1nss,1,0,0.5,0,65536,65536,0,1,,,0,0,3,0,1,1,1,128,128,64,2,1,0,0,0,3,0,0,1
19742831325747120,0x462400200817b0,1,TND,FLOAT16,3,128,1024,2,1,16,16,ss,1,slope,3,0,0.9,1,256,2048,1,1,0/0/128,256/1280/2304,0,0,3,1,1,1,1,128,128,64,2,1,0,0,0,3,0,0,1
19742831325747124,0x462400200817b4,1,TND,FLOAT16,32,2048,2048,2,1,64,64,2048,1,slope_n,3,0,0.5,4,65536,65536,0,1,2048/3968/6016/7936/9984/11904/13952/15872/17920/19840/21888/23808/25856/27776/29824/31744/33792/35712/37760/39680/41728/43648/45696/47616/49664/51584/53632/55552/57600/59520/61568/63488,2048/3968/6016/7936/9984/11904/13952/15872/17920/19840/21888/23808/25856/27776/29824/31744/33792/35712/37760/39680/41728/43648/45696/47616/49664/51584/53632/55552/57600/59520/61568/63488,0,5,3,1,1,1,1,128,128,64,2,1,0,0,0,3,0,0,1
19742831862616112,0x46240040081030,1,BSND,FLOAT16,2,4096,4096,8,1,72,72,none,0,,1,0,1.0,2,65536,65536,0,1,,,0,0,3,0,0,0,0,128,128,128,2,1,0,0,0,3,0,0,1
19742831862616240,0x462400400810b0,1,TND,FLOAT16,32,4096,256,2,1,128,128,none,0,,1,0,1.0,0,65536,65536,0,1,4096/8064/11904/16000/19968/23808/27904/31872/35712/39808/43776/47616/51712/55680/59520/63616/67584/71424/75520/79488/83328/87424/91392/95232/99328/103296/107136/111232/115200/119040/123136/127104,256/384/384/640/768/768/1024/1152/1152/1408/1536/1536/1792/1920/1920/2176/2304/2304/2560/2688/2688/2944/3072/3072/3328/3456/3456/3712/3840/3840/4096/4224,0,0,3,1,0,0,0,128,128,128,2,1,0,0,0,3,0,0,1
19742831862616244,0x462400400810b4,1,TND,FLOAT16,32,5120,2048,2,1,128,128,none,0,,1,0,1.0,0,65536,65536,0,1,4096/8704/13824/17920/22528/27648/31744/36352/41472/45568/50176/55296/59392/64000/69120/73216/77824/82944/87040/91648/96768/100864/105472/110592/114688/119296/124416/128512/133120/138240/142336/146944,2048/4096/6144/8192/10240/12288/14336/16384/18432/20480/22528/24576/26624/28672/30720/32768/34816/36864/38912/40960/43008/45056/47104/49152/51200/53248/55296/57344/59392/61440/63488/65536,0,5,3,1,0,0,0,128,128,128,2,1,0,0,0,3,0,0,1
19742831862616368,0x46240040081130,1,BSND,FLOAT16,2,512,512,2,1,128,128,none,0,,1,0,0.9,0,65536,65536,0,1,,,0,0,3,0,1,0,0,128,128,128,2,1,0,0,0,3,0,0,1
19742831862616496,0x462400400811b0,1,TND,FLOAT16,11,4096,128,2,1,128,128,none,0,,1,0,0.5,4,65536,65536,0,1,1024/1792/3840/7936/8192/9216/11264/12288/16384/20480/22528,128/256/384/512/640/768/896/1024/1152/1280/1408,0,0,3,1,1,0,0,128,128,128,2,1,0,0,0,3,0,0,1
19742831862616500,0x462400400811b4,1,TND,FLOAT16,32,2560,2560,2,1,128,128,none,0,,1,0,0.9,0,65536,65536,0,1,2048/4352/6912/8960/11264/13824/15872/18176/20736/22784/25088/27648/29696/32000/34560/36608/38912/41472/43520/45824/48384/50432/52736/55296/57344/59648/62208/64256/66560/69120/71168/73472,2048/4352/6912/8960/11264/13824/15872/18176/20736/22784/25088/27648/29696/32000/34560/36608/38912/41472/43520/45824/48384/50432/52736/55296/57344/59648/62208/64256/66560/69120/71168/73472,0,5,3,1,1,0,0,128,128,128,2,1,0,0,0,3,0,0,1
19742831862616624,0x46240040081230,1,BSND,FLOAT16,2,4096,4096,8,1,72,72,none,1,slope_n,3,0,1.0,2,65536,65536,0,1,,,0,0,3,0,0,1,0,128,128,128,2,1,0,0,0,3,0,0,1
19742831862616752,0x462400400812b0,1,TND,FLOAT16,3,1024,512,2,1,128,128,none,1,slope,2,0,1.0,4,65536,65536,0,1,1024/1920/2688,512/896/1152,0,0,3,1,0,1,0,128,128,128,2,1,0,0,0,3,0,0,1
19742831862616756,0x462400400812b4,1,TND,FLOAT16,3,2048,2048,40,1,128,128,none,1,slope,2,0,1.0,2,65536,0,0,1,1024/1792/3840,1024/1792/3840,0,5,3,1,0,1,0,128,128,128,2,1,0,0,0,3,0,0,1
19742831862616880,0x46240040081330,1,SBH,FLOAT16,1,256,256,1,1,128,128,none,1,1nss,0,0,0.9,3,1024,65536,0,1,,,0,0,3,0,1,1,0,128,128,128,2,1,0,0,0,3,0,0,1
19742831862617008,0x462400400813b0,1,TND,FLOAT16,2,2048,512,2,1,128,128,none,1,slope,2,0,0.9,0,65536,65536,0,1,2048/3968,512/896,0,0,3,1,1,1,0,128,128,128,2,1,0,0,0,3,0,0,1
19742831862617012,0x462400400813b4,1,TND,FLOAT16,3,2048,2048,40,1,128,128,none,1,slope,2,0,0.9,4,65536,65536,0,1,1024/1792/3840,1024/1792/3840,0,5,3,1,1,1,0,128,128,128,2,1,0,0,0,3,0,0,1
19742831862617136,0x46240040081430,1,BSND,FLOAT16,2,512,512,2,1,128,128,ss,0,,1,0,1.0,1,65536,128,0,1,,,0,0,3,0,0,0,1,128,128,128,2,1,0,0,0,3,0,0,1
19742831862617264,0x462400400814b0,1,TND,FLOAT16,11,4096,128,2,1,128,128,2048,0,,1,0,1.0,4,65536,65536,0,1,1024/1792/3840/7936/8192/9216/11264/12288/16384/20480/22528,128/256/384/512/640/768/896/1024/1152/1280/1408,0,0,3,1,0,0,1,128,128,128,2,1,0,0,0,3,0,0,1
19742831862617268,0x462400400814b4,1,TND,FLOAT16,32,2560,2560,2,1,128,128,ss,0,,1,0,1.0,0,65536,65536,0,1,2048/4352/6912/8960/11264/13824/15872/18176/20736/22784/25088/27648/29696/32000/34560/36608/38912/41472/43520/45824/48384/50432/52736/55296/57344/59648/62208/64256/66560/69120/71168/73472,2048/4352/6912/8960/11264/13824/15872/18176/20736/22784/25088/27648/29696/32000/34560/36608/38912/41472/43520/45824/48384/50432/52736/55296/57344/59648/62208/64256/66560/69120/71168/73472,0,5,3,1,0,0,1,128,128,128,2,1,0,0,0,3,0,0,1
19742831862617392,0x46240040081530,1,BSND,FLOAT16,2,512,512,2,1,128,128,ss,0,,1,0,0.9,1,65536,128,0,1,,,0,0,3,0,1,0,1,128,128,128,2,1,0,0,0,3,0,0,1
19742831862617520,0x462400400815b0,1,TND,FLOAT16,3,2048,2048,2,1,128,128,2048,0,,1,0,0.9,0,65536,65536,0,1,1024/1792/3840,1024/1792/3840,0,0,3,1,1,0,1,128,128,128,2,1,0,0,0,3,0,0,1
19742831862617524,0x462400400815b4,1,TND,FLOAT16,32,2560,2560,2,1,128,128,ss,0,,1,0,0.5,0,65536,65536,0,1,2048/4352/6912/8960/11264/13824/15872/18176/20736/22784/25088/27648/29696/32000/34560/36608/38912/41472/43520/45824/48384/50432/52736/55296/57344/59648/62208/64256/66560/69120/71168/73472,2048/4352/6912/8960/11264/13824/15872/18176/20736/22784/25088/27648/29696/32000/34560/36608/38912/41472/43520/45824/48384/50432/52736/55296/57344/59648/62208/64256/66560/69120/71168/73472,0,5,3,1,1,0,1,128,128,128,2,1,0,0,0,3,0,0,1
19742831862617648,0x46240040081630,1,BSND,FLOAT16,2,2048,2048,2,1,128,128,2048,1,slope,3,0,1.0,0,65536,65536,0,1,,,0,0,3,0,0,1,1,128,128,128,2,1,0,0,0,3,0,0,1
19742831862617776,0x462400400816b0,1,TND,FLOAT16,2,1024,128,2,1,128,128,2048,1,slope,2,0,1.0,1,128,65536,0,1,1024/1792,128/256,0,0,3,1,0,1,1,128,128,128,2,1,0,0,0,3,0,0,1
19742831862617780,0x462400400816b4,1,TND,FLOAT16,32,2048,2048,2,1,128,128,2048,1,slope_n,3,0,1.0,0,65536,65536,0,1,2048/3968/6016/7936/9984/11904/13952/15872/17920/19840/21888/23808/25856/27776/29824/31744/33792/35712/37760/39680/41728/43648/45696/47616/49664/51584/53632/55552/57600/59520/61568/63488,2048/3968/6016/7936/9984/11904/13952/15872/17920/19840/21888/23808/25856/27776/29824/31744/33792/35712/37760/39680/41728/43648/45696/47616/49664/51584/53632/55552/57600/59520/61568/63488,0,5,3,1,0,1,1,128,128,128,2,1,0,0,0,3,0,0,1
19742831862617904,0x46240040081730,1,BSND,FLOAT16,48,1024,1024,2,1,128,128,ss,1,slope,3,0,0.9,0,65536,65536,0,1,,,0,0,3,0,1,1,1,128,128,128,2,1,0,0,0,3,0,0,1
19742831862618032,0x462400400817b0,1,TND,FLOAT16,2,2048,512,2,1,128,128,11ss,1,slope,2,0,0.9,0,65536,65536,0,1,2048/3968,512/896,0,0,3,1,1,1,1,128,128,128,2,1,0,0,0,3,0,0,1
19742831862618036,0x462400400817b4,1,TND,FLOAT16,32,2048,2048,2,1,128,128,2048,1,slope_n,3,0,0.5,4,65536,65536,0,1,2048/3968/6016/7936/9984/11904/13952/15872/17920/19840/21888/23808/25856/27776/29824/31744/33792/35712/37760/39680/41728/43648/45696/47616/49664/51584/53632/55552/57600/59520/61568/63488,2048/3968/6016/7936/9984/11904/13952/15872/17920/19840/21888/23808/25856/27776/29824/31744/33792/35712/37760/39680/41728/43648/45696/47616/49664/51584/53632/55552/57600/59520/61568/63488,0,5,3,1,1,1,1,128,128,128,2,1,0,0,0,3,0,0,1
19742832399487024,0x46240060081030,1,SBH,FLOAT16,1,128,256,1,1,192,192,none,0,,1,0,1.0,0,65536,65536,0,1,,,0,0,3,0,0,0,0,128,128,192,2,1,0,0,0,3,0,0,1
19742832399487152,0x462400600810b0,1,TND,FLOAT16,32,2560,2560,1,1,192,192,none,0,,1,0,1.0,0,65536,65536,0,1,2048/4352/6912/8960/11264/13824/15872/18176/20736/22784/25088/27648/29696/32000/34560/36608/38912/41472/43520/45824/48384/50432/52736/55296/57344/59648/62208/64256/66560/69120/71168/73472,2048/4352/6912/8960/11264/13824/15872/18176/20736/22784/25088/27648/29696/32000/34560/36608/38912/41472/43520/45824/48384/50432/52736/55296/57344/59648/62208/64256/66560/69120/71168/73472,0,0,3,1,0,0,0,128,128,192,2,1,0,0,0,3,0,0,1
19742832399487156,0x462400600810b4,1,TND,FLOAT16,32,2560,2560,2,1,192,192,none,0,,1,0,1.0,0,65536,65536,0,1,2048/4352/6912/8960/11264/13824/15872/18176/20736/22784/25088/27648/29696/32000/34560/36608/38912/41472/43520/45824/48384/50432/52736/55296/57344/59648/62208/64256/66560/69120/71168/73472,2048/4352/6912/8960/11264/13824/15872/18176/20736/22784/25088/27648/29696/32000/34560/36608/38912/41472/43520/45824/48384/50432/52736/55296/57344/59648/62208/64256/66560/69120/71168/73472,0,5,3,1,0,0,0,128,128,192,2,1,0,0,0,3,0,0,1
19742832399487280,0x46240060081130,1,BSND,FLOAT16,2,256,64,2,1,192,192,none,0,,2,0,0.5,2,65536,65536,0,1,,,0,0,3,0,1,0,0,128,128,192,2,1,0,0,0,3,0,0,1
19742832399487408,0x462400600811b0,1,TND,FLOAT16,32,2560,2560,2,1,192,192,none,0,,1,0,0.5,0,65536,65536,0,1,2048/4352/6912/8960/11264/13824/15872/18176/20736/22784/25088/27648/29696/32000/34560/36608/38912/41472/43520/45824/48384/50432/52736/55296/57344/59648/62208/64256/66560/69120/71168/73472,2048/4352/6912/8960/11264/13824/15872/18176/20736/22784/25088/27648/29696/32000/34560/36608/38912/41472/43520/45824/48384/50432/52736/55296/57344/59648/62208/64256/66560/69120/71168/73472,0,0,3,1,1,0,0,128,128,192,2,1,0,0,0,3,0,0,1
19742832399487536,0x46240060081230,1,BSND,FLOAT16,2,1024,1024,2,1,192,192,none,1,1nhs,1,0,1.0,0,65536,65536,0,1,,,0,0,3,0,0,1,0,128,128,192,2,1,0,0,0,3,0,0,1
19742832399487664,0x462400600812b0,1,TND,FLOAT16,2,1024,128,2,1,192,192,none,1,slope,2,0,1.0,4,65536,65536,0,1,1024/1792,128/256,0,0,3,1,0,1,0,128,128,192,2,1,0,0,0,3,0,0,1
19742832399487668,0x462400600812b4,1,TND,FLOAT16,32,2560,2560,2,1,144,144,none,1,slope_n,3,0,1.0,0,65536,65536,3,1,2048/4352/6912/8960/11264/13824/15872/18176/20736/22784/25088/27648/29696/32000/34560/36608/38912/41472/43520/45824/48384/50432/52736/55296/57344/59648/62208/64256/66560/69120/71168/73472,2048/4352/6912/8960/11264/13824/15872/18176/20736/22784/25088/27648/29696/32000/34560/36608/38912/41472/43520/45824/48384/50432/52736/55296/57344/59648/62208/64256/66560/69120/71168/73472,0,5,3,1,0,1,0,128,128,192,2,1,0,0,0,3,0,0,1
19742832399487792,0x46240060081330,1,BSND,FLOAT16,2,1024,128,2,1,192,192,none,1,slope,2,0,0.5,2,128,0,0,1,,,0,0,3,0,1,1,0,128,128,192,2,1,0,0,0,3,0,0,1
19742832399487920,0x462400600813b0,1,TND,FLOAT16,2,1024,128,4,1,192,192,none,1,slope,2,0,0.5,0,65536,65536,0,1,1024/1792,128/256,0,0,3,1,1,1,0,128,128,192,2,1,0,0,0,3,0,0,1
19742832399488048,0x46240060081430,1,BSND,FLOAT16,2,1024,1024,2,1,192,192,ss,0,,1,0,1.0,1,1024,128,0,1,,,0,0,3,0,0,0,1,128,128,192,2,1,0,0,0,3,0,0,1
19742832399488176,0x462400600814b0,1,TND,FLOAT16,3,2048,2048,2,1,192,192,11ss,0,,1,0,1.0,0,65536,65536,0,1,1024/1792/3840,1024/1792/3840,0,0,3,1,0,0,1,128,128,192,2,1,0,0,0,3,0,0,1
19742832399488180,0x462400600814b4,1,TND,FLOAT16,32,2560,2560,2,1,192,192,ss,0,,1,0,1.0,0,65536,65536,0,1,2048/4352/6912/8960/11264/13824/15872/18176/20736/22784/25088/27648/29696/32000/34560/36608/38912/41472/43520/45824/48384/50432/52736/55296/57344/59648/62208/64256/66560/69120/71168/73472,2048/4352/6912/8960/11264/13824/15872/18176/20736/22784/25088/27648/29696/32000/34560/36608/38912/41472/43520/45824/48384/50432/52736/55296/57344/59648/62208/64256/66560/69120/71168/73472,0,5,3,1,0,0,1,128,128,192,2,1,0,0,0,3,0,0,1
19742832399488304,0x46240060081530,1,BSND,FLOAT16,2,256,64,2,1,192,192,11ss,0,,1,0,0.5,0,65536,65536,0,1,,,0,0,3,0,1,0,1,128,128,192,2,1,0,0,0,3,0,0,1
19742832399488432,0x462400600815b0,1,TND,FLOAT16,3,128,4096,2,1,192,192,2048,0,,1,0,0.5,0,65536,65536,0,1,128/214/258,4096/8064/11904,0,0,3,1,1,0,1,128,128,192,2,1,0,0,0,3,0,0,1
19742832399488560,0x46240060081630,1,BSND,FLOAT16,2,1024,1024,2,1,192,192,11ss,1,bnhs,1,0,1.0,1,65536,65536,0,1,,,0,0,3,0,0,1,1,128,128,192,2,1,0,0,0,3,0,0,1
19742832399488688,0x462400600816b0,1,TND,FLOAT16,3,2048,2048,2,1,144,144,2048,1,slope,2,0,1.0,4,65536,65536,0,1,1024/1792/3840,1024/1792/3840,0,0,3,1,0,1,1,128,128,192,2,1,0,0,0,3,0,0,1
19742832399488692,0x462400600816b4,1,TND,FLOAT16,32,2048,2048,2,1,144,144,2048,1,slope_n,3,0,1.0,4,65536,65536,0,1,2048/3968/6016/7936/9984/11904/13952/15872/17920/19840/21888/23808/25856/27776/29824/31744/33792/35712/37760/39680/41728/43648/45696/47616/49664/51584/53632/55552/57600/59520/61568/63488,2048/3968/6016/7936/9984/11904/13952/15872/17920/19840/21888/23808/25856/27776/29824/31744/33792/35712/37760/39680/41728/43648/45696/47616/49664/51584/53632/55552/57600/59520/61568/63488,0,5,3,1,0,1,1,128,128,192,2,1,0,0,0,3,0,0,1
19742832399488816,0x46240060081730,1,BSND,FLOAT16,2,1024,1024,2,1,192,192,b1ss,1,bnhs,1,0,0.5,1,65536,65536,0,1,,,0,0,3,0,1,1,1,128,128,192,2,1,0,0,0,3,0,0,1
19742832399488944,0x462400600817b0,1,TND,FLOAT16,2,128,128,2,1,192,192,ss,1,slope,2,0,0.9,0,65536,65536,0,1,128/128,128/128,0,0,3,1,1,1,1,128,128,192,2,1,0,0,0,3,0,0,1
19742832936357936,0x46240080081030,1,BSND,FLOAT16,2,1024,1024,2,1,256,256,none,0,,1,0,1.0,0,65536,65536,0,1,,,0,0,3,0,0,0,0,128,128,256,2,1,0,0,0,3,0,0,1
19742832936358064,0x462400800810b0,1,TND,FLOAT16,3,2048,2048,2,1,256,256,none,0,,1,0,1.0,0,65536,65536,0,1,1024/1792/3840,1024/1792/3840,0,0,3,1,0,0,0,128,128,256,2,1,0,0,0,3,0,0,1
19742832936358068,0x462400800810b4,1,TND,FLOAT16,32,4096,1024,2,1,256,256,none,0,,1,0,1.0,0,65536,65536,0,1,4096/8064/11904/16000/19968/23808/27904/31872/35712/39808/43776/47616/51712/55680/59520/63616/67584/71424/75520/79488/83328/87424/91392/95232/99328/103296/107136/111232/115200/119040/123136/127104,1024/1920/2688/3712/4608/5376/6400/7296/8064/9088/9984/10752/11776/12672/13440/14464/15360/16128/17152/18048/18816/19840/20736/21504/22528/23424/24192/25216/26112/26880/27904/28800,0,5,3,1,0,0,0,128,128,256,2,1,0,0,0,3,0,0,1
19742832936358192,0x46240080081130,1,BSND,FLOAT16,2,32,256,2,1,256,256,none,0,,1,0,0.9,0,65536,65536,0,1,,,0,0,3,0,1,0,0,128,128,256,2,1,0,0,0,3,0,0,1
19742832936358320,0x462400800811b0,1,TND,FLOAT16,3,2048,2048,2,1,256,256,none,0,,1,0,0.5,4,65536,65536,0,1,1024/1792/3840,1024/1792/3840,0,0,3,1,1,0,0,128,128,256,2,1,0,0,0,3,0,0,1
19742832936358448,0x46240080081230,1,BSND,FLOAT16,2,1024,1024,2,1,256,256,none,1,1nhs,1,0,1.0,4,65536,65536,0,1,,,0,0,3,0,0,1,0,128,128,256,2,1,0,0,0,3,0,0,1
19742832936358576,0x462400800812b0,1,TND,FLOAT16,3,1024,3072,2,1,256,256,none,1,slope,2,0,1.0,4,65536,65536,0,1,1024/2048/3072,1024/1792/4864,0,0,3,1,0,1,0,128,128,256,2,1,0,0,0,3,0,0,1
19742832936358580,0x462400800812b4,1,TND,FLOAT16,32,2048,2048,2,1,256,256,none,1,slope_n,3,0,1.0,4,65536,64,2,1,2048/3968/6016/7936/9984/11904/13952/15872/17920/19840/21888/23808/25856/27776/29824/31744/33792/35712/37760/39680/41728/43648/45696/47616/49664/51584/53632/55552/57600/59520/61568/63488,2048/3968/6016/7936/9984/11904/13952/15872/17920/19840/21888/23808/25856/27776/29824/31744/33792/35712/37760/39680/41728/43648/45696/47616/49664/51584/53632/55552/57600/59520/61568/63488,0,5,3,1,0,1,0,128,128,256,2,1,0,0,0,3,0,0,1
19742832936358704,0x46240080081330,1,SBH,FLOAT16,1,256,256,4,1,256,256,none,1,1nss,0,0,0.9,0,65536,65536,0,1,,,0,0,3,0,1,1,0,128,128,256,2,1,0,0,0,3,0,0,1
19742832936358832,0x462400800813b0,1,TND,FLOAT16,3,2048,2048,2,1,256,256,none,1,slope,2,0,0.9,0,0,128,0,1,1024/1792/3840,1024/1792/3840,0,0,3,1,1,1,0,128,128,256,2,1,0,0,0,3,0,0,1
19742832936358960,0x46240080081430,1,BSND,FLOAT16,2,1024,1024,2,1,256,256,bnss,0,,1,0,1.0,0,65536,65536,0,1,,,0,0,3,0,0,0,1,128,128,256,2,1,0,0,0,3,0,0,1
19742832936359088,0x462400800814b0,1,TND,FLOAT16,3,2048,128,2,1,256,256,2048,0,,1,0,1.0,4,65536,65536,0,1,1024/1280/3328,128/256/384,0,0,3,1,0,0,1,128,128,256,2,1,0,0,0,3,0,0,1
19742832936359092,0x462400800814b4,1,TND,FLOAT16,32,2560,2560,2,1,256,256,ss,0,,1,0,1.0,0,65536,65536,0,1,2048/4352/6912/8960/11264/13824/15872/18176/20736/22784/25088/27648/29696/32000/34560/36608/38912/41472/43520/45824/48384/50432/52736/55296/57344/59648/62208/64256/66560/69120/71168/73472,2048/4352/6912/8960/11264/13824/15872/18176/20736/22784/25088/27648/29696/32000/34560/36608/38912/41472/43520/45824/48384/50432/52736/55296/57344/59648/62208/64256/66560/69120/71168/73472,0,5,3,1,0,0,1,128,128,256,2,1,0,0,0,3,0,0,1
19742832936359216,0x46240080081530,1,BSH,FLOAT16,1,512,512,4,1,256,256,11ss,0,,1,0,0.9,0,65536,65536,0,1,,,0,0,3,0,1,0,1,128,128,256,2,1,0,0,0,3,0,0,1
19742832936359344,0x462400800815b0,1,TND,FLOAT16,3,2048,2048,2,1,256,256,2048,0,,1,0,0.9,0,65536,65536,0,1,1024/1792/3840,1024/1792/3840,0,0,3,1,1,0,1,128,128,256,2,1,0,0,0,3,0,0,1
19742832936359472,0x46240080081630,1,BSND,FLOAT16,2,1024,1024,2,1,256,256,ss,1,bnhs,1,0,1.0,0,65536,65536,0,1,,,0,0,3,0,0,1,1,128,128,256,2,1,0,0,0,3,0,0,1
19742832936359600,0x462400800816b0,1,TND,FLOAT16,16,1024,1024,8,1,256,256,2048,1,slope_n,3,0,1.0,1,1024,1,0,1,64/1088/1216/1728/2240/2304/2368/2368/2496/2560/2624/3136/3136/3136/3392/4416,0/256/768/1024/1024/1280/1280/1344/1408/1472/2496/3008/4032/5056/6080/6336,0,0,3,1,0,1,1,128,128,256,2,1,0,0,0,3,0,0,1
19742832936359604,0x462400800816b4,1,TND,FLOAT16,32,2048,2048,2,1,256,256,2048,1,slope_n,3,0,1.0,4,65536,65536,0,1,2048/3968/6016/7936/9984/11904/13952/15872/17920/19840/21888/23808/25856/27776/29824/31744/33792/35712/37760/39680/41728/43648/45696/47616/49664/51584/53632/55552/57600/59520/61568/63488,2048/3968/6016/7936/9984/11904/13952/15872/17920/19840/21888/23808/25856/27776/29824/31744/33792/35712/37760/39680/41728/43648/45696/47616/49664/51584/53632/55552/57600/59520/61568/63488,0,5,3,1,0,1,1,128,128,256,2,1,0,0,0,3,0,0,1
19742832936359728,0x46240080081730,1,BSND,FLOAT16,2,1024,1024,2,1,256,256,b1ss,1,bnhs,1,0,0.5,1,65536,65536,0,1,,,0,0,3,0,1,1,1,128,128,256,2,1,0,0,0,3,0,0,1
19742832936359856,0x462400800817b0,1,TND,FLOAT16,16,1024,1024,40,1,256,256,2048,1,slope_n,3,0,0.5,1,256,1,0,1,256/384/1408/1408/1408/1920/2432/2432/2688/2752/3008/3520/3584/4608/4672/4672,128/256/1280/1536/1664/1920/2048/2304/2560/3584/4096/4352/5376/5376/5888/6016,0,0,3,1,1,1,1,128,128,256,2,1,0,0,0,3,0,0,1
19742833473228848,0x462400a0081030,1,TND,FLOAT16,1,256,256,1,1,320,320,none,0,,1,0,1.0,2,65536,128,0,1,256,256,0,0,3,0,0,0,0,128,128,768,2,1,0,0,0,3,0,0,1
19742833473228976,0x462400a00810b0,1,TND,FLOAT16,3,2048,2048,2,1,320,320,none,0,,1,0,1.0,4,65536,65536,0,1,1024/1792/3840,1024/1792/3840,0,0,3,1,0,0,0,128,128,768,2,1,0,0,0,3,0,0,1
19742833473228980,0x462400a00810b4,1,TND,FLOAT16,32,2048,2560,2,1,512,512,none,0,,1,0,1.0,0,65536,65536,0,1,2048/4096/6144/8192/10240/12288/14336/16384/18432/20480/22528/24576/26624/28672/30720/32768/34816/36864/38912/40960/43008/45056/47104/49152/51200/53248/55296/57344/59392/61440/63488/65536,2048/4352/6912/8960/11264/13824/15872/18176/20736/23296/25600/28160/30208/32512/35072/37120/39424/41984/44032/46336/48896/50944/53248/55808/57856/60160/62720/64768/67072/69632/71680/73984,0,5,3,1,0,0,0,128,128,768,2,1,0,0,0,3,0,0,1
19742833473229104,0x462400a0081130,1,BSND,FLOAT16,1,256,256,1,1,320,320,none,0,,1,0,0.9,0,65536,65536,1,1,,,0,0,3,0,1,0,0,128,128,768,2,1,0,0,0,3,0,0,1
19742833473229232,0x462400a00811b0,1,TND,FLOAT16,3,2048,2048,2,1,320,320,none,0,,1,0,0.9,4,65536,128,0,1,1024/1792/3840,1024/1792/3840,0,0,3,1,1,0,0,128,128,768,2,1,0,0,0,3,0,0,1
19742833473229360,0x462400a0081230,1,BNSD,FLOAT16,1,512,2048,1,1,320,320,none,1,1nss,1,0,1.0,0,65536,65536,0,1,,,0,0,3,0,0,1,0,128,128,768,2,1,0,0,0,3,0,0,1
19742833473229488,0x462400a00812b0,1,TND,FLOAT16,3,2048,128,2,1,320,320,none,1,slope,2,0,1.0,2,65536,65536,0,1,1024/1280/3328,128/256/384,0,0,3,1,0,1,0,128,128,768,2,1,0,0,0,3,0,0,1
19742833473229492,0x462400a00812b4,1,TND,FLOAT16,32,2560,2560,2,1,512,512,none,1,slope_n,3,0,1.0,0,65536,65536,3,1,2048/4352/6912/8960/11264/13824/15872/18176/20736/22784/25088/27648/29696/32000/34560/36608/38912/41472/43520/45824/48384/50432/52736/55296/57344/59648/62208/64256/66560/69120/71168/73472,2048/4352/6912/8960/11264/13824/15872/18176/20736/22784/25088/27648/29696/32000/34560/36608/38912/41472/43520/45824/48384/50432/52736/55296/57344/59648/62208/64256/66560/69120/71168/73472,0,5,3,1,0,1,0,128,128,768,2,1,0,0,0,3,0,0,1
19742833473229616,0x462400a0081330,1,BSND,FLOAT16,8,256,256,1,1,320,320,none,1,slope_n,3,0,0.9,0,65536,65536,0,1,,,0,0,3,0,1,1,0,128,128,768,2,1,0,0,0,3,0,0,1
19742833473229744,0x462400a00813b0,1,TND,FLOAT16,2,2048,512,2,1,768,768,none,1,slope,2,0,0.9,3,65536,65536,0,1,2048/3968,512/896,0,0,3,1,1,1,0,128,128,768,2,1,0,0,0,3,0,0,1
19742833473229872,0x462400a0081430,1,BSH,FLOAT16,4,512,512,8,1,512,512,11ss,0,,1,0,1.0,0,65536,65536,0,1,,,0,0,3,0,0,0,1,128,128,768,2,1,0,0,0,3,0,0,1
19742833473230000,0x462400a00814b0,1,TND,FLOAT16,3,2048,2048,2,1,320,320,11ss,0,,1,0,1.0,4,65536,65536,0,1,1024/1792/3840,1024/1792/3840,0,0,3,1,0,0,1,128,128,768,2,1,0,0,0,3,0,0,1
19742833473230004,0x462400a00814b4,1,TND,FLOAT16,32,2560,2560,4,1,512,512,bnss,0,,1,0,1.0,0,65536,65536,0,1,2048/4352/6912/8960/11264/13824/15872/18176/20736/22784/25088/27648/29696/32000/34560/36608/38912/41472/43520/45824/48384/50432/52736/55296/57344/59648/62208/64256/66560/69120/71168/73472,2048/4352/6912/8960/11264/13824/15872/18176/20736/22784/25088/27648/29696/32000/34560/36608/38912/41472/43520/45824/48384/50432/52736/55296/57344/59648/62208/64256/66560/69120/71168/73472,0,5,3,1,0,0,1,128,128,768,2,1,0,0,0,3,0,0,1
19742833473230128,0x462400a0081530,1,TND,FLOAT16,2,1024,1024,2,1,320,320,bnss,0,,1,0,0.5,1,65536,65536,0,1,1024/2048,1024/2048,0,0,3,0,1,0,1,128,128,768,2,1,0,0,0,3,0,0,1
19742833473230256,0x462400a00815b0,1,TND,FLOAT16,3,128,4096,2,1,320,320,2048,0,,1,0,0.5,1,65536,65536,0,1,128/214/258,4096/8064/11904,0,0,3,1,1,0,1,128,128,768,2,1,0,0,0,3,0,0,1
19742833473230384,0x462400a0081630,1,BSND,FLOAT16,1,256,256,1,1,320,320,11ss,1,1nss,1,0,1.0,0,65536,65536,0,1,,,0,0,3,0,0,1,1,128,128,768,2,1,0,0,0,3,0,0,1
19742833473230512,0x462400a00816b0,1,TND,FLOAT16,3,2048,2048,4,1,320,320,2048,1,slope,2,0,1.0,0,65536,65536,0,1,1024/1792/3840,1024/1792/3840,0,0,3,1,0,1,1,128,128,768,2,1,0,0,0,3,0,0,1
19742833473230516,0x462400a00816b4,1,TND,FLOAT16,32,2560,2560,2,1,512,512,bnss,1,slope_n,3,0,1.0,0,65536,65536,3,1,2048/4352/6912/8960/11264/13824/15872/18176/20736/22784/25088/27648/29696/32000/34560/36608/38912/41472/43520/45824/48384/50432/52736/55296/57344/59648/62208/64256/66560/69120/71168/73472,2048/4352/6912/8960/11264/13824/15872/18176/20736/22784/25088/27648/29696/32000/34560/36608/38912/41472/43520/45824/48384/50432/52736/55296/57344/59648/62208/64256/66560/69120/71168/73472,0,5,3,1,0,1,1,128,128,768,2,1,0,0,0,3,0,0,1
19742833473230640,0x462400a0081730,1,BSND,FLOAT16,2,1024,1024,2,1,320,320,b1ss,1,bnhs,1,0,0.5,0,65536,65536,0,1,,,0,0,3,0,1,1,1,128,128,768,2,1,0,0,0,3,0,0,1
19742833473230768,0x462400a00817b0,1,TND,FLOAT16,4,1024,1024,40,1,512,512,b1ss,1,slope_n,3,0,0.9,1,512,256,3,1,1024/1536/2560/2624,0/256/1280/1536,0,0,3,1,1,1,1,128,128,768,2,1,0,0,0,3,0,0,1
19745030349001776,0x46260020081430,1,BSH,FLOAT16,4,512,2048,8,1,64,64,2048,0,,1,0,1.0,2,128,0,0,1,,,0,0,3,0,0,0,1,128,128,64,3,1,0,0,0,3,0,0,1
19745030349001904,0x462600200814b0,1,TND,FLOAT16,8,2048,2048,2,1,64,64,2048,0,,1,0,1.0,2,128,0,0,1,2048/3968/6016/7936/9984/11904/13952/15872,2048/3968/6016/7936/9984/11904/13952/15872,0,0,3,1,0,0,1,128,128,64,3,1,0,0,0,3,0,0,1
19745030349002032,0x46260020081530,1,BSH,FLOAT16,1,512,512,4,1,64,64,2048,0,,1,0,0.9,2,128,0,0,1,,,0,0,3,0,1,0,1,128,128,64,3,1,0,0,0,3,0,0,1
19745030349002160,0x462600200815b0,1,TND,FLOAT16,3,2048,2048,2,1,64,64,2048,0,,1,0,0.9,2,65536,65536,0,1,1024/1792/3840,1024/1792/3840,0,0,3,1,1,0,1,128,128,64,3,1,0,0,0,3,0,0,1
19745030349002288,0x46260020081630,1,BSH,FLOAT16,4,512,512,4,1,64,64,2048,1,bnss,1,0,1.0,2,128,0,0,1,,,0,0,3,0,0,1,1,128,128,64,3,1,0,0,0,3,0,0,1
19745030349002416,0x462600200816b0,1,TND,FLOAT16,3,512,512,2,1,64,64,2048,1,slope,2,0,1.0,2,65536,65536,0,1,512/896/1152,512/896/1152,0,0,3,1,0,1,1,128,128,64,3,1,0,0,0,3,0,0,1
19745030349002544,0x46260020081730,1,BSH,FLOAT16,24,512,512,4,1,64,64,2048,1,bnss,1,0,0.5,2,128,0,0,1,,,0,0,3,0,1,1,1,128,128,64,3,1,0,0,0,3,0,0,1
19745030349002672,0x462600200817b0,1,TND,FLOAT16,3,2048,2048,2,1,64,64,2048,1,bnhs,1,0,0.5,2,128,0,0,1,1024/1792/3840,1024/1792/3840,0,0,3,1,1,1,1,128,128,64,3,1,0,0,0,3,0,0,1
19745030885872688,0x46260040081430,1,BSND,FLOAT16,24,512,512,2,1,128,128,2048,0,,1,0,1.0,2,128,0,0,1,,,0,0,3,0,0,0,1,128,128,128,3,1,0,0,0,3,0,0,1
19745030885872816,0x462600400814b0,1,TND,FLOAT16,2,1024,1024,2,1,128,128,2048,0,,1,0,1.0,2,128,0,0,1,1024/1024,1024/1024,0,0,3,1,0,0,1,128,128,128,3,1,0,0,0,3,0,0,1
19745030885872944,0x46260040081530,1,SBH,FLOAT16,1,256,256,1,1,128,128,2048,0,,1,0,0.9,2,128,0,0,1,,,0,0,3,0,1,0,1,128,128,128,3,1,0,0,0,3,0,0,1
19745030885873072,0x462600400815b0,1,TND,FLOAT16,3,2048,2048,2,1,128,128,2048,0,,1,0,0.9,2,65536,65536,0,1,1024/1792/3840,1024/1792/3840,0,0,3,1,1,0,1,128,128,128,3,1,0,0,0,3,0,0,1
19745030885873200,0x46260040081630,1,BSND,FLOAT16,2,1024,1024,2,1,128,128,2048,1,slope_n,3,0,1.0,2,128,0,0,1,,,0,0,3,0,0,1,1,128,128,128,3,1,0,0,0,3,0,0,1
19745030885873328,0x462600400816b0,1,TND,FLOAT16,32,2048,2048,2,1,128,128,2048,1,bnhs,1,0,1.0,2,128,0,0,1,2048/3968/6016/7936/9984/11904/13952/15872/17920/19840/21888/23808/25856/27776/29824/31744/33792/35712/37760/39680/41728/43648/45696/47616/49664/51584/53632/55552/57600/59520/61568/63488,2048/3968/6016/7936/9984/11904/13952/15872/17920/19840/21888/23808/25856/27776/29824/31744/33792/35712/37760/39680/41728/43648/45696/47616/49664/51584/53632/55552/57600/59520/61568/63488,0,0,3,1,0,1,1,128,128,128,3,1,0,0,0,3,0,0,1
19745030885873456,0x46260040081730,1,BSND,FLOAT16,2,512,512,2,1,128,128,2048,1,b1ss,1,0,0.9,2,128,0,0,1,,,0,0,3,0,1,1,1,128,128,128,3,1,0,0,0,3,0,0,1
19745030885873584,0x462600400817b0,1,TND,FLOAT16,32,2048,2048,2,1,128,128,2048,1,bnhs,1,0,0.5,2,128,0,0,1,2048/3968/6016/7936/9984/11904/13952/15872/17920/19840/21888/23808/25856/27776/29824/31744/33792/35712/37760/39680/41728/43648/45696/47616/49664/51584/53632/55552/57600/59520/61568/63488,2048/3968/6016/7936/9984/11904/13952/15872/17920/19840/21888/23808/25856/27776/29824/31744/33792/35712/37760/39680/41728/43648/45696/47616/49664/51584/53632/55552/57600/59520/61568/63488,0,0,3,1,1,1,1,128,128,128,3,1,0,0,0,3,0,0,1
19745031422743600,0x46260060081430,1,SBH,FLOAT16,1,256,256,1,1,192,192,2048,0,,1,0,1.0,2,128,0,0,1,,,0,0,3,0,0,0,1,128,128,192,3,1,0,0,0,3,0,0,1
19745031422743728,0x462600600814b0,1,TND,FLOAT16,3,2048,2048,2,1,192,192,11ss,0,,1,0,1.0,2,65536,65536,0,1,1024/1792/3840,1024/1792/3840,0,0,3,1,0,0,1,128,128,192,3,1,0,0,0,3,0,0,1
19745031422743856,0x46260060081530,1,SBH,FLOAT16,1,128,1024,1,1,192,192,2048,0,,1,0,0.5,2,128,0,0,1,,,0,0,3,0,1,0,1,128,128,192,3,1,0,0,0,3,0,0,1
19745031422743984,0x462600600815b0,1,TND,FLOAT16,3,2048,1024,2,1,192,192,2048,0,,1,0,0.9,2,128,0,0,1,2048/3968/5760,1024/1920/2688,0,0,3,1,1,0,1,128,128,192,3,1,0,0,0,3,0,0,1
19745031422744112,0x46260060081630,1,BSH,FLOAT16,4,512,512,4,1,192,192,2048,1,bnss,1,0,1.0,2,128,0,0,1,,,0,0,3,0,0,1,1,128,128,192,3,1,0,0,0,3,0,0,1
19745031422744240,0x462600600816b0,1,TND,FLOAT16,3,2048,2048,2,1,192,192,11ss,1,slope,2,0,1.0,3,65536,65536,0,1,1024/1792/3840,1024/1792/3840,0,0,3,1,0,1,1,128,128,192,3,1,0,0,0,3,0,0,1
19745031422744368,0x46260060081730,1,SBH,FLOAT16,1,128,1024,1,1,192,192,2048,1,1nss,1,0,0.5,2,128,0,0,1,,,0,0,3,0,1,1,1,128,128,192,3,1,0,0,0,3,0,0,1
19745031422744496,0x462600600817b0,1,TND,FLOAT16,3,2048,1024,2,1,192,192,2048,1,1nhs,1,0,0.9,2,128,0,0,1,2048/3968/5760,1024/1920/2688,0,0,3,1,1,1,1,128,128,192,3,1,0,0,0,3,0,0,1
19745031959614512,0x46260080081430,1,BSH,FLOAT16,4,512,512,8,1,256,256,2048,0,,1,0,1.0,2,128,0,0,1,,,0,0,3,0,0,0,1,128,128,256,3,1,0,0,0,3,0,0,1
19745031959614640,0x462600800814b0,1,TND,FLOAT16,3,2048,2048,2,1,256,256,2048,0,,1,0,1.0,2,128,1024,0,1,1024/1792/3840,1024/1792/3840,0,0,3,1,0,0,1,128,128,256,3,1,0,0,0,3,0,0,1
19745031959614768,0x46260080081530,1,BSH,FLOAT16,4,512,4096,8,1,256,256,2048,0,,1,0,0.5,2,128,0,0,1,,,0,0,3,0,1,0,1,128,128,256,3,1,0,0,0,3,0,0,1
19745031959614896,0x462600800815b0,1,TND,FLOAT16,3,2048,2048,2,1,256,256,2048,0,,1,0,0.9,2,65536,65536,0,1,1024/1792/3840,1024/1792/3840,0,0,3,1,1,0,1,128,128,256,3,1,0,0,0,3,0,0,1
19745031959615024,0x46260080081630,1,TND,FLOAT16,1,1024,128,2,1,256,256,2048,1,slope_n,2,0,1.0,2,128,0,0,1,1024,128,0,0,3,0,0,1,1,128,128,256,3,1,0,0,0,3,0,0,1
19745031959615152,0x462600800816b0,1,TND,FLOAT16,3,2048,2048,2,1,256,256,2048,1,slope_n,2,0,1.0,2,128,0,0,1,1024/1792/3840,1024/1792/3840,0,0,3,1,0,1,1,128,128,256,3,1,0,0,0,3,0,0,1
19745031959615280,0x46260080081730,1,BSH,FLOAT16,4,512,4096,8,1,256,256,2048,1,bnss,1,0,0.5,2,128,0,0,1,,,0,0,3,0,1,1,1,128,128,256,3,1,0,0,0,3,0,0,1
19745031959615408,0x462600800817b0,1,TND,FLOAT16,3,2048,2048,2,1,256,256,2048,1,1nhs,1,0,0.9,2,65536,65536,0,1,1024/1792/3840,1024/1792/3840,0,0,3,1,1,1,1,128,128,256,3,1,0,0,0,3,0,0,1
19745032496485424,0x462600a0081430,1,BSND,FLOAT16,2,512,128,2,1,512,512,2048,0,,1,0,1.0,2,128,0,0,1,,,0,0,3,0,0,0,1,128,128,768,3,1,0,0,0,3,0,0,1
19745032496485552,0x462600a00814b0,1,TND,FLOAT16,48,512,512,4,1,320,320,2048,0,,1,0,1.0,2,128,0,0,1,512/512/512/512/512/512/512/512/512/512/512/512/512/512/512/512/512/512/512/512/512/512/512/512/512/512/512/512/512/512/512/512/512/512/512/512/512/512/512/512/512/512/512/512/512/512/512/512,512/512/512/512/512/512/512/512/512/512/512/512/512/512/512/512/512/512/512/512/512/512/512/512/512/512/512/512/512/512/512/512/512/512/512/512/512/512/512/512/512/512/512/512/512/512/512/512,0,0,3,1,0,0,1,128,128,768,3,1,0,0,0,3,0,0,1
19745032496485680,0x462600a0081530,1,BSND,FLOAT16,2,1024,1024,2,1,320,320,2048,0,,1,0,0.9,2,128,0,0,1,,,0,0,3,0,1,0,1,128,128,768,3,1,0,0,0,3,0,0,1
19745032496485808,0x462600a00815b0,1,TND,FLOAT16,48,512,512,4,1,320,320,2048,0,,1,0,0.5,2,128,0,0,1,512/512/512/512/512/512/512/512/512/512/512/512/512/512/512/512/512/512/512/512/512/512/512/512/512/512/512/512/512/512/512/512/512/512/512/512/512/512/512/512/512/512/512/512/512/512/512/512,512/512/512/512/512/512/512/512/512/512/512/512/512/512/512/512/512/512/512/512/512/512/512/512/512/512/512/512/512/512/512/512/512/512/512/512/512/512/512/512/512/512/512/512/512/512/512/512,0,0,3,1,1,0,1,128,128,768,3,1,0,0,0,3,0,0,1
19745032496485936,0x462600a0081630,1,BSH,FLOAT16,4,512,512,4,1,320,320,2048,1,bnss,1,0,1.0,2,128,0,0,1,,,0,0,3,0,0,1,1,128,128,768,3,1,0,0,0,3,0,0,1
19745032496486064,0x462600a00816b0,1,TND,FLOAT16,3,512,2048,2,1,512,512,2048,1,bnhs,1,0,1.0,2,128,0,0,1,512/896/1152,2048/3968/5760,0,0,3,1,0,1,1,128,128,768,3,1,0,0,0,3,0,0,1
19745032496486192,0x462600a0081730,1,BSH,FLOAT16,48,512,1024,4,1,320,320,2048,1,bnss,1,0,0.5,2,128,0,0,1,,,0,0,3,0,1,1,1,128,128,768,3,1,0,0,0,3,0,0,1
19745032496486320,0x462600a00817b0,1,TND,FLOAT16,3,512,2048,2,1,512,512,2048,1,bnhs,1,0,0.5,2,128,0,0,1,512/896/1152,2048/3968/5760,0,0,3,1,1,1,1,128,128,768,3,1,0,0,0,3,0,0,1
19747229372257328,0x46280020081430,1,BSH,FLOAT16,4,512,512,4,1,64,64,2048,0,,1,0,1.0,3,128,0,0,1,,,0,0,3,0,0,0,1,128,128,64,4,1,0,0,0,3,0,0,1
19747229372257456,0x462800200814b0,1,TND,FLOAT16,8,2048,2048,2,1,64,64,2048,0,,1,0,1.0,0,128,0,0,1,2048/3968/6016/7936/9984/11904/13952/15872,2048/3968/6016/7936/9984/11904/13952/15872,0,0,3,1,0,0,1,128,128,64,4,1,0,0,0,3,0,0,1
19747229372257460,0x462800200814b4,1,TND,FLOAT16,32,2048,2048,2,1,32,32,2048,0,,0,0,1.0,0,0,1024,0,1,2048/3968/6016/7936/9984/11904/13952/15872/17920/19840/21888/23808/25856/27776/29824/31744/33792/35712/37760/39680/41728/43648/45696/47616/49664/51584/53632/55552/57600/59520/61568/63488,2048/3968/6016/7936/9984/11904/13952/15872/17920/19840/21888/23808/25856/27776/29824/31744/33792/35712/37760/39680/41728/43648/45696/47616/49664/51584/53632/55552/57600/59520/61568/63488,0,5,3,1,0,0,1,128,128,64,4,1,0,0,0,3,0,0,1
19747229372257584,0x46280020081530,1,BSND,FLOAT16,48,1024,1024,2,1,64,64,2048,0,,1,0,0.9,3,128,0,0,1,,,0,0,3,0,1,0,1,128,128,64,4,1,0,0,0,3,0,0,1
19747229372257712,0x462800200815b0,1,TND,FLOAT16,3,4096,512,2,1,64,64,2048,0,,1,0,0.9,0,128,0,0,1,4096/8064/11904,512/896/1152,0,0,3,1,1,0,1,128,128,64,4,1,0,0,0,3,0,0,1
19747229372257716,0x462800200815b4,1,TND,FLOAT16,32,2560,2560,2,1,64,64,2048,0,,1,0,0.9,0,128,1024,0,1,2048/4352/6912/8960/11264/13824/15872/18176/20736/22784/25088/27648/29696/32000/34560/36608/38912/41472/43520/45824/48384/50432/52736/55296/57344/59648/62208/64256/66560/69120/71168/73472,2048/4352/6912/8960/11264/13824/15872/18176/20736/22784/25088/27648/29696/32000/34560/36608/38912/41472/43520/45824/48384/50432/52736/55296/57344/59648/62208/64256/66560/69120/71168/73472,0,5,3,1,1,0,1,128,128,64,4,1,0,0,0,3,0,0,1
19747229372257840,0x46280020081630,1,BSND,FLOAT16,2,1024,1024,2,1,64,64,2048,1,1nhs,1,0,1.0,3,128,0,0,1,,,0,0,3,0,0,1,1,128,128,64,4,1,0,0,0,3,0,0,1
19747229372257968,0x462800200816b0,1,TND,FLOAT16,2,1024,128,2,1,64,64,2048,1,bnhs,1,0,1.0,3,128,0,0,1,1024/1792,128/256,0,0,3,1,0,1,1,128,128,64,4,1,0,0,0,3,0,0,1
19747229372257972,0x462800200816b4,1,TND,FLOAT16,3,2048,2048,40,1,32,32,2048,1,slope,2,0,1.0,4,128,65536,0,1,1024/1792/3840,1024/1792/3840,0,5,3,1,0,1,1,128,128,64,4,1,0,0,0,3,0,0,1
19747229372258096,0x46280020081730,1,BSH,FLOAT16,4,64,512,4,1,64,64,2048,1,b1ss,1,0,0.9,3,128,0,0,1,,,0,0,3,0,1,1,1,128,128,64,4,1,0,0,0,3,0,0,1
19747229372258224,0x462800200817b0,1,TND,FLOAT16,16,1024,1024,1,1,16,16,2048,1,slope_n,2,0,0.9,3,512,512,0,1,0/1024/1024/1536/2048/2304/2816/2944/3072/3584/3712/3776/3840/3904/3904/4160,0/1024/1088/2112/2624/2752/2752/3776/4288/4416/4544/4800/4800/4800/4800/5056,0,0,3,1,1,1,1,128,128,64,4,1,0,0,0,3,0,0,1
19747229372258228,0x462800200817b4,1,TND,FLOAT16,32,2048,2048,2,1,64,64,2048,1,slope_n,3,0,0.5,4,128,65536,0,1,2048/3968/6016/7936/9984/11904/13952/15872/17920/19840/21888/23808/25856/27776/29824/31744/33792/35712/37760/39680/41728/43648/45696/47616/49664/51584/53632/55552/57600/59520/61568/63488,2048/3968/6016/7936/9984/11904/13952/15872/17920/19840/21888/23808/25856/27776/29824/31744/33792/35712/37760/39680/41728/43648/45696/47616/49664/51584/53632/55552/57600/59520/61568/63488,0,5,3,1,1,1,1,128,128,64,4,1,0,0,0,3,0,0,1
19747229909128240,0x46280040081430,1,BSND,FLOAT16,2,2048,512,2,1,128,128,2048,0,,1,0,1.0,3,128,0,0,1,,,0,0,3,0,0,0,1,128,128,128,4,1,0,0,0,3,0,0,1
19747229909128368,0x462800400814b0,1,TND,FLOAT16,3,512,64,2,1,128,128,2048,0,,1,0,1.0,0,128,0,0,1,512/896/1152,64/107/129,0,0,3,1,0,0,1,128,128,128,4,1,0,0,0,3,0,0,1
19747229909128372,0x462800400814b4,1,TND,FLOAT16,32,2560,2560,2,1,128,128,bnss,0,,1,0,1.0,0,65536,1024,0,1,2048/4352/6912/8960/11264/13824/15872/18176/20736/22784/25088/27648/29696/32000/34560/36608/38912/41472/43520/45824/48384/50432/52736/55296/57344/59648/62208/64256/66560/69120/71168/73472,2048/4352/6912/8960/11264/13824/15872/18176/20736/22784/25088/27648/29696/32000/34560/36608/38912/41472/43520/45824/48384/50432/52736/55296/57344/59648/62208/64256/66560/69120/71168/73472,0,5,3,1,0,0,1,128,128,128,4,1,0,0,0,3,0,0,1
19747229909128496,0x46280040081530,1,BSND,FLOAT16,24,512,512,2,1,128,128,2048,0,,1,0,0.9,3,128,0,0,1,,,0,0,3,0,1,0,1,128,128,128,4,1,0,0,0,3,0,0,1
19747229909128624,0x462800400815b0,1,TND,FLOAT16,24,1024,512,2,1,128,128,2048,0,,1,0,0.9,3,128,0,0,1,1024/1024/1024/1024/1024/1024/1024/1024/1024/1024/1024/1024/1024/1024/1024/1024/1024/1024/1024/1024/1024/1024/1024/1024,512/512/512/512/512/512/512/512/512/512/512/512/512/512/512/512/512/512/512/512/512/512/512/512,0,0,3,1,1,0,1,128,128,128,4,1,0,0,0,3,0,0,1
19747229909128628,0x462800400815b4,1,TND,FLOAT16,32,2560,2560,2,1,128,128,2048,0,,1,0,0.9,0,128,1024,0,1,2048/4352/6912/8960/11264/13824/15872/18176/20736/22784/25088/27648/29696/32000/34560/36608/38912/41472/43520/45824/48384/50432/52736/55296/57344/59648/62208/64256/66560/69120/71168/73472,2048/4352/6912/8960/11264/13824/15872/18176/20736/22784/25088/27648/29696/32000/34560/36608/38912/41472/43520/45824/48384/50432/52736/55296/57344/59648/62208/64256/66560/69120/71168/73472,0,5,3,1,1,0,1,128,128,128,4,1,0,0,0,3,0,0,1
19747229909128752,0x46280040081630,1,BSND,FLOAT16,2,1024,512,2,1,128,128,2048,1,1nhs,1,0,1.0,3,128,0,0,1,,,0,0,3,0,0,1,1,128,128,128,4,1,0,0,0,3,0,0,1
19747229909128880,0x462800400816b0,1,TND,FLOAT16,3,2048,4096,8,1,96,96,2048,1,slope,3,0,1.0,0,128,0,0,1,1024/1024/3072,2048/3584/7680,0,0,3,1,0,1,1,128,128,128,4,1,0,0,0,3,0,0,1
19747229909128884,0x462800400816b4,1,TND,FLOAT16,32,2048,2048,2,1,72,72,2048,1,slope_n,3,0,1.0,4,1024,65536,0,1,2048/3968/6016/7936/9984/11904/13952/15872/17920/19840/21888/23808/25856/27776/29824/31744/33792/35712/37760/39680/41728/43648/45696/47616/49664/51584/53632/55552/57600/59520/61568/63488,2048/3968/6016/7936/9984/11904/13952/15872/17920/19840/21888/23808/25856/27776/29824/31744/33792/35712/37760/39680/41728/43648/45696/47616/49664/51584/53632/55552/57600/59520/61568/63488,0,5,3,1,0,1,1,128,128,128,4,1,0,0,0,3,0,0,1
19747229909129008,0x46280040081730,1,BSND,FLOAT16,2,512,512,2,1,128,128,2048,1,b1ss,1,0,0.9,3,128,0,0,1,,,0,0,3,0,1,1,1,128,128,128,4,1,0,0,0,3,0,0,1
19747229909129136,0x462800400817b0,1,TND,FLOAT16,3,1024,128,2,1,128,128,2048,1,bnhs,1,0,0.5,3,65536,128,0,1,512/896/1920,128/256/384,0,0,3,1,1,1,1,128,128,128,4,1,0,0,0,3,0,0,1
19747229909129140,0x462800400817b4,1,TND,FLOAT16,32,2560,2560,2,1,128,128,2048,1,slope,2,0,0.5,0,128,1024,0,1,2048/4352/6912/8960/11264/13824/15872/18176/20736/22784/25088/27648/29696/32000/34560/36608/38912/41472/43520/45824/48384/50432/52736/55296/57344/59648/62208/64256/66560/69120/71168/73472,2048/4352/6912/8960/11264/13824/15872/18176/20736/22784/25088/27648/29696/32000/34560/36608/38912/41472/43520/45824/48384/50432/52736/55296/57344/59648/62208/64256/66560/69120/71168/73472,0,5,3,1,1,1,1,128,128,128,4,1,0,0,0,3,0,0,1
19747230445999152,0x46280060081430,1,BSH,FLOAT16,24,512,512,4,1,192,192,2048,0,,1,0,1.0,3,128,0,0,1,,,0,0,3,0,0,0,1,128,128,192,4,1,0,0,0,3,0,0,1
19747230445999280,0x462800600814b0,1,TND,FLOAT16,3,4096,2048,2,1,192,192,2048,0,,1,0,1.0,0,128,0,0,1,4096/8064/11904,2048/3968/5760,0,0,3,1,0,0,1,128,128,192,4,1,0,0,0,3,0,0,1
19747230445999284,0x462800600814b4,1,TND,FLOAT16,32,2560,2560,2,1,192,192,ss,0,,1,0,1.0,0,65536,128,0,1,2048/4352/6912/8960/11264/13824/15872/18176/20736/22784/25088/27648/29696/32000/34560/36608/38912/41472/43520/45824/48384/50432/52736/55296/57344/59648/62208/64256/66560/69120/71168/73472,2048/4352/6912/8960/11264/13824/15872/18176/20736/22784/25088/27648/29696/32000/34560/36608/38912/41472/43520/45824/48384/50432/52736/55296/57344/59648/62208/64256/66560/69120/71168/73472,0,5,3,1,0,0,1,128,128,192,4,1,0,0,0,3,0,0,1
19747230445999408,0x46280060081530,1,BNSD,FLOAT16,1,256,256,1,1,192,192,2048,0,,2,0,0.5,3,128,0,0,1,,,0,0,3,0,1,0,1,128,128,192,4,1,0,0,0,3,0,0,1
19747230445999536,0x462800600815b0,1,TND,FLOAT16,3,2048,1024,2,1,192,192,2048,0,,1,0,0.9,0,128,0,0,1,2048/3968/5760,1024/1920/2688,0,0,3,1,1,0,1,128,128,192,4,1,0,0,0,3,0,0,1
19747230445999664,0x46280060081630,1,BSND,FLOAT16,2,1024,512,2,1,192,192,2048,1,1nhs,1,0,1.0,4,128,65536,0,1,,,0,0,3,0,0,1,1,128,128,192,4,1,0,0,0,3,0,0,1
19747230445999792,0x462800600816b0,1,TND,FLOAT16,2,4096,4096,8,1,144,144,bnss,1,slope_n,3,0,1.0,0,512,65536,0,1,4096/4096,4096/4096,0,0,3,1,0,1,1,128,128,192,4,1,0,0,0,3,0,0,1
19747230445999796,0x462800600816b4,1,TND,FLOAT16,32,2048,2048,12,1,192,192,2048,1,slope_n,3,0,1.0,0,65536,256,3,1,2048/3968/6016/7936/9984/11904/13952/15872/17920/19840/21888/23808/25856/27776/29824/31744/33792/35712/37760/39680/41728/43648/45696/47616/49664/51584/53632/55552/57600/59520/61568/63488,2048/3968/6016/7936/9984/11904/13952/15872/17920/19840/21888/23808/25856/27776/29824/31744/33792/35712/37760/39680/41728/43648/45696/47616/49664/51584/53632/55552/57600/59520/61568/63488,0,5,3,1,0,1,1,128,128,192,4,1,0,0,0,3,0,0,1
19747230445999920,0x46280060081730,1,BSND,FLOAT16,2,1024,512,2,1,192,192,2048,1,1nhs,1,0,0.5,4,128,65536,0,1,,,0,0,3,0,1,1,1,128,128,192,4,1,0,0,0,3,0,0,1
19747230446000048,0x462800600817b0,1,TND,FLOAT16,3,2048,1024,2,1,192,192,2048,1,slope,2,0,0.5,3,128,0,0,1,2048/3968/5760,1024/1920/2688,0,0,3,1,1,1,1,128,128,192,4,1,0,0,0,3,0,0,1
19747230982870064,0x46280080081430,1,BSND,FLOAT16,2,1024,1024,2,1,256,256,2048,0,,1,0,1.0,3,128,0,0,1,,,0,0,3,0,0,0,1,128,128,256,4,1,0,0,0,3,0,0,1
19747230982870192,0x462800800814b0,1,TND,FLOAT16,3,4096,2048,2,1,256,256,2048,0,,1,0,1.0,0,128,0,0,1,4096/8064/11904,2048/3968/5760,0,0,3,1,0,0,1,128,128,256,4,1,0,0,0,3,0,0,1
19747230982870196,0x462800800814b4,1,TND,FLOAT16,32,2560,2560,2,1,256,256,ss,0,,1,0,1.0,0,65536,2048,0,1,2048/4352/6912/8960/11264/13824/15872/18176/20736/22784/25088/27648/29696/32000/34560/36608/38912/41472/43520/45824/48384/50432/52736/55296/57344/59648/62208/64256/66560/69120/71168/73472,2048/4352/6912/8960/11264/13824/15872/18176/20736/22784/25088/27648/29696/32000/34560/36608/38912/41472/43520/45824/48384/50432/52736/55296/57344/59648/62208/64256/66560/69120/71168/73472,0,5,3,1,0,0,1,128,128,256,4,1,0,0,0,3,0,0,1
19747230982870320,0x46280080081530,1,BSH,FLOAT16,4,512,512,8,1,256,256,2048,0,,1,0,0.9,3,128,0,0,1,,,0,0,3,0,1,0,1,128,128,256,4,1,0,0,0,3,0,0,1
19747230982870448,0x462800800815b0,1,TND,FLOAT16,3,2048,128,2,1,256,256,2048,0,,1,0,0.5,3,128,0,0,1,1536/2304/4352,128/256/384,0,0,3,1,1,0,1,128,128,256,4,1,0,0,0,3,0,0,1
19747230982870576,0x46280080081630,1,BSND,FLOAT16,1,1024,1024,2,1,256,256,2048,1,slope,2,0,1.0,3,128,0,0,1,,,0,0,3,0,0,1,1,128,128,256,4,1,0,0,0,3,0,0,1
19747230982870704,0x462800800816b0,1,TND,FLOAT16,3,512,2048,2,1,256,256,2048,1,bnhs,1,0,1.0,3,128,0,0,1,512/896/1152,2048/3968/5760,0,0,3,1,0,1,1,128,128,256,4,1,0,0,0,3,0,0,1
19747230982870708,0x462800800816b4,1,TND,FLOAT16,32,2048,2048,2,1,256,256,2048,1,slope_n,3,0,1.0,4,0,128,0,1,2048/3968/6016/7936/9984/11904/13952/15872/17920/19840/21888/23808/25856/27776/29824/31744/33792/35712/37760/39680/41728/43648/45696/47616/49664/51584/53632/55552/57600/59520/61568/63488,2048/3968/6016/7936/9984/11904/13952/15872/17920/19840/21888/23808/25856/27776/29824/31744/33792/35712/37760/39680/41728/43648/45696/47616/49664/51584/53632/55552/57600/59520/61568/63488,0,5,3,1,0,1,1,128,128,256,4,1,0,0,0,3,0,0,1
19747230982870832,0x46280080081730,1,BSND,FLOAT16,2,512,512,2,1,256,256,2048,1,slope,2,0,0.5,3,128,0,0,1,,,0,0,3,0,1,1,1,128,128,256,4,1,0,0,0,3,0,0,1
19747230982870960,0x462800800817b0,1,TND,FLOAT16,3,512,2048,2,1,256,256,2048,1,bnhs,1,0,0.5,3,128,0,0,1,512/896/1152,2048/3968/5760,0,0,3,1,1,1,1,128,128,256,4,1,0,0,0,3,0,0,1
19747231519740976,0x462800a0081430,1,BSH,FLOAT16,4,256,32,4,1,320,320,2048,0,,1,0,1.0,4,128,0,0,1,,,0,0,3,0,0,0,1,128,128,768,4,1,0,0,0,3,0,0,1
19747231519741104,0x462800a00814b0,1,TND,FLOAT16,3,4096,2048,2,1,512,512,2048,0,,1,0,1.0,0,128,0,0,1,4096/8064/11904,2048/3968/5760,0,0,3,1,0,0,1,128,128,768,4,1,0,0,0,3,0,0,1
19747231519741108,0x462800a00814b4,1,TND,FLOAT16,32,2048,2048,2,1,512,512,2048,0,,2,0,1.0,4,1024,65536,0,1,2048/3968/6016/7936/9984/11904/13952/15872/17920/19840/21888/23808/25856/27776/29824/31744/33792/35712/37760/39680/41728/43648/45696/47616/49664/51584/53632/55552/57600/59520/61568/63488,2048/3968/6016/7936/9984/11904/13952/15872/17920/19840/21888/23808/25856/27776/29824/31744/33792/35712/37760/39680/41728/43648/45696/47616/49664/51584/53632/55552/57600/59520/61568/63488,0,5,3,1,0,0,1,128,128,768,4,1,0,0,0,3,0,0,1
19747231519741232,0x462800a0081530,1,BSND,FLOAT16,2,1024,1024,2,1,512,512,2048,0,,1,0,0.9,3,0,0,0,1,,,0,0,3,0,1,0,1,128,128,768,4,1,0,0,0,3,0,0,1
19747231519741360,0x462800a00815b0,1,TND,FLOAT16,3,4096,2048,2,1,512,512,2048,0,,1,0,0.5,0,128,0,0,1,4096/8064/11904,2048/3968/5760,0,0,3,1,1,0,1,128,128,768,4,1,0,0,0,3,0,0,1
19747231519741488,0x462800a0081630,1,BSH,FLOAT16,4,512,512,4,1,320,320,2048,1,1nss,1,0,1.0,4,128,0,0,1,,,0,0,3,0,0,1,1,128,128,768,4,1,0,0,0,3,0,0,1
19747231519741616,0x462800a00816b0,1,TND,FLOAT16,3,512,2048,2,1,512,512,2048,1,bnhs,1,0,1.0,3,128,0,0,1,512/896/1152,2048/3968/5760,0,0,3,1,0,1,1,128,128,768,4,1,0,0,0,3,0,0,1
19747231519741620,0x462800a00816b4,1,TND,FLOAT16,32,2048,2048,2,1,512,512,2048,1,slope_n,2,0,1.0,4,1024,65536,0,1,2048/3968/6016/7936/9984/11904/13952/15872/17920/19840/21888/23808/25856/27776/29824/31744/33792/35712/37760/39680/41728/43648/45696/47616/49664/51584/53632/55552/57600/59520/61568/63488,2048/3968/6016/7936/9984/11904/13952/15872/17920/19840/21888/23808/25856/27776/29824/31744/33792/35712/37760/39680/41728/43648/45696/47616/49664/51584/53632/55552/57600/59520/61568/63488,0,5,3,1,0,1,1,128,128,768,4,1,0,0,0,3,0,0,1
19747231519741744,0x462800a0081730,1,SBH,FLOAT16,1,256,256,1,1,768,768,2048,1,b1ss,0,0,0.9,4,128,0,0,1,,,0,0,3,0,1,1,1,128,128,768,4,1,0,0,0,3,0,0,1
19747231519741872,0x462800a00817b0,1,TND,FLOAT16,3,512,2048,2,1,512,512,2048,1,bnhs,1,0,0.5,3,128,0,0,1,512/896/1152,2048/3968/5760,0,0,3,1,1,1,1,128,128,768,4,1,0,0,0,3,0,0,1
19773617651322930,0x46400020081032,1,BSH,FLOAT16,48,512,512,4,1,64,64,none,0,,1,0,1.0,2,128,0,0,1,,,0,1,3,0,0,0,0,128,128,64,0,0,1,0,0,3,0,0,1
19773617651323186,0x46400020081132,1,BSH,FLOAT16,48,512,512,4,1,64,64,none,0,,1,0,0.5,2,128,0,0,1,,,0,1,3,0,1,0,0,128,128,64,0,0,1,0,0,3,0,0,1
19773617651323442,0x46400020081232,1,BSH,FLOAT16,48,512,512,4,1,64,64,none,1,1nss,1,0,1.0,2,128,0,0,1,,,0,1,3,0,0,1,0,128,128,64,0,0,1,0,0,3,0,0,1
19773617651323698,0x46400020081332,1,BSH,FLOAT16,48,512,512,4,1,64,64,none,1,1nss,1,0,0.5,2,128,0,0,1,,,0,1,3,0,1,1,0,128,128,64,0,0,1,0,0,3,0,0,1
19773617651323954,0x46400020081432,1,BSH,FLOAT16,48,512,512,4,1,64,64,2048,0,,1,0,1.0,3,128,0,0,1,,,0,1,3,0,0,0,1,128,128,64,0,0,1,0,0,3,0,0,1
19773617651324210,0x46400020081532,1,BSH,FLOAT16,48,512,512,4,1,64,64,2048,0,,1,0,0.5,2,128,0,0,1,,,0,1,3,0,1,0,1,128,128,64,0,0,1,0,0,3,0,0,1
19773617651324466,0x46400020081632,1,BSH,FLOAT16,48,512,512,4,1,64,64,2048,1,1nss,1,0,1.0,2,128,0,0,1,,,0,1,3,0,0,1,1,128,128,64,0,0,1,0,0,3,0,0,1
19773617651324722,0x46400020081732,1,BSH,FLOAT16,48,512,512,4,1,64,64,2048,1,1nss,1,0,0.5,2,128,0,0,1,,,0,1,3,0,1,1,1,128,128,64,0,0,1,0,0,3,0,0,1
19773618188193842,0x46400040081032,1,SBH,FLOAT16,48,256,256,12,1,128,128,none,0,,1,0,1.0,0,65536,65536,0,0,,,0,1,3,0,0,0,0,128,128,128,0,0,1,0,0,3,0,0,1
19773618188194098,0x46400040081132,1,BSH,FLOAT16,24,512,512,8,1,128,128,none,0,,0,0,0.5,0,1024,65536,0,0,,,0,1,3,0,1,0,0,128,128,128,0,0,1,0,0,3,0,0,1
19773618188194354,0x46400040081232,1,BSH,FLOAT16,48,512,512,4,1,96,96,none,1,1nss,1,0,1.0,2,128,0,0,0,,,0,1,3,0,0,1,0,128,128,128,0,0,1,0,0,3,0,0,1
19773618188194610,0x46400040081332,1,BSH,FLOAT16,24,512,512,8,1,128,128,none,1,bnss,0,0,0.5,0,1024,65536,0,0,,,0,1,3,0,1,1,0,128,128,128,0,0,1,0,0,3,0,0,1
19773618188194866,0x46400040081432,1,BSH,FLOAT16,48,512,512,4,1,128,128,2048,0,,1,0,1.0,3,128,0,0,1,,,0,1,3,0,0,0,1,128,128,128,0,0,1,0,0,3,0,0,1
19773618188195122,0x46400040081532,1,BSH,FLOAT16,48,512,512,8,1,72,72,ss,0,,2,0,0.5,0,256,2048,2,0,,,0,1,3,0,1,0,1,128,128,128,0,0,1,0,0,3,0,0,1
19773618188195378,0x46400040081632,1,BSND,FLOAT16,48,512,512,8,1,96,96,2048,1,bnss,0,0,1.0,4,128,0,0,0,,,0,1,3,0,0,1,1,128,128,128,0,0,1,0,0,3,0,0,1
19773618188195634,0x46400040081732,1,BSND,FLOAT16,48,512,512,8,1,96,96,2048,1,bnss,0,0,0.9,4,128,0,0,0,,,0,1,3,0,1,1,1,128,128,128,0,0,1,0,0,3,0,0,1
19773618725064754,0x46400060081032,1,BNSD,FLOAT16,32,512,512,12,1,144,144,none,0,,2,0,1.0,3,64,2048,0,0,,,0,1,3,0,0,0,0,128,128,192,0,0,1,0,0,3,0,0,1
19773618725065010,0x46400060081132,1,SBH,FLOAT16,48,512,512,4,1,144,144,none,0,,0,0,0.5,4,1024,128,0,0,,,0,1,3,0,1,0,0,128,128,192,0,0,1,0,0,3,0,0,1
19773618725065266,0x46400060081232,1,BSH,FLOAT16,48,512,512,4,1,144,144,none,1,1nss,1,0,1.0,2,128,0,0,0,,,0,1,3,0,0,1,0,128,128,192,0,0,1,0,0,3,0,0,1
19773618725065522,0x46400060081332,1,BSH,FLOAT16,48,512,512,4,1,144,144,none,1,1nss,1,0,0.9,2,128,0,0,0,,,0,1,3,0,1,1,0,128,128,192,0,0,1,0,0,3,0,0,1
19773618725065778,0x46400060081432,1,BSH,FLOAT16,48,512,512,4,1,192,192,2048,0,,1,0,1.0,2,128,0,0,0,,,0,1,3,0,0,0,1,128,128,192,0,0,1,0,0,3,0,0,1
19773618725066034,0x46400060081532,1,BSH,FLOAT16,48,512,512,8,1,144,144,ss,0,,2,0,0.5,0,256,2048,2,0,,,0,1,3,0,1,0,1,128,128,192,0,0,1,0,0,3,0,0,1
19773618725066290,0x46400060081632,1,BSH,FLOAT16,48,512,512,4,1,192,192,2048,1,slope,2,0,1.0,3,128,0,0,1,,,0,1,3,0,0,1,1,128,128,192,0,0,1,0,0,3,0,0,1
19773618725066546,0x46400060081732,1,BSH,FLOAT16,48,512,512,4,1,192,192,2048,1,slope,2,0,0.5,3,128,0,0,1,,,0,1,3,0,1,1,1,128,128,192,0,0,1,0,0,3,0,0,1
19773619261935666,0x46400080081032,1,SBH,FLOAT16,64,192,192,8,1,256,256,none,0,,0,0,1.0,0,128,64,0,0,,,0,1,3,0,0,0,0,128,128,256,0,0,1,0,0,3,0,0,1
19773619261935922,0x46400080081132,1,BSH,FLOAT16,24,512,512,8,1,256,256,none,0,,0,0,0.5,0,65536,65536,2,0,,,0,1,3,0,1,0,0,128,128,256,0,0,1,0,0,3,0,0,1
19773619261936178,0x46400080081232,1,BSH,FLOAT16,48,512,512,4,1,256,256,none,1,1nss,1,0,1.0,3,128,0,0,1,,,0,1,3,0,0,1,0,128,128,256,0,0,1,0,0,3,0,0,1
19773619261936434,0x46400080081332,1,BNSD,FLOAT16,16,512,512,12,1,256,256,none,1,1nss,0,0,0.5,3,65536,64,2,0,,,0,1,3,0,1,1,0,128,128,256,0,0,1,0,0,3,0,0,1
19773619261936690,0x46400080081432,1,BSH,FLOAT16,48,512,512,8,1,256,256,2048,0,,1,0,1.0,2,128,0,0,0,,,0,1,3,0,0,0,1,128,128,256,0,0,1,0,0,3,0,0,1
19773619261936946,0x46400080081532,1,SBH,FLOAT16,64,1,192,16,1,256,256,11ss,0,,0,0,0.5,1,64,65536,3,1,,,0,1,3,0,1,0,1,128,128,256,0,0,1,0,0,3,0,0,1
19773619261937202,0x46400080081632,1,BSH,FLOAT16,48,512,512,4,1,256,256,2048,1,slope,2,0,1.0,2,128,0,0,1,,,0,1,3,0,0,1,1,128,128,256,0,0,1,0,0,3,0,0,1
19773619261937458,0x46400080081732,1,BSH,FLOAT16,24,512,512,8,1,256,256,bnss,1,bnss,0,0,0.5,0,65536,65536,0,0,,,0,1,3,0,1,1,1,128,128,256,0,0,1,0,0,3,0,0,1
19773619798806578,0x464000a0081032,1,BSH,FLOAT16,24,512,512,8,1,512,512,none,0,,1,0,1.0,0,65536,65536,0,0,,,0,1,3,0,0,0,0,128,128,768,0,0,1,0,0,3,0,0,1
19773619798806834,0x464000a0081132,1,BSH,FLOAT16,24,512,512,8,1,512,512,none,0,,0,0,0.5,0,65536,65536,0,0,,,0,1,3,0,1,0,0,128,128,768,0,0,1,0,0,3,0,0,1
19773619798807090,0x464000a0081232,1,BSH,FLOAT16,24,512,512,8,1,512,512,none,1,bnss,1,0,1.0,0,65536,65536,0,0,,,0,1,3,0,0,1,0,128,128,768,0,0,1,0,0,3,0,0,1
19773619798807346,0x464000a0081332,1,BSH,FLOAT16,24,512,512,8,1,512,512,none,1,bnss,0,0,0.9,0,65536,65536,0,0,,,0,1,3,0,1,1,0,128,128,768,0,0,1,0,0,3,0,0,1
19773619798807602,0x464000a0081432,1,BSH,FLOAT16,48,512,512,4,1,320,320,2048,0,,1,0,1.0,2,128,0,0,1,,,0,1,3,0,0,0,1,128,128,768,0,0,1,0,0,3,0,0,1
19773619798807858,0x464000a0081532,1,BSH,FLOAT16,48,512,512,4,1,320,320,2048,0,,1,0,0.5,2,128,0,0,1,,,0,1,3,0,1,0,1,128,128,768,0,0,1,0,0,3,0,0,1
19773619798808114,0x464000a0081632,1,BSH,FLOAT16,48,512,512,4,1,320,320,2048,1,bnss,1,0,1.0,2,128,0,0,1,,,0,1,3,0,0,1,1,128,128,768,0,0,1,0,0,3,0,0,1
19773619798808370,0x464000a0081732,1,BSH,FLOAT16,48,512,512,4,1,320,320,2048,1,bnss,1,0,0.5,2,128,0,0,1,,,0,1,3,0,1,1,1,128,128,768,0,0,1,0,0,3,0,0,1
19843986395500592,0x46800020081030,1,BSND,FLOAT16,2,1024,1024,2,1,64,16,none,0,,1,0,1.0,2,128,0,0,0,,,0,0,3,0,0,0,0,128,128,64,0,0,0,1,0,3,0,0,1
19843986395500594,0x46800020081032,1,TND,FLOAT16,1,128,128,2,1,64,48,none,0,,1,0,1.0,4,65536,65536,0,0,128,128,0,1,3,0,0,0,0,128,128,64,0,0,0,1,0,3,0,0,1
19843986395500596,0x46800020081034,1,BSND,FLOAT16,2,64,1024,2,1,64,48,none,0,,1,0,1.0,0,65536,65536,0,0,,,0,5,3,0,0,0,0,128,128,64,0,0,0,1,0,3,0,0,1
19843986395500720,0x468000200810b0,1,TND,FLOAT16,3,2048,2048,2,1,64,32,none,0,,1,0,1.0,4,65536,65536,0,0,1024/1792/3840,1024/1792/3840,0,0,3,1,0,0,0,128,128,64,0,0,0,1,0,3,0,0,1
19843986395500722,0x468000200810b2,1,TND,FLOAT16,3,64,128,2,1,64,16,none,0,,1,0,1.0,4,65536,65536,0,0,64/107/129,128/214/258,0,1,3,1,0,0,0,128,128,64,0,0,0,1,0,3,0,0,1
19843986395500724,0x468000200810b4,1,TND,FLOAT16,64,1024,2048,2,1,64,32,none,0,,1,0,1.0,0,65536,65536,0,0,512/1152/1920/2816/3840/4352/4992/5760/6656/7680/8192/8832/9600/10496/11520/12032/12672/13440/14336/15360/15872/16512/17280/18176/19200/19712/20352/21120/22016/23040/23552/24192/24960/25856/26880/27392/28032/28800/29696/30720/30720/31360/32128/33024/34048/34560/35200/35968/36864/37888/38400/39040/39808/40704/41728/42240/42880/43648/44544/45568/46080/46720/47488/48384,512/1152/1920/2816/4864/5376/6016/6784/7680/8704/9216/9856/10624/11520/12544/13056/13696/14464/15360/16384/16896/17536/18304/19200/20224/20736/21376/22144/23040/24064/24576/25216/25984/26880/27904/28416/29056/29824/30720/31744/32256/32896/33664/34560/35584/36096/36736/37504/38400/39424/39936/40576/41344/42240/43264/43776/44416/45184/46080/47104/47616/48256/49024/49920,0,5,3,1,0,0,0,128,128,64,0,0,0,1,0,3,0,0,1
19843986395500848,0x46800020081130,1,BNSD,FLOAT16,1,64,256,1,1,64,16,none,0,,1,0,0.9,0,65536,65536,0,0,,,0,0,3,0,1,0,0,128,128,64,0,0,0,1,0,3,0,0,1
19843986395500850,0x46800020081132,1,BNSD,FLOAT16,1,64,64,1,1,64,16,none,0,,1,0,0.9,0,65536,65536,0,0,,,0,1,3,0,1,0,0,128,128,64,0,0,0,1,0,3,0,0,1
19843986395500852,0x46800020081134,1,BSND,FLOAT16,2,128,1024,2,1,64,16,none,0,,1,0,0.9,0,65536,65536,0,0,,,0,5,3,0,1,0,0,128,128,64,0,0,0,1,0,3,0,0,1
19843986395500976,0x468000200811b0,1,TND,FLOAT16,4,512,128,8,1,64,32,none,0,,1,0,0.9,0,65536,65536,0,0,512/896/1152/1664,128/214/258/386,0,0,3,1,1,0,0,128,128,64,0,0,0,1,0,3,0,0,1
19843986395500978,0x468000200811b2,1,TND,FLOAT16,3,43,128,2,1,64,16,none,0,,1,0,0.9,4,65536,65536,0,0,0/43/65,128/256/384,0,1,3,1,1,0,0,128,128,64,0,0,0,1,0,3,0,0,1
19843986395500980,0x468000200811b4,1,TND,FLOAT16,3,2048,512,8,1,64,32,none,0,,1,0,0.9,0,65536,65536,0,0,2048/3968/5760,512/1024/1536,0,5,3,1,1,0,0,128,128,64,0,0,0,1,0,3,0,0,1
19843986395501104,0x46800020081230,1,BNSD,FLOAT16,48,2048,1024,1,1,64,48,none,1,bnss,1,0,1.0,0,65536,65536,0,0,,,0,0,3,0,0,1,0,128,128,64,0,0,0,1,0,3,0,0,1
19843986395501106,0x46800020081232,1,BNSD,FLOAT16,48,128,128,1,1,64,48,none,1,bnss,1,0,1.0,0,65536,65536,0,0,,,0,1,3,0,0,1,0,128,128,64,0,0,0,1,0,3,0,0,1
19843986395501108,0x46800020081234,1,BSND,FLOAT16,2,128,1024,2,1,64,48,none,1,b1ss,1,0,1.0,0,65536,65536,0,0,,,0,5,3,0,0,1,0,128,128,64,0,0,0,1,0,3,0,0,1
19843986395501232,0x468000200812b0,1,TND,FLOAT16,5,1024,128,2,1,64,16,none,1,slope,2,0,1.0,4,65536,65536,0,0,1024/2048/3072/3584/4608,128/256/384/512/640,0,0,3,1,0,1,0,128,128,64,0,0,0,1,0,3,0,0,1
19843986395501234,0x468000200812b2,1,TND,FLOAT16,2,128,128,2,1,64,48,none,1,slope,2,0,1.0,4,65536,65536,0,0,128/128,128/128,0,1,3,1,0,1,0,128,128,64,0,0,0,1,0,3,0,0,1
19843986395501236,0x468000200812b4,1,TND,FLOAT16,3,256,512,4,1,64,16,none,1,slope,2,0,1.0,4,65536,65536,0,0,256/427/513,512/896/1152,0,5,3,1,0,1,0,128,128,64,0,0,0,1,0,3,0,0,1
19843986395501360,0x46800020081330,1,BSND,FLOAT16,2,1024,1024,1,2,64,48,none,1,bnhs,1,0,0.9,0,65536,65536,0,0,,,0,0,3,0,1,1,0,128,128,64,0,0,0,1,0,3,0,0,1
19843986395501362,0x46800020081332,1,TND,FLOAT16,2,128,128,2,1,64,48,none,1,slope,2,0,0.9,4,65536,65536,0,0,128/256,128/256,0,1,3,0,1,1,0,128,128,64,0,0,0,1,0,3,0,0,1
19843986395501364,0x46800020081334,1,BSND,FLOAT16,2,64,1024,2,1,64,48,none,1,bnss,1,0,0.9,0,65536,65536,0,0,,,0,5,3,0,1,1,0,128,128,64,0,0,0,1,0,3,0,0,1
19843986395501488,0x468000200813b0,1,TND,FLOAT16,2,64,256,2,1,64,48,none,1,slope,2,0,0.9,4,65536,65536,0,0,64/128,256/384,0,0,3,1,1,1,0,128,128,64,0,0,0,1,0,3,0,0,1
19843986395501490,0x468000200813b2,1,TND,FLOAT16,2,128,128,2,1,64,16,none,1,slope,2,0,0.9,4,65536,65536,0,0,128/128,128/128,0,1,3,1,1,1,0,128,128,64,0,0,0,1,0,3,0,0,1
19843986395501492,0x468000200813b4,1,TND,FLOAT16,32,512,4096,2,1,32,72,none,1,slope_n,3,0,0.5,0,65536,64,0,0,512/896/1152/1664/2048/2304/2816/3200/3456/3968/4352/4608/5120/5504/5760/6272/6656/6912/7424/7808/8064/8576/8960/9216/9728/10112/10368/10880/11264/11520/12032/12416,4096/8064/11904/16000/19968/23808/27904/31872/35712/39808/43776/47616/51712/55680/59520/63616/67584/71424/75520/79488/83328/87424/91392/95232/99328/103296/107136/111232/115200/119040/123136/127104,0,5,3,1,1,1,0,128,128,64,0,0,0,1,0,3,0,0,1
19843986395501616,0x46800020081430,1,BSH,FLOAT16,4,512,512,2,2,64,16,ss,0,,1,0,1.0,0,65536,65536,0,0,,,0,0,3,0,0,0,1,128,128,64,0,0,0,1,0,3,0,0,1
19843986395501618,0x46800020081432,1,BNSD,FLOAT16,48,128,128,1,1,64,48,b1ss,0,,1,0,1.0,0,65536,65536,0,0,,,0,1,3,0,0,0,1,128,128,64,0,0,0,1,0,3,0,0,1
19843986395501620,0x46800020081434,1,BSND,FLOAT16,2,64,1024,2,1,64,48,b1ss,0,,1,0,1.0,0,65536,65536,0,0,,,0,5,3,0,0,0,1,128,128,64,0,0,0,1,0,3,0,0,1
19843986395501744,0x468000200814b0,1,TND,FLOAT16,64,1024,1024,1,2,64,32,bnss,0,,1,0,1.0,0,65536,65536,0,0,512/1152/1920/2816/3840/4352/4992/5760/6656/7680/8192/8832/9600/10496/11520/12032/12672/13440/14336/15360/15872/16512/17280/18176/19200/19712/20352/21120/22016/23040/23552/24192/24960/25856/26880/27392/28032/28800/29696/30720/31232/31872/32640/33536/34560/35072/35712/36480/37376/38400/38912/39552/40320/41216/42240/42752/43392/44160/45056/46080/46592/47232/48000/48896,512/1152/1920/2816/3840/4352/4992/5760/6656/7680/8192/8832/9600/10496/11520/12032/12672/13440/14336/15360/15872/16512/17280/18176/19200/19712/20352/21120/22016/23040/23552/24192/24960/25856/26880/27392/28032/28800/29696/30720/31232/31872/32640/33536/34560/35072/35712/36480/37376/38400/38912/39552/40320/41216/42240/42752/43392/44160/45056/46080/46592/47232/48000/48896,0,0,3,1,0,0,1,128,128,64,0,0,0,1,0,3,0,0,1
19843986395501746,0x468000200814b2,1,TND,FLOAT16,32,64,64,2,1,64,16,2048,0,,1,0,1.0,2,128,0,0,0,64/128/192/256/320/384/448/512/576/640/704/768/832/896/960/1024/1088/1152/1216/1280/1344/1408/1472/1536/1600/1664/1728/1792/1856/1920/1984/2048,64/107/129/193/236/258/322/365/387/451/494/516/580/623/645/709/752/774/838/838/860/924/967/989/1053/1096/1118/1182/1225/1247/1311/1354,0,1,3,1,0,0,1,128,128,64,0,0,0,1,0,3,0,0,1
19843986395501748,0x468000200814b4,1,TND,FLOAT16,3,2048,2048,2,1,64,16,11ss,0,,1,0,1.0,2,0,128,0,0,1024/1792/3840,1024/1792/3840,0,5,3,1,0,0,1,128,128,64,0,0,0,1,0,3,0,0,1
19843986395501872,0x46800020081530,1,BSH,FLOAT16,4,512,512,2,2,64,32,b1ss,0,,1,0,0.9,0,65536,65536,0,0,,,0,0,3,0,1,0,1,128,128,64,0,0,0,1,0,3,0,0,1
19843986395501874,0x46800020081532,1,BSND,FLOAT16,2,128,64,2,1,64,16,ss,0,,1,0,0.9,6,128,1024,0,1,,,0,1,3,0,1,0,1,128,128,64,0,0,0,1,0,3,0,0,1
19843986395501876,0x46800020081534,1,BSND,FLOAT16,2,64,1024,2,1,64,48,b1ss,0,,1,0,0.5,0,65536,65536,0,0,,,0,5,3,0,1,0,1,128,128,64,0,0,0,1,0,3,0,0,1
19843986395502000,0x468000200815b0,1,TND,FLOAT16,3,2048,2048,2,1,64,16,11ss,0,,1,0,0.9,4,65536,65536,0,0,1024/1792/3840,1024/1792/3840,0,0,3,1,1,0,1,128,128,64,0,0,0,1,0,3,0,0,1
19843986395502002,0x468000200815b2,1,TND,FLOAT16,3,64,128,2,1,64,48,ss,0,,1,0,0.9,0,128,0,0,1,64/107/129,128/214/258,0,1,3,1,1,0,1,128,128,64,0,0,0,1,0,3,0,0,1
19843986395502004,0x468000200815b4,1,TND,FLOAT16,3,2048,2048,2,1,64,16,2048,0,,1,0,0.9,2,65536,0,0,0,1024/1792/3840,1024/1792/3840,0,5,3,1,1,0,1,128,128,64,0,0,0,1,0,3,0,0,1
19843986395502128,0x46800020081630,1,BSND,FLOAT16,2,1024,512,2,1,64,32,ss,1,bnhs,0,0,1.0,0,65536,65536,0,0,,,0,0,3,0,0,1,1,128,128,64,0,0,0,1,0,3,0,0,1
19843986395502130,0x46800020081632,1,BSH,FLOAT16,4,32,32,8,1,64,32,2048,1,1nss,0,0,1.0,2,65536,1024,0,1,,,0,1,3,0,0,1,1,128,128,64,0,0,0,1,0,3,0,0,1
19843986395502132,0x46800020081634,1,BSND,FLOAT16,16,128,256,16,1,32,16,b1ss,1,slope_n,2,0,1.0,0,512,512,1,0,,,0,5,3,0,0,1,1,128,128,64,0,0,0,1,0,3,0,0,1
19843986395502256,0x468000200816b0,1,TND,FLOAT16,3,2048,2048,2,1,64,16,11ss,1,slope_n,3,0,1.0,4,65536,65536,0,0,1024/1792/3840,1024/1792/3840,0,0,3,1,0,1,1,128,128,64,0,0,0,1,0,3,0,0,1
19843986395502258,0x468000200816b2,1,TND,FLOAT16,2,128,128,2,1,64,48,2048,1,slope,2,0,1.0,4,65536,65536,0,0,128/128,128/128,0,1,3,1,0,1,1,128,128,64,0,0,0,1,0,3,0,0,1
19843986395502260,0x468000200816b4,1,TND,FLOAT16,3,2048,2048,4,1,64,16,2048,1,slope,2,0,1.0,4,65536,65536,0,0,1024/1792/3840,1024/1792/3840,0,5,3,1,0,1,1,128,128,64,0,0,0,1,0,3,0,0,1
19843986395502384,0x46800020081730,1,BSH,FLOAT16,4,256,256,2,2,64,48,11ss,1,b1ss,1,0,0.9,0,65536,65536,0,0,,,0,0,3,0,1,1,1,128,128,64,0,0,0,1,0,3,0,0,1
19843986395502386,0x46800020081732,1,TND,FLOAT16,2,128,128,2,1,64,48,2048,1,slope,2,0,0.9,4,65536,65536,0,0,128/256,128/256,0,1,3,0,1,1,1,128,128,64,0,0,0,1,0,3,0,0,1
19843986395502388,0x46800020081734,1,BSND,FLOAT16,2,128,1024,8,1,64,48,b1ss,1,bnss,1,0,0.5,0,65536,65536,0,0,,,0,5,3,0,1,1,1,128,128,64,0,0,0,1,0,3,0,0,1
19843986395502512,0x468000200817b0,1,TND,FLOAT16,32,2048,2048,2,2,64,48,2048,1,bnhs,1,0,0.9,2,128,0,0,0,2048/3968/6016/7936/9984/11904/13952/15872/17920/19840/21888/23808/25856/27776/29824/31744/33792/35712/37760/39680/41728/43648/45696/47616/49664/51584/53632/55552/57600/59520/61568/63488,2048/3968/6016/7936/9984/11904/13952/15872/17920/19840/21888/23808/25856/27776/29824/31744/33792/35712/37760/39680/41728/43648/45696/47616/49664/51584/53632/55552/57600/59520/61568/63488,0,0,3,1,1,1,1,128,128,64,0,0,0,1,0,3,0,0,1
19843986395502514,0x468000200817b2,1,TND,FLOAT16,2,128,128,2,1,32,64,2048,1,slope,2,0,0.9,4,65536,65536,0,0,128/128,128/128,0,1,3,1,1,1,1,128,128,64,0,0,0,1,0,3,0,0,1
19843986395502516,0x468000200817b4,1,TND,FLOAT16,3,2048,2048,2,1,64,16,2048,1,1nhs,1,0,0.9,2,65536,0,0,0,1024/1792/3840,1024/1792/3840,0,5,3,1,1,1,1,128,128,64,0,0,0,1,0,3,0,0,1
19843986932371504,0x46800040081030,1,BNSD,FLOAT16,1,64,256,1,1,72,48,none,0,,1,0,1.0,0,65536,65536,0,0,,,0,0,3,0,0,0,0,128,128,128,0,0,0,1,0,3,0,0,1
19843986932371506,0x46800040081032,1,BNSD,FLOAT16,1,64,64,1,1,72,48,none,0,,1,0,1.0,0,65536,65536,0,0,,,0,1,3,0,0,0,0,128,128,128,0,0,0,1,0,3,0,0,1
19843986932371508,0x46800040081034,1,BSND,FLOAT16,2,64,1024,2,1,96,64,none,0,,1,0,1.0,0,65536,65536,0,0,,,0,5,3,0,0,0,0,128,128,128,0,0,0,1,0,3,0,0,1
19843986932371632,0x468000400810b0,1,TND,FLOAT16,3,1024,2048,2,1,96,16,none,0,,1,0,1.0,4,65536,65536,0,0,1024/1920/2688,2048/3968/5760,0,0,3,1,0,0,0,128,128,128,0,0,0,1,0,3,0,0,1
19843986932371634,0x468000400810b2,1,TND,FLOAT16,3,64,128,2,1,72,48,none,0,,1,0,1.0,4,65536,65536,0,0,64/107/129,128/214/258,0,1,3,1,0,0,0,128,128,128,0,0,0,1,0,3,0,0,1
19843986932371636,0x468000400810b4,1,TND,FLOAT16,3,1024,2048,2,1,72,48,none,0,,1,0,1.0,4,65536,65536,0,0,1024/1792/1792,1024/1920/3968,0,5,3,1,0,0,0,128,128,128,0,0,0,1,0,3,0,0,1
19843986932371760,0x46800040081130,1,BSND,FLOAT16,2,512,512,2,1,128,96,none,0,,1,0,0.9,0,65536,65536,0,0,,,0,0,3,0,1,0,0,128,128,128,0,0,0,1,0,3,0,0,1
19843986932371762,0x46800040081132,1,BSND,FLOAT16,2,64,64,2,1,72,16,none,0,,1,0,0.9,0,65536,65536,0,0,,,0,1,3,0,1,0,0,128,128,128,0,0,0,1,0,3,0,0,1
19843986932371764,0x46800040081134,1,BSND,FLOAT16,2,512,1024,2,1,128,96,none,0,,1,0,0.9,0,65536,65536,0,0,,,0,5,3,0,1,0,0,128,128,128,0,0,0,1,0,3,0,0,1
19843986932371888,0x468000400811b0,1,TND,FLOAT16,3,2048,2048,2,1,96,48,none,0,,1,0,0.9,4,65536,65536,0,0,1024/1792/3840,1024/1792/3840,0,0,3,1,1,0,0,128,128,128,0,0,0,1,0,3,0,0,1
19843986932371890,0x468000400811b2,1,TND,FLOAT16,32,128,128,2,1,128,64,none,0,,1,0,0.9,6,0,0,0,1,128/214/258/386/472/516/644/730/774/902/988/1032/1160/1246/1290/1418/1504/1548/1676/1762/1806/1934/2020/2064/2192/2278/2322/2450/2536/2580/2708/2794,128/214/258/386/472/516/644/730/774/902/988/1032/1160/1246/1290/1418/1504/1548/1676/1762/1806/1934/2020/2064/2192/2278/2322/2450/2536/2580/2708/2794,0,1,3,1,1,0,0,128,128,128,0,0,0,1,0,3,0,0,1
19843986932371892,0x468000400811b4,1,TND,FLOAT16,3,1920,1024,2,1,96,16,none,0,,1,0,0.9,4,65536,65536,0,0,1024/1792/3712,1024/2048/3072,0,5,3,1,1,0,0,128,128,128,0,0,0,1,0,3,0,0,1
19843986932372016,0x46800040081230,1,BSND,FLOAT16,1,1024,1024,2,1,72,32,none,1,1nhs,0,0,1.0,0,65536,65536,0,0,,,0,0,3,0,0,1,0,128,128,128,0,0,0,1,0,3,0,0,1
19843986932372018,0x46800040081232,1,TND,FLOAT16,1,128,128,2,1,72,48,none,1,slope,2,0,1.0,4,65536,65536,0,0,128,128,0,1,3,0,0,1,0,128,128,128,0,0,0,1,0,3,0,0,1
19843986932372020,0x46800040081234,1,BSND,FLOAT16,2,64,1024,2,1,72,32,none,1,b1ss,1,0,1.0,0,65536,65536,0,0,,,0,5,3,0,0,1,0,128,128,128,0,0,0,1,0,3,0,0,1
19843986932372144,0x468000400812b0,1,TND,FLOAT16,8,1024,128,2,1,72,48,none,1,slope,2,0,1.0,4,65536,65536,0,0,128/192/704/1216/2240/2368/2624/2880,128/256/384/512/640/768/896/1024,0,0,3,1,0,1,0,128,128,128,0,0,0,1,0,3,0,0,1
19843986932372146,0x468000400812b2,1,TND,FLOAT16,2,128,128,2,1,72,48,none,1,slope,2,0,1.0,4,65536,65536,0,0,128/128,128/128,0,1,3,1,0,1,0,128,128,128,0,0,0,1,0,3,0,0,1
19843986932372148,0x468000400812b4,1,TND,FLOAT16,3,2048,2048,4,1,128,72,none,1,slope,2,0,1.0,4,65536,65536,0,0,1024/1792/3840,1024/1792/3840,0,5,3,1,0,1,0,128,128,128,0,0,0,1,0,3,0,0,1
19843986932372272,0x46800040081330,1,TND,FLOAT16,1,2048,512,2,1,128,32,none,1,slope,2,0,0.9,4,65536,65536,0,0,2048,512,0,0,3,0,1,1,0,128,128,128,0,0,0,1,0,3,0,0,1
19843986932372274,0x46800040081332,1,BSND,FLOAT16,2,64,64,2,1,72,16,none,1,bnss,1,0,0.9,0,65536,65536,0,0,,,0,1,3,0,1,1,0,128,128,128,0,0,0,1,0,3,0,0,1
19843986932372276,0x46800040081334,1,BSND,FLOAT16,2,64,1024,2,1,72,32,none,1,b1ss,1,0,0.5,4,65536,65536,3,0,,,0,5,3,0,1,1,0,128,128,128,0,0,0,1,0,3,0,0,1
19843986932372400,0x468000400813b0,1,TND,FLOAT16,3,2048,2048,2,1,72,32,none,1,slope,2,0,0.9,4,65536,65536,0,0,1024/1792/3840,1024/1792/3840,0,0,3,1,1,1,0,128,128,128,0,0,0,1,0,3,0,0,1
19843986932372402,0x468000400813b2,1,TND,FLOAT16,2,128,128,2,1,72,48,none,1,slope,2,0,0.9,4,65536,65536,0,0,128/128,128/128,0,1,3,1,1,1,0,128,128,128,0,0,0,1,0,3,0,0,1
19843986932372404,0x468000400813b4,1,TND,FLOAT16,8,2048,1024,2,1,72,48,none,1,slope,2,0,0.5,4,65536,65536,0,0,2048/3968/5760/7808/9728/11520/13568/15488,1024/1920/2688/3712/4608/5376/6400/7296,0,5,3,1,1,1,0,128,128,128,0,0,0,1,0,3,0,0,1
19843986932372528,0x46800040081430,1,BSND,FLOAT16,2,512,512,2,1,72,48,ss,0,,1,0,1.0,0,65536,65536,0,0,,,0,0,3,0,0,0,1,128,128,128,0,0,0,1,0,3,0,0,1
19843986932372530,0x46800040081432,1,SBH,FLOAT16,1,128,128,1,1,96,72,11ss,0,,1,0,1.0,0,65536,65536,0,1,,,0,1,3,0,0,0,1,128,128,128,0,0,0,1,0,3,0,0,1
19843986932372532,0x46800040081434,1,BSND,FLOAT16,2,512,1024,2,1,72,48,ss,0,,1,0,1.0,0,65536,65536,0,0,,,0,5,3,0,0,0,1,128,128,128,0,0,0,1,0,3,0,0,1
19843986932372656,0x468000400814b0,1,TND,FLOAT16,38,2048,128,2,1,96,32,2048,0,,1,0,1.0,2,128,0,0,0,2048/3968/6016/7936/9984/11904/13952/15872/17920/19840/21888/23808/25856/27776/29824/31744/33792/35712/37760/39680/41728/43648/45696/47616/49664/51584/53632/55552/57600/59520/61568/63488/65536/67584/68608/69632/70656/70912,128/256/384/512/640/768/896/1024/1152/1280/1408/1536/1664/1792/1920/2048/2176/2304/2432/2560/2688/2816/2944/3072/3200/3328/3456/3584/3712/3840/3968/4096/4224/4352/4480/4608/4736/4864,0,0,3,1,0,0,1,128,128,128,0,0,0,1,0,3,0,0,1
19843986932372658,0x468000400814b2,1,TND,FLOAT16,3,64,64,2,1,72,16,2048,0,,1,0,1.0,2,128,0,0,1,64/107/129,64/107/129,0,1,3,1,0,0,1,128,128,128,0,0,0,1,0,3,0,0,1
19843986932372660,0x468000400814b4,1,TND,FLOAT16,3,2048,2048,2,1,96,48,2048,0,,1,0,1.0,2,128,0,0,0,1024/1792/3840,1024/1792/3840,0,5,3,1,0,0,1,128,128,128,0,0,0,1,0,3,0,0,1
19843986932372784,0x46800040081530,1,TND,FLOAT16,1,1024,128,2,1,128,32,2048,0,,1,0,0.9,4,65536,65536,0,0,1024,128,0,0,3,0,1,0,1,128,128,128,0,0,0,1,0,3,0,0,1
19843986932372786,0x46800040081532,1,BSH,FLOAT16,4,128,128,4,1,72,32,b1ss,0,,1,0,0.9,0,65536,65536,0,1,,,0,1,3,0,1,0,1,128,128,128,0,0,0,1,0,3,0,0,1
19843986932372788,0x46800040081534,1,BSND,FLOAT16,2,256,1024,2,1,72,48,ss,0,,1,0,0.9,0,65536,65536,0,0,,,0,5,3,0,1,0,1,128,128,128,0,0,0,1,0,3,0,0,1
19843986932372912,0x468000400815b0,1,TND,FLOAT16,32,512,128,2,1,128,64,2048,0,,1,0,0.9,2,128,0,0,0,512/896/1152/1664/2048/2304/2816/3200/3456/3968/4352/4608/5120/5504/5760/6272/6656/6912/7424/7808/8064/8576/8960/9216/9728/10112/10368/10880/11264/11520/12032/12416,128/214/258/386/472/516/644/730/774/902/988/1032/1160/1246/1290/1418/1504/1548/1676/1762/1806/1934/2020/2064/2192/2278/2322/2450/2536/2580/2708/2794,0,0,3,1,1,0,1,128,128,128,0,0,0,1,0,3,0,0,1
19843986932372914,0x468000400815b2,1,TND,FLOAT16,32,64,128,2,1,128,64,2048,0,,1,0,0.9,2,128,0,0,0,64/107/129/193/236/258/322/365/387/451/494/516/580/623/645/709/752/774/838/881/903/967/1010/1032/1096/1139/1161/1225/1268/1290/1354/1397,128/214/258/386/472/516/644/730/774/902/988/1032/1160/1246/1290/1418/1504/1548/1676/1762/1806/1934/2020/2064/2192/2278/2322/2450/2536/2580/2708/2794,0,1,3,1,1,0,1,128,128,128,0,0,0,1,0,3,0,0,1
19843986932372916,0x468000400815b4,1,TND,FLOAT16,3,2048,2048,2,1,128,32,2048,0,,1,0,0.9,2,128,0,0,0,1024/1792/3840,1024/1792/3840,0,5,3,1,1,0,1,128,128,128,0,0,0,1,0,3,0,0,1
19843986932373040,0x46800040081630,1,BSH,FLOAT16,4,256,256,2,2,72,64,ss,1,1nss,1,0,1.0,0,65536,65536,0,0,,,0,0,3,0,0,1,1,128,128,128,0,0,0,1,0,3,0,0,1
19843986932373042,0x46800040081632,1,BSH,FLOAT16,4,32,32,8,1,96,64,2048,1,1nss,0,0,1.0,2,65536,1024,0,1,,,0,1,3,0,0,1,1,128,128,128,0,0,0,1,0,3,0,0,1
19843986932373044,0x46800040081634,1,BSND,FLOAT16,2,64,1024,2,1,72,48,11ss,1,b1ss,0,0,1.0,0,65536,65536,0,0,,,0,5,3,0,0,1,1,128,128,128,0,0,0,1,0,3,0,0,1
19843986932373168,0x468000400816b0,1,TND,FLOAT16,19,2048,128,2,1,72,32,2048,1,bnhs,1,0,1.0,2,128,0,0,0,2048/3968/6016/7936/9984/11904/13952/15872/17920/19840/21888/23808/25856/27776/29824/31744/33792/35712/37760,128/256/384/512/640/768/896/1024/1152/1280/1408/1536/1664/1792/1920/2048/2176/2304/2432,0,0,3,1,0,1,1,128,128,128,0,0,0,1,0,3,0,0,1
19843986932373170,0x468000400816b2,1,TND,FLOAT16,8,128,128,2,1,72,64,2048,1,slope,3,0,1.0,4,128,0,0,0,128/214/258/386/472/472/600/686,128/256/384/512/640/768/896/1024,0,1,3,1,0,1,1,128,128,128,0,0,0,1,0,3,0,0,1
19843986932373172,0x468000400816b4,1,TND,FLOAT16,8,512,4096,2,1,72,64,2048,1,slope,3,0,1.0,4,128,0,0,0,512/896/1152/1664/2048/2304/2816/3200,4096/8064/11904/16000/19968/23808/27904/31872,0,5,3,1,0,1,1,128,128,128,0,0,0,1,0,3,0,0,1
19843986932373296,0x46800040081730,1,BSH,FLOAT16,4,256,256,2,2,72,64,11ss,1,b1ss,1,0,0.9,0,65536,65536,0,0,,,0,0,3,0,1,1,1,128,128,128,0,0,0,1,0,3,0,0,1
19843986932373298,0x46800040081732,1,BSND,FLOAT16,2,64,64,2,1,72,16,11ss,1,bnss,1,0,0.9,0,65536,65536,0,0,,,0,1,3,0,1,1,1,128,128,128,0,0,0,1,0,3,0,0,1
19843986932373300,0x46800040081734,1,BSND,FLOAT16,2,256,1024,2,1,72,16,11ss,1,bnss,1,0,0.9,0,512,65536,0,0,,,0,5,3,0,1,1,1,128,128,128,0,0,0,1,0,3,0,0,1
19843986932373424,0x468000400817b0,1,TND,FLOAT16,32,2048,2048,2,2,96,48,2048,1,bnhs,1,0,0.9,2,128,0,0,0,2048/3968/6016/7936/9984/11904/13952/15872/17920/19840/21888/23808/25856/27776/29824/31744/33792/35712/37760/39680/41728/43648/45696/47616/49664/51584/53632/55552/57600/59520/61568/63488,2048/3968/6016/7936/9984/11904/13952/15872/17920/19840/21888/23808/25856/27776/29824/31744/33792/35712/37760/39680/41728/43648/45696/47616/49664/51584/53632/55552/57600/59520/61568/63488,0,0,3,1,1,1,1,128,128,128,0,0,0,1,0,3,0,0,1
19843986932373426,0x468000400817b2,1,TND,FLOAT16,2,128,128,2,1,72,48,2048,1,slope,2,0,0.9,4,65536,65536,0,0,128/128,128/128,0,1,3,1,1,1,1,128,128,128,0,0,0,1,0,3,0,0,1
19843986932373428,0x468000400817b4,1,TND,FLOAT16,32,1024,128,2,1,72,32,2048,1,bnhs,1,0,0.5,2,128,0,0,0,1024/1984/3008/3968/4992/5952/6976/7936/8960/9920/10944/11904/12928/13888/14912/15872/16896/17856/18880/19840/20864/21824/22848/23808/24832/25792/26816/27776/28800/29760/30784/31744,128/256/384/512/640/768/896/1024/1152/1280/1408/1536/1664/1792/1920/2048/2176/2304/2432/2560/2688/2816/2944/3072/3200/3328/3456/3584/3712/3840/3968/4096,0,5,3,1,1,1,1,128,128,128,0,0,0,1,0,3,0,0,1
19843987469242416,0x46800060081030,1,BSND,FLOAT16,2,64,1024,2,1,192,128,none,0,,1,0,1.0,0,65536,65536,0,0,,,0,0,3,0,0,0,0,128,128,192,0,0,0,1,0,3,0,0,1
19843987469242418,0x46800060081032,1,BNSD,FLOAT16,1,128,128,1,1,192,128,none,0,,1,0,1.0,0,65536,65536,0,0,,,0,1,3,0,0,0,0,128,128,192,0,0,0,1,0,3,0,0,1
19843987469242544,0x468000600810b0,1,TND,FLOAT16,3,2048,2048,2,1,192,64,none,0,,1,0,1.0,4,65536,65536,0,0,1024/1792/3840,1024/1792/3840,0,0,3,1,0,0,0,128,128,192,0,0,0,1,0,3,0,0,1
19843987469242548,0x468000600810b4,1,TND,FLOAT16,3,2048,2048,4,1,192,64,none,0,,1,0,1.0,4,65536,65536,0,0,1024/1792/3840,1024/1792/3840,0,5,3,1,0,0,0,128,128,192,0,0,0,1,0,3,0,0,1
19843987469242672,0x46800060081130,1,BSH,FLOAT16,4,512,512,2,2,192,64,none,0,,1,0,0.9,0,65536,65536,0,0,,,0,0,3,0,1,0,0,128,128,192,0,0,0,1,0,3,0,0,1
19843987469242674,0x46800060081132,1,BNSD,FLOAT16,1,64,64,1,1,192,128,none,0,,1,0,0.9,0,65536,65536,0,0,,,0,1,3,0,1,0,0,128,128,192,0,0,0,1,0,3,0,0,1
19843987469242800,0x468000600811b0,1,TND,FLOAT16,3,1024,4096,2,1,192,16,none,0,,1,0,0.9,4,65536,65536,0,0,1024/1920/2688,4096/8064/11904,0,0,3,1,1,0,0,128,128,192,0,0,0,1,0,3,0,0,1
19843987469242928,0x46800060081230,1,SBH,FLOAT16,1,512,2048,1,1,192,64,none,1,1nss,0,0,1.0,0,65536,65536,0,0,,,0,0,3,0,0,1,0,128,128,192,0,0,0,1,0,3,0,0,1
19843987469242930,0x46800060081232,1,BSH,FLOAT16,2,64,64,5,1,144,128,none,1,1nss,0,0,1.0,4,0,0,3,1,,,0,1,3,0,0,1,0,128,128,192,0,0,0,1,0,3,0,0,1
19843987469243056,0x468000600812b0,1,TND,FLOAT16,2,128,128,2,1,192,128,none,1,slope,2,0,1.0,4,65536,65536,0,0,128/128,128/128,0,0,3,1,0,1,0,128,128,192,0,0,0,1,0,3,0,0,1
19843987469243060,0x468000600812b4,1,TND,FLOAT16,3,1024,2176,2,1,192,32,none,1,slope,2,0,1.0,4,65536,65536,0,0,1024/1792/1792,1024/1792/3968,0,5,3,1,0,1,0,128,128,192,0,0,0,1,0,3,0,0,1
19843987469243184,0x46800060081330,1,BSND,FLOAT16,2,64,256,2,1,192,96,none,1,bnss,1,0,0.9,0,65536,65536,0,0,,,0,0,3,0,1,1,0,128,128,192,0,0,0,1,0,3,0,0,1
19843987469243186,0x46800060081332,1,TND,FLOAT16,2,128,128,2,1,192,128,none,1,slope,2,0,0.9,4,65536,65536,0,0,128/256,128/256,0,1,3,0,1,1,0,128,128,192,0,0,0,1,0,3,0,0,1
19843987469243312,0x468000600813b0,1,TND,FLOAT16,2,2048,512,2,1,192,128,none,1,slope,2,0,0.9,4,65536,65536,0,0,2048/3968,512/896,0,0,3,1,1,1,0,128,128,192,0,0,0,1,0,3,0,0,1
19843987469243440,0x46800060081430,1,BSND,FLOAT16,2,64,1024,2,1,192,128,bnss,0,,1,0,1.0,0,65536,65536,0,0,,,0,0,3,0,0,0,1,128,128,192,0,0,0,1,0,3,0,0,1
19843987469243442,0x46800060081432,1,BSH,FLOAT16,4,64,128,4,1,192,48,2048,0,,1,0,1.0,2,0,1024,0,1,,,0,1,3,0,0,0,1,128,128,192,0,0,0,1,0,3,0,0,1
19843987469243568,0x468000600814b0,1,TND,FLOAT16,3,2048,2048,2,1,192,72,2048,0,,1,0,1.0,4,65536,65536,0,0,1024/1792/3840,1024/1792/3840,0,0,3,1,0,0,1,128,128,192,0,0,0,1,0,3,0,0,1
19843987469243572,0x468000600814b4,1,TND,FLOAT16,3,1024,4096,2,1,192,16,2048,0,,1,0,1.0,4,65536,65536,0,0,1024/1920/2688,4096/8064/11904,0,5,3,1,0,0,1,128,128,192,0,0,0,1,0,3,0,0,1
19843987469243696,0x46800060081530,1,BSND,FLOAT16,2,64,256,2,1,192,16,11ss,0,,1,0,0.9,0,65536,65536,0,0,,,0,0,3,0,1,0,1,128,128,192,0,0,0,1,0,3,0,0,1
19843987469243698,0x46800060081532,1,BSND,FLOAT16,2,64,64,2,1,192,16,11ss,0,,1,0,0.9,0,65536,65536,0,0,,,0,1,3,0,1,0,1,128,128,192,0,0,0,1,0,3,0,0,1
19843987469243824,0x468000600815b0,1,TND,FLOAT16,3,2048,2048,2,1,192,128,2048,0,,1,0,0.9,4,65536,65536,0,0,1024/1792/3840,1024/1792/3840,0,0,3,1,1,0,1,128,128,192,0,0,0,1,0,3,0,0,1
19843987469243952,0x46800060081630,1,BSND,FLOAT16,2,1024,1024,2,1,192,128,ss,1,bnhs,0,0,1.0,0,65536,65536,0,0,,,0,0,3,0,0,1,1,128,128,192,0,0,0,1,0,3,0,0,1
19843987469243954,0x46800060081632,1,BSND,FLOAT16,2,64,64,2,1,192,16,ss,1,slope,3,0,1.0,0,65536,65536,0,1,,,0,1,3,0,0,1,1,128,128,192,0,0,0,1,0,3,0,0,1
19843987469244080,0x468000600816b0,1,TND,FLOAT16,40,4096,128,2,1,192,72,2048,1,bnhs,1,0,1.0,2,128,0,0,0,2048/3968/6016/7936/9984/11904/13952/15872/17920/19840/21888/23808/25856/27776/29824/31744/33792/35712/37760/39680/41728/43648/45696/47616/49664/51584/53632/55552/57600/59520/61568/63488/63552/63680/64704/65216/65728/65856/66112/70208,128/256/384/512/640/768/896/1024/1152/1280/1408/1536/1664/1792/1920/2048/2176/2304/2432/2560/2688/2816/2944/3072/3200/3328/3456/3584/3712/3840/3968/4096/4224/4352/4480/4608/4736/4864/4992/5120,0,0,3,1,0,1,1,128,128,192,0,0,0,1,0,3,0,0,1
19843987469244084,0x468000600816b4,1,TND,FLOAT16,16,2048,128,2,1,129,128,2048,1,bnhs,1,0,1.0,2,128,0,0,0,2048/3968/6016/7936/9984/11904/13952/15872/17920/19840/21888/23808/25856/27776/29824/31744,128/256/384/512/640/768/896/1024/1152/1280/1408/1536/1664/1792/1920/2048,0,5,3,1,0,1,1,128,128,192,0,0,0,1,0,3,0,0,1
19843987469244208,0x46800060081730,1,BSND,FLOAT16,2,64,256,2,1,192,96,ss,1,bnss,1,0,0.9,0,65536,65536,0,0,,,0,0,3,0,1,1,1,128,128,192,0,0,0,1,0,3,0,0,1
19843987469244210,0x46800060081732,1,BSND,FLOAT16,2,64,64,2,1,192,96,ss,1,bnss,1,0,0.9,0,65536,65536,0,0,,,0,1,3,0,1,1,1,128,128,192,0,0,0,1,0,3,0,0,1
19843987469244336,0x468000600817b0,1,TND,FLOAT16,2,128,128,2,1,192,64,2048,1,slope,2,0,0.9,4,65536,65536,0,0,128/128,128/128,0,0,3,1,1,1,1,128,128,192,0,0,0,1,0,3,0,0,1
19843988006113328,0x46800080081030,1,BSND,FLOAT16,2,64,1024,2,1,256,128,none,0,,1,0,1.0,0,65536,65536,0,0,,,0,0,3,0,0,0,0,128,128,256,0,0,0,1,0,3,0,0,1
19843988006113330,0x46800080081032,1,TND,FLOAT16,1,128,128,2,1,256,48,none,0,,1,0,1.0,4,65536,65536,0,0,128,128,0,1,3,0,0,0,0,128,128,256,0,0,0,1,0,3,0,0,1
19843988006113456,0x468000800810b0,1,TND,FLOAT16,3,2048,2048,2,1,256,128,none,0,,1,0,1.0,4,65536,65536,0,0,1024/1792/3840,1024/1792/3840,0,0,3,1,0,0,0,128,128,256,0,0,0,1,0,3,0,0,1
19843988006113460,0x468000800810b4,1,TND,FLOAT16,3,2048,2048,4,1,256,16,none,0,,1,0,1.0,4,65536,65536,0,0,1024/1792/3840,1024/1792/3840,0,5,3,1,0,0,0,128,128,256,0,0,0,1,0,3,0,0,1
19843988006113584,0x46800080081130,1,BSH,FLOAT16,4,512,512,2,2,256,64,none,0,,1,0,0.9,0,65536,65536,0,0,,,0,0,3,0,1,0,0,128,128,256,0,0,0,1,0,3,0,0,1
19843988006113586,0x46800080081132,1,BSND,FLOAT16,48,128,64,2,1,256,64,none,0,,1,0,0.9,0,65536,65536,0,1,,,0,1,3,0,1,0,0,128,128,256,0,0,0,1,0,3,0,0,1
19843988006113712,0x468000800811b0,1,TND,FLOAT16,3,1024,4096,2,1,256,32,none,0,,1,0,0.5,4,65536,65536,0,0,1024/1920/2688,4096/8064/11904,0,0,3,1,1,0,0,128,128,256,0,0,0,1,0,3,0,0,1
19843988006113840,0x46800080081230,1,BSND,FLOAT16,2,2048,2048,2,1,256,64,none,1,bnss,0,0,1.0,0,65536,65536,0,0,,,0,0,3,0,0,1,0,128,128,256,0,0,0,1,0,3,0,0,1
19843988006113842,0x46800080081232,1,BNSD,FLOAT16,1,128,128,1,1,256,192,none,1,1nss,1,0,1.0,0,65536,65536,0,0,,,0,1,3,0,0,1,0,128,128,256,0,0,0,1,0,3,0,0,1
19843988006113968,0x468000800812b0,1,TND,FLOAT16,2,128,128,2,1,256,128,none,1,slope,2,0,1.0,4,65536,65536,0,0,128/128,128/128,0,0,3,1,0,1,0,128,128,256,0,0,0,1,0,3,0,0,1
19843988006113972,0x468000800812b4,1,TND,FLOAT16,3,2048,2048,4,1,256,128,none,1,slope,2,0,1.0,4,65536,65536,0,0,1024/1792/3840,1024/1792/3840,0,5,3,1,0,1,0,128,128,256,0,0,0,1,0,3,0,0,1
19843988006114096,0x46800080081330,1,BSND,FLOAT16,2,64,1024,2,1,256,128,none,1,b1ss,1,0,0.5,0,65536,65536,0,0,,,0,0,3,0,1,1,0,128,128,256,0,0,0,1,0,3,0,0,1
19843988006114098,0x46800080081332,1,TND,FLOAT16,2,128,128,2,1,256,128,none,1,slope,2,0,0.9,4,65536,65536,0,0,128/256,128/256,0,1,3,0,1,1,0,128,128,256,0,0,0,1,0,3,0,0,1
19843988006114224,0x468000800813b0,1,TND,FLOAT16,2,2048,512,2,1,256,128,none,1,slope,2,0,0.9,4,65536,65536,0,0,2048/3968,512/896,0,0,3,1,1,1,0,128,128,256,0,0,0,1,0,3,0,0,1
19843988006114352,0x46800080081430,1,BSND,FLOAT16,2,64,1024,2,1,256,128,bnss,0,,1,0,1.0,0,65536,65536,0,0,,,0,0,3,0,0,0,1,128,128,256,0,0,0,1,0,3,0,0,1
19843988006114354,0x46800080081432,1,BSND,FLOAT16,2,64,64,2,1,256,16,2048,0,,1,0,1.0,2,128,0,0,1,,,0,1,3,0,0,0,1,128,128,256,0,0,0,1,0,3,0,0,1
19843988006114480,0x468000800814b0,1,TND,FLOAT16,2,1024,1024,2,1,256,64,ss,0,,1,0,1.0,0,65536,65536,0,0,1024/1024,1024/1024,0,0,3,1,0,0,1,128,128,256,0,0,0,1,0,3,0,0,1
19843988006114484,0x468000800814b4,1,TND,FLOAT16,3,2048,2048,2,1,256,64,2048,0,,1,0,1.0,2,65536,0,0,0,1024/1792/3840,1024/1792/3840,0,5,3,1,0,0,1,128,128,256,0,0,0,1,0,3,0,0,1
19843988006114608,0x46800080081530,1,BSND,FLOAT16,2,64,256,2,1,256,16,11ss,0,,1,0,0.9,0,65536,65536,0,0,,,0,0,3,0,1,0,1,128,128,256,0,0,0,1,0,3,0,0,1
19843988006114610,0x46800080081532,1,BSND,FLOAT16,2,64,64,2,1,256,16,11ss,0,,1,0,0.9,0,65536,65536,0,0,,,0,1,3,0,1,0,1,128,128,256,0,0,0,1,0,3,0,0,1
19843988006114736,0x468000800815b0,1,TND,FLOAT16,3,2048,2048,2,1,256,96,2048,0,,1,0,0.9,4,65536,65536,0,0,1024/1792/3840,1024/1792/3840,0,0,3,1,1,0,1,128,128,256,0,0,0,1,0,3,0,0,1
19843988006114864,0x46800080081630,1,BSND,FLOAT16,2,1024,512,2,1,256,16,ss,1,bnhs,0,0,1.0,0,65536,65536,0,0,,,0,0,3,0,0,1,1,128,128,256,0,0,0,1,0,3,0,0,1
19843988006114866,0x46800080081632,1,BSND,FLOAT16,2,128,64,2,1,256,96,ss,1,bnss,0,0,1.0,0,65536,65536,0,0,,,0,1,3,0,0,1,1,128,128,256,0,0,0,1,0,3,0,0,1
19843988006114992,0x468000800816b0,1,TND,FLOAT16,32,2048,2048,2,2,256,128,2048,1,bnhs,1,0,1.0,2,128,0,0,0,2048/3968/6016/7936/9984/11904/13952/15872/17920/19840/21888/23808/25856/27776/29824/31744/33792/35712/37760/39680/41728/43648/45696/47616/49664/51584/53632/55552/57600/59520/61568/63488,2048/3968/6016/7936/9984/11904/13952/15872/17920/19840/21888/23808/25856/27776/29824/31744/33792/35712/37760/39680/41728/43648/45696/47616/49664/51584/53632/55552/57600/59520/61568/63488,0,0,3,1,0,1,1,128,128,256,0,0,0,1,0,3,0,0,1
19843988006114996,0x468000800816b4,1,TND,FLOAT16,32,1024,128,2,1,256,192,2048,1,bnhs,1,0,1.0,2,128,0,0,0,1024/1984/3008/3968/4992/5952/6976/7936/8960/9920/10944/11904/12928/13888/14912/15872/16896/17856/18880/19840/20864/21824/22848/23808/24832/25792/26816/27776/28800/29760/30784/31744,128/256/384/512/640/768/896/1024/1152/1280/1408/1536/1664/1792/1920/2048/2176/2304/2432/2560/2688/2816/2944/3072/3200/3328/3456/3584/3712/3840/3968/4096,0,5,3,1,0,1,1,128,128,256,0,0,0,1,0,3,0,0,1
19843988006115120,0x46800080081730,1,BNSD,FLOAT16,1,256,256,1,1,256,16,ss,1,slope,2,0,0.9,0,65536,65536,0,0,,,0,0,3,0,1,1,1,128,128,256,0,0,0,1,0,3,0,0,1
19843988006115122,0x46800080081732,1,SBH,FLOAT16,1,64,128,1,1,256,248,ss,1,1nss,1,0,0.5,0,65536,65536,0,0,,,0,1,3,0,1,1,1,128,128,256,0,0,0,1,0,3,0,0,1
19843988006115248,0x468000800817b0,1,TND,FLOAT16,2,128,128,2,1,256,64,2048,1,slope,2,0,0.9,4,65536,65536,0,0,128/128,128/128,0,0,3,1,1,1,1,128,128,256,0,0,0,1,0,3,0,0,1
19843988542984240,0x468000a0081030,1,BSND,FLOAT16,2,128,512,2,1,768,16,none,0,,1,0,1.0,0,65536,65536,0,0,,,0,0,3,0,0,0,0,128,128,768,0,0,0,1,0,3,0,0,1
19843988542984242,0x468000a0081032,1,TND,FLOAT16,1,128,128,2,1,320,64,none,0,,1,0,1.0,4,65536,65536,0,0,128,128,0,1,3,0,0,0,0,128,128,768,0,0,0,1,0,3,0,0,1
19843988542984368,0x468000a00810b0,1,TND,FLOAT16,3,768,1024,2,1,768,256,none,0,,1,0,1.0,4,65536,65536,0,0,0/768/768,512/960/1984,0,0,3,1,0,0,0,128,128,768,0,0,0,1,0,3,0,0,1
19843988542984372,0x468000a00810b4,1,TND,FLOAT16,3,2048,2048,4,1,320,128,none,0,,1,0,1.0,4,65536,65536,0,0,1024/1792/3840,1024/1792/3840,0,5,3,1,0,0,0,128,128,768,0,0,0,1,0,3,0,0,1
19843988542984496,0x468000a0081130,1,BSH,FLOAT16,4,512,512,2,2,768,64,none,0,,1,0,0.9,0,65536,65536,0,0,,,0,0,3,0,1,0,0,128,128,768,0,0,0,1,0,3,0,0,1
19843988542984498,0x468000a0081132,1,BNSD,FLOAT16,1,64,64,1,1,512,192,none,0,,1,0,0.9,0,65536,65536,0,0,,,0,1,3,0,1,0,0,128,128,768,0,0,0,1,0,3,0,0,1
19843988542984624,0x468000a00811b0,1,TND,FLOAT16,3,768,1024,2,1,320,256,none,0,,1,0,0.5,4,65536,65536,0,0,0/768/768,512/960/1984,0,0,3,1,1,0,0,128,128,768,0,0,0,1,0,3,0,0,1
19843988542984752,0x468000a0081230,1,BSH,FLOAT16,2,256,256,2,2,512,320,none,1,bnss,0,0,1.0,0,65536,65536,0,0,,,0,0,3,0,0,1,0,128,128,768,0,0,0,1,0,3,0,0,1
19843988542984754,0x468000a0081232,1,BNSD,FLOAT16,1,64,64,1,1,320,32,none,1,1nss,1,0,1.0,0,65536,65536,0,0,,,0,1,3,0,0,1,0,128,128,768,0,0,0,1,0,3,0,0,1
19843988542984880,0x468000a00812b0,1,TND,FLOAT16,3,512,2048,2,1,768,128,none,1,slope,2,0,1.0,4,65536,65536,0,0,512/896/1152,2048/3968/5760,0,0,3,1,0,1,0,128,128,768,0,0,0,1,0,3,0,0,1
19843988542984884,0x468000a00812b4,1,TND,FLOAT16,3,1024,1920,2,1,512,256,none,1,slope,2,0,1.0,6,1024,65536,0,0,1024/1792/1792,1024/1792/3712,0,5,3,1,0,1,0,128,128,768,0,0,0,1,0,3,0,0,1
19843988542985008,0x468000a0081330,1,BSH,FLOAT16,4,256,256,2,2,512,72,none,1,b1ss,1,0,0.9,0,65536,65536,0,0,,,0,0,3,0,1,1,0,128,128,768,0,0,0,1,0,3,0,0,1
19843988542985010,0x468000a0081332,1,BNSD,FLOAT16,1,64,128,1,1,512,72,none,1,1nss,0,0,0.9,0,65536,65536,0,0,,,0,1,3,0,1,1,0,128,128,768,0,0,0,1,0,3,0,0,1
19843988542985136,0x468000a00813b0,1,TND,FLOAT16,2,128,128,2,1,768,128,none,1,slope,2,0,0.9,4,65536,65536,0,0,128/128,128/128,0,0,3,1,1,1,0,128,128,768,0,0,0,1,0,3,0,0,1
19843988542985264,0x468000a0081430,1,BSH,FLOAT16,4,256,256,2,2,512,16,ss,0,,1,0,1.0,0,65536,65536,0,0,,,0,0,3,0,0,0,1,128,128,768,0,0,0,1,0,3,0,0,1
19843988542985266,0x468000a0081432,1,BSH,FLOAT16,48,128,64,4,1,320,192,2048,0,,1,0,1.0,3,128,0,0,1,,,0,1,3,0,0,0,1,128,128,768,0,0,0,1,0,3,0,0,1
19843988542985392,0x468000a00814b0,1,TND,FLOAT16,4,512,512,2,1,512,16,ss,0,,1,0,1.0,0,65536,65536,0,0,512/512/512/512,512/512/512/512,0,0,3,1,0,0,1,128,128,768,0,0,0,1,0,3,0,0,1
19843988542985396,0x468000a00814b4,1,TND,FLOAT16,32,2048,128,2,1,320,128,2048,0,,1,0,1.0,2,128,0,0,0,2048/3968/6016/7936/9984/11904/13952/15872/17920/19840/21888/23808/25856/27776/29824/31744/33792/35712/37760/39680/41728/43648/45696/47616/49664/51584/53632/55552/57600/57600/59648/61568,128/256/384/512/640/768/896/1024/1152/1280/1408/1536/1664/1792/1920/2048/2176/2304/2432/2560/2688/2816/2944/3072/3200/3328/3456/3584/3712/3840/3968/4096,0,5,3,1,0,0,1,128,128,768,0,0,0,1,0,3,0,0,1
19843988542985520,0x468000a0081530,1,TND,FLOAT16,1,1024,128,2,1,320,48,2048,0,,1,0,0.9,2,0,0,0,0,1024,128,0,0,3,0,1,0,1,128,128,768,0,0,0,1,0,3,0,0,1
19843988542985522,0x468000a0081532,1,BSND,FLOAT16,2,128,128,2,1,320,256,ss,0,,1,0,0.9,1,65536,1024,0,0,,,0,1,3,0,1,0,1,128,128,768,0,0,0,1,0,3,0,0,1
19843988542985648,0x468000a00815b0,1,TND,FLOAT16,8,4096,128,2,1,320,48,2048,0,,1,0,0.9,4,65536,65536,0,0,1024/2048/2304/6400/6464/6528/7552/8576,128/256/384/512/640/768/896/1024,0,0,3,1,1,0,1,128,128,768,0,0,0,1,0,3,0,0,1
19843988542985776,0x468000a0081630,1,BSND,FLOAT16,2,64,1024,2,1,768,128,ss,1,b1ss,1,0,1.0,0,65536,65536,0,0,,,0,0,3,0,0,1,1,128,128,768,0,0,0,1,0,3,0,0,1
19843988542985778,0x468000a0081632,1,BSH,FLOAT16,4,32,32,8,1,320,48,2048,1,1nss,0,0,1.0,2,65536,1024,0,1,,,0,1,3,0,0,1,1,128,128,768,0,0,0,1,0,3,0,0,1
19843988542985904,0x468000a00816b0,1,TND,FLOAT16,32,2048,2048,2,1,768,128,2048,1,bnhs,1,0,1.0,2,128,0,0,0,2048/3968/6016/7936/9984/11904/13952/15872/17920/19840/21888/23808/25856/27776/29824/31744/33792/35712/37760/39680/41728/43648/45696/47616/49664/51584/53632/55552/57600/59520/61568/63488,2048/3968/6016/7936/9984/11904/13952/15872/17920/19840/21888/23808/25856/27776/29824/31744/33792/35712/37760/39680/41728/43648/45696/47616/49664/51584/53632/55552/57600/59520/61568/63488,0,0,3,1,0,1,1,128,128,768,0,0,0,1,0,3,0,0,1
19843988542985908,0x468000a00816b4,1,TND,FLOAT16,32,1024,128,2,1,512,72,2048,1,bnhs,1,0,1.0,2,128,0,0,0,1024/1984/3008/3968/4992/5952/6976/7936/8960/9920/10944/11904/12928/13888/14912/15872/16896/17856/18880/19840/20864/21824/22848/23808/24832/25792/26816/27776/28800/29760/30784/31744,128/256/384/512/640/768/896/1024/1152/1280/1408/1536/1664/1792/1920/2048/2176/2304/2432/2560/2688/2816/2944/3072/3200/3328/3456/3584/3712/3840/3968/4096,0,5,3,1,0,1,1,128,128,768,0,0,0,1,0,3,0,0,1
19843988542986032,0x468000a0081730,1,BSH,FLOAT16,4,256,256,2,2,512,64,11ss,1,b1ss,1,0,0.9,0,65536,65536,0,0,,,0,0,3,0,1,1,1,128,128,768,0,0,0,1,0,3,0,0,1
19843988542986034,0x468000a0081732,1,BSND,FLOAT16,2,32,32,2,1,320,256,ss,1,b1ss,1,0,0.9,0,65536,65536,0,0,,,0,1,3,0,1,1,1,128,128,768,0,0,0,1,0,3,0,0,1
19843988542986160,0x468000a00817b0,1,TND,FLOAT16,18,1024,128,2,1,512,72,2048,1,bnhs,1,0,0.5,2,128,0,0,0,1024/1984/3008/3968/4992/5952/6976/7936/8960/9920/10944/11904/12928/13888/14912/15872/16896/17856,128/256/384/512/640/768/896/1024/1152/1280/1408/1536/1664/1792/1920/2048/2176/2304,0,0,3,1,1,1,1,128,128,768,0,0,0,1,0,3,0,0,1
19846185418756144,0x46820020081030,1,BSND,FLOAT16,2,1024,1024,2,1,64,48,none,0,,1,0,1.0,6,65536,0,0,1,,,0,0,3,0,0,0,0,128,128,64,1,0,0,1,0,3,0,0,1
19846185418756272,0x468200200810b0,1,TND,FLOAT16,32,2560,2560,2,1,64,32,none,0,,1,0,1.0,6,1024,128,0,1,2048/4352/6912/8960/11264/13824/15872/18176/20736/22784/25088/27648/29696/32000/34560/36608/38912/41472/43520/45824/48384/50432/52736/55296/57344/59648/62208/64256/66560/69120/71168/73472,2048/4352/6912/8960/11264/13824/15872/18176/20736/22784/25088/27648/29696/32000/34560/36608/38912/41472/43520/45824/48384/50432/52736/55296/57344/59648/62208/64256/66560/69120/71168/73472,0,0,3,1,0,0,0,128,128,64,1,0,0,1,0,3,0,0,1
19846185418756400,0x46820020081130,1,BSND,FLOAT16,24,1024,1024,2,1,64,16,none,0,,1,0,0.9,6,128,1024,0,1,,,0,0,3,0,1,0,0,128,128,64,1,0,0,1,0,3,0,0,1
19846185418756528,0x468200200811b0,1,TND,FLOAT16,16,1024,1024,5,1,16,72,none,0,,3,0,0.5,6,65536,128,3,1,128/256/768/1792/2048/2112/2176/2176/2240/2240/2496/3008/3072/3072/3136/3200,512/576/1088/1088/1152/2176/2304/2432/3456/4480/4608/5632/6656/6784/7296/7808,0,0,3,1,1,0,0,128,128,64,1,0,0,1,0,3,0,0,1
19846185418756656,0x46820020081230,1,BSH,FLOAT16,4,512,512,2,2,64,32,none,1,bnss,0,0,1.0,6,65536,128,0,1,,,0,0,3,0,0,1,0,128,128,64,1,0,0,1,0,3,0,0,1
19846185418756784,0x468200200812b0,1,TND,FLOAT16,4,1024,256,2,1,32,16,none,1,slope,2,0,1.0,6,128,65536,0,1,1024/1920/2688/3712,256/384/384/640,0,0,3,1,0,1,0,128,128,64,1,0,0,1,0,3,0,0,1
19846185418756912,0x46820020081330,1,SBH,FLOAT16,8,256,256,1,1,64,32,none,1,bnss,0,0,0.9,6,0,1024,0,1,,,0,0,3,0,1,1,0,128,128,64,1,0,0,1,0,3,0,0,1
19846185418757040,0x468200200813b0,1,TND,FLOAT16,2,64,256,2,1,64,48,none,1,slope_n,2,0,0.9,6,65536,65536,0,1,64/128,256/384,0,0,3,1,1,1,0,128,128,64,1,0,0,1,0,3,0,0,1
19846185418757168,0x46820020081430,1,BSND,FLOAT16,2,2048,256,2,1,64,32,ss,0,,1,0,1.0,5,128,0,0,1,,,0,0,3,0,0,0,1,128,128,64,1,0,0,1,0,3,0,0,1
19846185418757296,0x468200200814b0,1,TND,FLOAT16,3,2048,2048,2,1,64,48,2048,0,,1,0,1.0,6,0,128,0,1,1024/1792/3840,1024/1792/3840,0,0,3,1,0,0,1,128,128,64,1,0,0,1,0,3,0,0,1
19846185418757424,0x46820020081530,1,BSH,FLOAT16,4,512,512,2,2,64,48,2048,0,,1,0,0.9,6,1024,0,0,1,,,0,0,3,0,1,0,1,128,128,64,1,0,0,1,0,3,0,0,1
19846185418757552,0x468200200815b0,1,TND,FLOAT16,3,2048,2048,2,1,32,48,2048,0,,1,0,0.9,6,65536,0,0,1,1024/1792/3840,1024/1792/3840,0,0,3,1,1,0,1,128,128,64,1,0,0,1,0,3,0,0,1
19846185418757680,0x46820020081630,1,BSND,FLOAT16,2,1024,1024,2,1,64,48,ss,1,slope_n,2,0,1.0,5,128,0,0,1,,,0,0,3,0,0,1,1,128,128,64,1,0,0,1,0,3,0,0,1
19846185418757808,0x468200200816b0,1,TND,FLOAT16,3,2048,2048,8,1,64,16,bnss,1,slope,2,0,1.0,6,65536,65536,0,1,1024/1792/3840,1024/1792/3840,0,0,3,1,0,1,1,128,128,64,1,0,0,1,0,3,0,0,1
19846185418757936,0x46820020081730,1,BSH,FLOAT16,4,512,512,2,2,64,48,11ss,1,b1ss,1,0,0.9,5,65536,65536,0,1,,,0,0,3,0,1,1,1,128,128,64,1,0,0,1,0,3,0,0,1
19846185418758064,0x468200200817b0,1,TND,FLOAT16,16,1024,512,16,8,32,128,b1ss,1,slope,3,0,0.5,6,512,512,3,1,64/64/64/64/576/640/768/768/768/1024/1152/1152/1152/2176/2432/3456,512/512/1024/1280/1344/1856/2368/2496/2560/2816/2944/3200/3456/3520/3584/3584,0,0,3,1,1,1,1,128,128,64,1,0,0,1,0,3,0,0,1
19846185955627056,0x46820040081030,1,BSND,FLOAT16,2,1024,1024,2,1,96,16,none,0,,1,0,1.0,5,128,0,0,1,,,0,0,3,0,0,0,0,128,128,128,1,0,0,1,0,3,0,0,1
19846185955627184,0x468200400810b0,1,TND,FLOAT16,32,2560,2560,1,1,72,16,none,0,,1,0,1.0,6,1024,128,0,1,2048/4352/6912/8960/11264/13824/15872/18176/20736/22784/25088/27648/29696/32000/34560/36608/38912/41472/43520/45824/48384/50432/52736/55296/57344/59648/62208/64256/66560/69120/71168/73472,2048/4352/6912/8960/11264/13824/15872/18176/20736/22784/25088/27648/29696/32000/34560/36608/38912/41472/43520/45824/48384/50432/52736/55296/57344/59648/62208/64256/66560/69120/71168/73472,0,0,3,1,0,0,0,128,128,128,1,0,0,1,0,3,0,0,1
19846185955627312,0x46820040081130,1,BSND,FLOAT16,2,1024,1024,2,1,128,16,none,0,,1,0,0.9,6,128,1024,0,1,,,0,0,3,0,1,0,0,128,128,128,1,0,0,1,0,3,0,0,1
19846185955627440,0x468200400811b0,1,TND,FLOAT16,32,2048,64,2,1,96,72,none,0,,1,0,0.9,6,1024,128,0,1,2048/3968/5760/7808/9728/11520/13568/15488/17280/19328/21248/23040/25088/27008/28800/30848/32768/34560/36608/38528/40320/42368/44288/46080/48128/50048/51840/53888/55808/57600/59648/61568,64/107/129/193/236/258/322/365/387/451/494/516/580/623/645/709/752/774/838/881/903/967/1010/1032/1096/1139/1161/1225/1268/1290/1354/1397,0,0,3,1,1,0,0,128,128,128,1,0,0,1,0,3,0,0,1
19846185955627568,0x46820040081230,1,BSND,FLOAT16,2,1024,1024,2,1,72,64,none,1,bnhs,1,0,1.0,5,128,0,0,1,,,0,0,3,0,0,1,0,128,128,128,1,0,0,1,0,3,0,0,1
19846185955627696,0x468200400812b0,1,TND,FLOAT16,4,1024,256,2,1,72,16,none,1,slope,2,0,1.0,6,128,65536,0,1,1024/1920/2688/3712,256/384/384/640,0,0,3,1,0,1,0,128,128,128,1,0,0,1,0,3,0,0,1
19846185955627824,0x46820040081330,1,SBH,FLOAT16,1,256,256,1,1,96,16,none,1,1nss,0,0,0.9,6,0,1024,0,1,,,0,0,3,0,1,1,0,128,128,128,1,0,0,1,0,3,0,0,1
19846185955627952,0x468200400813b0,1,TND,FLOAT16,3,2048,2048,2,1,96,64,none,1,slope,2,0,0.9,6,0,65536,0,1,1024/1792/3840,1024/1792/3840,0,0,3,1,1,1,0,128,128,128,1,0,0,1,0,3,0,0,1
19846185955628080,0x46820040081430,1,BSND,FLOAT16,2,64,256,2,1,72,16,ss,0,,1,0,1.0,5,128,0,0,1,,,0,0,3,0,0,0,1,128,128,128,1,0,0,1,0,3,0,0,1
19846185955628208,0x468200400814b0,1,TND,FLOAT16,3,64,4096,2,1,128,64,b1ss,0,,1,0,1.0,6,1024,128,0,1,64/107/129,4096/8064/11904,0,0,3,1,0,0,1,128,128,128,1,0,0,1,0,3,0,0,1
19846185955628336,0x46820040081530,1,BSH,FLOAT16,4,512,512,2,2,128,96,2048,0,,1,0,0.9,6,1024,1024,0,1,,,0,0,3,0,1,0,1,128,128,128,1,0,0,1,0,3,0,0,1
19846185955628464,0x468200400815b0,1,TND,FLOAT16,3,2048,2048,2,1,72,48,2048,0,,1,0,0.9,6,65536,0,0,1,1024/1792/3840,1024/1792/3840,0,0,3,1,1,0,1,128,128,128,1,0,0,1,0,3,0,0,1
19846185955628592,0x46820040081630,1,BSND,FLOAT16,2,1024,1024,2,1,72,48,ss,1,1nhs,1,0,1.0,5,128,0,0,1,,,0,0,3,0,0,1,1,128,128,128,1,0,0,1,0,3,0,0,1
19846185955628720,0x468200400816b0,1,TND,FLOAT16,4,1024,256,2,1,72,16,11ss,1,slope,2,0,1.0,6,1024,1024,0,1,1024/1920/2688/3712,256/384/384/640,0,0,3,1,0,1,1,128,128,128,1,0,0,1,0,3,0,0,1
19846185955628848,0x46820040081730,1,BSH,FLOAT16,4,512,512,2,2,96,16,11ss,1,bnss,1,0,0.9,6,128,128,0,1,,,0,0,3,0,1,1,1,128,128,128,1,0,0,1,0,3,0,0,1
19846185955628976,0x468200400817b0,1,TND,FLOAT16,16,1024,1024,12,8,96,512,11ss,1,slope,3,0,0.5,6,64,128,3,1,512/768/1024/1152/1408/1472/1472/2496/2624/3136/3264/4288/4416/4672/5184/6208,64/1088/1152/1280/1536/1664/2688/2688/2816/3328/3456/3456/3712/3968/4224/4736,0,0,3,1,1,1,1,128,128,128,1,0,0,1,0,3,0,0,1
19846186492497968,0x46820060081030,1,BSND,FLOAT16,2,1024,1024,2,1,192,72,none,0,,1,0,1.0,5,128,0,0,1,,,0,0,3,0,0,0,0,128,128,192,1,0,0,1,0,3,0,0,1
19846186492498096,0x468200600810b0,1,TND,FLOAT16,3,2048,2048,2,1,192,72,none,0,,1,0,1.0,6,128,128,0,1,1024/1792/3840,1024/1792/3840,0,0,3,1,0,0,0,128,128,192,1,0,0,1,0,3,0,0,1
19846186492498224,0x46820060081130,1,BSH,FLOAT16,4,512,512,2,2,192,64,none,0,,1,0,0.9,6,128,128,0,1,,,0,0,3,0,1,0,0,128,128,192,1,0,0,1,0,3,0,0,1
19846186492498352,0x468200600811b0,1,TND,FLOAT16,3,1024,4096,1,1,192,16,none,0,,2,0,0.9,6,65536,65536,0,1,1024/1920/2688,4096/8064/11904,0,0,3,1,1,0,0,128,128,192,1,0,0,1,0,3,0,0,1
19846186492498480,0x46820060081230,1,BSND,FLOAT16,2,1024,1024,2,1,192,64,none,1,1nhs,1,0,1.0,5,128,0,0,1,,,0,0,3,0,0,1,0,128,128,192,1,0,0,1,0,3,0,0,1
19846186492498608,0x468200600812b0,1,TND,FLOAT16,3,2048,2048,2,1,192,128,none,1,slope,2,0,1.0,6,128,65536,0,1,1024/1792/3840,1024/1792/3840,0,0,3,1,0,1,0,128,128,192,1,0,0,1,0,3,0,0,1
19846186492498736,0x46820060081330,1,BSND,FLOAT16,2,4096,1024,2,1,192,96,none,1,bnss,1,0,0.9,5,65536,65536,0,1,,,0,0,3,0,1,1,0,128,128,192,1,0,0,1,0,3,0,0,1
19846186492498864,0x468200600813b0,1,TND,FLOAT16,4,512,512,2,2,192,32,none,1,slope,3,0,0.9,6,65536,0,0,1,512/512/512/512,512/512/512/512,0,0,3,1,1,1,0,128,128,192,1,0,0,1,0,3,0,0,1
19846186492498992,0x46820060081430,1,BSND,FLOAT16,8,1024,1024,2,1,192,48,ss,0,,1,0,1.0,5,128,0,0,1,,,0,0,3,0,0,0,1,128,128,192,1,0,0,1,0,3,0,0,1
19846186492499120,0x468200600814b0,1,TND,FLOAT16,3,2048,2048,1,1,192,32,2048,0,,1,0,1.0,6,128,0,0,1,1024/1792/3840,1024/1792/3840,0,0,3,1,0,0,1,128,128,192,1,0,0,1,0,3,0,0,1
19846186492499248,0x46820060081530,1,BSND,FLOAT16,2,1024,1024,2,1,192,96,11ss,0,,1,0,0.9,6,0,0,0,1,,,0,0,3,0,1,0,1,128,128,192,1,0,0,1,0,3,0,0,1
19846186492499376,0x468200600815b0,1,TND,FLOAT16,3,2048,2048,2,1,192,128,2048,0,,1,0,0.9,6,1024,65536,0,1,1024/1792/3840,1024/1792/3840,0,0,3,1,1,0,1,128,128,192,1,0,0,1,0,3,0,0,1
19846186492499504,0x46820060081630,1,BSND,FLOAT16,2,1024,1024,2,1,192,48,ss,1,bnhs,0,0,1.0,5,65536,65536,0,1,,,0,0,3,0,0,1,1,128,128,192,1,0,0,1,0,3,0,0,1
19846186492499632,0x468200600816b0,1,TND,FLOAT16,32,2048,2048,2,1,129,128,2048,1,slope_n,3,0,1.0,6,65536,65536,0,1,2048/3968/6016/7936/9984/11904/13952/15872/17920/19840/21888/23808/25856/27776/29824/31744/33792/35712/37760/39680/41728/43648/45696/47616/49664/51584/53632/55552/57600/59520/61568/63488,2048/3968/6016/7936/9984/11904/13952/15872/17920/19840/21888/23808/25856/27776/29824/31744/33792/35712/37760/39680/41728/43648/45696/47616/49664/51584/53632/55552/57600/59520/61568/63488,0,0,3,1,0,1,1,128,128,192,1,0,0,1,0,3,0,0,1
19846186492499760,0x46820060081730,1,BSH,FLOAT16,4,512,512,2,2,192,72,11ss,1,b1ss,1,0,0.9,5,65536,65536,0,1,,,0,0,3,0,1,1,1,128,128,192,1,0,0,1,0,3,0,0,1
19846186492499888,0x468200600817b0,1,TND,FLOAT16,3,2048,2048,2,1,192,184,2048,1,slope,2,0,0.5,6,0,1024,0,1,1024/1792/3840,1024/1792/3840,0,0,3,1,1,1,1,128,128,192,1,0,0,1,0,3,0,0,1
19846187029368880,0x46820080081030,1,BSH,FLOAT16,4,4096,4096,2,2,256,64,none,0,,1,0,1.0,6,0,1024,0,1,,,0,0,3,0,0,0,0,128,128,256,1,0,0,1,0,3,0,0,1
19846187029369008,0x468200800810b0,1,TND,FLOAT16,32,128,128,2,2,256,96,none,0,,1,0,1.0,6,64,1,0,1,128/214/258/386/472/516/644/730/774/902/988/1032/1160/1246/1290/1418/1504/1548/1676/1762/1806/1934/2020/2064/2192/2278/2322/2450/2536/2580/2708/2794,128/214/258/386/472/516/644/730/774/902/988/1032/1160/1246/1290/1418/1504/1548/1676/1762/1806/1934/2020/2064/2192/2278/2322/2450/2536/2580/2708/2794,0,0,3,1,0,0,0,128,128,256,1,0,0,1,0,3,0,0,1
19846187029369136,0x46820080081130,1,BSH,FLOAT16,4,512,512,2,2,256,64,none,0,,1,0,0.9,6,128,128,0,1,,,0,0,3,0,1,0,0,128,128,256,1,0,0,1,0,3,0,0,1
19846187029369264,0x468200800811b0,1,TND,FLOAT16,32,2048,64,2,1,256,96,none,0,,1,0,0.9,6,0,0,0,1,2048/3968/5760/7808/9728/11520/13568/15488/17280/19328/21248/23040/25088/27008/28800/30848/32768/34560/36608/38528/40320/42368/44288/46080/48128/50048/51840/53888/55808/57600/59648/61568,64/107/129/193/236/258/322/365/387/451/494/516/580/623/645/709/752/774/838/881/903/967/1010/1032/1096/1139/1161/1225/1268/1290/1354/1397,0,0,3,1,1,0,0,128,128,256,1,0,0,1,0,3,0,0,1
19846187029369392,0x46820080081230,1,BSND,FLOAT16,1,256,256,1,1,256,96,none,1,1nss,1,0,1.0,6,65536,128,0,1,,,0,0,3,0,0,1,0,128,128,256,1,0,0,1,0,3,0,0,1
19846187029369520,0x468200800812b0,1,TND,FLOAT16,4,1024,256,2,1,256,16,none,1,slope,2,0,1.0,6,128,65536,0,1,1024/1920/2688/3712,256/384/384/640,0,0,3,1,0,1,0,128,128,256,1,0,0,1,0,3,0,0,1
19846187029369648,0x46820080081330,1,SBH,FLOAT16,1,256,256,1,1,256,32,none,1,1nss,0,0,0.9,6,0,1024,0,1,,,0,0,3,0,1,1,0,128,128,256,1,0,0,1,0,3,0,0,1
19846187029369776,0x468200800813b0,1,TND,FLOAT16,2,128,128,1,2,256,64,none,1,slope,2,0,0.9,6,65536,65536,0,1,128/128,128/128,0,0,3,1,1,1,0,128,128,256,1,0,0,1,0,3,0,0,1
19846187029369904,0x46820080081430,1,BSND,FLOAT16,1,1024,1024,2,1,256,192,ss,0,,1,0,1.0,5,128,0,0,1,,,0,0,3,0,0,0,1,128,128,256,1,0,0,1,0,3,0,0,1
19846187029370032,0x468200800814b0,1,TND,FLOAT16,4,512,256,2,2,256,32,b1ss,0,,1,0,1.0,6,128,0,0,1,512/512/512/512,256/256/256/256,0,0,3,1,0,0,1,128,128,256,1,0,0,1,0,3,0,0,1
19846187029370160,0x46820080081530,1,BSND,FLOAT16,2,1024,1024,2,1,256,16,2048,0,,1,0,0.9,6,65536,128,0,1,,,0,0,3,0,1,0,1,128,128,256,1,0,0,1,0,3,0,0,1
19846187029370288,0x468200800815b0,1,TND,FLOAT16,32,128,128,2,1,256,96,11ss,0,,1,0,0.9,6,0,0,0,1,128/214/258/386/472/516/644/730/774/902/988/1032/1160/1246/1290/1418/1504/1548/1676/1762/1806/1934/2020/2064/2192/2278/2322/2450/2536/2580/2708/2794,128/214/258/386/472/516/644/730/774/902/988/1032/1160/1246/1290/1418/1504/1548/1676/1762/1806/1934/2020/2064/2192/2278/2322/2450/2536/2580/2708/2794,0,0,3,1,1,0,1,128,128,256,1,0,0,1,0,3,0,0,1
19846187029370416,0x46820080081630,1,BSND,FLOAT16,2,1024,1024,2,1,256,16,ss,1,bnhs,0,0,1.0,5,65536,65536,0,1,,,0,0,3,0,0,1,1,128,128,256,1,0,0,1,0,3,0,0,1
19846187029370544,0x468200800816b0,1,TND,FLOAT16,3,512,512,2,1,193,64,2048,1,slope,2,0,1.0,6,65536,65536,0,1,512/896/1152,512/896/1152,0,0,3,1,0,1,1,128,128,256,1,0,0,1,0,3,0,0,1
19846187029370672,0x46820080081730,1,BSND,FLOAT16,1,1024,1024,2,1,256,72,2048,1,1nhs,1,0,0.5,6,128,0,0,1,,,0,0,3,0,1,1,1,128,128,256,1,0,0,1,0,3,0,0,1
19846187029370800,0x468200800817b0,1,TND,FLOAT16,16,1024,1024,8,8,256,16,11ss,1,slope,3,0,0.5,6,64,2048,1,1,0/0/512/768/832/1856/1984/2112/2368/3392/3648/4160/4672/4928/5184/6208,64/1088/1152/2176/2240/2752/2752/3264/3264/3328/3840/3968/4096/4608/4672/4736,0,0,3,1,1,1,1,128,128,256,1,0,0,1,0,3,0,0,1
19846187566239792,0x468200a0081030,1,BSND,FLOAT16,2,1024,1024,2,1,512,96,none,0,,1,0,1.0,5,128,0,0,1,,,0,0,3,0,0,0,0,128,128,768,1,0,0,1,0,3,0,0,1
19846187566239920,0x468200a00810b0,1,TND,FLOAT16,3,2048,256,2,1,320,32,none,0,,1,0,1.0,6,128,128,0,1,2048/3968/5760,256/384/384,0,0,3,1,0,0,0,128,128,768,1,0,0,1,0,3,0,0,1
19846187566240048,0x468200a0081130,1,BSND,FLOAT16,1,256,256,1,1,320,96,none,0,,1,0,0.9,6,0,128,0,1,,,0,0,3,0,1,0,0,128,128,768,1,0,0,1,0,3,0,0,1
19846187566240176,0x468200a00811b0,1,TND,FLOAT16,3,2048,2048,2,1,320,32,none,0,,1,0,0.5,6,128,128,0,1,1024/1792/3840,1024/1792/3840,0,0,3,1,1,0,0,128,128,768,1,0,0,1,0,3,0,0,1
19846187566240304,0x468200a0081230,1,BSND,FLOAT16,2,1024,1024,2,1,512,16,none,1,1nhs,1,0,1.0,5,128,0,0,1,,,0,0,3,0,0,1,0,128,128,768,1,0,0,1,0,3,0,0,1
19846187566240432,0x468200a00812b0,1,TND,FLOAT16,4,4096,128,2,1,768,16,none,1,slope,2,0,1.0,6,65536,65536,0,1,1024/1280/5376/9472,128/256/384/512,0,0,3,1,0,1,0,128,128,768,1,0,0,1,0,3,0,0,1
19846187566240560,0x468200a0081330,1,SBH,FLOAT16,1,256,256,1,1,512,64,none,1,1nss,0,0,0.9,6,0,1024,0,1,,,0,0,3,0,1,1,0,128,128,768,1,0,0,1,0,3,0,0,1
19846187566240688,0x468200a00813b0,1,TND,FLOAT16,4,4096,128,2,1,768,16,none,1,slope,2,0,0.9,6,65536,65536,1,1,1024/1280/5376/9472,128/256/384/512,0,0,3,1,1,1,0,128,128,768,1,0,0,1,0,3,0,0,1
19846187566240816,0x468200a0081430,1,BSND,FLOAT16,2,1024,1024,2,1,320,72,ss,0,,1,0,1.0,5,128,0,0,1,,,0,0,3,0,0,0,1,128,128,768,1,0,0,1,0,3,0,0,1
19846187566240944,0x468200a00814b0,1,TND,FLOAT16,3,2048,2048,2,1,320,192,2048,0,,1,0,1.0,6,0,128,0,1,1024/1792/3840,1024/1792/3840,0,0,3,1,0,0,1,128,128,768,1,0,0,1,0,3,0,0,1
19846187566241072,0x468200a0081530,1,BSH,FLOAT16,4,512,512,2,2,320,192,2048,0,,1,0,0.9,6,0,1024,0,1,,,0,0,3,0,1,0,1,128,128,768,1,0,0,1,0,3,0,0,1
19846187566241200,0x468200a00815b0,1,TND,FLOAT16,3,2048,2048,2,1,768,128,2048,0,,1,0,0.9,6,1024,65536,0,1,1024/1792/3840,1024/1792/3840,0,0,3,1,1,0,1,128,128,768,1,0,0,1,0,3,0,0,1
19846187566241328,0x468200a0081630,1,BSND,FLOAT16,2,1024,1024,2,1,320,128,ss,1,1nhs,1,0,1.0,5,128,0,0,1,,,0,0,3,0,0,1,1,128,128,768,1,0,0,1,0,3,0,0,1
19846187566241456,0x468200a00816b0,1,TND,FLOAT16,2,512,1024,2,4,768,144,11ss,1,slope_n,2,0,1.0,6,1,1,2,1,512/640,1024/1024,0,0,3,1,0,1,1,128,128,768,1,0,0,1,0,3,0,0,1
19846187566241584,0x468200a0081730,1,BSND,FLOAT16,24,1024,1024,2,1,320,16,ss,1,bnhs,1,0,0.5,5,128,0,0,1,,,0,0,3,0,1,1,1,128,128,768,1,0,0,1,0,3,0,0,1
19846187566241712,0x468200a00817b0,1,TND,FLOAT16,2,512,512,2,2,768,256,2048,1,1nhs,1,0,0.9,6,1024,0,0,1,512/512,512/512,0,0,3,1,1,1,1,128,128,768,1,0,0,1,0,3,0,0,1
19848384442011696,0x46840020081030,1,BSND,FLOAT16,2,512,512,1,2,64,32,none,0,,1,0,1.0,0,65536,65536,0,1,,,0,0,3,0,0,0,0,128,128,64,2,0,0,1,0,3,0,0,1
19848384442011824,0x468400200810b0,1,TND,FLOAT16,8,1024,1024,1,2,64,32,none,0,,1,0,1.0,0,65536,65536,0,1,1024/1024/1024/1024/1024/1024/1024/1024,1024/1024/1024/1024/1024/1024/1024/1024,0,0,3,1,0,0,0,128,128,64,2,0,0,1,0,3,0,0,1
19848384442011952,0x46840020081130,1,BSH,FLOAT16,4,512,512,2,2,64,32,none,0,,1,0,0.9,2,1024,1024,0,1,,,0,0,3,0,1,0,0,128,128,64,2,0,0,1,0,3,0,0,1
19848384442012080,0x468400200811b0,1,TND,FLOAT16,16,1024,1024,8,4,64,72,none,0,,2,0,0.9,0,512,65536,0,1,128/128/256/1280/2304/2816/2944/3456/3520/3584/4096/4608/4736/4800/5824/5824,512/512/1024/1088/1344/1472/1536/1792/2304/2560/2816/2880/3904/4416/4480/4736,0,0,3,1,1,0,0,128,128,64,2,0,0,1,0,3,0,0,1
19848384442012208,0x46840020081230,1,BSH,FLOAT16,4,512,512,2,2,64,48,none,1,1nss,1,0,1.0,0,65536,65536,0,1,,,0,0,3,0,0,1,0,128,128,64,2,0,0,1,0,3,0,0,1
19848384442012336,0x468400200812b0,1,TND,FLOAT16,3,4096,1024,40,2,64,16,none,1,slope,3,0,1.0,0,65536,65536,0,1,4096/8064/11904,1024/1920/2688,0,0,3,1,0,1,0,128,128,64,2,0,0,1,0,3,0,0,1
19848384442012464,0x46840020081330,1,TND,FLOAT16,3,1024,128,2,2,64,32,none,1,slope,2,0,0.9,4,65536,65536,0,1,1024/2048/3072,128/256/384,0,0,3,0,1,1,0,128,128,64,2,0,0,1,0,3,0,0,1
19848384442012592,0x468400200813b0,1,TND,FLOAT16,32,2560,2560,2,2,64,320,none,1,slope_n,3,0,0.5,0,65536,65536,0,1,2048/4352/6912/8960/11264/13824/15872/18176/20736/22784/25088/27648/29696/32000/34560/36608/38912/41472/43520/45824/48384/50432/52736/55296/57344/59648/62208/64256/66560/69120/71168/73472,2048/4352/6912/8960/11264/13824/15872/18176/20736/22784/25088/27648/29696/32000/34560/36608/38912/41472/43520/45824/48384/50432/52736/55296/57344/59648/62208/64256/66560/69120/71168/73472,0,0,3,1,1,1,0,128,128,64,2,0,0,1,0,3,0,0,1
19848384442012720,0x46840020081430,1,BSH,FLOAT16,2,512,512,2,2,64,16,ss,0,,1,0,1.0,0,65536,65536,0,1,,,0,0,3,0,0,0,1,128,128,64,2,0,0,1,0,3,0,0,1
19848384442012848,0x468400200814b0,1,TND,FLOAT16,32,2560,2560,1,2,64,32,ss,0,,1,0,1.0,0,65536,65536,0,1,2048/4352/6912/8960/11264/13824/15872/18176/20736/22784/25088/27648/29696/32000/34560/36608/38912/41472/43520/45824/48384/50432/52736/55296/57344/59648/62208/64256/66560/69120/71168/73472,2048/4352/6912/8960/11264/13824/15872/18176/20736/22784/25088/27648/29696/32000/34560/36608/38912/41472/43520/45824/48384/50432/52736/55296/57344/59648/62208/64256/66560/69120/71168/73472,0,0,3,1,0,0,1,128,128,64,2,0,0,1,0,3,0,0,1
19848384442012976,0x46840020081530,1,BSH,FLOAT16,4,128,512,2,2,64,32,b1ss,0,,1,0,0.9,0,65536,65536,0,1,,,0,0,3,0,1,0,1,128,128,64,2,0,0,1,0,3,0,0,1
19848384442013104,0x468400200815b0,1,TND,FLOAT16,3,2048,2048,1,2,64,56,2048,0,,2,0,0.5,1,65536,128,0,1,1024/1792/3840,1024/1792/3840,0,0,3,1,1,0,1,128,128,64,2,0,0,1,0,3,0,0,1
19848384442013232,0x46840020081630,1,BSND,FLOAT16,2,1024,1024,1,2,64,16,ss,1,b1ss,1,0,1.0,0,1024,65536,0,1,,,0,0,3,0,0,1,1,128,128,64,2,0,0,1,0,3,0,0,1
19848384442013360,0x468400200816b0,1,TND,FLOAT16,3,2048,2048,40,8,64,16,2048,1,slope,2,0,1.0,4,65536,65536,0,1,1024/1792/3840,1024/1792/3840,0,0,3,1,0,1,1,128,128,64,2,0,0,1,0,3,0,0,1
19848384442013488,0x46840020081730,1,BSH,FLOAT16,4,512,512,2,2,64,48,11ss,1,b1ss,1,0,0.9,0,65536,65536,0,1,,,0,0,3,0,1,1,1,128,128,64,2,0,0,1,0,3,0,0,1
19848384442013616,0x468400200817b0,1,TND,FLOAT16,4,512,512,1,2,64,144,2048,1,slope_n,3,0,0.5,1,256,64,2,1,64/576/576/832,64/64/320/832,0,0,3,1,1,1,1,128,128,64,2,0,0,1,0,3,0,0,1
19848384978882608,0x46840040081030,1,BSND,FLOAT16,2,1024,1024,1,2,128,64,none,0,,1,0,1.0,0,65536,65536,0,1,,,0,0,3,0,0,0,0,128,128,128,2,0,0,1,0,3,0,0,1
19848384978882736,0x468400400810b0,1,TND,FLOAT16,3,2048,2048,1,2,96,16,none,0,,1,0,1.0,4,65536,65536,0,1,1024/1792/3840,1024/1792/3840,0,0,3,1,0,0,0,128,128,128,2,0,0,1,0,3,0,0,1
19848384978882864,0x46840040081130,1,BSH,FLOAT16,4,256,256,2,2,128,16,none,0,,1,0,0.9,0,65536,65536,0,1,,,0,0,3,0,1,0,0,128,128,128,2,0,0,1,0,3,0,0,1
19848384978882992,0x468400400811b0,1,TND,FLOAT16,3,2048,2048,2,2,96,16,none,0,,1,0,0.9,4,65536,65536,0,1,1024/1792/3840,1024/1792/3840,0,0,3,1,1,0,0,128,128,128,2,0,0,1,0,3,0,0,1
19848384978883120,0x46840040081230,1,BSH,FLOAT16,4,32,64,2,2,128,64,none,1,bnss,0,0,1.0,0,65536,65536,0,1,,,0,0,3,0,0,1,0,128,128,128,2,0,0,1,0,3,0,0,1
19848384978883248,0x468400400812b0,1,TND,FLOAT16,3,2048,2048,2,2,96,32,none,1,slope,2,0,1.0,4,65536,65536,0,1,1024/1792/3840,1024/1792/3840,0,0,3,1,0,1,0,128,128,128,2,0,0,1,0,3,0,0,1
19848384978883376,0x46840040081330,1,BSH,FLOAT16,4,32,64,2,2,128,64,none,1,bnss,0,0,0.5,0,65536,65536,0,1,,,0,0,3,0,1,1,0,128,128,128,2,0,0,1,0,3,0,0,1
19848384978883504,0x468400400813b0,1,TND,FLOAT16,3,2048,2048,2,2,96,64,none,1,slope,2,0,0.9,4,65536,65536,0,1,1024/1792/3840,1024/1792/3840,0,0,3,1,1,1,0,128,128,128,2,0,0,1,0,3,0,0,1
19848384978883632,0x46840040081430,1,BSH,FLOAT16,4,256,256,2,2,128,16,ss,0,,1,0,1.0,0,65536,65536,0,1,,,0,0,3,0,0,0,1,128,128,128,2,0,0,1,0,3,0,0,1
19848384978883760,0x468400400814b0,1,TND,FLOAT16,32,2560,2560,2,2,128,48,ss,0,,1,0,1.0,0,65536,65536,0,1,2048/4352/6912/8960/11264/13824/15872/18176/20736/22784/25088/27648/29696/32000/34560/36608/38912/41472/43520/45824/48384/50432/52736/55296/57344/59648/62208/64256/66560/69120/71168/73472,2048/4352/6912/8960/11264/13824/15872/18176/20736/22784/25088/27648/29696/32000/34560/36608/38912/41472/43520/45824/48384/50432/52736/55296/57344/59648/62208/64256/66560/69120/71168/73472,0,0,3,1,0,0,1,128,128,128,2,0,0,1,0,3,0,0,1
19848384978883888,0x46840040081530,1,BSH,FLOAT16,4,512,512,2,2,96,72,b1ss,0,,1,0,0.9,0,65536,65536,0,1,,,0,0,3,0,1,0,1,128,128,128,2,0,0,1,0,3,0,0,1
19848384978884016,0x468400400815b0,1,TND,FLOAT16,3,2048,2048,1,2,128,32,2048,0,,1,0,0.9,4,65536,65536,0,1,1024/1792/3840,1024/1792/3840,0,0,3,1,1,0,1,128,128,128,2,0,0,1,0,3,0,0,1
19848384978884144,0x46840040081630,1,BSND,FLOAT16,2,1024,1024,1,2,72,32,ss,1,b1ss,1,0,1.0,0,65536,1024,0,1,,,0,0,3,0,0,1,1,128,128,128,2,0,0,1,0,3,0,0,1
19848384978884272,0x468400400816b0,1,TND,FLOAT16,16,1024,1024,40,2,96,256,11ss,1,slope_n,2,0,1.0,1,128,65536,3,1,0/64/64/1088/2112/2176/3200/3200/4224/4736/4736/4800/4800/5312/5440/5952,0/512/768/1792/1856/2112/2112/2240/2304/2816/2816/2944/3072/4096/4352/4352,0,0,3,1,0,1,1,128,128,128,2,0,0,1,0,3,0,0,1
19848384978884400,0x46840040081730,1,BSH,FLOAT16,4,256,256,2,2,72,64,11ss,1,b1ss,1,0,0.9,0,65536,65536,0,1,,,0,0,3,0,1,1,1,128,128,128,2,0,0,1,0,3,0,0,1
19848384978884528,0x468400400817b0,1,TND,FLOAT16,8,1024,1024,2,4,72,192,2048,1,slope,3,0,0.5,4,2048,65536,1,1,1024/1152/1216/1472/1984/2496/2560/2560,256/768/896/1920/2176/2176/2304/3328,0,0,3,1,1,1,1,128,128,128,2,0,0,1,0,3,0,0,1
19848385515753520,0x46840060081030,1,BSND,FLOAT16,2,1024,1024,1,2,192,32,none,0,,1,0,1.0,0,65536,65536,0,1,,,0,0,3,0,0,0,0,128,128,192,2,0,0,1,0,3,0,0,1
19848385515753648,0x468400600810b0,1,TND,FLOAT16,69,2048,128,2,2,192,64,none,0,,1,0,1.0,0,65536,65536,0,1,512/1152/1920/2816/3840/4352/4992/5760/6656/7680/8192/8832/9600/10496/11520/12032/12672/13440/14336/15360/15872/16512/17280/18176/19200/19712/20352/21120/22016/23040/23552/24192/24960/25856/26880/27392/28032/28800/29696/30720/31232/31872/32640/33536/34560/35072/35712/36480/37376/38400/38912/39552/40320/41216/42240/42752/43392/44160/45056/46080/46592/47232/48000/48896/49408/49920/51968/52224/53248,128/256/384/512/640/768/896/1024/1152/1280/1408/1536/1664/1792/1920/2048/2176/2304/2432/2560/2688/2816/2944/3072/3200/3328/3456/3584/3712/3840/3968/4096/4224/4352/4480/4608/4736/4864/4992/5120/5248/5376/5504/5632/5760/5888/6016/6144/6272/6400/6528/6656/6784/6912/7040/7168/7296/7424/7552/7680/7808/7936/8064/8192/8320/8448/8576/8704/8832,0,0,3,1,0,0,0,128,128,192,2,0,0,1,0,3,0,0,1
19848385515753776,0x46840060081130,1,BSH,FLOAT16,4,512,512,2,2,192,64,none,0,,1,0,0.9,0,65536,65536,0,1,,,0,0,3,0,1,0,0,128,128,192,2,0,0,1,0,3,0,0,1
19848385515753904,0x468400600811b0,1,TND,FLOAT16,32,2560,2560,2,2,192,64,none,0,,1,0,0.9,0,65536,65536,0,1,2048/4352/6912/8960/11264/13824/15872/18176/20736/22784/25088/27648/29696/32000/34560/36608/38912/41472/43520/45824/48384/50432/52736/55296/57344/59648/62208/64256/66560/69120/71168/73472,2048/4352/6912/8960/11264/13824/15872/18176/20736/22784/25088/27648/29696/32000/34560/36608/38912/41472/43520/45824/48384/50432/52736/55296/57344/59648/62208/64256/66560/69120/71168/73472,0,0,3,1,1,0,0,128,128,192,2,0,0,1,0,3,0,0,1
19848385515754032,0x46840060081230,1,BSH,FLOAT16,4,128,512,2,2,192,72,none,1,bnss,1,0,1.0,0,65536,65536,0,1,,,0,0,3,0,0,1,0,128,128,192,2,0,0,1,0,3,0,0,1
19848385515754160,0x468400600812b0,1,TND,FLOAT16,3,512,512,2,2,192,128,none,1,slope,2,0,1.0,4,65536,65536,0,1,512/896/1152,512/896/1152,0,0,3,1,0,1,0,128,128,192,2,0,0,1,0,3,0,0,1
19848385515754288,0x46840060081330,1,BSH,FLOAT16,4,512,512,2,2,192,64,none,1,b1ss,1,0,0.9,0,65536,65536,0,1,,,0,0,3,0,1,1,0,128,128,192,2,0,0,1,0,3,0,0,1
19848385515754416,0x468400600813b0,1,TND,FLOAT16,2,128,128,1,2,192,64,none,1,slope,2,0,0.9,0,65536,65536,0,1,128/128,128/128,0,0,3,1,1,1,0,128,128,192,2,0,0,1,0,3,0,0,1
19848385515754544,0x46840060081430,1,BSND,FLOAT16,2,1024,1024,1,2,192,96,ss,0,,1,0,1.0,0,1024,65536,0,1,,,0,0,3,0,0,0,1,128,128,192,2,0,0,1,0,3,0,0,1
19848385515754672,0x468400600814b0,1,TND,FLOAT16,3,2048,2048,2,2,192,32,2048,0,,1,0,1.0,1,128,128,0,1,1024/1792/3840,1024/1792/3840,0,0,3,1,0,0,1,128,128,192,2,0,0,1,0,3,0,0,1
19848385515754800,0x46840060081530,1,BSND,FLOAT16,2,1024,1024,2,2,192,96,bnss,0,,1,0,0.5,1,65536,65536,0,1,,,0,0,3,0,1,0,1,128,128,192,2,0,0,1,0,3,0,0,1
19848385515754928,0x468400600815b0,1,TND,FLOAT16,8,256,512,16,4,144,128,ss,0,,2,0,0.5,1,64,512,3,1,0/64/320/576/704/960/1216/1472,128/128/640/704/768/832/1088/1216,0,0,3,1,1,0,1,128,128,192,2,0,0,1,0,3,0,0,1
19848385515755056,0x46840060081630,1,BSH,FLOAT16,4,512,512,1,2,192,64,b1ss,1,1nss,1,0,1.0,0,65536,65536,0,1,,,0,0,3,0,0,1,1,128,128,192,2,0,0,1,0,3,0,0,1
19848385515755184,0x468400600816b0,1,TND,FLOAT16,32,2048,2048,16,4,192,128,2048,1,slope_n,3,0,1.0,4,65536,65536,0,1,2048/3968/6016/7936/9984/11904/13952/15872/17920/19840/21888/23808/25856/27776/29824/31744/33792/35712/37760/39680/41728/43648/45696/47616/49664/51584/53632/55552/57600/59520/61568/63488,2048/3968/6016/7936/9984/11904/13952/15872/17920/19840/21888/23808/25856/27776/29824/31744/33792/35712/37760/39680/41728/43648/45696/47616/49664/51584/53632/55552/57600/59520/61568/63488,0,0,3,1,0,1,1,128,128,192,2,0,0,1,0,3,0,0,1
19848385515755312,0x46840060081730,1,BSH,FLOAT16,4,512,512,2,2,192,72,11ss,1,b1ss,1,0,0.9,0,65536,65536,0,1,,,0,0,3,0,1,1,1,128,128,192,2,0,0,1,0,3,0,0,1
19848385515755440,0x468400600817b0,1,TND,FLOAT16,8,1024,1024,8,8,144,768,2048,1,slope_n,3,0,0.9,1,2048,65536,3,1,128/1152/1408/2432/2944/3968/4224/4480,1024/1024/2048/2048/3072/3072/3136/4160,0,0,3,1,1,1,1,128,128,192,2,0,0,1,0,3,0,0,1
19848386052624432,0x46840080081030,1,BSH,FLOAT16,4,512,512,2,2,256,64,none,0,,1,0,1.0,0,65536,65536,0,1,,,0,0,3,0,0,0,0,128,128,256,2,0,0,1,0,3,0,0,1
19848386052624560,0x468400800810b0,1,TND,FLOAT16,32,1280,128,1,2,256,72,none,0,,1,0,1.0,0,65536,65536,0,1,1024/2176/3456/4480/5632/6912/7936/9088/10368/11392/12544/13824/14848/16000/17280/18304/19456/20736/21760/22912/24192/25216/26368/27648/28672/29824/31104/32128/33280/34560/35584/36736,128/256/384/512/640/768/896/1024/1152/1280/1408/1536/1664/1792/1920/2048/2176/2304/2432/2560/2688/2816/2944/3072/3200/3328/3456/3584/3712/3840/3968/4096,0,0,3,1,0,0,0,128,128,256,2,0,0,1,0,3,0,0,1
19848386052624688,0x46840080081130,1,TND,FLOAT16,32,2048,2048,2,2,256,192,none,0,,1,0,0.9,0,65536,65536,0,1,2048/4096/6144/8192/10240/12288/14336/16384/18432/20480/22528/24576/26624/28672/30720/32768/34816/36864/38912/40960/43008/45056/47104/49152/51200/53248/55296/57344/59392/61440/63488/65536,2048/4096/6144/8192/10240/12288/14336/16384/18432/20480/22528/24576/26624/28672/30720/32768/34816/36864/38912/40960/43008/45056/47104/49152/51200/53248/55296/57344/59392/61440/63488/65536,0,0,3,0,1,0,0,128,128,256,2,0,0,1,0,3,0,0,1
19848386052624816,0x468400800811b0,1,TND,FLOAT16,4,512,512,2,2,256,64,none,0,,1,0,0.9,0,65536,65536,0,1,512/512/512/512,512/512/512/512,0,0,3,1,1,0,0,128,128,256,2,0,0,1,0,3,0,0,1
19848386052624944,0x46840080081230,1,BSH,FLOAT16,1,512,512,2,2,256,64,none,1,slope,3,0,1.0,0,65536,65536,0,1,,,0,0,3,0,0,1,0,128,128,256,2,0,0,1,0,3,0,0,1
19848386052625072,0x468400800812b0,1,TND,FLOAT16,3,512,512,2,2,256,128,none,1,slope,2,0,1.0,4,65536,65536,0,1,512/896/1152,512/896/1152,0,0,3,1,0,1,0,128,128,256,2,0,0,1,0,3,0,0,1
19848386052625200,0x46840080081330,1,TND,FLOAT16,3,1024,128,1,2,256,72,none,1,slope,2,0,0.9,4,65536,65536,0,1,1024/2048/3072,128/256/384,0,0,3,0,1,1,0,128,128,256,2,0,0,1,0,3,0,0,1
19848386052625328,0x468400800813b0,1,TND,FLOAT16,2,128,128,1,2,256,64,none,1,slope,2,0,0.9,0,65536,65536,0,1,128/128,128/128,0,0,3,1,1,1,0,128,128,256,2,0,0,1,0,3,0,0,1
19848386052625456,0x46840080081430,1,BSND,FLOAT16,2,1024,1024,1,2,256,192,ss,0,,1,0,1.0,0,1024,65536,0,1,,,0,0,3,0,0,0,1,128,128,256,2,0,0,1,0,3,0,0,1
19848386052625584,0x468400800814b0,1,TND,FLOAT16,8,1024,1024,4,2,256,16,b1ss,0,,3,0,1.0,1,1,128,3,1,0/128/1152/1216/2240/3264/3392/4416,1024/1024/1280/1280/2304/2368/2880/2880,0,0,3,1,0,0,1,128,128,256,2,0,0,1,0,3,0,0,1
19848386052625712,0x46840080081530,1,BSH,FLOAT16,4,512,512,2,2,256,96,b1ss,0,,1,0,0.9,0,65536,65536,0,1,,,0,0,3,0,1,0,1,128,128,256,2,0,0,1,0,3,0,0,1
19848386052625840,0x468400800815b0,1,TND,FLOAT16,3,2048,2048,1,2,256,16,2048,0,,1,0,0.9,1,65536,128,0,1,1024/1792/3840,1024/1792/3840,0,0,3,1,1,0,1,128,128,256,2,0,0,1,0,3,0,0,1
19848386052625968,0x46840080081630,1,BSND,FLOAT16,48,1024,1024,1,2,256,192,ss,1,1nhs,1,0,1.0,0,1024,65536,0,1,,,0,0,3,0,0,1,1,128,128,256,2,0,0,1,0,3,0,0,1
19848386052626096,0x468400800816b0,1,TND,FLOAT16,16,1024,1024,4,2,256,128,b1ss,1,slope,2,0,1.0,1,128,2048,2,1,128/384/512/768/768/768/1280/1408/1920/2176/3200/3200/3264/3264/3264/3264,0/128/1152/1664/1792/1856/2112/2176/2176/2688/2752/3264/3776/4288/4800/4928,0,0,3,1,0,1,1,128,128,256,2,0,0,1,0,3,0,0,1
19848386052626224,0x46840080081730,1,BSND,FLOAT16,2,1024,1024,2,2,256,128,11ss,1,bnhs,1,0,0.5,0,65536,65536,0,1,,,0,0,3,0,1,1,1,128,128,256,2,0,0,1,0,3,0,0,1
19848386052626352,0x468400800817b0,1,TND,FLOAT16,2,128,128,1,2,256,64,2048,1,slope,2,0,0.9,0,65536,65536,0,1,128/128,128/128,0,0,3,1,1,1,1,128,128,256,2,0,0,1,0,3,0,0,1
19848386589495344,0x468400a0081030,1,BSH,FLOAT16,4,1024,1024,2,2,320,72,none,0,,1,0,1.0,0,65536,65536,0,1,,,0,0,3,0,0,0,0,128,128,768,2,0,0,1,0,3,0,0,1
19848386589495472,0x468400a00810b0,1,TND,FLOAT16,3,2048,1024,2,2,320,64,none,0,,1,0,1.0,4,65536,65536,0,1,1024/1280/3328,1024/2048/3072,0,0,3,1,0,0,0,128,128,768,2,0,0,1,0,3,0,0,1
19848386589495600,0x468400a0081130,1,BSH,FLOAT16,4,512,512,2,2,768,64,none,0,,1,0,0.9,0,65536,65536,0,1,,,0,0,3,0,1,0,0,128,128,768,2,0,0,1,0,3,0,0,1
19848386589495728,0x468400a00811b0,1,TND,FLOAT16,3,2048,2048,2,2,320,96,none,0,,1,0,0.9,2,65536,1024,0,1,1024/1792/3840,1024/1792/3840,0,0,3,1,1,0,0,128,128,768,2,0,0,1,0,3,0,0,1
19848386589495856,0x468400a0081230,1,BSH,FLOAT16,4,1024,512,2,2,512,256,none,1,bnhs,0,0,1.0,0,65536,65536,0,1,,,0,0,3,0,0,1,0,128,128,768,2,0,0,1,0,3,0,0,1
19848386589495984,0x468400a00812b0,1,TND,FLOAT16,3,4096,4096,2,4,512,256,none,1,slope,2,0,1.0,4,65536,65536,0,1,4096/8064/11904,4096/8064/11904,0,0,3,1,0,1,0,128,128,768,2,0,0,1,0,3,0,0,1
19848386589496112,0x468400a0081330,1,TND,FLOAT16,3,1024,128,1,2,512,256,none,1,slope,2,0,0.9,4,65536,65536,0,1,1024/2048/3072,128/256/384,0,0,3,0,1,1,0,128,128,768,2,0,0,1,0,3,0,0,1
19848386589496240,0x468400a00813b0,1,TND,FLOAT16,4,512,512,2,2,320,128,none,1,slope,2,0,0.9,0,65536,65536,0,1,512/512/512/512,512/512/512/512,0,0,3,1,1,1,0,128,128,768,2,0,0,1,0,3,0,0,1
19848386589496368,0x468400a0081430,1,BSH,FLOAT16,4,512,512,2,2,768,64,ss,0,,1,0,1.0,0,65536,65536,0,1,,,0,0,3,0,0,0,1,128,128,768,2,0,0,1,0,3,0,0,1
19848386589496496,0x468400a00814b0,1,TND,FLOAT16,3,2048,2048,1,2,768,128,11ss,0,,1,0,1.0,4,65536,65536,0,1,1024/1792/3840,1024/1792/3840,0,0,3,1,0,0,1,128,128,768,2,0,0,1,0,3,0,0,1
19848386589496624,0x468400a0081530,1,TND,FLOAT16,2,1024,1024,2,2,320,160,b1ss,0,,1,0,0.5,1,65536,65536,0,1,1024/2048,1024/2048,0,0,3,0,1,0,1,128,128,768,2,0,0,1,0,3,0,0,1
19848386589496752,0x468400a00815b0,1,TND,FLOAT16,8,512,1024,5,2,512,192,ss,0,,2,0,0.5,1,1,512,0,1,0/64/576/1088/1152/1216/1728/1984,0/128/128/1152/1280/1344/1344/1472,0,0,3,1,1,0,1,128,128,768,2,0,0,1,0,3,0,0,1
19848386589496880,0x468400a0081630,1,BSH,FLOAT16,4,512,512,1,2,768,64,b1ss,1,1nss,1,0,1.0,0,65536,65536,0,1,,,0,0,3,0,0,1,1,128,128,768,2,0,0,1,0,3,0,0,1
19848386589497008,0x468400a00816b0,1,TND,FLOAT16,16,1024,1024,16,4,768,16,ss,1,slope,3,0,1.0,1,2048,512,1,1,256/768/896/1920/2944/3072/4096/4224/4288/4800/5824/5888/6400/7424/7488/8000,1024/1088/1088/2112/3136/3136/3392/3392/3904/4928/4992/5120/5120/5632/6144/6144,0,0,3,1,0,1,1,128,128,768,2,0,0,1,0,3,0,0,1
19848386589497136,0x468400a0081730,1,BSH,FLOAT16,4,512,512,2,2,512,64,11ss,1,b1ss,1,0,0.9,0,65536,65536,0,1,,,0,0,3,0,1,1,1,128,128,768,2,0,0,1,0,3,0,0,1
19848386589497264,0x468400a00817b0,1,TND,FLOAT16,8,1024,1024,4,8,512,72,11ss,1,slope_n,3,0,0.9,1,0,1024,3,1,512/768/832/832/1088/2112/2176/2176,128/384/1408/2432/2432/2688/2752/3776,0,0,3,1,1,1,1,128,128,768,2,0,0,1,0,3,0,0,1
19850583465268272,0x46860020081430,1,BSH,FLOAT16,4,512,512,2,2,64,16,2048,0,,1,0,1.0,2,1024,0,0,1,,,0,0,3,0,0,0,1,128,128,64,3,0,0,1,0,3,0,0,1
19850583465268400,0x468600200814b0,1,TND,FLOAT16,3,2048,2048,2,2,64,48,2048,0,,1,0,1.0,2,128,0,0,1,1024/1792/3840,1024/1792/3840,0,0,3,1,0,0,1,128,128,64,3,0,0,1,0,3,0,0,1
19850583465268528,0x46860020081530,1,BSH,FLOAT16,48,512,512,2,2,64,48,2048,0,,1,0,0.9,2,1024,1024,0,1,,,0,0,3,0,1,0,1,128,128,64,3,0,0,1,0,3,0,0,1
19850583465268656,0x468600200815b0,1,TND,FLOAT16,48,512,256,2,2,64,48,2048,0,,1,0,0.9,2,1024,1024,0,1,512/512/512/512/512/512/512/512/512/512/512/512/512/512/512/512/512/512/512/512/512/512/512/512/512/512/512/512/512/512/512/512/512/512/512/512/512/512/512/512/512/512/512/512/512/512/512/512,256/256/256/256/256/256/256/256/256/256/256/256/256/256/256/256/256/256/256/256/256/256/256/256/256/256/256/256/256/256/256/256/256/256/256/256/256/256/256/256/256/256/256/256/256/256/256/256,0,0,3,1,1,0,1,128,128,64,3,0,0,1,0,3,0,0,1
19850583465268784,0x46860020081630,1,BSH,FLOAT16,4,512,512,2,2,64,32,2048,1,1nss,0,0,1.0,2,128,0,0,1,,,0,0,3,0,0,1,1,128,128,64,3,0,0,1,0,3,0,0,1
19850583465268912,0x468600200816b0,1,TND,FLOAT16,3,2048,2048,2,2,64,48,2048,1,1nhs,1,0,1.0,2,128,0,0,1,1024/1792/3840,1024/1792/3840,0,0,3,1,0,1,1,128,128,64,3,0,0,1,0,3,0,0,1
19850583465269040,0x46860020081730,1,BSH,FLOAT16,48,512,512,2,2,64,48,2048,1,bnss,1,0,0.9,2,1024,1024,0,1,,,0,0,3,0,1,1,1,128,128,64,3,0,0,1,0,3,0,0,1
19850583465269168,0x468600200817b0,1,TND,FLOAT16,32,2048,2048,2,2,64,48,2048,1,bnhs,1,0,0.9,2,128,0,0,1,2048/3968/6016/7936/9984/11904/13952/15872/17920/19840/21888/23808/25856/27776/29824/31744/33792/35712/37760/39680/41728/43648/45696/47616/49664/51584/53632/55552/57600/59520/61568/63488,2048/3968/6016/7936/9984/11904/13952/15872/17920/19840/21888/23808/25856/27776/29824/31744/33792/35712/37760/39680/41728/43648/45696/47616/49664/51584/53632/55552/57600/59520/61568/63488,0,0,3,1,1,1,1,128,128,64,3,0,0,1,0,3,0,0,1
19850584002139184,0x46860040081430,1,SBH,FLOAT16,8,128,128,1,2,128,96,2048,0,,1,0,1.0,2,128,0,0,1,,,0,0,3,0,0,0,1,128,128,128,3,0,0,1,0,3,0,0,1
19850584002139312,0x468600400814b0,1,TND,FLOAT16,3,512,64,1,2,72,16,2048,0,,1,0,1.0,2,128,0,0,1,512/896/1152,64/107/129,0,0,3,1,0,0,1,128,128,128,3,0,0,1,0,3,0,0,1
19850584002139440,0x46860040081530,1,BSH,FLOAT16,1,256,256,2,2,96,48,2048,0,,1,0,0.9,2,1024,1024,0,1,,,0,0,3,0,1,0,1,128,128,128,3,0,0,1,0,3,0,0,1
19850584002139568,0x468600400815b0,1,TND,FLOAT16,24,1024,1024,1,2,72,16,2048,0,,1,0,0.9,3,128,0,0,1,1024/1024/1024/1024/1024/1024/1024/1024/1024/1024/1024/1024/1024/1024/1024/1024/1024/1024/1024/1024/1024/1024/1024/1024,1024/1024/1024/1024/1024/1024/1024/1024/1024/1024/1024/1024/1024/1024/1024/1024/1024/1024/1024/1024/1024/1024/1024/1024,0,0,3,1,1,0,1,128,128,128,3,0,0,1,0,3,0,0,1
19850584002139696,0x46860040081630,1,BSH,FLOAT16,8,256,256,2,2,96,64,2048,1,1nss,0,0,1.0,2,128,1024,0,1,,,0,0,3,0,0,1,1,128,128,128,3,0,0,1,0,3,0,0,1
19850584002139824,0x468600400816b0,1,TND,FLOAT16,3,128,4096,2,2,96,72,2048,1,1nhs,1,0,1.0,0,128,0,0,1,128/214/258,4096/8064/11904,0,0,3,1,0,1,1,128,128,128,3,0,0,1,0,3,0,0,1
19850584002139952,0x46860040081730,1,BSH,FLOAT16,8,256,256,2,2,96,64,2048,1,1nss,0,0,0.5,2,128,1024,0,1,,,0,0,3,0,1,1,1,128,128,128,3,0,0,1,0,3,0,0,1
19850584002140080,0x468600400817b0,1,TND,FLOAT16,32,2048,2048,2,2,96,48,2048,1,bnhs,1,0,0.9,2,128,0,0,1,2048/3968/6016/7936/9984/11904/13952/15872/17920/19840/21888/23808/25856/27776/29824/31744/33792/35712/37760/39680/41728/43648/45696/47616/49664/51584/53632/55552/57600/59520/61568/63488,2048/3968/6016/7936/9984/11904/13952/15872/17920/19840/21888/23808/25856/27776/29824/31744/33792/35712/37760/39680/41728/43648/45696/47616/49664/51584/53632/55552/57600/59520/61568/63488,0,0,3,1,1,1,1,128,128,128,3,0,0,1,0,3,0,0,1
19850584539010096,0x46860060081430,1,BSH,FLOAT16,24,512,512,2,2,192,64,2048,0,,1,0,1.0,2,128,0,0,1,,,0,0,3,0,0,0,1,128,128,192,3,0,0,1,0,3,0,0,1
19850584539010224,0x468600600814b0,1,TND,FLOAT16,3,128,8192,2,2,192,48,2048,0,,1,0,1.0,0,128,0,0,1,128/128/172,8192/16128/23808,0,0,3,1,0,0,1,128,128,192,3,0,0,1,0,3,0,0,1
19850584539010352,0x46860060081530,1,BSH,FLOAT16,4,512,4096,2,2,192,48,2048,0,,1,0,0.9,2,128,0,0,1,,,0,0,3,0,1,0,1,128,128,192,3,0,0,1,0,3,0,0,1
19850584539010480,0x468600600815b0,1,TND,FLOAT16,3,128,4096,2,2,192,48,2048,0,,1,0,0.9,0,128,0,0,1,128/214/258,4096/8064/11904,0,0,3,1,1,0,1,128,128,192,3,0,0,1,0,3,0,0,1
19850584539010608,0x46860060081630,1,BSH,FLOAT16,4,512,512,2,2,192,32,2048,1,bnss,1,0,1.0,2,128,0,0,1,,,0,0,3,0,0,1,1,128,128,192,3,0,0,1,0,3,0,0,1
19850584539010736,0x468600600816b0,1,TND,FLOAT16,3,128,4096,2,2,192,128,2048,1,1nhs,1,0,1.0,0,128,0,0,1,128/214/258,4096/8064/11904,0,0,3,1,0,1,1,128,128,192,3,0,0,1,0,3,0,0,1
19850584539010864,0x46860060081730,1,BSH,FLOAT16,4,512,512,2,2,192,64,2048,1,b1ss,1,0,0.9,2,1024,1024,0,1,,,0,0,3,0,1,1,1,128,128,192,3,0,0,1,0,3,0,0,1
19850584539010992,0x468600600817b0,1,TND,FLOAT16,32,2048,2048,2,2,192,48,2048,1,bnhs,1,0,0.9,2,128,0,0,1,2048/3968/6016/7936/9984/11904/13952/15872/17920/19840/21888/23808/25856/27776/29824/31744/33792/35712/37760/39680/41728/43648/45696/47616/49664/51584/53632/55552/57600/59520/61568/63488,2048/3968/6016/7936/9984/11904/13952/15872/17920/19840/21888/23808/25856/27776/29824/31744/33792/35712/37760/39680/41728/43648/45696/47616/49664/51584/53632/55552/57600/59520/61568/63488,0,0,3,1,1,1,1,128,128,192,3,0,0,1,0,3,0,0,1
19850585075881008,0x46860080081430,1,BSH,FLOAT16,4,512,512,2,2,256,48,2048,0,,1,0,1.0,2,128,65536,0,1,,,0,0,3,0,0,0,1,128,128,256,3,0,0,1,0,3,0,0,1
19850585075881136,0x468600800814b0,1,TND,FLOAT16,3,1024,1024,2,2,256,64,2048,0,,1,0,1.0,0,1024,0,0,1,1024/2048/3072,1024/1792/1792,0,0,3,1,0,0,1,128,128,256,3,0,0,1,0,3,0,0,1
19850585075881264,0x46860080081530,1,BSND,FLOAT16,2,1024,1024,2,2,256,16,2048,0,,1,0,0.9,2,65536,128,0,1,,,0,0,3,0,1,0,1,128,128,256,3,0,0,1,0,3,0,0,1
19850585075881392,0x468600800815b0,1,TND,FLOAT16,3,2048,2048,1,2,256,16,2048,0,,1,0,0.9,3,1024,1024,0,1,1024/1792/3840,1024/1792/3840,0,0,3,1,1,0,1,128,128,256,3,0,0,1,0,3,0,0,1
19850585075881520,0x46860080081630,1,BSH,FLOAT16,4,512,512,2,2,256,16,2048,1,1nss,0,0,1.0,2,128,0,0,1,,,0,0,3,0,0,1,1,128,128,256,3,0,0,1,0,3,0,0,1
19850585075881648,0x468600800816b0,1,TND,FLOAT16,32,2048,2048,2,2,256,48,2048,1,bnhs,1,0,1.0,2,128,0,0,1,2048/3968/6016/7936/9984/11904/13952/15872/17920/19840/21888/23808/25856/27776/29824/31744/33792/35712/37760/39680/41728/43648/45696/47616/49664/51584/53632/55552/57600/59520/61568/63488,2048/3968/6016/7936/9984/11904/13952/15872/17920/19840/21888/23808/25856/27776/29824/31744/33792/35712/37760/39680/41728/43648/45696/47616/49664/51584/53632/55552/57600/59520/61568/63488,0,0,3,1,0,1,1,128,128,256,3,0,0,1,0,3,0,0,1
19850585075881776,0x46860080081730,1,BSH,FLOAT16,4,512,512,2,2,256,72,2048,1,b1ss,1,0,0.9,2,1024,1024,0,1,,,0,0,3,0,1,1,1,128,128,256,3,0,0,1,0,3,0,0,1
19850585075881904,0x468600800817b0,1,TND,FLOAT16,32,2048,2048,2,2,256,48,2048,1,bnhs,1,0,0.9,2,128,0,0,1,2048/3968/6016/7936/9984/11904/13952/15872/17920/19840/21888/23808/25856/27776/29824/31744/33792/35712/37760/39680/41728/43648/45696/47616/49664/51584/53632/55552/57600/59520/61568/63488,2048/3968/6016/7936/9984/11904/13952/15872/17920/19840/21888/23808/25856/27776/29824/31744/33792/35712/37760/39680/41728/43648/45696/47616/49664/51584/53632/55552/57600/59520/61568/63488,0,0,3,1,1,1,1,128,128,256,3,0,0,1,0,3,0,0,1
19850585612751920,0x468600a0081430,1,BSND,FLOAT16,2,1024,1024,1,2,512,128,2048,0,,1,0,1.0,2,128,0,0,1,,,0,0,3,0,0,0,1,128,128,768,3,0,0,1,0,3,0,0,1
19850585612752048,0x468600a00814b0,1,TND,FLOAT16,3,2048,2048,2,2,512,192,2048,0,,1,0,1.0,2,128,0,0,1,1024/1792/3840,1024/1792/3840,0,0,3,1,0,0,1,128,128,768,3,0,0,1,0,3,0,0,1
19850585612752176,0x468600a0081530,1,BSH,FLOAT16,4,512,512,2,2,512,96,2048,0,,1,0,0.9,2,128,0,0,1,,,0,0,3,0,1,0,1,128,128,768,3,0,0,1,0,3,0,0,1
19850585612752304,0x468600a00815b0,1,TND,FLOAT16,4,256,1024,2,2,320,48,2048,0,,1,0,0.9,2,1024,1024,0,1,256/256/256/256,1024/1024/1024/1024,0,0,3,1,1,0,1,128,128,768,3,0,0,1,0,3,0,0,1
19850585612752432,0x468600a0081630,1,BSH,FLOAT16,24,512,512,2,2,768,256,2048,1,bnss,1,0,1.0,2,128,0,0,1,,,0,0,3,0,0,1,1,128,128,768,3,0,0,1,0,3,0,0,1
19850585612752560,0x468600a00816b0,1,TND,FLOAT16,3,2048,2048,1,2,320,192,2048,1,1nhs,1,0,1.0,2,128,0,0,1,1024/1792/3840,1024/1792/3840,0,0,3,1,0,1,1,128,128,768,3,0,0,1,0,3,0,0,1
19850585612752688,0x468600a0081730,1,BSH,FLOAT16,4,256,2048,2,2,320,48,2048,1,bnss,1,0,0.9,2,1024,1024,0,1,,,0,0,3,0,1,1,1,128,128,768,3,0,0,1,0,3,0,0,1
19850585612752816,0x468600a00817b0,1,TND,FLOAT16,3,128,4096,2,2,512,192,2048,1,1nhs,1,0,0.5,0,128,0,0,1,128/214/258,4096/8064/11904,0,0,3,1,1,1,1,128,128,768,3,0,0,1,0,3,0,0,1
19852782488523824,0x46880020081430,1,BSH,FLOAT16,4,2048,512,2,2,64,16,2048,0,,1,0,1.0,3,128,0,0,1,,,0,0,3,0,0,0,1,128,128,64,4,0,0,1,0,3,0,0,1
19852782488523952,0x468800200814b0,1,TND,FLOAT16,3,2048,2048,2,2,64,48,2048,0,,1,0,1.0,0,1024,0,0,1,1024/1792/3840,1024/1792/3840,0,0,3,1,0,0,1,128,128,64,4,0,0,1,0,3,0,0,1
19852782488524080,0x46880020081530,1,BSH,FLOAT16,4,512,4096,2,2,64,48,2048,0,,1,0,0.9,3,128,0,0,1,,,0,0,3,0,1,0,1,128,128,64,4,0,0,1,0,3,0,0,1
19852782488524208,0x468800200815b0,1,TND,FLOAT16,2,1024,128,1,2,64,56,2048,0,,1,0,0.5,0,128,0,0,1,1024/1792,128/256,0,0,3,1,1,0,1,128,128,64,4,0,0,1,0,3,0,0,1
19852782488524336,0x46880020081630,1,BSND,FLOAT16,2,1024,1024,2,2,64,16,2048,1,1nhs,1,0,1.0,3,128,0,0,1,,,0,0,3,0,0,1,1,128,128,64,4,0,0,1,0,3,0,0,1
19852782488524464,0x468800200816b0,1,TND,FLOAT16,3,2048,2048,40,8,64,16,2048,1,slope,2,0,1.0,4,65536,128,0,1,1024/1792/3840,1024/1792/3840,0,0,3,1,0,1,1,128,128,64,4,0,0,1,0,3,0,0,1
19852782488524592,0x46880020081730,1,BNSD,FLOAT16,8,512,4096,4,4,64,32,ss,1,slope,3,0,0.5,0,128,512,1,1,,,0,0,3,0,1,1,1,128,128,64,4,0,0,1,0,3,0,0,1
19852782488524720,0x468800200817b0,1,TND,FLOAT16,32,2048,2048,2,2,64,56,2048,1,slope,2,0,0.5,0,128,0,0,1,2048/3968/6016/7936/9984/11904/13952/15872/17920/19840/21888/23808/25856/27776/29824/31744/33792/35712/37760/39680/41728/43648/45696/47616/49664/51584/53632/55552/57600/59520/61568/63488,2048/3968/6016/7936/9984/11904/13952/15872/17920/19840/21888/23808/25856/27776/29824/31744/33792/35712/37760/39680/41728/43648/45696/47616/49664/51584/53632/55552/57600/59520/61568/63488,0,0,3,1,1,1,1,128,128,64,4,0,0,1,0,3,0,0,1
19852783025394736,0x46880040081430,1,BSND,FLOAT16,2,2048,2048,2,2,128,72,2048,0,,1,0,1.0,3,128,0,0,1,,,0,0,3,0,0,0,1,128,128,128,4,0,0,1,0,3,0,0,1
19852783025394864,0x468800400814b0,1,TND,FLOAT16,3,2048,2048,2,2,128,72,2048,0,,1,0,1.0,0,128,0,0,1,1024/1792/3840,1024/1792/3840,0,0,3,1,0,0,1,128,128,128,4,0,0,1,0,3,0,0,1
19852783025394992,0x46880040081530,1,BSND,FLOAT16,24,512,512,1,2,72,16,2048,0,,1,0,0.9,3,128,0,0,1,,,0,0,3,0,1,0,1,128,128,128,4,0,0,1,0,3,0,0,1
19852783025395120,0x468800400815b0,1,TND,FLOAT16,24,1024,512,1,2,72,16,2048,0,,1,0,0.9,3,128,0,0,1,1024/1024/1024/1024/1024/1024/1024/1024/1024/1024/1024/1024/1024/1024/1024/1024/1024/1024/1024/1024/1024/1024/1024/1024,512/512/512/512/512/512/512/512/512/512/512/512/512/512/512/512/512/512/512/512/512/512/512/512,0,0,3,1,1,0,1,128,128,128,4,0,0,1,0,3,0,0,1
19852783025395248,0x46880040081630,1,BSH,FLOAT16,1,256,256,2,2,96,64,2048,1,1nss,0,0,1.0,3,128,0,0,1,,,0,0,3,0,0,1,1,128,128,128,4,0,0,1,0,3,0,0,1
19852783025395376,0x468800400816b0,1,TND,FLOAT16,8,128,128,2,4,72,64,2048,1,slope,3,0,1.0,4,128,0,0,1,128/214/258/386/472/516/644/730,128/214/258/386/472/516/644/730,0,0,3,1,0,1,1,128,128,128,4,0,0,1,0,3,0,0,1
19852783025395504,0x46880040081730,1,BSH,FLOAT16,1,256,256,2,2,96,64,2048,1,1nss,0,0,0.5,3,128,0,0,1,,,0,0,3,0,1,1,1,128,128,128,4,0,0,1,0,3,0,0,1
19852783025395632,0x468800400817b0,1,TND,FLOAT16,16,1024,1024,8,2,72,768,2048,1,slope_n,3,0,0.5,4,256,1024,1,1,256/384/448/448/960/1472/1600/1728/2752/3776/4288/4288/4352/5376/5632/5888,512/1536/1664/2176/3200/3328/3584/3712/3968/4480/4480/4992/5120/5376/5632/5696,0,0,3,1,1,1,1,128,128,128,4,0,0,1,0,3,0,0,1
19852783562265648,0x46880060081430,1,BSH,FLOAT16,4,512,512,2,2,192,48,2048,0,,1,0,1.0,3,128,0,0,1,,,0,0,3,0,0,0,1,128,128,192,4,0,0,1,0,3,0,0,1
19852783562265776,0x468800600814b0,1,TND,FLOAT16,3,1024,128,2,2,192,32,2048,0,,1,0,1.0,0,128,0,0,1,512/896/1920,128/256/384,0,0,3,1,0,0,1,128,128,192,4,0,0,1,0,3,0,0,1
19852783562265904,0x46880060081530,1,BSH,FLOAT16,4,512,4096,2,2,192,48,2048,0,,1,0,0.9,3,128,0,0,1,,,0,0,3,0,1,0,1,128,128,192,4,0,0,1,0,3,0,0,1
19852783562266032,0x468800600815b0,1,TND,FLOAT16,3,2048,2048,1,2,192,96,2048,0,,1,0,0.9,0,128,0,0,1,1024/1792/3840,1024/1792/3840,0,0,3,1,1,0,1,128,128,192,4,0,0,1,0,3,0,0,1
19852783562266160,0x46880060081630,1,BSH,FLOAT16,4,64,64,2,2,192,16,2048,1,1nss,0,0,1.0,3,128,0,0,1,,,0,0,3,0,0,1,1,128,128,192,4,0,0,1,0,3,0,0,1
19852783562266288,0x468800600816b0,1,TND,FLOAT16,3,128,4096,2,2,192,128,2048,1,1nhs,1,0,1.0,3,65536,0,0,1,128/214/258,4096/8064/11904,0,0,3,1,0,1,1,128,128,192,4,0,0,1,0,3,0,0,1
19852783562266416,0x46880060081730,1,BSH,FLOAT16,4,64,64,2,2,192,184,2048,1,slope,2,0,0.5,3,128,0,0,1,,,0,0,3,0,1,1,1,128,128,192,4,0,0,1,0,3,0,0,1
19852783562266544,0x468800600817b0,1,TND,FLOAT16,2,128,128,2,2,192,48,bnss,1,slope,2,0,0.9,0,0,65536,0,1,128/128,128/128,0,0,3,1,1,1,1,128,128,192,4,0,0,1,0,3,0,0,1
19852784099136560,0x46880080081430,1,BSH,FLOAT16,4,512,512,2,2,256,16,2048,0,,1,0,1.0,3,128,0,0,1,,,0,0,3,0,0,0,1,128,128,256,4,0,0,1,0,3,0,0,1
19852784099136688,0x468800800814b0,1,TND,FLOAT16,3,4096,1024,2,2,256,64,2048,0,,1,0,1.0,0,1024,0,0,1,4096/8064/11904,1024/1920/2688,0,0,3,1,0,0,1,128,128,256,4,0,0,1,0,3,0,0,1
19852784099136816,0x46880080081530,1,BSND,FLOAT16,48,1024,1024,2,2,256,16,2048,0,,1,0,0.5,3,128,0,0,1,,,0,0,3,0,1,0,1,128,128,256,4,0,0,1,0,3,0,0,1
19852784099136944,0x468800800815b0,1,TND,FLOAT16,2,1024,128,1,2,256,16,2048,0,,1,0,0.9,0,128,0,0,1,1024/1792,128/256,0,0,3,1,1,0,1,128,128,256,4,0,0,1,0,3,0,0,1
19852784099137072,0x46880080081630,1,BSND,FLOAT16,2,1024,1024,1,2,256,192,2048,1,slope_n,2,0,1.0,3,128,0,0,1,,,0,0,3,0,0,1,1,128,128,256,4,0,0,1,0,3,0,0,1
19852784099137200,0x468800800816b0,1,TND,FLOAT16,4,256,512,1,2,256,248,2048,1,slope,2,0,1.0,3,128,0,0,1,256/427/513/769,512/896/1152/1664,0,0,3,1,0,1,1,128,128,256,4,0,0,1,0,3,0,0,1
19852784099137328,0x46880080081730,1,BSH,FLOAT16,4,512,512,2,2,256,248,2048,1,b1ss,1,0,0.5,3,1024,1024,0,1,,,0,0,3,0,1,1,1,128,128,256,4,0,0,1,0,3,0,0,1
19852784099137456,0x468800800817b0,1,TND,FLOAT16,16,1024,1024,40,2,256,128,2048,1,slope_n,3,0,0.5,4,128,1024,1,1,512/512/640/768/768/1024/1088/1344/1472/1984/3008/4032/5056/5120/5248/6272,128/384/1408/1920/2048/2048/2176/2176/2240/2752/2816/3840/4864/4928/5440/5696,0,0,3,1,1,1,1,128,128,256,4,0,0,1,0,3,0,0,1
19852784636007472,0x468800a0081430,1,BSH,FLOAT16,4,512,512,2,2,320,72,2048,0,,1,0,1.0,3,128,0,0,1,,,0,0,3,0,0,0,1,128,128,768,4,0,0,1,0,3,0,0,1
19852784636007600,0x468800a00814b0,1,TND,FLOAT16,3,2048,2048,2,2,512,192,2048,0,,1,0,1.0,0,1024,0,0,1,1024/1792/3840,1024/1792/3840,0,0,3,1,0,0,1,128,128,768,4,0,0,1,0,3,0,0,1
19852784636007728,0x468800a0081530,1,BSH,FLOAT16,4,512,512,2,2,320,192,2048,0,,1,0,0.9,4,0,65536,0,1,,,0,0,3,0,1,0,1,128,128,768,4,0,0,1,0,3,0,0,1
19852784636007856,0x468800a00815b0,1,TND,FLOAT16,3,64,64,2,2,512,64,2048,0,,1,0,0.9,0,0,65536,1,1,64/107/129,64/107/129,0,0,3,1,1,0,1,128,128,768,4,0,0,1,0,3,0,0,1
19852784636007984,0x468800a0081630,1,BSND,FLOAT16,2,1024,1024,1,2,512,96,2048,1,slope_n,2,0,1.0,3,128,0,0,1,,,0,0,3,0,0,1,1,128,128,768,4,0,0,1,0,3,0,0,1
19852784636008112,0x468800a00816b0,1,TND,FLOAT16,4,1024,256,2,2,513,32,2048,1,1nhs,0,0,1.0,3,128,0,0,1,1024/1024/1024/1024,256/256/256/256,0,0,3,1,0,1,1,128,128,768,4,0,0,1,0,3,0,0,1
19852784636008240,0x468800a0081730,1,BSH,FLOAT16,4,128,64,2,2,320,48,2048,1,1nss,0,0,0.5,3,128,0,0,1,,,0,0,3,0,1,1,1,128,128,768,4,0,0,1,0,3,0,0,1
19852784636008368,0x468800a00817b0,1,TND,FLOAT16,3,128,4096,2,2,320,312,2048,1,1nhs,1,0,0.5,3,128,0,0,1,128/214/258,4096/8064/11904,0,0,3,1,1,1,1,128,128,768,4,0,0,1,0,3,0,0,1
19883568814100528,0x46a40020081030,1,BSND,FLOAT16,2,1024,1024,2,1,64,48,none,0,,1,0,1.0,4,1024,65536,0,1,,,0,0,3,0,0,0,0,128,128,64,2,1,0,1,0,3,0,0,1
19883568814100656,0x46a400200810b0,1,TND,FLOAT16,3,4096,2048,2,1,64,16,none,0,,1,0,1.0,4,65536,65536,0,1,2048/3584/7680,1024/1024/3072,0,0,3,1,0,0,0,128,128,64,2,1,0,1,0,3,0,0,1
19883568814100660,0x46a400200810b4,1,TND,FLOAT16,32,256,4096,2,1,64,32,none,0,,1,0,1.0,0,65536,65536,0,1,256/427/513/769/940/1026/1282/1453/1539/1795/1966/2052/2308/2479/2565/2821/2992/3078/3334/3505/3591/3847/4018/4104/4360/4531/4617/4873/5044/5130/5386/5557,4096/8064/11904/16000/19968/23808/27904/31872/35712/39808/43776/47616/51712/55680/59520/63616/67584/71424/75520/79488/83328/87424/91392/95232/99328/103296/107136/111232/115200/119040/123136/127104,0,5,3,1,0,0,0,128,128,64,2,1,0,1,0,3,0,0,1
19883568814100784,0x46a40020081130,1,SBH,FLOAT16,1,256,256,1,1,64,32,none,0,,1,0,0.9,0,65536,65536,0,1,,,0,0,3,0,1,0,0,128,128,64,2,1,0,1,0,3,0,0,1
19883568814100912,0x46a400200811b0,1,TND,FLOAT16,3,2048,2048,2,1,64,32,none,0,,1,0,0.9,0,65536,65536,0,1,1024/1792/3840,1024/1792/3840,0,0,3,1,1,0,0,128,128,64,2,1,0,1,0,3,0,0,1
19883568814100916,0x46a400200811b4,1,TND,FLOAT16,32,2560,2560,2,1,64,32,none,0,,1,0,0.5,0,65536,65536,0,1,2048/4352/6912/8960/11264/13824/15872/18176/20736/22784/25088/27648/29696/32000/34560/36608/38912/41472/43520/45824/48384/50432/52736/55296/57344/59648/62208/64256/66560/69120/71168/73472,2048/4352/6912/8960/11264/13824/15872/18176/20736/22784/25088/27648/29696/32000/34560/36608/38912/41472/43520/45824/48384/50432/52736/55296/57344/59648/62208/64256/66560/69120/71168/73472,0,5,3,1,1,0,0,128,128,64,2,1,0,1,0,3,0,0,1
19883568814101040,0x46a40020081230,1,BNSD,FLOAT16,1,2048,64,1,1,64,48,none,1,1nss,1,0,1.0,0,65536,65536,0,1,,,0,0,3,0,0,1,0,128,128,64,2,1,0,1,0,3,0,0,1
19883568814101168,0x46a400200812b0,1,TND,FLOAT16,3,4096,1024,4,1,64,16,none,1,slope,2,0,1.0,0,65536,65536,0,1,4096/8064/11904,1024/1920/2688,0,0,3,1,0,1,0,128,128,64,2,1,0,1,0,3,0,0,1
19883568814101172,0x46a400200812b4,1,TND,FLOAT16,3,2048,2048,40,1,64,16,none,1,slope,2,0,1.0,4,128,65536,0,1,1024/1792/3840,1024/1792/3840,0,5,3,1,0,1,0,128,128,64,2,1,0,1,0,3,0,0,1
19883568814101296,0x46a40020081330,1,SBH,FLOAT16,1,256,256,1,1,64,32,none,1,1nss,0,0,0.9,2,65536,1024,0,1,,,0,0,3,0,1,1,0,128,128,64,2,1,0,1,0,3,0,0,1
19883568814101424,0x46a400200813b0,1,TND,FLOAT16,2,64,256,2,1,64,48,none,1,slope,2,0,0.9,0,65536,65536,0,1,64/128,256/384,0,0,3,1,1,1,0,128,128,64,2,1,0,1,0,3,0,0,1
19883568814101428,0x46a400200813b4,1,TND,FLOAT16,32,512,4096,2,1,32,72,none,1,slope_n,3,0,0.5,0,65536,64,0,1,512/896/1152/1664/2048/2304/2816/3200/3456/3968/4352/4608/5120/5504/5760/6272/6656/6912/7424/7808/8064/8576/8960/9216/9728/10112/10368/10880/11264/11520/12032/12416,4096/8064/11904/16000/19968/23808/27904/31872/35712/39808/43776/47616/51712/55680/59520/63616/67584/71424/75520/79488/83328/87424/91392/95232/99328/103296/107136/111232/115200/119040/123136/127104,0,5,3,1,1,1,0,128,128,64,2,1,0,1,0,3,0,0,1
19883568814101552,0x46a40020081430,1,BSH,FLOAT16,4,512,512,4,1,64,32,ss,0,,1,0,1.0,0,65536,65536,0,1,,,0,0,3,0,0,0,1,128,128,64,2,1,0,1,0,3,0,0,1
19883568814101680,0x46a400200814b0,1,TND,FLOAT16,3,2048,2048,1,1,64,16,11ss,0,,1,0,1.0,4,65536,65536,0,1,1024/1792/3840,1024/1792/3840,0,0,3,1,0,0,1,128,128,64,2,1,0,1,0,3,0,0,1
19883568814101684,0x46a400200814b4,1,TND,FLOAT16,32,2560,2560,2,1,64,16,ss,0,,1,0,1.0,0,65536,65536,0,1,2048/4352/6912/8960/11264/13824/15872/18176/20736/22784/25088/27648/29696/32000/34560/36608/38912/41472/43520/45824/48384/50432/52736/55296/57344/59648/62208/64256/66560/69120/71168/73472,2048/4352/6912/8960/11264/13824/15872/18176/20736/22784/25088/27648/29696/32000/34560/36608/38912/41472/43520/45824/48384/50432/52736/55296/57344/59648/62208/64256/66560/69120/71168/73472,0,5,3,1,0,0,1,128,128,64,2,1,0,1,0,3,0,0,1
19883568814101808,0x46a40020081530,1,BSH,FLOAT16,4,512,512,2,1,64,32,b1ss,0,,1,0,0.9,0,65536,65536,0,1,,,0,0,3,0,1,0,1,128,128,64,2,1,0,1,0,3,0,0,1
19883568814101936,0x46a400200815b0,1,TND,FLOAT16,3,2048,256,2,1,64,16,2048,0,,1,0,0.9,1,128,1024,0,1,2048/3968/5760,256/427/513,0,0,3,1,1,0,1,128,128,64,2,1,0,1,0,3,0,0,1
19883568814101940,0x46a400200815b4,1,TND,FLOAT16,32,2560,2560,2,1,64,16,ss,0,,1,0,0.5,0,65536,65536,0,1,2048/4352/6912/8960/11264/13824/15872/18176/20736/22784/25088/27648/29696/32000/34560/36608/38912/41472/43520/45824/48384/50432/52736/55296/57344/59648/62208/64256/66560/69120/71168/73472,2048/4352/6912/8960/11264/13824/15872/18176/20736/22784/25088/27648/29696/32000/34560/36608/38912/41472/43520/45824/48384/50432/52736/55296/57344/59648/62208/64256/66560/69120/71168/73472,0,5,3,1,1,0,1,128,128,64,2,1,0,1,0,3,0,0,1
19883568814102064,0x46a40020081630,1,BSND,FLOAT16,2,2048,512,2,1,64,16,ss,1,slope,3,0,1.0,0,65536,65536,0,1,,,0,0,3,0,0,1,1,128,128,64,2,1,0,1,0,3,0,0,1
19883568814102192,0x46a400200816b0,1,TND,FLOAT16,3,2048,2048,2,1,64,16,2048,1,slope,2,0,1.0,4,65536,65536,0,1,1024/1792/3840,1024/1792/3840,0,0,3,1,0,1,1,128,128,64,2,1,0,1,0,3,0,0,1
19883568814102196,0x46a400200816b4,1,TND,FLOAT16,3,2048,2048,40,1,64,16,2048,1,slope,2,0,1.0,4,65536,65536,0,1,1024/1792/3840,1024/1792/3840,0,5,3,1,0,1,1,128,128,64,2,1,0,1,0,3,0,0,1
19883568814102320,0x46a40020081730,1,BSH,FLOAT16,4,512,512,4,1,64,48,ss,1,b1ss,1,0,0.5,0,65536,65536,0,1,,,0,0,3,0,1,1,1,128,128,64,2,1,0,1,0,3,0,0,1
19883568814102448,0x46a400200817b0,1,TND,FLOAT16,2,64,256,2,1,64,48,b1ss,1,slope,2,0,0.9,0,65536,65536,0,1,64/128,256/384,0,0,3,1,1,1,1,128,128,64,2,1,0,1,0,3,0,0,1
19883568814102452,0x46a400200817b4,1,TND,FLOAT16,32,2048,2048,5,1,16,128,2048,1,slope_n,3,0,0.5,4,65536,65536,0,1,2048/3968/6016/7936/9984/11904/13952/15872/17920/19840/21888/23808/25856/27776/29824/31744/33792/35712/37760/39680/41728/43648/45696/47616/49664/51584/53632/55552/57600/59520/61568/63488,2048/3968/6016/7936/9984/11904/13952/15872/17920/19840/21888/23808/25856/27776/29824/31744/33792/35712/37760/39680/41728/43648/45696/47616/49664/51584/53632/55552/57600/59520/61568/63488,0,5,3,1,1,1,1,128,128,64,2,1,0,1,0,3,0,0,1
19883569350971440,0x46a40040081030,1,BSND,FLOAT16,2,1024,1024,2,1,72,64,none,0,,1,0,1.0,0,65536,65536,0,1,,,0,0,3,0,0,0,0,128,128,128,2,1,0,1,0,3,0,0,1
19883569350971568,0x46a400400810b0,1,TND,FLOAT16,3,2048,2048,2,1,96,16,none,0,,1,0,1.0,4,65536,65536,0,1,1024/1792/3840,1024/1792/3840,0,0,3,1,0,0,0,128,128,128,2,1,0,1,0,3,0,0,1
19883569350971572,0x46a400400810b4,1,TND,FLOAT16,32,2560,2560,2,1,128,72,none,0,,1,0,1.0,0,65536,65536,0,1,2048/4352/6912/8960/11264/13824/15872/18176/20736/22784/25088/27648/29696/32000/34560/36608/38912/41472/43520/45824/48384/50432/52736/55296/57344/59648/62208/64256/66560/69120/71168/73472,2048/4352/6912/8960/11264/13824/15872/18176/20736/22784/25088/27648/29696/32000/34560/36608/38912/41472/43520/45824/48384/50432/52736/55296/57344/59648/62208/64256/66560/69120/71168/73472,0,5,3,1,0,0,0,128,128,128,2,1,0,1,0,3,0,0,1
19883569350971696,0x46a40040081130,1,BSH,FLOAT16,4,256,256,2,1,128,16,none,0,,1,0,0.9,0,65536,65536,0,1,,,0,0,3,0,1,0,0,128,128,128,2,1,0,1,0,3,0,0,1
19883569350971824,0x46a400400811b0,1,TND,FLOAT16,3,2048,2048,2,1,128,64,none,0,,1,0,0.5,4,65536,65536,0,1,1024/1792/3840,1024/1792/3840,0,0,3,1,1,0,0,128,128,128,2,1,0,1,0,3,0,0,1
19883569350971828,0x46a400400811b4,1,TND,FLOAT16,32,1024,2048,2,1,96,72,none,0,,1,0,0.9,0,65536,65536,0,1,1024/1920/2688/3712/4608/5376/6400/7296/8064/9088/9984/10752/11776/12672/13440/14464/15360/16128/17152/18048/18816/19840/20736/21504/22528/23424/24192/25216/26112/26880/27904/28800,2048/3968/5760/7808/9728/11520/13568/15488/17280/19328/21248/23040/25088/27008/28800/30848/32768/34560/36608/38528/40320/42368/44288/46080/48128/50048/51840/53888/55808/57600/59648/61568,0,5,3,1,1,0,0,128,128,128,2,1,0,1,0,3,0,0,1
19883569350971952,0x46a40040081230,1,BNSD,FLOAT16,1,256,256,1,1,128,96,none,1,1nss,0,0,1.0,0,65536,65536,0,1,,,0,0,3,0,0,1,0,128,128,128,2,1,0,1,0,3,0,0,1
19883569350972080,0x46a400400812b0,1,TND,FLOAT16,3,1024,1920,2,1,96,32,none,1,slope,2,0,1.0,4,65536,65536,0,1,1024/1792/1792,1024/1792/3712,0,0,3,1,0,1,0,128,128,128,2,1,0,1,0,3,0,0,1
19883569350972084,0x46a400400812b4,1,TND,FLOAT16,32,2048,2048,2,1,128,16,none,1,slope_n,3,0,1.0,0,1024,65536,0,1,2048/3968/6016/7936/9984/11904/13952/15872/17920/19840/21888/23808/25856/27776/29824/31744/33792/35712/37760/39680/41728/43648/45696/47616/49664/51584/53632/55552/57600/59520/61568/63488,2048/3968/6016/7936/9984/11904/13952/15872/17920/19840/21888/23808/25856/27776/29824/31744/33792/35712/37760/39680/41728/43648/45696/47616/49664/51584/53632/55552/57600/59520/61568/63488,0,5,3,1,0,1,0,128,128,128,2,1,0,1,0,3,0,0,1
19883569350972208,0x46a40040081330,1,BSH,FLOAT16,4,256,256,2,1,128,16,none,1,bnss,1,0,0.9,0,65536,65536,0,1,,,0,0,3,0,1,1,0,128,128,128,2,1,0,1,0,3,0,0,1
19883569350972336,0x46a400400813b0,1,TND,FLOAT16,3,8192,1024,2,1,96,64,none,1,slope,2,0,0.9,4,65536,65536,0,1,4096/7168/15360,1024/2048/3072,0,0,3,1,1,1,0,128,128,128,2,1,0,1,0,3,0,0,1
19883569350972340,0x46a400400813b4,1,TND,FLOAT16,3,8192,1024,40,1,96,64,none,1,slope,2,0,0.9,4,1,65536,0,1,4096/7168/15360,1024/2048/3072,0,5,3,1,1,1,0,128,128,128,2,1,0,1,0,3,0,0,1
19883569350972464,0x46a40040081430,1,SBH,FLOAT16,1,128,256,1,1,96,72,11ss,0,,1,0,1.0,0,65536,65536,0,1,,,0,0,3,0,0,0,1,128,128,128,2,1,0,1,0,3,0,0,1
19883569350972592,0x46a400400814b0,1,TND,FLOAT16,3,2048,2048,2,1,96,16,11ss,0,,1,0,1.0,4,65536,65536,0,1,1024/1792/3840,1024/1792/3840,0,0,3,1,0,0,1,128,128,128,2,1,0,1,0,3,0,0,1
19883569350972596,0x46a400400814b4,1,TND,FLOAT16,29,2560,2560,2,1,128,72,2048,0,,1,0,1.0,0,65536,65536,0,1,2048/4352/6912/8960/11264/13824/15872/18176/20736/22784/25088/27648/29696/32000/34560/36608/38912/41472/43520/45824/48384/50432/52736/55296/57344/59648/62208/64256/66560,2048/4352/6912/8960/11264/13824/15872/18176/20736/22784/25088/27648/29696/32000/34560/36608/38912/41472/43520/45824/48384/50432/52736/55296/57344/59648/62208/64256/66560,0,5,3,1,0,0,1,128,128,128,2,1,0,1,0,3,0,0,1
19883569350972720,0x46a40040081530,1,BSH,FLOAT16,4,128,256,4,1,72,32,b1ss,0,,1,0,0.9,0,65536,65536,0,1,,,0,0,3,0,1,0,1,128,128,128,2,1,0,1,0,3,0,0,1
19883569350972848,0x46a400400815b0,1,TND,FLOAT16,3,2048,2048,2,1,96,48,2048,0,,1,0,0.9,1,65536,65536,0,1,1024/1792/3840,1024/1792/3840,0,0,3,1,1,0,1,128,128,128,2,1,0,1,0,3,0,0,1
19883569350972852,0x46a400400815b4,1,TND,FLOAT16,32,2048,64,2,1,96,72,2048,0,,1,0,0.9,0,65536,65536,0,1,2048/3968/5760/7808/9728/11520/13568/15488/17280/19328/21248/23040/25088/27008/28800/30848/32768/34560/36608/38528/40320/42368/44288/46080/48128/50048/51840/53888/55808/57600/59648/61568,64/107/129/193/236/258/322/365/387/451/494/516/580/623/645/709/752/774/838/881/903/967/1010/1032/1096/1139/1161/1225/1268/1290/1354/1397,0,5,3,1,1,0,1,128,128,128,2,1,0,1,0,3,0,0,1
19883569350972976,0x46a40040081630,1,BSND,FLOAT16,24,1024,1024,2,1,72,48,ss,1,1nhs,1,0,1.0,0,1024,65536,0,1,,,0,0,3,0,0,1,1,128,128,128,2,1,0,1,0,3,0,0,1
19883569350973104,0x46a400400816b0,1,TND,FLOAT16,3,2048,2048,2,1,128,72,2048,1,slope,2,0,1.0,4,65536,65536,0,1,1024/1792/3840,1024/1792/3840,0,0,3,1,0,1,1,128,128,128,2,1,0,1,0,3,0,0,1
19883569350973108,0x46a400400816b4,1,TND,FLOAT16,32,2048,2048,2,1,128,16,2048,1,slope_n,3,0,1.0,4,2048,65536,0,1,2048/3968/6016/7936/9984/11904/13952/15872/17920/19840/21888/23808/25856/27776/29824/31744/33792/35712/37760/39680/41728/43648/45696/47616/49664/51584/53632/55552/57600/59520/61568/63488,2048/3968/6016/7936/9984/11904/13952/15872/17920/19840/21888/23808/25856/27776/29824/31744/33792/35712/37760/39680/41728/43648/45696/47616/49664/51584/53632/55552/57600/59520/61568/63488,0,5,3,1,0,1,1,128,128,128,2,1,0,1,0,3,0,0,1
19883569350973232,0x46a40040081730,1,BSND,FLOAT16,2,1024,1024,2,1,128,64,bnss,1,bnhs,1,0,0.5,0,65536,65536,0,1,,,0,0,3,0,1,1,1,128,128,128,2,1,0,1,0,3,0,0,1
19883569350973360,0x46a400400817b0,1,TND,FLOAT16,32,2048,2048,1,1,128,96,b1ss,1,slope_n,3,0,0.5,4,65536,65536,0,1,2048/3968/6016/7936/9984/11904/13952/15872/17920/19840/21888/23808/25856/27776/29824/31744/33792/35712/37760/39680/41728/43648/45696/47616/49664/51584/53632/55552/57600/59520/61568/63488,2048/3968/6016/7936/9984/11904/13952/15872/17920/19840/21888/23808/25856/27776/29824/31744/33792/35712/37760/39680/41728/43648/45696/47616/49664/51584/53632/55552/57600/59520/61568/63488,0,0,3,1,1,1,1,128,128,128,2,1,0,1,0,3,0,0,1
19883569350973364,0x46a400400817b4,1,TND,FLOAT16,32,2048,2048,2,1,128,16,2048,1,slope_n,3,0,0.5,4,65536,65536,0,1,2048/3968/6016/7936/9984/11904/13952/15872/17920/19840/21888/23808/25856/27776/29824/31744/33792/35712/37760/39680/41728/43648/45696/47616/49664/51584/53632/55552/57600/59520/61568/63488,2048/3968/6016/7936/9984/11904/13952/15872/17920/19840/21888/23808/25856/27776/29824/31744/33792/35712/37760/39680/41728/43648/45696/47616/49664/51584/53632/55552/57600/59520/61568/63488,0,5,3,1,1,1,1,128,128,128,2,1,0,1,0,3,0,0,1
19883569887842352,0x46a40060081030,1,BSND,FLOAT16,2,512,512,2,1,192,72,none,0,,1,0,1.0,0,65536,65536,0,1,,,0,0,3,0,0,0,0,128,128,192,2,1,0,1,0,3,0,0,1
19883569887842480,0x46a400600810b0,1,TND,FLOAT16,64,1024,1920,4,1,192,64,none,0,,1,0,1.0,0,65536,65536,0,1,512/1152/1920/2816/3840/4352/4992/5760/6656/7680/7680/8320/9088/9984/11008/11520/12160/12928/13824/14848/15360/16000/16768/17664/18688/19200/19840/20608/21504/22528/23040/23680/24448/25344/26368/26880/27520/28288/29184/30208/30720/31360/32128/33024/34048/34560/35200/35968/36864/37888/38400/39040/39808/40704/41728/42240/42880/43648/44544/45568/46080/46720/47488/48384,512/1152/1920/3840/4864/5376/6016/6784/7680/8704/9216/9856/10624/11520/12544/13056/13696/14464/15360/16384/16896/17536/18304/19200/20224/20736/21376/22144/23040/24064/24576/25216/25984/26880/27904/28416/29056/29824/30720/31744/32256/32896/33664/34560/35584/36096/36736/37504/38400/39424/39936/40576/41344/42240/43264/43776/44416/45184/46080/47104/47616/48256/49024/49920,0,0,3,1,0,0,0,128,128,192,2,1,0,1,0,3,0,0,1
19883569887842484,0x46a400600810b4,1,TND,FLOAT16,64,1024,1024,2,1,192,64,none,0,,1,0,1.0,0,65536,65536,0,1,512/1152/1920/2816/3840/4352/4992/5760/6656/7680/8192/8832/9600/10496/11520/12032/12672/13440/14336/15360/15872/16512/17280/18176/19200/19712/20352/21120/22016/23040/23552/24192/24960/25856/26880/27392/28032/28800/29696/30720/31232/31872/32640/33536/34560/35072/35712/36480/37376/38400/38912/39552/40320/41216/42240/42752/43392/44160/45056/46080/46592/47232/48000/48896,512/1152/1920/2816/3840/4352/4992/5760/6656/7680/8192/8832/9600/10496/11520/12032/12672/13440/14336/15360/15872/16512/17280/18176/19200/19712/20352/21120/22016/23040/23552/24192/24960/25856/26880/27392/28032/28800/29696/30720/31232/31872/32640/33536/34560/35072/35712/36480/37376/38400/38912/39552/40320/41216/42240/42752/43392/44160/45056/46080/46592/47232/48000/48896,0,5,3,1,0,0,0,128,128,192,2,1,0,1,0,3,0,0,1
19883569887842608,0x46a40060081130,1,BSND,FLOAT16,2,1024,1024,2,1,192,128,none,0,,1,0,0.9,0,65536,65536,0,1,,,0,0,3,0,1,0,0,128,128,192,2,1,0,1,0,3,0,0,1
19883569887842736,0x46a400600811b0,1,TND,FLOAT16,3,1024,4096,2,1,192,16,none,0,,1,0,0.9,0,65536,65536,0,1,1024/1920/2688,4096/8064/11904,0,0,3,1,1,0,0,128,128,192,2,1,0,1,0,3,0,0,1
19883569887842864,0x46a40060081230,1,BSH,FLOAT16,48,512,512,4,1,192,64,none,1,1nss,1,0,1.0,2,128,0,0,1,,,0,0,3,0,0,1,0,128,128,192,2,1,0,1,0,3,0,0,1
19883569887842992,0x46a400600812b0,1,TND,FLOAT16,3,256,2048,2,1,192,32,none,1,slope,2,0,1.0,0,65536,65536,0,1,256/384/384,2048/3968/5760,0,0,3,1,0,1,0,128,128,192,2,1,0,1,0,3,0,0,1
19883569887842996,0x46a400600812b4,1,TND,FLOAT16,32,2048,2048,2,1,192,128,none,1,slope_n,3,0,1.0,1,65536,65536,3,1,2048/3968/6016/7936/9984/11904/13952/15872/17920/19840/21888/23808/25856/27776/29824/31744/33792/35712/37760/39680/41728/43648/45696/47616/49664/51584/53632/55552/57600/59520/61568/63488,2048/3968/6016/7936/9984/11904/13952/15872/17920/19840/21888/23808/25856/27776/29824/31744/33792/35712/37760/39680/41728/43648/45696/47616/49664/51584/53632/55552/57600/59520/61568/63488,0,5,3,1,0,1,0,128,128,192,2,1,0,1,0,3,0,0,1
19883569887843120,0x46a40060081330,1,BSH,FLOAT16,4,512,512,2,1,192,64,none,1,b1ss,1,0,0.9,0,65536,65536,0,1,,,0,0,3,0,1,1,0,128,128,192,2,1,0,1,0,3,0,0,1
19883569887843248,0x46a400600813b0,1,TND,FLOAT16,2,128,128,2,1,192,48,none,1,slope,2,0,0.9,0,65536,65536,0,1,128/128,128/128,0,0,3,1,1,1,0,128,128,192,2,1,0,1,0,3,0,0,1
19883569887843376,0x46a40060081430,1,BSH,FLOAT16,4,1024,128,4,1,192,72,ss,0,,1,0,1.0,0,65536,65536,0,1,,,0,0,3,0,0,0,1,128,128,192,2,1,0,1,0,3,0,0,1
19883569887843504,0x46a400600814b0,1,TND,FLOAT16,3,2048,2048,2,1,192,64,2048,0,,1,0,1.0,4,65536,65536,0,1,1024/1792/3840,1024/1792/3840,0,0,3,1,0,0,1,128,128,192,2,1,0,1,0,3,0,0,1
19883569887843508,0x46a400600814b4,1,TND,FLOAT16,32,2560,2560,2,1,192,128,ss,0,,1,0,1.0,0,65536,65536,0,1,2048/4352/6912/8960/11264/13824/15872/18176/20736/22784/25088/27648/29696/32000/34560/36608/38912/41472/43520/45824/48384/50432/52736/55296/57344/59648/62208/64256/66560/69120/71168/73472,2048/4352/6912/8960/11264/13824/15872/18176/20736/22784/25088/27648/29696/32000/34560/36608/38912/41472/43520/45824/48384/50432/52736/55296/57344/59648/62208/64256/66560/69120/71168/73472,0,5,3,1,0,0,1,128,128,192,2,1,0,1,0,3,0,0,1
19883569887843632,0x46a40060081530,1,BSND,FLOAT16,2,1024,1024,2,1,192,128,ss,0,,1,0,0.9,1,65536,128,0,1,,,0,0,3,0,1,0,1,128,128,192,2,1,0,1,0,3,0,0,1
19883569887843760,0x46a400600815b0,1,TND,FLOAT16,3,2048,2048,2,1,192,128,2048,0,,1,0,0.9,4,65536,65536,0,1,1024/1792/3840,1024/1792/3840,0,0,3,1,1,0,1,128,128,192,2,1,0,1,0,3,0,0,1
19883569887843888,0x46a40060081630,1,BSH,FLOAT16,4,512,512,8,1,192,64,b1ss,1,1nss,1,0,1.0,0,65536,65536,0,1,,,0,0,3,0,0,1,1,128,128,192,2,1,0,1,0,3,0,0,1
19883569887844016,0x46a400600816b0,1,TND,FLOAT16,2,128,128,2,1,192,48,bnss,1,slope,2,0,1.0,0,65536,65536,0,1,128/128,128/128,0,0,3,1,0,1,1,128,128,192,2,1,0,1,0,3,0,0,1
19883569887844020,0x46a400600816b4,1,TND,FLOAT16,32,2048,2048,2,1,192,128,2048,1,slope_n,3,0,1.0,4,65536,65536,0,1,2048/3968/6016/7936/9984/11904/13952/15872/17920/19840/21888/23808/25856/27776/29824/31744/33792/35712/37760/39680/41728/43648/45696/47616/49664/51584/53632/55552/57600/59520/61568/63488,2048/3968/6016/7936/9984/11904/13952/15872/17920/19840/21888/23808/25856/27776/29824/31744/33792/35712/37760/39680/41728/43648/45696/47616/49664/51584/53632/55552/57600/59520/61568/63488,0,5,3,1,0,1,1,128,128,192,2,1,0,1,0,3,0,0,1
19883569887844144,0x46a40060081730,1,BSH,FLOAT16,4,512,512,8,1,192,64,b1ss,1,1nss,1,0,0.5,0,65536,65536,0,1,,,0,0,3,0,1,1,1,128,128,192,2,1,0,1,0,3,0,0,1
19883569887844272,0x46a400600817b0,1,TND,FLOAT16,2,128,128,2,1,192,48,ss,1,slope,2,0,0.9,0,65536,65536,0,1,128/128,128/128,0,0,3,1,1,1,1,128,128,192,2,1,0,1,0,3,0,0,1
19883570424713264,0x46a40080081030,1,SBH,FLOAT16,1,256,256,1,1,256,192,none,0,,1,0,1.0,0,65536,65536,0,1,,,0,0,3,0,0,0,0,128,128,256,2,1,0,1,0,3,0,0,1
19883570424713392,0x46a400800810b0,1,TND,FLOAT16,3,2048,2048,2,1,256,128,none,0,,1,0,1.0,0,65536,65536,0,1,1024/1792/3840,1024/1792/3840,0,0,3,1,0,0,0,128,128,256,2,1,0,1,0,3,0,0,1
19883570424713396,0x46a400800810b4,1,TND,FLOAT16,32,2560,2560,2,1,256,128,none,0,,1,0,1.0,0,65536,65536,0,1,2048/4352/6912/8960/11264/13824/15872/18176/20736/22784/25088/27648/29696/32000/34560/36608/38912/41472/43520/45824/48384/50432/52736/55296/57344/59648/62208/64256/66560/69120/71168/73472,2048/4352/6912/8960/11264/13824/15872/18176/20736/22784/25088/27648/29696/32000/34560/36608/38912/41472/43520/45824/48384/50432/52736/55296/57344/59648/62208/64256/66560/69120/71168/73472,0,5,3,1,0,0,0,128,128,256,2,1,0,1,0,3,0,0,1
19883570424713520,0x46a40080081130,1,BSND,FLOAT16,2,256,128,2,1,256,128,none,0,,1,0,0.9,0,65536,65536,0,1,,,0,0,3,0,1,0,0,128,128,256,2,1,0,1,0,3,0,0,1
19883570424713648,0x46a400800811b0,1,TND,FLOAT16,32,2560,2560,2,1,256,128,none,0,,1,0,0.9,0,65536,65536,0,1,2048/4352/6912/8960/11264/13824/15872/18176/20736/22784/25088/27648/29696/32000/34560/36608/38912/41472/43520/45824/48384/50432/52736/55296/57344/59648/62208/64256/66560/69120/71168/73472,2048/4352/6912/8960/11264/13824/15872/18176/20736/22784/25088/27648/29696/32000/34560/36608/38912/41472/43520/45824/48384/50432/52736/55296/57344/59648/62208/64256/66560/69120/71168/73472,0,0,3,1,1,0,0,128,128,256,2,1,0,1,0,3,0,0,1
19883570424713776,0x46a40080081230,1,BSH,FLOAT16,48,512,512,4,1,256,64,none,1,1nss,1,0,1.0,2,128,0,0,1,,,0,0,3,0,0,1,0,128,128,256,2,1,0,1,0,3,0,0,1
19883570424713904,0x46a400800812b0,1,TND,FLOAT16,3,1024,512,2,1,256,128,none,1,slope,2,0,1.0,4,65536,65536,0,1,1024/1920/2688,512/896/1152,0,0,3,1,0,1,0,128,128,256,2,1,0,1,0,3,0,0,1
19883570424713908,0x46a400800812b4,1,TND,FLOAT16,32,2048,2048,2,1,256,128,none,1,slope_n,3,0,1.0,2,65536,65536,0,1,2048/3968/6016/7936/9984/11904/13952/15872/17920/19840/21888/23808/25856/27776/29824/31744/33792/35712/37760/39680/41728/43648/45696/47616/49664/51584/53632/55552/57600/59520/61568/63488,2048/3968/6016/7936/9984/11904/13952/15872/17920/19840/21888/23808/25856/27776/29824/31744/33792/35712/37760/39680/41728/43648/45696/47616/49664/51584/53632/55552/57600/59520/61568/63488,0,5,3,1,0,1,0,128,128,256,2,1,0,1,0,3,0,0,1
19883570424714032,0x46a40080081330,1,BSH,FLOAT16,4,512,512,2,1,256,64,none,1,b1ss,1,0,0.9,0,65536,65536,0,1,,,0,0,3,0,1,1,0,128,128,256,2,1,0,1,0,3,0,0,1
19883570424714160,0x46a400800813b0,1,TND,FLOAT16,2,2048,512,2,1,256,128,none,1,slope,2,0,0.9,0,65536,65536,0,1,2048/3968,512/896,0,0,3,1,1,1,0,128,128,256,2,1,0,1,0,3,0,0,1
19883570424714288,0x46a40080081430,1,BSH,FLOAT16,4,512,512,8,1,256,64,b1ss,0,,1,0,1.0,0,65536,65536,0,1,,,0,0,3,0,0,0,1,128,128,256,2,1,0,1,0,3,0,0,1
19883570424714416,0x46a400800814b0,1,TND,FLOAT16,3,2048,2048,2,1,256,128,11ss,0,,1,0,1.0,4,65536,65536,0,1,1024/1792/3840,1024/1792/3840,0,0,3,1,0,0,1,128,128,256,2,1,0,1,0,3,0,0,1
19883570424714420,0x46a400800814b4,1,TND,FLOAT16,32,2560,2560,2,1,256,128,ss,0,,1,0,1.0,0,65536,65536,0,1,2048/4352/6912/8960/11264/13824/15872/18176/20736/22784/25088/27648/29696/32000/34560/36608/38912/41472/43520/45824/48384/50432/52736/55296/57344/59648/62208/64256/66560/69120/71168/73472,2048/4352/6912/8960/11264/13824/15872/18176/20736/22784/25088/27648/29696/32000/34560/36608/38912/41472/43520/45824/48384/50432/52736/55296/57344/59648/62208/64256/66560/69120/71168/73472,0,5,3,1,0,0,1,128,128,256,2,1,0,1,0,3,0,0,1
19883570424714544,0x46a40080081530,1,BSND,FLOAT16,2,1024,1024,2,1,256,128,b1ss,0,,1,0,0.5,1,65536,65536,0,1,,,0,0,3,0,1,0,1,128,128,256,2,1,0,1,0,3,0,0,1
19883570424714672,0x46a400800815b0,1,TND,FLOAT16,3,2048,2048,2,1,256,96,2048,0,,1,0,0.9,0,65536,65536,0,1,1024/1792/3840,1024/1792/3840,0,0,3,1,1,0,1,128,128,256,2,1,0,1,0,3,0,0,1
19883570424714800,0x46a40080081630,1,BSH,FLOAT16,4,512,512,8,1,256,64,b1ss,1,1nss,1,0,1.0,0,65536,65536,0,1,,,0,0,3,0,0,1,1,128,128,256,2,1,0,1,0,3,0,0,1
19883570424714928,0x46a400800816b0,1,TND,FLOAT16,3,512,512,2,1,256,64,2048,1,slope,2,0,1.0,0,65536,65536,0,1,512/896/1152,512/896/1152,0,0,3,1,0,1,1,128,128,256,2,1,0,1,0,3,0,0,1
19883570424714932,0x46a400800816b4,1,TND,FLOAT16,32,2048,2048,2,1,256,128,2048,1,slope_n,3,0,1.0,4,65536,65536,0,1,2048/3968/6016/7936/9984/11904/13952/15872/17920/19840/21888/23808/25856/27776/29824/31744/33792/35712/37760/39680/41728/43648/45696/47616/49664/51584/53632/55552/57600/59520/61568/63488,2048/3968/6016/7936/9984/11904/13952/15872/17920/19840/21888/23808/25856/27776/29824/31744/33792/35712/37760/39680/41728/43648/45696/47616/49664/51584/53632/55552/57600/59520/61568/63488,0,5,3,1,0,1,1,128,128,256,2,1,0,1,0,3,0,0,1
19883570424715056,0x46a40080081730,1,BSH,FLOAT16,4,512,512,8,1,256,64,b1ss,1,1nss,1,0,0.5,0,65536,65536,0,1,,,0,0,3,0,1,1,1,128,128,256,2,1,0,1,0,3,0,0,1
19883570424715184,0x46a400800817b0,1,TND,FLOAT16,32,2048,2048,2,1,256,128,2048,1,slope_n,3,0,0.5,4,65536,65536,0,1,2048/3968/6016/7936/9984/11904/13952/15872/17920/19840/21888/23808/25856/27776/29824/31744/33792/35712/37760/39680/41728/43648/45696/47616/49664/51584/53632/55552/57600/59520/61568/63488,2048/3968/6016/7936/9984/11904/13952/15872/17920/19840/21888/23808/25856/27776/29824/31744/33792/35712/37760/39680/41728/43648/45696/47616/49664/51584/53632/55552/57600/59520/61568/63488,0,0,3,1,1,1,1,128,128,256,2,1,0,1,0,3,0,0,1
19883570961584176,0x46a400a0081030,1,BSND,FLOAT16,2,1024,1024,2,1,512,48,none,0,,1,0,1.0,0,65536,65536,0,1,,,0,0,3,0,0,0,0,128,128,768,2,1,0,1,0,3,0,0,1
19883570961584304,0x46a400a00810b0,1,TND,FLOAT16,7,4096,128,2,1,320,32,none,0,,1,0,1.0,3,65536,1024,0,1,4096/4096/4096/4096/4096/4096/4096,128/128/128/128/128/128/128,0,0,3,1,0,0,0,128,128,768,2,1,0,1,0,3,0,0,1
19883570961584308,0x46a400a00810b4,1,TND,FLOAT16,32,2560,2560,2,1,512,72,none,0,,1,0,1.0,0,65536,65536,0,1,2048/4352/6912/8960/11264/13824/15872/18176/20736/22784/25088/27648/29696/32000/34560/36608/38912/41472/43520/45824/48384/50432/52736/55296/57344/59648/62208/64256/66560/69120/71168/73472,2048/4352/6912/8960/11264/13824/15872/18176/20736/22784/25088/27648/29696/32000/34560/36608/38912/41472/43520/45824/48384/50432/52736/55296/57344/59648/62208/64256/66560/69120/71168/73472,0,5,3,1,0,0,0,128,128,768,2,1,0,1,0,3,0,0,1
19883570961584432,0x46a400a0081130,1,BSH,FLOAT16,4,1024,1024,2,1,768,64,none,0,,1,0,0.9,0,65536,65536,0,1,,,0,0,3,0,1,0,0,128,128,768,2,1,0,1,0,3,0,0,1
19883570961584560,0x46a400a00811b0,1,TND,FLOAT16,3,2048,2048,2,1,320,128,none,0,,1,0,0.9,0,65536,65536,0,1,1024/1792/3840,1024/1792/3840,0,0,3,1,1,0,0,128,128,768,2,1,0,1,0,3,0,0,1
19883570961584688,0x46a400a0081230,1,BSH,FLOAT16,4,512,512,2,1,512,256,none,1,bnss,0,0,1.0,4,128,1024,0,1,,,0,0,3,0,0,1,0,128,128,768,2,1,0,1,0,3,0,0,1
19883570961584816,0x46a400a00812b0,1,TND,FLOAT16,3,1024,512,2,1,768,128,none,1,slope,2,0,1.0,4,65536,65536,0,1,1024/1920/2688,512/896/1152,0,0,3,1,0,1,0,128,128,768,2,1,0,1,0,3,0,0,1
19883570961584820,0x46a400a00812b4,1,TND,FLOAT16,3,2048,2048,40,1,320,64,none,1,slope,2,0,1.0,4,65536,65536,1,1,1024/1792/3840,1024/1792/3840,0,5,3,1,0,1,0,128,128,768,2,1,0,1,0,3,0,0,1
19883570961584944,0x46a400a0081330,1,TND,FLOAT16,3,1024,128,4,1,512,256,none,1,slope,2,0,0.9,4,65536,65536,0,1,1024/2048/3072,128/256/384,0,0,3,0,1,1,0,128,128,768,2,1,0,1,0,3,0,0,1
19883570961585072,0x46a400a00813b0,1,TND,FLOAT16,2,2048,512,2,1,512,48,none,1,slope,2,0,0.9,0,65536,65536,0,1,2048/3968,512/896,0,0,3,1,1,1,0,128,128,768,2,1,0,1,0,3,0,0,1
19883570961585200,0x46a400a0081430,1,BSH,FLOAT16,4,64,1024,4,1,320,96,ss,0,,1,0,1.0,0,65536,65536,0,1,,,0,0,3,0,0,0,1,128,128,768,2,1,0,1,0,3,0,0,1
19883570961585328,0x46a400a00814b0,1,TND,FLOAT16,3,2048,2048,2,1,512,320,11ss,0,,1,0,1.0,4,65536,65536,1,1,1024/1792/3840,1024/1792/3840,0,0,3,1,0,0,1,128,128,768,2,1,0,1,0,3,0,0,1
19883570961585332,0x46a400a00814b4,1,TND,FLOAT16,32,2048,4096,2,1,512,256,b1ss,0,,1,0,1.0,0,65536,65536,3,1,2048/3968/5760/7808/9728/11520/13568/15488/17280/19328/21248/23040/25088/27008/28800/30848/32768/34560/36608/38528/40320/42368/44288/46080/48128/50048/51840/53888/55808/57600/59648/61568,4096/8064/11904/16000/19968/23808/27904/31872/35712/39808/43776/47616/51712/55680/59520/63616/67584/71424/75520/79488/83328/87424/91392/95232/99328/103296/107136/111232/115200/119040/123136/127104,0,5,3,1,0,0,1,128,128,768,2,1,0,1,0,3,0,0,1
19883570961585456,0x46a400a0081530,1,BSND,FLOAT16,2,1024,1024,2,1,768,128,ss,0,,1,0,0.9,1,65536,128,0,1,,,0,0,3,0,1,0,1,128,128,768,2,1,0,1,0,3,0,0,1
19883570961585584,0x46a400a00815b0,1,TND,FLOAT16,8,4096,128,2,1,320,48,2048,0,,1,0,0.9,0,65536,65536,0,1,1024/2048/2304/6400/6464/6528/7552/8576,128/256/384/512/640/768/896/1024,0,0,3,1,1,0,1,128,128,768,2,1,0,1,0,3,0,0,1
19883570961585712,0x46a400a0081630,1,BSND,FLOAT16,2,1024,1024,2,1,512,16,ss,1,1nhs,1,0,1.0,0,65536,65536,0,1,,,0,0,3,0,0,1,1,128,128,768,2,1,0,1,0,3,0,0,1
19883570961585840,0x46a400a00816b0,1,TND,FLOAT16,32,2048,2048,2,1,768,128,2048,1,slope_n,3,0,1.0,4,65536,65536,0,1,2048/3968/6016/7936/9984/11904/13952/15872/17920/19840/21888/23808/25856/27776/29824/31744/33792/35712/37760/39680/41728/43648/45696/47616/49664/51584/53632/55552/57600/59520/61568/63488,2048/3968/6016/7936/9984/11904/13952/15872/17920/19840/21888/23808/25856/27776/29824/31744/33792/35712/37760/39680/41728/43648/45696/47616/49664/51584/53632/55552/57600/59520/61568/63488,0,0,3,1,0,1,1,128,128,768,2,1,0,1,0,3,0,0,1
19883570961585844,0x46a400a00816b4,1,TND,FLOAT16,3,2048,2048,40,1,320,64,2048,1,slope,2,0,1.0,4,65536,65536,1,1,1024/1792/3840,1024/1792/3840,0,5,3,1,0,1,1,128,128,768,2,1,0,1,0,3,0,0,1
19883570961585968,0x46a400a0081730,1,BSND,FLOAT16,2,1024,1024,2,1,320,160,bnss,1,bnhs,1,0,0.5,0,65536,65536,0,1,,,0,0,3,0,1,1,1,128,128,768,2,1,0,1,0,3,0,0,1
19883570961586096,0x46a400a00817b0,1,TND,FLOAT16,32,2048,2048,2,1,768,128,2048,1,slope_n,3,0,0.5,4,65536,65536,0,1,2048/3968/6016/7936/9984/11904/13952/15872/17920/19840/21888/23808/25856/27776/29824/31744/33792/35712/37760/39680/41728/43648/45696/47616/49664/51584/53632/55552/57600/59520/61568/63488,2048/3968/6016/7936/9984/11904/13952/15872/17920/19840/21888/23808/25856/27776/29824/31744/33792/35712/37760/39680/41728/43648/45696/47616/49664/51584/53632/55552/57600/59520/61568/63488,0,0,3,1,1,1,1,128,128,768,2,1,0,1,0,3,0,0,1
19885767837357104,0x46a60020081430,1,BSH,FLOAT16,48,512,512,4,1,64,16,2048,0,,1,0,1.0,2,128,0,0,1,,,0,0,3,0,0,0,1,128,128,64,3,1,0,1,0,3,0,0,1
19885767837357232,0x46a600200814b0,1,TND,FLOAT16,3,2048,2048,1,1,64,48,2048,0,,1,0,1.0,2,1024,65536,0,1,1024/1792/3840,1024/1792/3840,0,0,3,1,0,0,1,128,128,64,3,1,0,1,0,3,0,0,1
19885767837357360,0x46a60020081530,1,BSH,FLOAT16,48,512,512,4,1,64,16,2048,0,,1,0,0.5,2,128,0,0,1,,,0,0,3,0,1,0,1,128,128,64,3,1,0,1,0,3,0,0,1
19885767837357488,0x46a600200815b0,1,TND,FLOAT16,7,2048,128,2,1,64,16,2048,0,,1,0,0.9,2,128,0,0,1,1024/2048/3072/3584/5632/5888/5952,128/256/384/512/640/768/896,0,0,3,1,1,0,1,128,128,64,3,1,0,1,0,3,0,0,1
19885767837357616,0x46a60020081630,1,BSND,FLOAT16,1,1024,1024,2,1,64,16,2048,1,b1ss,1,0,1.0,2,128,0,0,1,,,0,0,3,0,0,1,1,128,128,64,3,1,0,1,0,3,0,0,1
19885767837357744,0x46a600200816b0,1,TND,FLOAT16,3,2048,2048,2,1,64,48,2048,1,1nhs,1,0,1.0,2,128,0,0,1,1024/1792/3840,1024/1792/3840,0,0,3,1,0,1,1,128,128,64,3,1,0,1,0,3,0,0,1
19885767837357872,0x46a60020081730,1,BSH,FLOAT16,4,512,512,4,1,64,48,2048,1,slope,3,0,0.9,2,128,0,0,1,,,0,0,3,0,1,1,1,128,128,64,3,1,0,1,0,3,0,0,1
19885767837358000,0x46a600200817b0,1,TND,FLOAT16,48,512,256,4,1,64,48,2048,1,slope,3,0,0.9,2,128,0,0,1,512/512/512/512/512/512/512/512/512/512/512/512/512/512/512/512/512/512/512/512/512/512/512/512/512/512/512/512/512/512/512/512/512/512/512/512/512/512/512/512/512/512/512/512/512/512/512/512,256/256/256/256/256/256/256/256/256/256/256/256/256/256/256/256/256/256/256/256/256/256/256/256/256/256/256/256/256/256/256/256/256/256/256/256/256/256/256/256/256/256/256/256/256/256/256/256,0,0,3,1,1,1,1,128,128,64,3,1,0,1,0,3,0,0,1
19885768374228016,0x46a60040081430,1,BSH,FLOAT16,4,128,2048,4,1,72,64,2048,0,,1,0,1.0,2,128,0,0,1,,,0,0,3,0,0,0,1,128,128,128,3,1,0,1,0,3,0,0,1
19885768374228144,0x46a600400814b0,1,TND,FLOAT16,3,1024,256,2,1,72,32,2048,0,,1,0,1.0,2,128,0,0,1,1024/1920/2688,256/384/384,0,0,3,1,0,0,1,128,128,128,3,1,0,1,0,3,0,0,1
19885768374228272,0x46a60040081530,1,SBH,FLOAT16,1,64,256,1,1,96,64,2048,0,,1,0,0.9,2,128,0,0,1,,,0,0,3,0,1,0,1,128,128,128,3,1,0,1,0,3,0,0,1
19885768374228400,0x46a600400815b0,1,TND,FLOAT16,32,128,512,2,1,128,72,2048,0,,1,0,0.9,2,65536,1024,0,1,128/214/258/386/472/516/644/730/774/902/988/1032/1160/1246/1290/1418/1504/1548/1676/1762/1806/1934/2020/2064/2192/2278/2322/2450/2536/2580/2708/2794,512/896/1152/1664/2048/2304/2816/3200/3456/3968/4352/4608/5120/5504/5760/6272/6656/6912/7424/7808/8064/8576/8960/9216/9728/10112/10368/10880/11264/11520/12032/12416,0,0,3,1,1,0,1,128,128,128,3,1,0,1,0,3,0,0,1
19885768374228528,0x46a60040081630,1,BSH,FLOAT16,4,512,2048,8,1,72,64,2048,1,1nss,0,0,1.0,2,65536,1024,0,1,,,0,0,3,0,0,1,1,128,128,128,3,1,0,1,0,3,0,0,1
19885768374228656,0x46a600400816b0,1,TND,FLOAT16,19,2048,128,2,1,72,32,2048,1,bnhs,1,0,1.0,2,128,0,0,1,2048/3968/6016/7936/9984/11904/13952/15872/17920/19840/21888/23808/25856/27776/29824/31744/33792/35712/37760,128/256/384/512/640/768/896/1024/1152/1280/1408/1536/1664/1792/1920/2048/2176/2304/2432,0,0,3,1,0,1,1,128,128,128,3,1,0,1,0,3,0,0,1
19885768374228784,0x46a60040081730,1,BSH,FLOAT16,4,32,512,8,1,128,48,2048,1,1nss,0,0,0.9,2,65536,1024,0,1,,,0,0,3,0,1,1,1,128,128,128,3,1,0,1,0,3,0,0,1
19885768374228912,0x46a600400817b0,1,TND,FLOAT16,32,1024,128,2,1,72,32,2048,1,bnhs,1,0,0.5,2,128,0,0,1,1024/1984/3008/3968/4992/5952/6976/7936/8960/9920/10944/11904/12928/13888/14912/15872/16896/17856/18880/19840/20864/21824/22848/23808/24832/25792/26816/27776/28800/29760/30784/31744,128/256/384/512/640/768/896/1024/1152/1280/1408/1536/1664/1792/1920/2048/2176/2304/2432/2560/2688/2816/2944/3072/3200/3328/3456/3584/3712/3840/3968/4096,0,0,3,1,1,1,1,128,128,128,3,1,0,1,0,3,0,0,1
19885768911098928,0x46a60060081430,1,BSH,FLOAT16,48,512,512,4,1,192,64,2048,0,,1,0,1.0,2,128,0,0,1,,,0,0,3,0,0,0,1,128,128,192,3,1,0,1,0,3,0,0,1
19885768911099056,0x46a600600814b0,1,TND,FLOAT16,32,512,64,2,1,192,96,2048,0,,1,0,1.0,2,128,0,0,1,512/896/1152/1664/2048/2304/2816/3200/3456/3968/4352/4608/5120/5504/5760/6272/6656/6912/7424/7808/8064/8576/8960/9216/9728/10112/10368/10880/11264/11520/12032/12416,64/107/129/193/236/258/322/365/387/451/494/516/580/623/645/709/752/774/838/881/903/967/1010/1032/1096/1139/1161/1225/1268/1290/1354/1397,0,0,3,1,0,0,1,128,128,192,3,1,0,1,0,3,0,0,1
19885768911099184,0x46a60060081530,1,BSH,FLOAT16,48,512,512,4,1,192,64,2048,0,,1,0,0.5,2,128,0,0,1,,,0,0,3,0,1,0,1,128,128,192,3,1,0,1,0,3,0,0,1
19885768911099312,0x46a600600815b0,1,TND,FLOAT16,3,4096,512,2,1,192,64,2048,0,,1,0,0.9,2,128,0,0,1,4096/8064/11904,512/896/1152,0,0,3,1,1,0,1,128,128,192,3,1,0,1,0,3,0,0,1
19885768911099440,0x46a60060081630,1,BSND,FLOAT16,2,2048,2048,2,1,192,48,2048,1,bnhs,0,0,1.0,2,65536,65536,0,1,,,0,0,3,0,0,1,1,128,128,192,3,1,0,1,0,3,0,0,1
19885768911099568,0x46a600600816b0,1,TND,FLOAT16,32,2048,2048,2,1,192,128,2048,1,bnhs,1,0,1.0,2,128,0,0,1,2048/3968/6016/7936/9984/11904/13952/15872/17920/19840/21888/23808/25856/27776/29824/31744/33792/35712/37760/39680/41728/43648/45696/47616/49664/51584/53632/55552/57600/59520/61568/63488,2048/3968/6016/7936/9984/11904/13952/15872/17920/19840/21888/23808/25856/27776/29824/31744/33792/35712/37760/39680/41728/43648/45696/47616/49664/51584/53632/55552/57600/59520/61568/63488,0,0,3,1,0,1,1,128,128,192,3,1,0,1,0,3,0,0,1
19885768911099696,0x46a60060081730,1,BSH,FLOAT16,48,512,512,4,1,192,64,2048,1,1nss,1,0,0.5,2,128,0,0,1,,,0,0,3,0,1,1,1,128,128,192,3,1,0,1,0,3,0,0,1
19885768911099824,0x46a600600817b0,1,TND,FLOAT16,2,128,128,2,1,192,64,2048,1,slope,2,0,0.9,3,65536,65536,0,1,128/128,128/128,0,0,3,1,1,1,1,128,128,192,3,1,0,1,0,3,0,0,1
19885769447969840,0x46a60080081430,1,BSH,FLOAT16,48,512,512,4,1,256,64,2048,0,,1,0,1.0,2,128,0,0,1,,,0,0,3,0,0,0,1,128,128,256,3,1,0,1,0,3,0,0,1
19885769447969968,0x46a600800814b0,1,TND,FLOAT16,3,4096,1024,2,1,256,128,2048,0,,1,0,1.0,2,128,0,0,1,4096/8064/11904,1024/1920/2688,0,0,3,1,0,0,1,128,128,256,3,1,0,1,0,3,0,0,1
19885769447970096,0x46a60080081530,1,BSH,FLOAT16,1,512,512,4,1,256,192,2048,0,,1,0,0.9,2,128,0,0,1,,,0,0,3,0,1,0,1,128,128,256,3,1,0,1,0,3,0,0,1
19885769447970224,0x46a600800815b0,1,TND,FLOAT16,3,2048,2048,2,1,256,96,2048,0,,1,0,0.9,2,65536,65536,0,1,1024/1792/3840,1024/1792/3840,0,0,3,1,1,0,1,128,128,256,3,1,0,1,0,3,0,0,1
19885769447970352,0x46a60080081630,1,BSND,FLOAT16,2,2048,2048,2,1,256,16,2048,1,bnhs,0,0,1.0,2,65536,65536,0,1,,,0,0,3,0,0,1,1,128,128,256,3,1,0,1,0,3,0,0,1
19885769447970480,0x46a600800816b0,1,TND,FLOAT16,32,2048,2048,2,1,256,128,2048,1,bnhs,1,0,1.0,2,128,0,0,1,2048/3968/6016/7936/9984/11904/13952/15872/17920/19840/21888/23808/25856/27776/29824/31744/33792/35712/37760/39680/41728/43648/45696/47616/49664/51584/53632/55552/57600/59520/61568/63488,2048/3968/6016/7936/9984/11904/13952/15872/17920/19840/21888/23808/25856/27776/29824/31744/33792/35712/37760/39680/41728/43648/45696/47616/49664/51584/53632/55552/57600/59520/61568/63488,0,0,3,1,0,1,1,128,128,256,3,1,0,1,0,3,0,0,1
19885769447970608,0x46a60080081730,1,BSND,FLOAT16,1,1024,1024,2,1,256,72,2048,1,1nhs,1,0,0.5,2,128,0,0,1,,,0,0,3,0,1,1,1,128,128,256,3,1,0,1,0,3,0,0,1
19885769447970736,0x46a600800817b0,1,TND,FLOAT16,32,2048,2048,2,1,255,128,2048,1,slope_n,3,0,0.5,3,65536,1024,0,1,2048/3968/6016/7936/9984/11904/13952/15872/17920/19840/21888/23808/25856/27776/29824/31744/33792/35712/37760/39680/41728/43648/45696/47616/49664/51584/53632/55552/57600/59520/61568/63488,2048/3968/6016/7936/9984/11904/13952/15872/17920/19840/21888/23808/25856/27776/29824/31744/33792/35712/37760/39680/41728/43648/45696/47616/49664/51584/53632/55552/57600/59520/61568/63488,0,0,3,1,1,1,1,128,128,256,3,1,0,1,0,3,0,0,1
19885769984840752,0x46a600a0081430,1,BSND,FLOAT16,2,64,512,2,1,320,72,2048,0,,1,0,1.0,2,128,0,0,1,,,0,0,3,0,0,0,1,128,128,768,3,1,0,1,0,3,0,0,1
19885769984840880,0x46a600a00814b0,1,TND,FLOAT16,11,4096,128,2,1,512,32,2048,0,,1,0,1.0,2,128,0,0,1,1024/1792/3840/3904/4928/9024/11072/12096/14144/15168/19264,128/256/384/512/640/768/896/1024/1152/1280/1408,0,0,3,1,0,0,1,128,128,768,3,1,0,1,0,3,0,0,1
19885769984841008,0x46a600a0081530,1,BSND,FLOAT16,2,64,512,2,1,320,72,2048,0,,1,0,0.5,2,128,0,0,1,,,0,0,3,0,1,0,1,128,128,768,3,1,0,1,0,3,0,0,1
19885769984841136,0x46a600a00815b0,1,TND,FLOAT16,8,4096,128,2,1,320,48,2048,0,,1,0,0.9,2,65536,65536,0,1,1024/2048/2304/6400/6464/6528/7552/8576,128/256/384/512/640/768/896/1024,0,0,3,1,1,0,1,128,128,768,3,1,0,1,0,3,0,0,1
19885769984841264,0x46a600a0081630,1,BSH,FLOAT16,4,2048,64,8,1,320,48,2048,1,1nss,0,0,1.0,2,65536,1024,0,1,,,0,0,3,0,0,1,1,128,128,768,3,1,0,1,0,3,0,0,1
19885769984841392,0x46a600a00816b0,1,TND,FLOAT16,32,2048,2048,2,1,512,32,2048,1,bnhs,1,0,1.0,2,128,0,0,1,2048/3968/6016/7936/9984/11904/13952/15872/17920/19840/21888/23808/25856/27776/29824/31744/33792/35712/37760/39680/41728/43648/45696/47616/49664/51584/53632/55552/57600/59520/61568/63488,2048/3968/6016/7936/9984/11904/13952/15872/17920/19840/21888/23808/25856/27776/29824/31744/33792/35712/37760/39680/41728/43648/45696/47616/49664/51584/53632/55552/57600/59520/61568/63488,0,0,3,1,0,1,1,128,128,768,3,1,0,1,0,3,0,0,1
19885769984841520,0x46a600a0081730,1,BSH,FLOAT16,4,64,1024,8,1,320,48,2048,1,1nss,0,0,0.9,2,65536,1024,0,1,,,0,0,3,0,1,1,1,128,128,768,3,1,0,1,0,3,0,0,1
19885769984841648,0x46a600a00817b0,1,TND,FLOAT16,18,1024,128,2,1,512,72,2048,1,bnhs,1,0,0.5,2,128,0,0,1,1024/1984/3008/3968/4992/5952/6976/7936/8960/9920/10944/11904/12928/13888/14912/15872/16896/17856,128/256/384/512/640/768/896/1024/1152/1280/1408/1536/1664/1792/1920/2048/2176/2304,0,0,3,1,1,1,1,128,128,768,3,1,0,1,0,3,0,0,1
19887966860612656,0x46a80020081430,1,BSND,FLOAT16,2,1024,1024,2,1,64,32,2048,0,,1,0,1.0,3,128,0,0,1,,,0,0,3,0,0,0,1,128,128,64,4,1,0,1,0,3,0,0,1
19887966860612784,0x46a800200814b0,1,TND,FLOAT16,8,4096,128,1,1,64,48,2048,0,,1,0,1.0,0,1024,0,0,1,1024/1792/3840/4864/5888/6144/10240/11264,128/256/384/512/640/768/896/1024,0,0,3,1,0,0,1,128,128,64,4,1,0,1,0,3,0,0,1
19887966860612788,0x46a800200814b4,1,TND,FLOAT16,32,2560,2560,4,1,64,16,ss,0,,1,0,1.0,0,0,65536,0,1,2048/4352/6912/8960/11264/13824/15872/18176/20736/22784/25088/27648/29696/32000/34560/36608/38912/41472/43520/45824/48384/50432/52736/55296/57344/59648/62208/64256/66560/69120/71168/73472,2048/4352/6912/8960/11264/13824/15872/18176/20736/22784/25088/27648/29696/32000/34560/36608/38912/41472/43520/45824/48384/50432/52736/55296/57344/59648/62208/64256/66560/69120/71168/73472,0,5,3,1,0,0,1,128,128,64,4,1,0,1,0,3,0,0,1
19887966860612912,0x46a80020081530,1,BSND,FLOAT16,2,1024,1024,2,1,64,32,2048,0,,1,0,0.9,3,128,0,0,1,,,0,0,3,0,1,0,1,128,128,64,4,1,0,1,0,3,0,0,1
19887966860613040,0x46a800200815b0,1,TND,FLOAT16,2,1024,128,2,1,64,16,2048,0,,1,0,0.9,4,0,128,0,1,1024/1024,128/256,0,0,3,1,1,0,1,128,128,64,4,1,0,1,0,3,0,0,1
19887966860613044,0x46a800200815b4,1,TND,FLOAT16,32,2560,2560,2,1,64,72,2048,0,,1,0,0.9,0,128,1024,0,1,2048/4352/6912/8960/11264/13824/15872/18176/20736/22784/25088/27648/29696/32000/34560/36608/38912/41472/43520/45824/48384/50432/52736/55296/57344/59648/62208/64256/66560/69120/71168/73472,2048/4352/6912/8960/11264/13824/15872/18176/20736/22784/25088/27648/29696/32000/34560/36608/38912/41472/43520/45824/48384/50432/52736/55296/57344/59648/62208/64256/66560/69120/71168/73472,0,5,3,1,1,0,1,128,128,64,4,1,0,1,0,3,0,0,1
19887966860613168,0x46a80020081630,1,BSND,FLOAT16,2,1024,1024,1,1,64,16,2048,1,1nhs,1,0,1.0,3,128,0,0,1,,,0,0,3,0,0,1,1,128,128,64,4,1,0,1,0,3,0,0,1
19887966860613296,0x46a800200816b0,1,TND,FLOAT16,16,1024,1024,8,1,32,144,2048,1,bnhs,1,0,1.0,3,512,256,1,1,64/576/832/1856/1920/2176/2432/2688/2816/2816/3072/4096/4160/4672/4736/5760,1024/1536/1600/2112/2368/2368/3392/3904/4416/5440/5440/5504/5760/6016/6272/6336,0,0,3,1,0,1,1,128,128,64,4,1,0,1,0,3,0,0,1
19887966860613300,0x46a800200816b4,1,TND,FLOAT16,3,2048,2048,40,1,64,16,2048,1,slope,2,0,1.0,4,128,65536,0,1,1024/1792/3840,1024/1792/3840,0,5,3,1,0,1,1,128,128,64,4,1,0,1,0,3,0,0,1
19887966860613424,0x46a80020081730,1,BSH,FLOAT16,48,512,512,4,1,64,16,2048,1,1nss,0,0,0.5,3,128,0,0,1,,,0,0,3,0,1,1,1,128,128,64,4,1,0,1,0,3,0,0,1
19887966860613552,0x46a800200817b0,1,TND,FLOAT16,2,1024,128,2,1,64,56,2048,1,bnhs,1,0,0.5,3,0,128,0,1,1024/1024,128/256,0,0,3,1,1,1,1,128,128,64,4,1,0,1,0,3,0,0,1
19887966860613556,0x46a800200817b4,1,TND,FLOAT16,32,2048,2048,5,1,16,128,2048,1,slope_n,3,0,0.5,4,256,65536,0,1,2048/3968/6016/7936/9984/11904/13952/15872/17920/19840/21888/23808/25856/27776/29824/31744/33792/35712/37760/39680/41728/43648/45696/47616/49664/51584/53632/55552/57600/59520/61568/63488,2048/3968/6016/7936/9984/11904/13952/15872/17920/19840/21888/23808/25856/27776/29824/31744/33792/35712/37760/39680/41728/43648/45696/47616/49664/51584/53632/55552/57600/59520/61568/63488,0,5,3,1,1,1,1,128,128,64,4,1,0,1,0,3,0,0,1
19887967397483568,0x46a80040081430,1,BSND,FLOAT16,2,256,512,2,1,128,16,2048,0,,1,0,1.0,3,128,0,0,1,,,0,0,3,0,0,0,1,128,128,128,4,1,0,1,0,3,0,0,1
19887967397483696,0x46a800400814b0,1,TND,FLOAT16,3,1024,512,2,1,128,32,2048,0,,1,0,1.0,0,128,0,0,1,1024/1920/2688,512/896/1152,0,0,3,1,0,0,1,128,128,128,4,1,0,1,0,3,0,0,1
19887967397483700,0x46a800400814b4,1,TND,FLOAT16,32,2560,2560,2,1,96,16,ss,0,,1,0,1.0,0,512,65536,0,1,2048/4352/6912/8960/11264/13824/15872/18176/20736/22784/25088/27648/29696/32000/34560/36608/38912/41472/43520/45824/48384/50432/52736/55296/57344/59648/62208/64256/66560/69120/71168/73472,2048/4352/6912/8960/11264/13824/15872/18176/20736/22784/25088/27648/29696/32000/34560/36608/38912/41472/43520/45824/48384/50432/52736/55296/57344/59648/62208/64256/66560/69120/71168/73472,0,5,3,1,0,0,1,128,128,128,4,1,0,1,0,3,0,0,1
19887967397483824,0x46a80040081530,1,BSND,FLOAT16,48,512,512,2,1,96,64,2048,0,,1,0,0.9,3,128,0,0,1,,,0,0,3,0,1,0,1,128,128,128,4,1,0,1,0,3,0,0,1
19887967397483952,0x46a800400815b0,1,TND,FLOAT16,3,1024,512,2,1,128,32,2048,0,,1,0,0.5,0,128,0,0,1,1024/1920/2688,512/896/1152,0,0,3,1,1,0,1,128,128,128,4,1,0,1,0,3,0,0,1
19887967397483956,0x46a800400815b4,1,TND,FLOAT16,32,2560,2560,2,1,128,72,2048,0,,1,0,0.9,0,128,1024,0,1,2048/4352/6912/8960/11264/13824/15872/18176/20736/22784/25088/27648/29696/32000/34560/36608/38912/41472/43520/45824/48384/50432/52736/55296/57344/59648/62208/64256/66560/69120/71168/73472,2048/4352/6912/8960/11264/13824/15872/18176/20736/22784/25088/27648/29696/32000/34560/36608/38912/41472/43520/45824/48384/50432/52736/55296/57344/59648/62208/64256/66560/69120/71168/73472,0,5,3,1,1,0,1,128,128,128,4,1,0,1,0,3,0,0,1
19887967397484080,0x46a80040081630,1,BSND,FLOAT16,2,1024,32,2,1,72,32,2048,1,1nhs,1,0,1.0,3,128,0,0,1,,,0,0,3,0,0,1,1,128,128,128,4,1,0,1,0,3,0,0,1
19887967397484208,0x46a800400816b0,1,TND,FLOAT16,19,2048,128,2,1,72,32,2048,1,bnhs,1,0,1.0,3,128,0,0,1,2048/3968/6016/7936/9984/11904/13952/15872/17920/19840/21888/23808/25856/27776/29824/31744/33792/35712/37760,128/256/384/512/640/768/896/1024/1152/1280/1408/1536/1664/1792/1920/2048/2176/2304/2432,0,0,3,1,0,1,1,128,128,128,4,1,0,1,0,3,0,0,1
19887967397484212,0x46a800400816b4,1,TND,FLOAT16,32,2048,2048,2,1,128,16,2048,1,slope_n,3,0,1.0,4,1024,65536,0,1,2048/3968/6016/7936/9984/11904/13952/15872/17920/19840/21888/23808/25856/27776/29824/31744/33792/35712/37760/39680/41728/43648/45696/47616/49664/51584/53632/55552/57600/59520/61568/63488,2048/3968/6016/7936/9984/11904/13952/15872/17920/19840/21888/23808/25856/27776/29824/31744/33792/35712/37760/39680/41728/43648/45696/47616/49664/51584/53632/55552/57600/59520/61568/63488,0,5,3,1,0,1,1,128,128,128,4,1,0,1,0,3,0,0,1
19887967397484336,0x46a80040081730,1,BSND,FLOAT16,2,1024,32,2,1,72,32,2048,1,1nhs,1,0,0.5,3,128,0,0,1,,,0,0,3,0,1,1,1,128,128,128,4,1,0,1,0,3,0,0,1
19887967397484464,0x46a800400817b0,1,TND,FLOAT16,19,2048,128,2,1,72,32,2048,1,bnhs,1,0,0.5,3,128,0,0,1,2048/3968/6016/7936/9984/11904/13952/15872/17920/19840/21888/23808/25856/27776/29824/31744/33792/35712/37760,128/256/384/512/640/768/896/1024/1152/1280/1408/1536/1664/1792/1920/2048/2176/2304/2432,0,0,3,1,1,1,1,128,128,128,4,1,0,1,0,3,0,0,1
19887967397484468,0x46a800400817b4,1,TND,FLOAT16,32,2048,2048,5,1,128,16,2048,1,slope_n,3,0,0.9,4,1024,65536,0,1,2048/3968/6016/7936/9984/11904/13952/15872/17920/19840/21888/23808/25856/27776/29824/31744/33792/35712/37760/39680/41728/43648/45696/47616/49664/51584/53632/55552/57600/59520/61568/63488,2048/3968/6016/7936/9984/11904/13952/15872/17920/19840/21888/23808/25856/27776/29824/31744/33792/35712/37760/39680/41728/43648/45696/47616/49664/51584/53632/55552/57600/59520/61568/63488,0,5,3,1,1,1,1,128,128,128,4,1,0,1,0,3,0,0,1
19887967934354480,0x46a80060081430,1,BSH,FLOAT16,1,512,512,4,1,192,48,2048,0,,1,0,1.0,3,128,0,0,1,,,0,0,3,0,0,0,1,128,128,192,4,1,0,1,0,3,0,0,1
19887967934354608,0x46a800600814b0,1,TND,FLOAT16,3,2048,2048,2,1,192,32,2048,0,,1,0,1.0,0,128,0,0,1,1024/1792/3840,1024/1792/3840,0,0,3,1,0,0,1,128,128,192,4,1,0,1,0,3,0,0,1
19887967934354612,0x46a800600814b4,1,TND,FLOAT16,32,2560,2560,2,1,129,128,ss,0,,1,0,1.0,0,65536,2048,0,1,2048/4352/6912/8960/11264/13824/15872/18176/20736/22784/25088/27648/29696/32000/34560/36608/38912/41472/43520/45824/48384/50432/52736/55296/57344/59648/62208/64256/66560/69120/71168/73472,2048/4352/6912/8960/11264/13824/15872/18176/20736/22784/25088/27648/29696/32000/34560/36608/38912/41472/43520/45824/48384/50432/52736/55296/57344/59648/62208/64256/66560/69120/71168/73472,0,5,3,1,0,0,1,128,128,192,4,1,0,1,0,3,0,0,1
19887967934354736,0x46a80060081530,1,BSND,FLOAT16,24,1024,1024,2,1,192,128,2048,0,,1,0,0.9,3,128,0,0,1,,,0,0,3,0,1,0,1,128,128,192,4,1,0,1,0,3,0,0,1
19887967934354864,0x46a800600815b0,1,TND,FLOAT16,3,4096,512,2,1,192,64,2048,0,,1,0,0.9,0,128,0,0,1,4096/8064/11904,512/896/1152,0,0,3,1,1,0,1,128,128,192,4,1,0,1,0,3,0,0,1
19887967934354992,0x46a80060081630,1,BSND,FLOAT16,2,2048,2048,2,1,192,48,2048,1,bnhs,0,0,1.0,3,65536,65536,0,1,,,0,0,3,0,0,1,1,128,128,192,4,1,0,1,0,3,0,0,1
19887967934355120,0x46a800600816b0,1,TND,FLOAT16,3,256,2048,2,1,192,32,b1ss,1,slope,2,0,1.0,0,65536,64,0,1,256/384/384,2048/3968/5760,0,0,3,1,0,1,1,128,128,192,4,1,0,1,0,3,0,0,1
19887967934355124,0x46a800600816b4,1,TND,FLOAT16,32,2048,2048,12,1,192,128,2048,1,slope_n,3,0,1.0,0,65536,256,3,1,2048/3968/6016/7936/9984/11904/13952/15872/17920/19840/21888/23808/25856/27776/29824/31744/33792/35712/37760/39680/41728/43648/45696/47616/49664/51584/53632/55552/57600/59520/61568/63488,2048/3968/6016/7936/9984/11904/13952/15872/17920/19840/21888/23808/25856/27776/29824/31744/33792/35712/37760/39680/41728/43648/45696/47616/49664/51584/53632/55552/57600/59520/61568/63488,0,5,3,1,0,1,1,128,128,192,4,1,0,1,0,3,0,0,1
19887967934355248,0x46a80060081730,1,BSH,FLOAT16,8,512,512,4,1,192,16,2048,1,1nss,0,0,0.5,3,128,0,0,1,,,0,0,3,0,1,1,1,128,128,192,4,1,0,1,0,3,0,0,1
19887967934355376,0x46a800600817b0,1,TND,FLOAT16,32,2048,2048,2,1,192,128,2048,1,slope_n,3,0,0.5,4,128,65536,0,1,2048/3968/6016/7936/9984/11904/13952/15872/17920/19840/21888/23808/25856/27776/29824/31744/33792/35712/37760/39680/41728/43648/45696/47616/49664/51584/53632/55552/57600/59520/61568/63488,2048/3968/6016/7936/9984/11904/13952/15872/17920/19840/21888/23808/25856/27776/29824/31744/33792/35712/37760/39680/41728/43648/45696/47616/49664/51584/53632/55552/57600/59520/61568/63488,0,0,3,1,1,1,1,128,128,192,4,1,0,1,0,3,0,0,1
19887968471225392,0x46a80080081430,1,BSND,FLOAT16,2,1024,1024,2,1,256,16,2048,0,,1,0,1.0,3,128,0,0,1,,,0,0,3,0,0,0,1,128,128,256,4,1,0,1,0,3,0,0,1
19887968471225520,0x46a800800814b0,1,TND,FLOAT16,3,2048,2048,2,1,256,72,2048,0,,1,0,1.0,0,128,0,0,1,1024/1792/3840,1024/1792/3840,0,0,3,1,0,0,1,128,128,256,4,1,0,1,0,3,0,0,1
19887968471225524,0x46a800800814b4,1,TND,FLOAT16,32,2048,2048,2,1,255,128,2048,0,,1,0,1.0,0,128,128,3,1,2048/3968/6016/7936/9984/11904/13952/15872/17920/19840/21888/23808/25856/27776/29824/31744/33792/35712/37760/39680/41728/43648/45696/47616/49664/51584/53632/55552/57600/59520/61568/63488,2048/3968/6016/7936/9984/11904/13952/15872/17920/19840/21888/23808/25856/27776/29824/31744/33792/35712/37760/39680/41728/43648/45696/47616/49664/51584/53632/55552/57600/59520/61568/63488,0,5,3,1,0,0,1,128,128,256,4,1,0,1,0,3,0,0,1
19887968471225648,0x46a80080081530,1,BSH,FLOAT16,1,512,512,4,1,256,192,2048,0,,1,0,0.9,3,128,0,0,1,,,0,0,3,0,1,0,1,128,128,256,4,1,0,1,0,3,0,0,1
19887968471225776,0x46a800800815b0,1,TND,FLOAT16,3,2048,1024,2,1,256,192,2048,0,,1,0,0.9,0,128,0,0,1,2048/3968/5760,1024/1920/2688,0,0,3,1,1,0,1,128,128,256,4,1,0,1,0,3,0,0,1
19887968471225904,0x46a80080081630,1,BSND,FLOAT16,2,2048,2048,2,1,256,16,2048,1,bnhs,0,0,1.0,3,65536,65536,0,1,,,0,0,3,0,0,1,1,128,128,256,4,1,0,1,0,3,0,0,1
19887968471226032,0x46a800800816b0,1,TND,FLOAT16,4,4992,128,2,1,193,128,2048,1,bnhs,1,0,1.0,3,128,0,0,1,4096/8064/12160/17152,128/256/384/512,0,0,3,1,0,1,1,128,128,256,4,1,0,1,0,3,0,0,1
19887968471226036,0x46a800800816b4,1,TND,FLOAT16,32,2048,2048,2,1,256,16,2048,1,slope_n,2,0,1.0,4,1024,65536,0,1,2048/3968/6016/7936/9984/11904/13952/15872/17920/19840/21888/23808/25856/27776/29824/31744/33792/35712/37760/39680/41728/43648/45696/47616/49664/51584/53632/55552/57600/59520/61568/63488,2048/3968/6016/7936/9984/11904/13952/15872/17920/19840/21888/23808/25856/27776/29824/31744/33792/35712/37760/39680/41728/43648/45696/47616/49664/51584/53632/55552/57600/59520/61568/63488,0,5,3,1,0,1,1,128,128,256,4,1,0,1,0,3,0,0,1
19887968471226160,0x46a80080081730,1,BSND,FLOAT16,1,1024,1024,2,1,256,72,2048,1,1nhs,1,0,0.5,3,128,0,0,1,,,0,0,3,0,1,1,1,128,128,256,4,1,0,1,0,3,0,0,1
19887968471226288,0x46a800800817b0,1,TND,FLOAT16,2,1024,128,2,1,256,248,2048,1,slope,2,0,0.5,0,128,0,0,1,1024/1792,128/256,0,0,3,1,1,1,1,128,128,256,4,1,0,1,0,3,0,0,1
19887969008096304,0x46a800a0081430,1,BSND,FLOAT16,2,64,512,2,1,320,72,2048,0,,1,0,1.0,3,128,0,0,1,,,0,0,3,0,0,0,1,128,128,768,4,1,0,1,0,3,0,0,1
19887969008096432,0x46a800a00814b0,1,TND,FLOAT16,2,1024,1024,2,1,320,16,ss,0,,1,0,1.0,0,128,128,0,1,1024/1024,1024/1024,0,0,3,1,0,0,1,128,128,768,4,1,0,1,0,3,0,0,1
19887969008096436,0x46a800a00814b4,1,TND,FLOAT16,32,2560,2560,12,1,320,32,ss,0,,1,0,1.0,0,128,0,0,1,2048/4352/6912/8960/11264/13824/15872/18176/20736/22784/25088/27648/29696/32000/34560/36608/38912/41472/43520/45824/48384/50432/52736/55296/57344/59648/62208/64256/66560/69120/71168/73472,2048/4352/6912/8960/11264/13824/15872/18176/20736/22784/25088/27648/29696/32000/34560/36608/38912/41472/43520/45824/48384/50432/52736/55296/57344/59648/62208/64256/66560/69120/71168/73472,0,5,3,1,0,0,1,128,128,768,4,1,0,1,0,3,0,0,1
19887969008096560,0x46a800a0081530,1,TND,FLOAT16,1,1024,128,2,1,320,48,2048,0,,1,0,0.9,3,65536,65536,0,1,1024,128,0,0,3,0,1,0,1,128,128,768,4,1,0,1,0,3,0,0,1
19887969008096688,0x46a800a00815b0,1,TND,FLOAT16,3,128,256,2,1,512,64,2048,0,,1,0,0.9,4,0,65536,0,1,128/128/128,256/256/256,0,0,3,1,1,0,1,128,128,768,4,1,0,1,0,3,0,0,1
19887969008096816,0x46a800a0081630,1,BSND,FLOAT16,2,1024,1024,2,1,768,128,2048,1,1nhs,1,0,1.0,3,128,0,0,1,,,0,0,3,0,0,1,1,128,128,768,4,1,0,1,0,3,0,0,1
19887969008096944,0x46a800a00816b0,1,TND,FLOAT16,18,1024,128,2,1,512,72,2048,1,bnhs,1,0,1.0,3,128,0,0,1,1024/1984/3008/3968/4992/5952/6976/7936/8960/9920/10944/11904/12928/13888/14912/15872/16896/17856,128/256/384/512/640/768/896/1024/1152/1280/1408/1536/1664/1792/1920/2048/2176/2304,0,0,3,1,0,1,1,128,128,768,4,1,0,1,0,3,0,0,1
19887969008096948,0x46a800a00816b4,1,TND,FLOAT16,3,2048,2048,40,1,320,64,2048,1,slope,2,0,1.0,4,128,65536,1,1,1024/1792/3840,1024/1792/3840,0,5,3,1,0,1,1,128,128,768,4,1,0,1,0,3,0,0,1
19887969008097072,0x46a800a0081730,1,BSH,FLOAT16,4,64,1024,8,1,320,48,2048,1,1nss,0,0,0.9,3,65536,1024,0,1,,,0,0,3,0,1,1,1,128,128,768,4,1,0,1,0,3,0,0,1
19887969008097200,0x46a800a00817b0,1,TND,FLOAT16,18,1024,128,2,1,512,72,2048,1,bnhs,1,0,0.5,3,128,0,0,1,1024/1984/3008/3968/4992/5952/6976/7936/8960/9920/10944/11904/12928/13888/14912/15872/16896/17856,128/256/384/512/640/768/896/1024/1152/1280/1408/1536/1664/1792/1920/2048/2176/2304,0,0,3,1,1,1,1,128,128,768,4,1,0,1,0,3,0,0,1
20125462445953072,0x47800060081030,1,BSND,FLOAT16,2,64,32,2,2,192,192,none,0,,1,1,1.0,0,65536,65536,0,0,,,0,0,3,0,0,0,0,128,128,192,0,0,0,1,1,3,0,0,1
20125462445953074,0x47800060081032,1,BSND,FLOAT16,2,128,64,2,1,192,192,none,0,,1,1,1.0,0,65536,65536,0,0,,,0,1,3,0,0,0,0,128,128,192,0,0,0,1,1,3,0,0,1
20125462445953200,0x478000600810b0,1,TND,FLOAT16,3,2048,64,2,1,192,192,none,0,,1,1,1.0,4,65536,65536,0,0,2048/2048/2048,64/64/64,0,0,3,1,0,0,0,128,128,192,0,0,0,1,1,3,0,0,1
20125462445953328,0x47800060081130,1,TND,FLOAT16,3,1024,1024,2,1,192,192,none,0,,1,1,0.9,4,65536,65536,0,0,1024/2048/3072,1024/2048/3072,0,0,3,0,1,0,0,128,128,192,0,0,0,1,1,3,0,0,1
20125462445953330,0x47800060081132,1,BSND,FLOAT16,2,128,128,2,1,192,192,none,0,,1,1,0.9,0,65536,65536,0,0,,,0,1,3,0,1,0,0,128,128,192,0,0,0,1,1,3,0,0,1
20125462445953456,0x478000600811b0,1,TND,FLOAT16,3,2048,2048,2,1,192,192,none,0,,1,1,0.9,4,65536,65536,0,0,1024/1792/3840,1024/1792/3840,0,0,3,1,1,0,0,128,128,192,0,0,0,1,1,3,0,0,1
20125462445953584,0x47800060081230,1,BNSD,FLOAT16,1,128,128,1,2,192,192,none,1,b1ss,1,1,1.0,3,1024,1024,0,0,,,0,0,3,0,0,1,0,128,128,192,0,0,0,1,1,3,0,0,1
20125462445953586,0x47800060081232,1,TND,FLOAT16,2,128,128,2,1,192,192,none,1,slope,2,1,1.0,4,65536,65536,0,0,128/256,128/256,0,1,3,0,0,1,0,128,128,192,0,0,0,1,1,3,0,0,1
20125462445953712,0x478000600812b0,1,TND,FLOAT16,2,128,128,2,1,192,192,none,1,slope,2,1,1.0,4,65536,65536,0,0,128/128,128/128,0,0,3,1,0,1,0,128,128,192,0,0,0,1,1,3,0,0,1
20125462445953840,0x47800060081330,1,BSND,FLOAT16,2,128,256,2,1,192,192,none,1,b1ss,1,1,0.9,0,65536,65536,0,0,,,0,0,3,0,1,1,0,128,128,192,0,0,0,1,1,3,0,0,1
20125462445953842,0x47800060081332,1,BSND,FLOAT16,2,128,128,2,1,192,192,none,1,b1ss,1,1,0.9,0,65536,65536,0,0,,,0,1,3,0,1,1,0,128,128,192,0,0,0,1,1,3,0,0,1
20125462445953968,0x478000600813b0,1,TND,FLOAT16,3,256,64,2,1,192,192,none,1,slope,2,1,0.5,0,65536,65536,0,0,256/427/513,64/107/129,0,0,3,1,1,1,0,128,128,192,0,0,0,1,1,3,0,0,1
20125462445954096,0x47800060081430,1,BSH,FLOAT16,1,256,256,2,2,192,192,ss,0,,1,1,1.0,0,65536,65536,0,0,,,0,0,3,0,0,0,1,128,128,192,0,0,0,1,1,3,0,0,1
20125462445954098,0x47800060081432,1,BSH,FLOAT16,4,64,32,4,1,192,192,2048,0,,1,1,1.0,4,128,0,0,1,,,0,1,3,0,0,0,1,128,128,192,0,0,0,1,1,3,0,0,1
20125462445954224,0x478000600814b0,1,TND,FLOAT16,3,2048,2048,1,1,192,192,2048,0,,1,1,1.0,4,65536,65536,0,0,1024/1792/3840,1024/1792/3840,0,0,3,1,0,0,1,128,128,192,0,0,0,1,1,3,0,0,1
20125462445954352,0x47800060081530,1,BSND,FLOAT16,2,128,256,2,1,192,192,bnss,0,,1,1,0.9,0,65536,65536,0,0,,,0,0,3,0,1,0,1,128,128,192,0,0,0,1,1,3,0,0,1
20125462445954354,0x47800060081532,1,BSND,FLOAT16,2,128,128,2,1,192,192,bnss,0,,1,1,0.9,0,65536,65536,0,0,,,0,1,3,0,1,0,1,128,128,192,0,0,0,1,1,3,0,0,1
20125462445954480,0x478000600815b0,1,TND,FLOAT16,3,2048,2048,2,1,192,192,2048,0,,1,1,0.9,4,65536,65536,0,0,1024/1792/3840,1024/1792/3840,0,0,3,1,1,0,1,128,128,192,0,0,0,1,1,3,0,0,1
20125462445954608,0x47800060081630,1,BNSD,FLOAT16,1,256,256,1,1,192,192,11ss,1,1nss,0,1,1.0,0,65536,65536,0,0,,,0,0,3,0,0,1,1,128,128,192,0,0,0,1,1,3,0,0,1
20125462445954610,0x47800060081632,1,BSH,FLOAT16,4,64,64,8,1,192,192,2048,1,1nss,0,1,1.0,2,65536,1024,0,1,,,0,1,3,0,0,1,1,128,128,192,0,0,0,1,1,3,0,0,1
20125462445954736,0x478000600816b0,1,TND,FLOAT16,8,128,128,2,1,192,192,2048,1,slope,3,1,1.0,4,128,0,0,0,128/214/258/386/472/516/644/730,128/214/258/386/472/516/644/730,0,0,3,1,0,1,1,128,128,192,0,0,0,1,1,3,0,0,1
20125462445954864,0x47800060081730,1,BSND,FLOAT16,2,128,256,2,1,192,192,bnss,1,bnss,1,1,0.9,0,65536,65536,0,0,,,0,0,3,0,1,1,1,128,128,192,0,0,0,1,1,3,0,0,1
20125462445954866,0x47800060081732,1,BSND,FLOAT16,2,128,128,2,1,192,192,bnss,1,bnss,1,1,0.9,0,65536,65536,0,0,,,0,1,3,0,1,1,1,128,128,192,0,0,0,1,1,3,0,0,1
20125462445954992,0x478000600817b0,1,TND,FLOAT16,32,2048,2048,2,1,192,192,2048,1,1nhs,1,1,0.9,2,128,0,0,0,2048/3968/6016/7936/9984/11904/13952/15872/17920/19840/21888/23808/25856/27776/29824/31744/33792/35712/37760/39680/41728/43648/45696/47616/49664/51584/53632/55552/57600/59520/61568/63488,2048/3968/6016/7936/9984/11904/13952/15872/17920/19840/21888/23808/25856/27776/29824/31744/33792/35712/37760/39680/41728/43648/45696/47616/49664/51584/53632/55552/57600/59520/61568/63488,0,0,3,1,1,1,1,128,128,192,0,0,0,1,1,3,0,0,1
20127661469208624,0x47820060081030,1,TND,FLOAT16,7,2048,128,2,1,192,192,none,0,,1,1,1.0,6,65536,65536,0,1,2048/4096/6144/8192/10240/12288/14336,128/256/384/512/640/768/896,0,0,3,0,0,0,0,128,128,192,1,0,0,1,1,3,0,0,1
20127661469208752,0x478200600810b0,1,TND,FLOAT16,36,4096,128,2,1,192,192,none,0,,1,1,1.0,6,65536,128,0,1,4096/4096/4096/4096/4096/4096/4096/4096/4096/4096/4096/4096/4096/4096/4096/4096/4096/4096/4096/4096/4096/4096/4096/4096/4096/4096/4096/4096/4096/4096/4096/4096/4096/4096/4096/4096,128/128/128/128/128/128/128/128/128/128/128/128/128/128/128/128/128/128/128/128/128/128/128/128/128/128/128/128/128/128/128/128/128/128/128/128,0,0,3,1,0,0,0,128,128,192,1,0,0,1,1,3,0,0,1
20127661469208880,0x47820060081130,1,BSND,FLOAT16,2,1024,1024,2,1,192,192,none,0,,1,1,0.9,6,128,1024,0,1,,,0,0,3,0,1,0,0,128,128,192,1,0,0,1,1,3,0,0,1
20127661469209008,0x478200600811b0,1,TND,FLOAT16,3,2048,2048,2,1,192,192,none,0,,1,1,0.9,6,0,1024,0,1,1024/1792/3840,1024/1792/3840,0,0,3,1,1,0,0,128,128,192,1,0,0,1,1,3,0,0,1
20127661469209136,0x47820060081230,1,BSND,FLOAT16,8,1024,1024,2,1,192,192,none,1,bnhs,1,1,1.0,6,0,128,0,1,,,0,0,3,0,0,1,0,128,128,192,1,0,0,1,1,3,0,0,1
20127661469209264,0x478200600812b0,1,TND,FLOAT16,2,256,128,1,4,192,192,none,1,slope_n,2,1,1.0,6,0,1,0,1,0/256,64/192,0,0,3,1,0,1,0,128,128,192,1,0,0,1,1,3,0,0,1
20127661469209392,0x47820060081330,1,SBH,FLOAT16,1,256,256,1,1,192,192,none,1,1nss,0,1,0.9,6,0,1024,0,1,,,0,0,3,0,1,1,0,128,128,192,1,0,0,1,1,3,0,0,1
20127661469209520,0x478200600813b0,1,TND,FLOAT16,3,512,256,2,1,192,192,none,1,slope,2,1,0.9,6,65536,65536,0,1,512/896/1152,256/427/513,0,0,3,1,1,1,0,128,128,192,1,0,0,1,1,3,0,0,1
20127661469209648,0x47820060081430,1,BSH,FLOAT16,1,256,256,2,2,192,192,ss,0,,1,1,1.0,5,65536,65536,0,1,,,0,0,3,0,0,0,1,128,128,192,1,0,0,1,1,3,0,0,1
20127661469209776,0x478200600814b0,1,TND,FLOAT16,4,1024,512,4,2,192,192,11ss,0,,1,1,1.0,6,65536,64,2,1,128/128/128/1152,128/256/768/896,0,0,3,1,0,0,1,128,128,192,1,0,0,1,1,3,0,0,1
20127661469209904,0x47820060081530,1,BSND,FLOAT16,2,1024,1024,2,1,192,192,11ss,0,,1,1,0.9,6,128,1024,0,1,,,0,0,3,0,1,0,1,128,128,192,1,0,0,1,1,3,0,0,1
20127661469210032,0x478200600815b0,1,TND,FLOAT16,3,128,128,2,1,192,192,2048,0,,1,1,0.9,6,65536,128,0,1,128/214/258,128/214/258,0,0,3,1,1,0,1,128,128,192,1,0,0,1,1,3,0,0,1
20127661469210160,0x47820060081630,1,BSND,FLOAT16,2,128,512,2,1,192,192,ss,1,bnss,1,1,1.0,5,128,0,0,1,,,0,0,3,0,0,1,1,128,128,192,1,0,0,1,1,3,0,0,1
20127661469210288,0x478200600816b0,1,TND,FLOAT16,8,1024,1024,2,1,192,192,11ss,1,slope,2,1,1.0,6,512,64,1,1,64/576/576/576/1088/1344/1472/2496,0/0/1024/1536/2048/2176/3200/3200,0,0,3,1,0,1,1,128,128,192,1,0,0,1,1,3,0,0,1
20127661469210416,0x47820060081730,1,BSH,FLOAT16,4,512,512,2,2,192,192,ss,1,b1ss,1,1,0.5,5,65536,65536,0,1,,,0,0,3,0,1,1,1,128,128,192,1,0,0,1,1,3,0,0,1
20127661469210544,0x478200600817b0,1,TND,FLOAT16,3,128,128,2,1,192,192,2048,1,slope,2,1,0.5,6,65536,128,0,1,128/214/258,128/214/258,0,0,3,1,1,1,1,128,128,192,1,0,0,1,1,3,0,0,1
20129860492464176,0x47840060081030,1,TND,FLOAT16,32,2048,128,1,2,192,192,none,0,,1,1,1.0,0,65536,65536,0,1,2048/4096/6144/8192/10240/12288/14336/16384/18432/20480/22528/24576/26624/28672/30720/32768/34816/36864/38912/40960/43008/45056/47104/49152/51200/53248/55296/57344/59392/61440/63488/65536,128/256/384/512/640/768/896/1024/1152/1280/1408/1536/1664/1792/1920/2048/2176/2304/2432/2560/2688/2816/2944/3072/3200/3328/3456/3584/3712/3840/3968/4096,0,0,3,0,0,0,0,128,128,192,2,0,0,1,1,3,0,0,1
20129860492464304,0x478400600810b0,1,TND,FLOAT16,32,10240,128,2,2,192,192,none,0,,1,1,1.0,0,65536,65536,0,1,8192/17408/27648/35840/45056/55296/63488/72704/82944/91136/100352/110592/118784/128000/138240/146432/155648/165888/174080/183296/193536/201728/210944/221184/229376/238592/248832/257024/266240/276480/284672/293888,128/256/384/512/640/768/896/1024/1152/1280/1408/1536/1664/1792/1920/2048/2176/2304/2432/2560/2688/2816/2944/3072/3200/3328/3456/3584/3712/3840/3968/4096,0,0,3,1,0,0,0,128,128,192,2,0,0,1,1,3,0,0,1
20129860492464432,0x47840060081130,1,TND,FLOAT16,32,2048,128,1,2,192,192,none,0,,1,1,0.9,0,65536,65536,0,1,2048/4096/6144/8192/10240/12288/14336/16384/18432/20480/22528/24576/26624/28672/30720/32768/34816/36864/38912/40960/43008/45056/47104/49152/51200/53248/55296/57344/59392/61440/63488/65536,128/256/384/512/640/768/896/1024/1152/1280/1408/1536/1664/1792/1920/2048/2176/2304/2432/2560/2688/2816/2944/3072/3200/3328/3456/3584/3712/3840/3968/4096,0,0,3,0,1,0,0,128,128,192,2,0,0,1,1,3,0,0,1
20129860492464560,0x478400600811b0,1,TND,FLOAT16,32,2560,2560,2,2,192,192,none,0,,1,1,0.9,2,1024,128,0,1,2048/4352/6912/8960/11264/13824/15872/18176/20736/22784/25088/27648/29696/32000/34560/36608/38912/41472/43520/45824/48384/50432/52736/55296/57344/59648/62208/64256/66560/69120/71168/73472,2048/4352/6912/8960/11264/13824/15872/18176/20736/22784/25088/27648/29696/32000/34560/36608/38912/41472/43520/45824/48384/50432/52736/55296/57344/59648/62208/64256/66560/69120/71168/73472,0,0,3,1,1,0,0,128,128,192,2,0,0,1,1,3,0,0,1
20129860492464688,0x47840060081230,1,BSND,FLOAT16,24,1024,1024,1,2,192,192,none,1,bnhs,1,1,1.0,0,0,1024,0,1,,,0,0,3,0,0,1,0,128,128,192,2,0,0,1,1,3,0,0,1
20129860492464816,0x478400600812b0,1,TND,FLOAT16,3,512,128,12,2,192,192,none,1,slope_n,3,1,1.0,1,512,256,3,1,512/640/1152,64/64/192,0,0,3,1,0,1,0,128,128,192,2,0,0,1,1,3,0,0,1
20129860492464944,0x47840060081330,1,SBH,FLOAT16,1,256,256,1,2,192,192,none,1,1nss,0,1,0.9,0,65536,65536,0,1,,,0,0,3,0,1,1,0,128,128,192,2,0,0,1,1,3,0,0,1
20129860492465072,0x478400600813b0,1,TND,FLOAT16,16,1024,1024,4,4,192,192,none,1,slope_n,2,1,0.5,4,0,1024,3,1,64/1088/1216/1728/2240/2304/2304/2560/2688/2816/2880/2880/3904/3904/3968/4480,512/1024/1024/1536/2048/2176/2432/3456/3520/3520/3520/4032/4288/4416/4480/4608,0,0,3,1,1,1,0,128,128,192,2,0,0,1,1,3,0,0,1
20129860492465200,0x47840060081430,1,BSH,FLOAT16,1,256,256,2,2,192,192,ss,0,,1,1,1.0,0,65536,65536,0,1,,,0,0,3,0,0,0,1,128,128,192,2,0,0,1,1,3,0,0,1
20129860492465328,0x478400600814b0,1,TND,FLOAT16,32,2560,2560,2,2,192,192,ss,0,,1,1,1.0,0,65536,65536,0,1,2048/4352/6912/8960/11264/13824/15872/18176/20736/22784/25088/27648/29696/32000/34560/36608/38912/41472/43520/45824/48384/50432/52736/55296/57344/59648/62208/64256/66560/69120/71168/73472,2048/4352/6912/8960/11264/13824/15872/18176/20736/22784/25088/27648/29696/32000/34560/36608/38912/41472/43520/45824/48384/50432/52736/55296/57344/59648/62208/64256/66560/69120/71168/73472,0,0,3,1,0,0,1,128,128,192,2,0,0,1,1,3,0,0,1
20129860492465456,0x47840060081530,1,BSH,FLOAT16,4,512,64,2,2,192,192,2048,0,,1,1,0.9,4,1024,65536,0,1,,,0,0,3,0,1,0,1,128,128,192,2,0,0,1,1,3,0,0,1
20129860492465584,0x478400600815b0,1,TND,FLOAT16,16,1024,512,12,2,192,192,b1ss,0,,1,1,0.9,1,2048,64,2,1,1024/2048/2048/2560/2688/2752/3776/4032/4096/4224/4224/4736/5760/5888/6144/7168,512/768/896/1408/1536/1792/1920/1920/2048/2176/2304/2816/3072/3072/3072/3200,0,0,3,1,1,0,1,128,128,192,2,0,0,1,1,3,0,0,1
20129860492465712,0x47840060081630,1,BNSD,FLOAT16,1,256,256,2,2,192,192,ss,1,1nss,1,1,1.0,0,65536,65536,0,1,,,0,0,3,0,0,1,1,128,128,192,2,0,0,1,1,3,0,0,1
20129860492465840,0x478400600816b0,1,TND,FLOAT16,2,512,1024,5,2,192,192,11ss,1,slope_n,3,1,1.0,1,0,2048,2,1,64/576,1024/1280,0,0,3,1,0,1,1,128,128,192,2,0,0,1,1,3,0,0,1
20129860492465968,0x47840060081730,1,BSH,FLOAT16,4,512,512,2,2,192,192,ss,1,b1ss,1,1,0.5,0,65536,65536,0,1,,,0,0,3,0,1,1,1,128,128,192,2,0,0,1,1,3,0,0,1
20129860492466096,0x478400600817b0,1,TND,FLOAT16,2,512,256,4,8,192,192,bnss,1,slope_n,3,1,0.5,1,256,2048,2,1,256/768,0/256,0,0,3,1,1,1,1,128,128,192,2,0,0,1,1,3,0,0,1
20132059515720752,0x47860060081430,1,BSH,FLOAT16,4,512,512,2,2,192,192,2048,0,,1,1,1.0,2,128,0,0,1,,,0,0,3,0,0,0,1,128,128,192,3,0,0,1,1,3,0,0,1
20132059515720880,0x478600600814b0,1,TND,FLOAT16,3,128,4096,2,2,192,192,2048,0,,1,1,1.0,0,128,0,0,1,128/214/258,4096/8064/11904,0,0,3,1,0,0,1,128,128,192,3,0,0,1,1,3,0,0,1
20132059515721008,0x47860060081530,1,BSH,FLOAT16,4,512,512,2,2,192,192,2048,0,,1,1,0.9,2,128,0,0,1,,,0,0,3,0,1,0,1,128,128,192,3,0,0,1,1,3,0,0,1
20132059515721136,0x478600600815b0,1,TND,FLOAT16,2,64,128,40,8,192,192,2048,0,,0,1,0.5,2,1024,256,2,1,64/128,128/128,0,0,3,1,1,0,1,128,128,192,3,0,0,1,1,3,0,0,1
20132059515721264,0x47860060081630,1,BSND,FLOAT16,2,1024,1024,1,2,192,192,2048,1,slope_n,3,1,1.0,2,128,0,0,1,,,0,0,3,0,0,1,1,128,128,192,3,0,0,1,1,3,0,0,1
20132059515721392,0x478600600816b0,1,TND,FLOAT16,3,128,4096,2,2,192,192,2048,1,1nhs,1,1,1.0,0,128,0,0,1,128/214/258,4096/8064/11904,0,0,3,1,0,1,1,128,128,192,3,0,0,1,1,3,0,0,1
20132059515721520,0x47860060081730,1,BSH,FLOAT16,4,512,512,2,2,192,192,2048,1,slope,3,1,0.9,2,128,0,0,1,,,0,0,3,0,1,1,1,128,128,192,3,0,0,1,1,3,0,0,1
20132059515721648,0x478600600817b0,1,TND,FLOAT16,16,1024,1024,5,4,192,192,ss,1,slope_n,2,1,0.5,0,2048,0,1,1,64/128/192/1216/1472/1984/3008/3520/3776/4032/4544/4544/4800/4864/5120/5184,256/320/832/1088/1152/1664/1728/2240/2752/2752/3776/3776/4032/4544/4544/4672,0,0,3,1,1,1,1,128,128,192,3,0,0,1,1,3,0,0,1
20134258538976304,0x47880060081430,1,BSH,FLOAT16,4,512,512,1,2,192,192,2048,0,,1,1,1.0,3,128,0,0,1,,,0,0,3,0,0,0,1,128,128,192,4,0,0,1,1,3,0,0,1
20134258538976432,0x478800600814b0,1,TND,FLOAT16,3,2048,2048,2,2,192,192,2048,0,,1,1,1.0,0,128,0,0,1,1024/1792/3840,1024/1792/3840,0,0,3,1,0,0,1,128,128,192,4,0,0,1,1,3,0,0,1
20134258538976560,0x47880060081530,1,BSH,FLOAT16,4,512,512,2,2,192,192,2048,0,,1,1,0.9,4,128,65536,0,1,,,0,0,3,0,1,0,1,128,128,192,4,0,0,1,1,3,0,0,1
20134258538976688,0x478800600815b0,1,TND,FLOAT16,4,512,256,16,2,192,192,2048,0,,3,1,0.5,3,1024,1024,0,1,256/768/1280/1280,256/384/448/576,0,0,3,1,1,0,1,128,128,192,4,0,0,1,1,3,0,0,1
20134258538976816,0x47880060081630,1,BSH,FLOAT16,4,512,512,2,2,192,192,2048,1,1nss,0,1,1.0,3,1024,0,0,1,,,0,0,3,0,0,1,1,128,128,192,4,0,0,1,1,3,0,0,1
20134258538976944,0x478800600816b0,1,TND,FLOAT16,16,1024,1024,5,4,192,192,bnss,1,slope,2,1,1.0,0,0,1024,3,1,64/320/1344/1344/1408/1664/2688/3200/4224/4352/5376/5888/5952/6208/6208/6208,0/256/384/448/704/768/1024/1152/2176/2432/3456/4480/4736/5760/5888/5888,0,0,3,1,0,1,1,128,128,192,4,0,0,1,1,3,0,0,1
20134258538977072,0x47880060081730,1,BSH,FLOAT16,4,512,512,2,2,192,192,2048,1,slope,2,1,0.5,3,128,0,0,1,,,0,0,3,0,1,1,1,128,128,192,4,0,0,1,1,3,0,0,1
20134258538977200,0x478800600817b0,1,TND,FLOAT16,16,1024,1024,40,2,192,192,2048,1,slope_n,3,1,0.5,4,128,1024,1,1,512/512/640/768/768/1024/1088/1344/1472/1984/3008/4032/5056/5120/5248/6272,128/384/1408/1920/2048/2048/2176/2176/2240/2752/2816/3840/4864/4928/5440/5696,0,0,3,1,1,1,1,128,128,192,4,0,0,1,1,3,0,0,1
20165044864553008,0x47a40060081030,1,BSND,FLOAT16,2,1024,1024,2,1,192,192,none,0,,1,1,1.0,0,65536,65536,0,1,,,0,0,3,0,0,0,0,128,128,192,2,1,0,1,1,3,0,0,1
20165044864553136,0x47a400600810b0,1,TND,FLOAT16,2,1024,1024,2,1,192,192,none,0,,1,1,1.0,0,65536,65536,0,1,1024/1024,1024/1024,0,0,3,1,0,0,0,128,128,192,2,1,0,1,1,3,0,0,1
20165044864553264,0x47a40060081130,1,BSND,FLOAT16,2,1024,1024,2,1,192,192,none,0,,1,1,0.9,0,0,128,0,1,,,0,0,3,0,1,0,0,128,128,192,2,1,0,1,1,3,0,0,1
20165044864553392,0x47a400600811b0,1,TND,FLOAT16,32,128,128,2,1,192,192,none,0,,1,1,0.9,0,65536,65536,0,1,128/214/258/386/472/516/644/730/774/902/988/1032/1160/1246/1290/1418/1504/1548/1676/1762/1806/1934/2020/2064/2192/2278/2322/2450/2536/2580/2708/2794,128/214/258/386/472/516/644/730/774/902/988/1032/1160/1246/1290/1418/1504/1548/1676/1762/1806/1934/2020/2064/2192/2278/2322/2450/2536/2580/2708/2794,0,0,3,1,1,0,0,128,128,192,2,1,0,1,1,3,0,0,1
20165044864553520,0x47a40060081230,1,BSND,FLOAT16,2,1024,1024,2,1,192,192,none,1,bnhs,1,1,1.0,0,0,1024,0,1,,,0,0,3,0,0,1,0,128,128,192,2,1,0,1,1,3,0,0,1
20165044864553648,0x47a400600812b0,1,TND,FLOAT16,2,128,128,2,1,192,192,none,1,slope,2,1,1.0,0,65536,65536,0,1,128/128,128/128,0,0,3,1,0,1,0,128,128,192,2,1,0,1,1,3,0,0,1
20165044864553776,0x47a40060081330,1,SBH,FLOAT16,1,256,256,1,1,192,192,none,1,1nss,0,1,0.9,0,128,65536,0,1,,,0,0,3,0,1,1,0,128,128,192,2,1,0,1,1,3,0,0,1
20165044864553904,0x47a400600813b0,1,TND,FLOAT16,3,256,64,2,1,192,192,none,1,slope,2,1,0.9,4,65536,65536,0,1,256/427/513,64/107/129,0,0,3,1,1,1,0,128,128,192,2,1,0,1,1,3,0,0,1
20165044864554032,0x47a40060081430,1,BSH,FLOAT16,4,512,512,8,1,192,192,11ss,0,,1,1,1.0,0,65536,65536,0,1,,,0,0,3,0,0,0,1,128,128,192,2,1,0,1,1,3,0,0,1
20165044864554160,0x47a400600814b0,1,TND,FLOAT16,3,2048,2048,2,1,192,192,2048,0,,1,1,1.0,0,65536,65536,0,1,1024/1792/3840,1024/1792/3840,0,0,3,1,0,0,1,128,128,192,2,1,0,1,1,3,0,0,1
20165044864554288,0x47a40060081530,1,BSND,FLOAT16,2,1024,1024,2,1,192,192,b1ss,0,,1,1,0.9,0,65536,65536,0,1,,,0,0,3,0,1,0,1,128,128,192,2,1,0,1,1,3,0,0,1
20165044864554416,0x47a400600815b0,1,TND,FLOAT16,3,2048,2048,2,1,192,192,2048,0,,1,1,0.9,0,65536,65536,0,1,1024/1792/3840,1024/1792/3840,0,0,3,1,1,0,1,128,128,192,2,1,0,1,1,3,0,0,1
20165044864554544,0x47a40060081630,1,BSND,FLOAT16,32,1,192,40,1,192,192,11ss,1,slope,3,1,1.0,1,65536,512,3,1,,,0,0,3,0,0,1,1,128,128,192,2,1,0,1,1,3,0,0,1
20165044864554672,0x47a400600816b0,1,TND,FLOAT16,3,2048,2048,2,1,192,192,bnss,1,slope_n,2,1,1.0,4,65536,65536,0,1,1024/1792/3840,1024/1792/3840,0,0,3,1,0,1,1,128,128,192,2,1,0,1,1,3,0,0,1
20165044864554800,0x47a40060081730,1,BSH,FLOAT16,4,512,512,8,1,192,192,b1ss,1,1nss,1,1,0.5,0,65536,65536,0,1,,,0,0,3,0,1,1,1,128,128,192,2,1,0,1,1,3,0,0,1
20165044864554928,0x47a400600817b0,1,TND,FLOAT16,2,128,128,2,1,192,192,b1ss,1,slope,2,1,0.9,0,65536,65536,0,1,128/128,128/128,0,0,3,1,1,1,1,128,128,192,2,1,0,1,1,3,0,0,1
20167243887809584,0x47a60060081430,1,BSND,FLOAT16,2,1024,1024,2,1,192,192,2048,0,,1,1,1.0,2,128,0,0,1,,,0,0,3,0,0,0,1,128,128,192,3,1,0,1,1,3,0,0,1
20167243887809712,0x47a600600814b0,1,TND,FLOAT16,3,2048,2048,2,1,192,192,2048,0,,1,1,1.0,2,65536,65536,0,1,1024/1792/3840,1024/1792/3840,0,0,3,1,0,0,1,128,128,192,3,1,0,1,1,3,0,0,1
20167243887809840,0x47a60060081530,1,SBH,FLOAT16,1,256,256,1,1,192,192,2048,0,,1,1,0.9,2,128,0,0,1,,,0,0,3,0,1,0,1,128,128,192,3,1,0,1,1,3,0,0,1
20167243887809968,0x47a600600815b0,1,TND,FLOAT16,3,2048,2048,2,1,192,192,2048,0,,1,1,0.9,2,65536,1024,0,1,1024/1792/3840,1024/1792/3840,0,0,3,1,1,0,1,128,128,192,3,1,0,1,1,3,0,0,1
20167243887810096,0x47a60060081630,1,BSND,FLOAT16,2,1024,1024,2,1,192,192,2048,1,slope_n,3,1,1.0,2,128,0,0,1,,,0,0,3,0,0,1,1,128,128,192,3,1,0,1,1,3,0,0,1
20167243887810224,0x47a600600816b0,1,TND,FLOAT16,8,128,128,2,1,192,192,2048,1,slope,2,1,1.0,2,128,0,0,1,128/214/258/386/472/516/644/730,128/214/258/386/472/516/644/730,0,0,3,1,0,1,1,128,128,192,3,1,0,1,1,3,0,0,1
20167243887810352,0x47a60060081730,1,BNSD,FLOAT16,1,256,256,1,1,192,192,2048,1,1nss,1,1,0.9,2,128,0,0,1,,,0,0,3,0,1,1,1,128,128,192,3,1,0,1,1,3,0,0,1
20167243887810480,0x47a600600817b0,1,TND,FLOAT16,3,2048,1024,4,1,192,192,2048,1,1nhs,1,1,0.9,2,128,0,0,1,2048/3968/5760,1024/1920/2688,0,0,3,1,1,1,1,128,128,192,3,1,0,1,1,3,0,0,1
20169442911065136,0x47a80060081430,1,BSH,FLOAT16,4,256,32,4,1,192,192,2048,0,,1,1,1.0,4,128,0,0,1,,,0,0,3,0,0,0,1,128,128,192,4,1,0,1,1,3,0,0,1
20169442911065264,0x47a800600814b0,1,TND,FLOAT16,3,2048,2048,2,1,192,192,2048,0,,1,1,1.0,0,1024,128,0,1,1024/1792/3840,1024/1792/3840,0,0,3,1,0,0,1,128,128,192,4,1,0,1,1,3,0,0,1
20169442911065392,0x47a80060081530,1,BSH,FLOAT16,4,512,512,2,1,192,192,2048,0,,1,1,0.9,4,0,65536,0,1,,,0,0,3,0,1,0,1,128,128,192,4,1,0,1,1,3,0,0,1
20169442911065520,0x47a800600815b0,1,TND,FLOAT16,3,2048,2048,2,1,192,192,2048,0,,1,1,0.9,0,65536,1024,0,1,1024/1792/3840,1024/1792/3840,0,0,3,1,1,0,1,128,128,192,4,1,0,1,1,3,0,0,1
20169442911065648,0x47a80060081630,1,BSND,FLOAT16,2,1024,64,2,1,192,192,2048,1,bnhs,1,1,1.0,3,128,0,0,1,,,0,0,3,0,0,1,1,128,128,192,4,1,0,1,1,3,0,0,1
20169442911065776,0x47a800600816b0,1,TND,FLOAT16,3,128,1024,2,1,192,192,2048,1,slope,2,1,1.0,3,1024,128,0,1,128/214/258,1024/1920/2688,0,0,3,1,0,1,1,128,128,192,4,1,0,1,1,3,0,0,1
20169442911065904,0x47a80060081730,1,BSH,FLOAT16,4,1024,64,2,1,192,192,2048,1,bnhs,1,1,0.9,4,0,65536,0,1,,,0,0,3,0,1,1,1,128,128,192,4,1,0,1,1,3,0,0,1
20169442911066032,0x47a800600817b0,1,TND,FLOAT16,3,512,2048,2,1,192,192,2048,1,bnhs,1,1,0.5,3,128,0,0,1,512/896/1152,2048/3968/5760,0,0,3,1,1,1,1,128,128,192,4,1,0,1,1,3,0,0,1
23643899117965344,0x54000040081020,1,BSND,BF16,2,4096,4096,4,1,72,72,none,0,,1,0,1.0,0,65536,65536,0,0,,,0,0,2,0,0,0,0,128,128,128,0,0,0,0,0,2,1,0,1
23643899117965472,0x540000400810a0,1,TND,BF16,32,2560,2560,2,2,72,72,none,0,,0,0,1.0,0,65536,65536,0,0,2048/4352/6912/8960/11264/13824/15872/18176/20736/22784/25088/27648/29696/32000/34560/36608/38912/41472/43520/45824/48384/50432/52736/55296/57344/59648/62208/64256/66560/69120/71168/73472,2048/4352/6912/8960/11264/13824/15872/18176/20736/22784/25088/27648/29696/32000/34560/36608/38912/41472/43520/45824/48384/50432/52736/55296/57344/59648/62208/64256/66560/69120/71168/73472,0,0,2,1,0,0,0,128,128,128,0,0,0,0,0,2,1,0,1
23643899117965600,0x54000040081120,1,BSND,BF16,2,4096,4096,4,1,72,72,none,0,,1,0,0.9,0,65536,65536,0,0,,,0,0,2,0,1,0,0,128,128,128,0,0,0,0,0,2,1,0,1
23643899117965728,0x540000400811a0,1,TND,BF16,4,4096,4096,2,8,72,72,none,0,,1,0,0.5,0,64,65536,0,0,4096/8064/12160/16128,4096/8064/12160/16128,0,0,2,1,1,0,0,128,128,128,0,0,0,0,0,2,1,0,1
23643899117965856,0x54000040081220,1,BSND,BF16,2,4096,4096,8,1,72,72,none,1,bnss,1,0,1.0,0,65536,65536,0,0,,,0,0,2,0,0,1,0,128,128,128,0,0,0,0,0,2,1,0,1
23643899117965984,0x540000400812a0,1,TND,BF16,2,4096,4096,4,8,72,72,none,1,slope_n,3,0,1.0,0,65536,65536,0,0,4096/4096,4096/4096,0,0,2,1,0,1,0,128,128,128,0,0,0,0,0,2,1,0,1
23643899117966112,0x54000040081320,1,BSND,BF16,2,4096,4096,8,1,72,72,none,1,slope_n,3,0,0.5,0,65536,65536,0,0,,,0,0,2,0,1,1,0,128,128,128,0,0,0,0,0,2,1,0,1
23643899117966240,0x540000400813a0,1,TND,BF16,2,4096,4096,2,8,72,72,none,1,slope_n,3,0,0.5,0,65536,65536,0,0,4096/4096,4096/4096,0,0,2,1,1,1,0,128,128,128,0,0,0,0,0,2,1,0,1
23643899117966368,0x54000040081420,1,SBH,BF16,16,4096,2048,2,4,72,72,ss,0,,3,0,1.0,0,64,128,0,0,,,0,0,2,0,0,0,1,128,128,128,0,0,0,0,0,2,1,0,1
23643899117966496,0x540000400814a0,1,TND,BF16,32,2048,2048,2,2,72,72,b1ss,0,,1,0,1.0,2,128,0,0,0,2048/3968/6016/7936/9984/11904/13952/15872/17920/19840/21888/23808/25856/27776/29824/31744/33792/35712/37760/39680/41728/43648/45696/47616/49664/51584/53632/55552/57600/59520/61568/63488,2048/3968/6016/7936/9984/11904/13952/15872/17920/19840/21888/23808/25856/27776/29824/31744/33792/35712/37760/39680/41728/43648/45696/47616/49664/51584/53632/55552/57600/59520/61568/63488,0,0,2,1,0,0,1,128,128,128,0,0,0,0,0,2,1,0,1
23643899117966624,0x54000040081520,1,BNSD,BF16,16,4096,4096,1,2,72,72,11ss,0,,0,0,0.9,5,512,1,0,0,,,0,0,2,0,1,0,1,128,128,128,0,0,0,0,0,2,1,0,1
23643899117966752,0x540000400815a0,1,TND,BF16,32,2048,2048,12,4,72,72,2048,0,,1,0,0.5,2,128,0,0,0,2048/3968/6016/7936/9984/11904/13952/15872/17920/19840/21888/23808/25856/27776/29824/31744/33792/35712/37760/39680/41728/43648/45696/47616/49664/51584/53632/55552/57600/59520/61568/63488,2048/3968/6016/7936/9984/11904/13952/15872/17920/19840/21888/23808/25856/27776/29824/31744/33792/35712/37760/39680/41728/43648/45696/47616/49664/51584/53632/55552/57600/59520/61568/63488,0,0,2,1,1,0,1,128,128,128,0,0,0,0,0,2,1,0,1
23643899117966880,0x54000040081620,1,BSND,BF16,2,4096,4096,8,1,72,72,bnss,1,slope_n,3,0,1.0,0,65536,65536,0,0,,,0,0,2,0,0,1,1,128,128,128,0,0,0,0,0,2,1,0,1
23643899117967008,0x540000400816a0,1,TND,BF16,2,4096,4096,40,4,72,72,bnss,1,slope_n,3,0,1.0,0,0,64,0,0,4096/4096,4096/4096,0,0,2,1,0,1,1,128,128,128,0,0,0,0,0,2,1,0,1
23643899117967136,0x54000040081720,1,BSND,BF16,2,4096,4096,8,1,72,72,bnss,1,slope_n,3,0,0.5,0,65536,65536,0,0,,,0,0,2,0,1,1,1,128,128,128,0,0,0,0,0,2,1,0,1
23643899117967264,0x540000400817a0,1,TND,BF16,32,2048,2048,1,2,72,72,2048,1,1nhs,1,0,0.5,3,65536,0,0,0,2048/3968/6016/7936/9984/11904/13952/15872/17920/19840/21888/23808/25856/27776/29824/31744/33792/35712/37760/39680/41728/43648/45696/47616/49664/51584/53632/55552/57600/59520/61568/63488,2048/3968/6016/7936/9984/11904/13952/15872/17920/19840/21888/23808/25856/27776/29824/31744/33792/35712/37760/39680/41728/43648/45696/47616/49664/51584/53632/55552/57600/59520/61568/63488,0,0,2,1,1,1,1,128,128,128,0,0,0,0,0,2,1,0,1
23648297164476448,0x54040040081020,1,BSH,BF16,3,4096,4096,5,4,72,72,none,0,,3,0,1.0,2,256,65536,3,1,,,0,0,2,0,0,0,0,128,128,128,2,0,0,0,0,2,1,0,1
23648297164476576,0x540400400810a0,1,TND,BF16,4,4096,4096,2,8,72,72,none,0,,1,0,1.0,0,128,2048,0,1,4096/8064/12160/16128,4096/8064/12160/16128,0,0,2,1,0,0,0,128,128,128,2,0,0,0,0,2,1,0,1
23648297164476704,0x54040040081120,1,SBH,BF16,32,4096,4096,1,8,72,72,none,0,,1,0,0.9,0,2048,65536,2,1,,,0,0,2,0,1,0,0,128,128,128,2,0,0,0,0,2,1,0,1
23648297164476832,0x540400400811a0,1,TND,BF16,32,2560,2560,2,4,72,72,none,0,,1,0,0.5,0,65536,65536,0,1,2048/4352/6912/8960/11264/13824/15872/18176/20736/22784/25088/27648/29696/32000/34560/36608/38912/41472/43520/45824/48384/50432/52736/52736/54784/57088/59648/61696/64000/66560/68608/70912,2048/4352/6912/8960/11264/13824/15872/18176/20736/20736/23040/25600/27648/29952/32512/34560/36864/39424/41472/43776/46336/48384/50688/53248/55296/57600/60160/62208/64512/67072/69120/71424,0,0,2,1,1,0,0,128,128,128,2,0,0,0,0,2,1,0,1
23648297164476960,0x54040040081220,1,SBH,BF16,1,4096,4096,8,4,72,72,none,1,slope,2,0,1.0,1,65536,0,3,1,,,0,0,2,0,0,1,0,128,128,128,2,0,0,0,0,2,1,0,1
23648297164477088,0x540400400812a0,1,TND,BF16,2,4096,4096,8,4,72,72,none,1,slope_n,3,0,1.0,0,0,64,0,1,4096/4096,4096/4096,0,0,2,1,0,1,0,128,128,128,2,0,0,0,0,2,1,0,1
23648297164477216,0x54040040081320,1,BSND,BF16,2,8192,4096,8,8,72,72,none,1,slope_n,3,0,0.5,2,65536,65536,0,1,,,0,0,2,0,1,1,0,128,128,128,2,0,0,0,0,2,1,0,1
23648297164477344,0x540400400813a0,1,TND,BF16,2,4096,2048,8,8,72,72,none,1,slope_n,3,0,0.5,0,65536,65536,0,1,4096/4096,2048/2048,0,0,2,1,1,1,0,128,128,128,2,0,0,0,0,2,1,0,1
23648297164477472,0x54040040081420,1,BSND,BF16,8,2048,2048,4,2,72,72,2048,0,,0,0,1.0,1,128,0,2,1,,,0,0,2,0,0,0,1,128,128,128,2,0,0,0,0,2,1,0,1
23648297164477600,0x540400400814a0,1,TND,BF16,2,4096,4096,8,4,72,72,ss,0,,3,0,1.0,0,65536,65536,0,1,4096/4096,4096/4096,0,0,2,1,0,0,1,128,128,128,2,0,0,0,0,2,1,0,1
23648297164477728,0x54040040081520,1,SBH,BF16,16,2048,2048,1,4,72,72,b1ss,0,,1,0,0.5,1,65536,256,2,1,,,0,0,2,0,1,0,1,128,128,128,2,0,0,0,0,2,1,0,1
23648297164477856,0x540400400815a0,1,TND,BF16,32,2560,2560,2,4,72,72,bnss,0,,1,0,0.5,0,65536,65536,0,1,2048/4352/6912/8960/11264/13824/15872/18176/20736/22784/25088/27648/29696/32000/34560/36608/38912/41472/43520/45824/48384/50432/52736/52736/54784/57088/59648/61696/64000/66560/68608/70912,2048/4352/6912/8960/11264/13824/15872/18176/20736/20736/23040/25600/27648/29952/32512/34560/36864/39424/41472/43776/46336/48384/50688/53248/55296/57600/60160/62208/64512/67072/69120/71424,0,0,2,1,1,0,1,128,128,128,2,0,0,0,0,2,1,0,1
23648297164477984,0x54040040081620,1,BSND,BF16,2,8192,8192,8,8,72,72,b1ss,1,slope_n,3,0,1.0,0,65536,65536,0,1,,,0,0,2,0,0,1,1,128,128,128,2,0,0,0,0,2,1,0,1
23648297164478112,0x540400400816a0,1,TND,BF16,2,4096,4096,8,4,72,72,bnss,1,slope_n,3,0,1.0,0,65536,65536,0,1,4096/4096,4096/4096,0,0,2,1,0,1,1,128,128,128,2,0,0,0,0,2,1,0,1
23648297164478240,0x54040040081720,1,BSND,BF16,2,8192,8192,8,8,72,72,b1ss,1,slope_n,3,0,0.5,0,65536,65536,1,1,,,0,0,2,0,1,1,1,128,128,128,2,0,0,0,0,2,1,0,1
23648297164478368,0x540400400817a0,1,TND,BF16,2,4096,4096,8,4,72,72,ss,1,slope_n,3,0,0.9,0,65536,65536,0,1,4096/4096,4096/4096,0,0,2,1,1,1,1,128,128,128,2,0,0,0,0,2,1,0,1
23650496187733024,0x54060040081420,1,BSND,BF16,4,4096,4096,4,2,72,72,2048,0,,0,0,1.0,2,64,1024,0,1,,,0,0,2,0,0,0,1,128,128,128,3,0,0,0,0,2,1,0,1
23650496187733152,0x540600400814a0,1,TND,BF16,32,2048,2048,1,2,72,72,2048,0,,1,0,1.0,2,128,0,0,1,2048/3968/6016/7936/9984/11904/13952/15872/17920/19840/21888/23808/25856/27776/29824/31744/33792/35712/37760/39680/41728/43648/45696/47616/49664/51584/53632/55552/57600/59520/61568/63488,2048/3968/6016/7936/9984/11904/13952/15872/17920/19840/21888/23808/25856/27776/29824/31744/33792/35712/37760/39680/41728/43648/45696/47616/49664/51584/53632/55552/57600/59520/61568/63488,0,0,2,1,0,0,1,128,128,128,3,0,0,0,0,2,1,0,1
23650496187733280,0x54060040081520,1,SBH,BF16,32,2048,2048,1,2,72,72,2048,0,,1,0,0.5,2,128,0,0,1,,,0,0,2,0,1,0,1,128,128,128,3,0,0,0,0,2,1,0,1
23650496187733408,0x540600400815a0,1,TND,BF16,32,2048,2048,1,2,72,72,2048,0,,1,0,0.5,2,128,0,0,1,2048/3968/6016/7936/9984/11904/13952/15872/17920/19840/21888/23808/25856/27776/29824/31744/33792/35712/37760/39680/41728/43648/45696/47616/49664/51584/53632/55552/57600/59520/61568/63488,2048/3968/6016/7936/9984/11904/13952/15872/17920/19840/21888/23808/25856/27776/29824/31744/33792/35712/37760/39680/41728/43648/45696/47616/49664/51584/53632/55552/57600/59520/61568/63488,0,0,2,1,1,0,1,128,128,128,3,0,0,0,0,2,1,0,1
23650496187733536,0x54060040081620,1,BSH,BF16,32,2048,2048,1,2,72,72,2048,1,1nhs,1,0,1.0,2,128,0,0,1,,,0,0,2,0,0,1,1,128,128,128,3,0,0,0,0,2,1,0,1
23650496187733664,0x540600400816a0,1,TND,BF16,32,2048,2048,1,8,72,72,2048,1,1nhs,1,0,1.0,3,128,0,0,1,2048/3968/6016/7936/9984/11904/13952/15872/17920/19840/21888/23808/25856/27776/29824/31744/33792/35712/37760/39680/41728/43648/45696/47616/49664/51584/53632/55552/57600/59520/61568/63488,2048/3968/6016/7936/9984/11904/13952/15872/17920/19840/21888/23808/25856/27776/29824/31744/33792/35712/37760/39680/41728/43648/45696/47616/49664/51584/53632/55552/57600/59520/61568/63488,0,0,2,1,0,1,1,128,128,128,3,0,0,0,0,2,1,0,1
23650496187733792,0x54060040081720,1,TND,BF16,8,2048,2048,4,2,72,72,11ss,1,slope_n,3,0,0.9,3,0,128,2,1,2048/4096/6144/8192/10240/12288/14336/16384,2048/4096/6144/8192/10240/12288/14336/16384,0,0,2,0,1,1,1,128,128,128,3,0,0,0,0,2,1,0,1
23650496187733920,0x540600400817a0,1,TND,BF16,32,2048,2048,1,2,72,72,2048,1,1nhs,1,0,0.5,2,128,0,0,1,2048/3968/6016/7936/9984/11904/13952/15872/17920/19840/21888/23808/25856/27776/29824/31744/33792/35712/37760/39680/41728/43648/45696/47616/49664/51584/53632/55552/57600/59520/61568/63488,2048/3968/6016/7936/9984/11904/13952/15872/17920/19840/21888/23808/25856/27776/29824/31744/33792/35712/37760/39680/41728/43648/45696/47616/49664/51584/53632/55552/57600/59520/61568/63488,0,0,2,1,1,1,1,128,128,128,3,0,0,0,0,2,1,0,1
23652695210988576,0x54080040081420,1,SBH,BF16,4,4096,4096,16,4,72,72,b1ss,0,,0,0,1.0,0,1,1024,1,1,,,0,0,2,0,0,0,1,128,128,128,4,0,0,0,0,2,1,0,1
23652695210988704,0x540800400814a0,1,TND,BF16,4,4096,4096,2,8,72,72,ss,0,,1,0,1.0,0,128,2048,0,1,4096/8064/12160/16128,4096/8064/12160/16128,0,0,2,1,0,0,1,128,128,128,4,0,0,0,0,2,1,0,1
23652695210988832,0x54080040081520,1,BSND,BF16,32,2048,2048,1,2,72,72,2048,0,,1,0,0.5,0,128,0,0,1,,,0,0,2,0,1,0,1,128,128,128,4,0,0,0,0,2,1,0,1
23652695210988960,0x540800400815a0,1,TND,BF16,32,2048,2048,1,2,72,72,2048,0,,1,0,0.5,0,128,0,0,1,2048/3968/6016/7936/9984/11904/13952/15872/17920/19840/21888/23808/25856/27776/29824/31744/33792/35712/37760/39680/41728/43648/45696/47616/49664/51584/53632/55552/57600/59520/61568/63488,2048/3968/6016/7936/9984/11904/13952/15872/17920/19840/21888/23808/25856/27776/29824/31744/33792/35712/37760/39680/41728/43648/45696/47616/49664/51584/53632/55552/57600/59520/61568/63488,0,0,2,1,1,0,1,128,128,128,4,0,0,0,0,2,1,0,1
23652695210989088,0x54080040081620,1,BSND,BF16,2,8192,8192,8,4,72,72,b1ss,1,slope_n,3,0,1.0,0,256,65536,0,1,,,0,0,2,0,0,1,1,128,128,128,4,0,0,0,0,2,1,0,1
23652695210989216,0x540800400816a0,1,TND,BF16,2,4096,4096,8,4,72,72,bnss,1,slope_n,2,0,1.0,0,2048,65536,0,1,4096/4096,4096/4096,0,0,2,1,0,1,1,128,128,128,4,0,0,0,0,2,1,0,1
23652695210989344,0x54080040081720,1,BSH,BF16,64,4096,4096,16,4,72,72,bnss,1,slope_n,3,0,0.9,0,1024,1,1,1,,,0,0,2,0,1,1,1,128,128,128,4,0,0,0,0,2,1,0,1
23652695210989472,0x540800400817a0,1,TND,BF16,2,4096,4096,8,4,72,72,bnss,1,slope_n,3,0,0.9,0,65536,1024,0,1,4096/4096,4096/4096,0,0,2,1,1,1,1,128,128,128,4,0,0,0,0,2,1,0,1
23683481536565280,0x54240040081020,1,BSND,BF16,2,4096,4096,8,1,72,72,none,0,,1,0,1.0,0,65536,65536,0,1,,,0,0,2,0,0,0,0,128,128,128,2,1,0,0,0,2,1,0,1
23683481536565408,0x542400400810a0,1,TND,BF16,4,4096,4096,4,1,72,72,none,0,,1,0,1.0,0,65536,65536,0,1,4096/8192/12288/16384,4096/4096/8192/12160,0,0,2,1,0,0,0,128,128,128,2,1,0,0,0,2,1,0,1
23683481536565536,0x54240040081120,1,BNSD,BF16,3,4096,4096,12,1,72,72,none,0,,2,0,0.5,1,1,1024,3,1,,,0,0,2,0,1,0,0,128,128,128,2,1,0,0,0,2,1,0,1
23683481536565664,0x542400400811a0,1,TND,BF16,32,2560,2560,2,1,72,72,none,0,,1,0,0.5,0,65536,65536,0,1,2048/4352/6912/8960/11264/13824/15872/18176/20736/22784/25088/27648/29696/32000/34560/36608/38912/41472/43520/45824/48384/50432/52736/52736/54784/57088/59648/61696/64000/66560/68608/70912,2048/4352/6912/8960/11264/13824/15872/18176/20736/20736/23040/25600/27648/29952/32512/34560/36864/39424/41472/43776/46336/48384/50688/53248/55296/57600/60160/62208/64512/67072/69120/71424,0,0,2,1,1,0,0,128,128,128,2,1,0,0,0,2,1,0,1
23683481536565792,0x54240040081220,1,BNSD,BF16,3,4096,4096,8,1,72,72,none,1,b1ss,0,0,1.0,1,256,0,2,1,,,0,0,2,0,0,1,0,128,128,128,2,1,0,0,0,2,1,0,1
23683481536565920,0x542400400812a0,1,TND,BF16,2,4096,4096,8,1,72,72,none,1,slope_n,3,0,1.0,0,0,64,0,1,4096/4096,4096/4096,0,0,2,1,0,1,0,128,128,128,2,1,0,0,0,2,1,0,1
23683481536566048,0x54240040081320,1,BSND,BF16,2,4096,4096,8,1,72,72,none,1,slope_n,3,0,0.5,0,65536,65536,0,1,,,0,0,2,0,1,1,0,128,128,128,2,1,0,0,0,2,1,0,1
23683481536566176,0x542400400813a0,1,TND,BF16,2,4096,4096,8,1,72,72,none,1,slope_n,3,0,0.9,0,65536,1024,0,1,4096/4096,4096/4096,0,0,2,1,1,1,0,128,128,128,2,1,0,0,0,2,1,0,1
23683481536566304,0x54240040081420,1,BSH,BF16,8,2048,2048,4,1,72,72,b1ss,0,,3,0,1.0,0,65536,2048,1,1,,,0,0,2,0,0,0,1,128,128,128,2,1,0,0,0,2,1,0,1
23683481536566432,0x542400400814a0,1,TND,BF16,2,4096,4096,8,1,72,72,bnss,0,,3,0,1.0,0,65536,65536,0,1,4096/4096,4096/4096,0,0,2,1,0,0,1,128,128,128,2,1,0,0,0,2,1,0,1
23683481536566560,0x54240040081520,1,BSH,BF16,64,2048,2048,12,1,72,72,11ss,0,,1,0,0.9,1,1,1024,1,1,,,0,0,2,0,1,0,1,128,128,128,2,1,0,0,0,2,1,0,1
23683481536566688,0x542400400815a0,1,TND,BF16,32,2560,2560,2,1,72,72,ss,0,,1,0,0.5,0,65536,65536,0,1,2048/4352/6912/8960/11264/13824/15872/18176/20736/22784/25088/27648/29696/32000/34560/36608/38912/41472/43520/45824/48384/50432/52736/52736/54784/57088/59648/61696/64000/66560/68608/70912,2048/4352/6912/8960/11264/13824/15872/18176/20736/20736/23040/25600/27648/29952/32512/34560/36864/39424/41472/43776/46336/48384/50688/53248/55296/57600/60160/62208/64512/67072/69120/71424,0,0,2,1,1,0,1,128,128,128,2,1,0,0,0,2,1,0,1
23683481536566816,0x54240040081620,1,BSND,BF16,2,4096,4096,8,1,72,72,bnss,1,slope_n,3,0,1.0,0,65536,65536,0,1,,,0,0,2,0,0,1,1,128,128,128,2,1,0,0,0,2,1,0,1
23683481536566944,0x542400400816a0,1,TND,BF16,2,4096,4096,8,1,72,72,bnss,1,slope_n,3,0,1.0,0,65536,65536,0,1,4096/4096,4096/4096,0,0,2,1,0,1,1,128,128,128,2,1,0,0,0,2,1,0,1
23683481536567072,0x54240040081720,1,BSND,BF16,2,4096,4096,8,1,72,72,bnss,1,slope_n,3,0,0.5,0,65536,65536,0,1,,,0,0,2,0,1,1,1,128,128,128,2,1,0,0,0,2,1,0,1
23683481536567200,0x542400400817a0,1,TND,BF16,2,4096,4096,8,1,72,72,bnss,1,slope_n,3,0,0.9,1,0,1024,0,1,4096/4096,4096/4096,0,0,2,1,1,1,1,128,128,128,2,1,0,0,0,2,1,0,1
23685680559821856,0x54260040081420,1,BSND,BF16,32,2048,2048,8,1,72,72,bnss,0,,1,0,1.0,2,512,1024,0,1,,,0,0,2,0,0,0,1,128,128,128,3,1,0,0,0,2,1,0,1
23685680559821984,0x542600400814a0,1,TND,BF16,32,2048,2048,5,1,72,72,bnss,0,,1,0,1.0,2,1,1,0,1,2048/3968/6016/7936/9984/11904/13952/15872/17920/19840/21888/23808/25856/27776/29824/31744/33792/35712/37760/39680/41728/43648/45696/47616/49664/51584/53632/55552/57600/59520/61568/63488,2048/3968/6016/7936/9984/11904/13952/15872/17920/19840/21888/23808/25856/27776/29824/31744/33792/35712/37760/39680/41728/43648/45696/47616/49664/51584/53632/55552/57600/59520/61568/63488,0,0,2,1,0,0,1,128,128,128,3,1,0,0,0,2,1,0,1
23685680559822112,0x54260040081520,1,BSH,BF16,4,8192,4096,4,1,72,72,2048,0,,1,0,0.9,2,65536,0,0,1,,,0,0,2,0,1,0,1,128,128,128,3,1,0,0,0,2,1,0,1
23685680559822240,0x542600400815a0,1,TND,BF16,32,2048,2048,4,1,72,72,bnss,0,,1,0,0.9,2,1,1,0,1,2048/3968/6016/7936/9984/11904/13952/15872/17920/19840/21888/23808/25856/27776/29824/31744/33792/35712/37760/39680/41728/43648/45696/47616/49664/51584/53632/55552/57600/59520/61568/63488,2048/3968/6016/7936/9984/11904/13952/15872/17920/19840/21888/23808/25856/27776/29824/31744/33792/35712/37760/39680/41728/43648/45696/47616/49664/51584/53632/55552/57600/59520/61568/63488,0,0,2,1,1,0,1,128,128,128,3,1,0,0,0,2,1,0,1
23685680559822368,0x54260040081620,1,TND,BF16,8,2048,2048,40,1,72,72,bnss,1,1nhs,0,0,1.0,3,128,65536,2,1,2048/4096/6144/8192/10240/12288/14336/16384,2048/4096/6144/8192/10240/12288/14336/16384,0,0,2,0,0,1,1,128,128,128,3,1,0,0,0,2,1,0,1
23685680559822496,0x542600400816a0,1,TND,BF16,4,20480,19968,2,1,72,72,2048,1,bnhs,1,0,1.0,2,128,0,0,1,20480/36352/52736/68608,16384/32256/48640/68608,0,0,2,1,0,1,1,128,128,128,3,1,0,0,0,2,1,0,1
23685680559822624,0x54260040081720,1,BSH,BF16,2,8192,8192,8,1,72,72,2048,1,slope_n,3,0,0.5,2,65536,2048,0,1,,,0,0,2,0,1,1,1,128,128,128,3,1,0,0,0,2,1,0,1
23685680559822752,0x542600400817a0,1,TND,BF16,32,2048,2048,40,1,72,72,bnss,1,bnhs,1,0,0.9,2,1,0,0,1,2048/3968/6016/7936/9984/11904/13952/15872/17920/19840/21888/23808/25856/27776/29824/31744/33792/35712/37760/39680/41728/43648/45696/47616/49664/51584/53632/55552/57600/59520/61568/63488,2048/3968/6016/7936/9984/11904/13952/15872/17920/19840/21888/23808/25856/27776/29824/31744/33792/35712/37760/39680/41728/43648/45696/47616/49664/51584/53632/55552/57600/59520/61568/63488,0,0,2,1,1,1,1,128,128,128,3,1,0,0,0,2,1,0,1
23687879583077408,0x54280040081420,1,BSND,BF16,32,8192,4096,8,1,72,72,2048,0,,1,0,1.0,3,65536,65536,0,1,,,0,0,2,0,0,0,1,128,128,128,4,1,0,0,0,2,1,0,1
23687879583077536,0x542800400814a0,1,TND,BF16,32,2560,2560,2,1,72,72,ss,0,,1,0,1.0,0,1,65536,0,1,2048/4352/6912/8960/11264/13824/15872/18176/20736/22784/25088/27648/29696/32000/34560/36608/38912/41472/43520/45824/48384/50432/52736/52736/54784/57088/59648/61696/64000/66560/68608/70912,2048/4352/6912/8960/11264/13824/15872/18176/20736/20736/23040/25600/27648/29952/32512/34560/36864/39424/41472/43776/46336/48384/50688/53248/55296/57600/60160/62208/64512/67072/69120/71424,0,0,2,1,0,0,1,128,128,128,4,1,0,0,0,2,1,0,1
23687879583077664,0x54280040081520,1,BNSD,BF16,4,4096,4096,12,1,72,72,11ss,0,,1,0,0.9,0,512,64,3,1,,,0,0,2,0,1,0,1,128,128,128,4,1,0,0,0,2,1,0,1
23687879583077792,0x542800400815a0,1,TND,BF16,32,2560,2560,2,1,72,72,ss,0,,1,0,0.5,0,1,65536,0,1,2048/4352/6912/8960/11264/13824/15872/18176/20736/22784/25088/27648/29696/32000/34560/36608/38912/41472/43520/45824/48384/50432/52736/52736/54784/57088/59648/61696/64000/66560/68608/70912,2048/4352/6912/8960/11264/13824/15872/18176/20736/20736/23040/25600/27648/29952/32512/34560/36864/39424/41472/43776/46336/48384/50688/53248/55296/57600/60160/62208/64512/67072/69120/71424,0,0,2,1,1,0,1,128,128,128,4,1,0,0,0,2,1,0,1
23687879583077920,0x54280040081620,1,BSH,BF16,4,4096,4096,12,1,72,72,bnss,1,1nss,1,0,1.0,0,1,65536,1,1,,,0,0,2,0,0,1,1,128,128,128,4,1,0,0,0,2,1,0,1
23687879583078048,0x542800400816a0,1,TND,BF16,2,4096,4096,8,1,72,72,bnss,1,slope_n,3,0,1.0,0,256,65536,0,1,4096/4096,4096/4096,0,0,2,1,0,1,1,128,128,128,4,1,0,0,0,2,1,0,1
23687879583078176,0x54280040081720,1,SBH,BF16,8,2048,2048,12,1,72,72,b1ss,1,slope,2,0,0.9,0,1024,256,2,1,,,0,0,2,0,1,1,1,128,128,128,4,1,0,0,0,2,1,0,1
23687879583078304,0x542800400817a0,1,TND,BF16,2,4096,4096,8,1,72,72,bnss,1,slope_n,3,0,0.9,0,65536,1024,0,1,4096/4096,4096/4096,0,0,2,1,1,1,1,128,128,128,4,1,0,0,0,2,1,0,1
23784636606320672,0x54800040081020,1,BSND,BF16,2,4096,4096,8,1,72,16,none,0,,1,0,1.0,0,65536,65536,0,0,,,0,0,2,0,0,0,0,128,128,128,0,0,0,1,0,2,1,0,1
23784636606320800,0x548000400810a0,1,TND,BF16,32,2048,2048,2,2,72,64,none,0,,1,0,1.0,2,128,0,3,0,2048/3968/6016/7936/9984/11904/13952/15872/17920/19840/21888/23808/25856/27776/29824/31744/33792/35712/37760/39680/41728/43648/45696/47616/49664/51584/53632/55552/57600/59520/61568/63488,2048/3968/6016/7936/9984/11904/13952/15872/17920/19840/21888/23808/25856/27776/29824/31744/33792/35712/37760/39680/41728/43648/45696/47616/49664/51584/53632/55552/57600/59520/61568/63488,0,0,2,1,0,0,0,128,128,128,0,0,0,1,0,2,1,0,1
23784636606320928,0x54800040081120,1,BSND,BF16,64,8192,4096,8,1,72,64,none,0,,1,0,0.5,0,65536,65536,0,0,,,0,0,2,0,1,0,0,128,128,128,0,0,0,1,0,2,1,0,1
23784636606321056,0x548000400811a0,1,TND,BF16,3,2048,2048,12,2,72,32,none,0,,1,0,0.9,0,65536,65536,2,0,1024/1792/3840,1024/1792/3840,0,0,2,1,1,0,0,128,128,128,0,0,0,1,0,2,1,0,1
23784636606321184,0x54800040081220,1,BSH,BF16,4,8192,8192,2,2,72,48,none,1,1nss,1,0,1.0,0,65536,65536,0,0,,,0,0,2,0,0,1,0,128,128,128,0,0,0,1,0,2,1,0,1
23784636606321312,0x548000400812a0,1,TND,BF16,3,2048,2048,8,8,72,64,none,1,slope,2,0,1.0,3,0,128,0,0,1024/1792/3840,1024/1792/3840,0,0,2,1,0,1,0,128,128,128,0,0,0,1,0,2,1,0,1
23784636606321440,0x54800040081320,1,BSND,BF16,2,4096,8192,8,1,72,32,none,1,slope_n,3,0,0.5,0,65536,256,0,0,,,0,0,2,0,1,1,0,128,128,128,0,0,0,1,0,2,1,0,1
23784636606321568,0x548000400813a0,1,TND,BF16,3,2048,2048,8,8,72,64,none,1,slope,2,0,0.5,3,0,128,0,0,1024/1792/3840,1024/1792/3840,0,0,2,1,1,1,0,128,128,128,0,0,0,1,0,2,1,0,1
23784636606321696,0x54800040081420,1,BSH,BF16,16,2048,2048,12,1,72,64,11ss,0,,3,0,1.0,1,0,65536,1,0,,,0,0,2,0,0,0,1,128,128,128,0,0,0,1,0,2,1,0,1
23784636606321824,0x548000400814a0,1,TND,BF16,32,2048,2048,1,2,72,64,2048,0,,1,0,1.0,2,128,0,0,0,2048/3968/6016/7936/9984/11904/13952/15872/17920/19840/21888/23808/25856/27776/29824/31744/33792/35712/37760/39680/41728/43648/45696/47616/49664/51584/53632/55552/57600/59520/61568/63488,2048/3968/6016/7936/9984/11904/13952/15872/17920/19840/21888/23808/25856/27776/29824/31744/33792/35712/37760/39680/41728/43648/45696/47616/49664/51584/53632/55552/57600/59520/61568/63488,0,0,2,1,0,0,1,128,128,128,0,0,0,1,0,2,1,0,1
23784636606321952,0x54800040081520,1,BSH,BF16,8,4096,4096,1,4,72,16,11ss,0,,2,0,0.9,0,256,2048,1,0,,,0,0,2,0,1,0,1,128,128,128,0,0,0,1,0,2,1,0,1
23784636606322080,0x548000400815a0,1,TND,BF16,32,2048,2048,1,2,72,64,2048,0,,1,0,0.5,2,128,0,0,0,2048/3968/6016/7936/9984/11904/13952/15872/17920/19840/21888/23808/25856/27776/29824/31744/33792/35712/37760/39680/41728/43648/45696/47616/49664/51584/53632/55552/57600/59520/61568/63488,2048/3968/6016/7936/9984/11904/13952/15872/17920/19840/21888/23808/25856/27776/29824/31744/33792/35712/37760/39680/41728/43648/45696/47616/49664/51584/53632/55552/57600/59520/61568/63488,0,0,2,1,1,0,1,128,128,128,0,0,0,1,0,2,1,0,1
23784636606322208,0x54800040081620,1,SBH,BF16,16,4096,4096,2,4,72,32,ss,1,slope_n,2,0,1.0,0,1,64,2,0,,,0,0,2,0,0,1,1,128,128,128,0,0,0,1,0,2,1,0,1
23784636606322336,0x548000400816a0,1,TND,BF16,32,2048,2048,1,2,72,64,2048,1,1nhs,1,0,1.0,2,128,0,0,0,2048/3968/6016/7936/9984/11904/13952/15872/17920/19840/21888/23808/25856/27776/29824/31744/33792/35712/37760/39680/41728/43648/45696/47616/49664/51584/53632/55552/57600/59520/61568/63488,2048/3968/6016/7936/9984/11904/13952/15872/17920/19840/21888/23808/25856/27776/29824/31744/33792/35712/37760/39680/41728/43648/45696/47616/49664/51584/53632/55552/57600/59520/61568/63488,0,0,2,1,0,1,1,128,128,128,0,0,0,1,0,2,1,0,1
23784636606322464,0x54800040081720,1,BSND,BF16,32,2048,2048,1,4,72,64,2048,1,1nhs,1,0,0.9,2,128,0,0,0,,,0,0,2,0,1,1,1,128,128,128,0,0,0,1,0,2,1,0,1
23784636606322592,0x548000400817a0,1,TND,BF16,32,2048,2048,1,2,72,64,2048,1,1nhs,1,0,0.5,2,128,0,0,0,2048/3968/6016/7936/9984/11904/13952/15872/17920/19840/21888/23808/25856/27776/29824/31744/33792/35712/37760/39680/41728/43648/45696/47616/49664/51584/53632/55552/57600/59520/61568/63488,2048/3968/6016/7936/9984/11904/13952/15872/17920/19840/21888/23808/25856/27776/29824/31744/33792/35712/37760/39680/41728/43648/45696/47616/49664/51584/53632/55552/57600/59520/61568/63488,0,0,2,1,1,1,1,128,128,128,0,0,0,1,0,2,1,0,1
23789034652831776,0x54840040081020,1,BSH,BF16,4,4096,4096,2,2,72,48,none,0,,1,0,1.0,0,65536,65536,0,1,,,0,0,2,0,0,0,0,128,128,128,2,0,0,1,0,2,1,0,1
23789034652831904,0x548400400810a0,1,TND,BF16,32,2560,2560,1,2,72,16,none,0,,1,0,1.0,0,65536,65536,0,1,2048/4352/6912/8960/11264/13824/15872/18176/20736/22784/25088/27648/29696/32000/34560/36608/38912/41472/43520/45824/48384/50432/52736/55296/57344/59648/62208/64256/66560/69120/71168/73472,2048/4352/6912/8960/11264/13824/15872/18176/20736/22784/25088/27648/29696/32000/34560/36608/38912/41472/43520/45824/48384/50432/52736/55296/57344/59648/62208/64256/66560/69120/71168/73472,0,0,2,1,0,0,0,128,128,128,2,0,0,1,0,2,1,0,1
23789034652832032,0x54840040081120,1,BSH,BF16,4,8192,8192,2,4,72,48,none,0,,1,0,0.5,0,65536,65536,0,1,,,0,0,2,0,1,0,0,128,128,128,2,0,0,1,0,2,1,0,1
23789034652832160,0x548400400811a0,1,TND,BF16,32,2560,2560,1,2,72,16,none,0,,1,0,0.5,0,65536,65536,0,1,2048/4352/6912/8960/11264/13824/15872/18176/20736/22784/25088/27648/29696/32000/34560/36608/38912/41472/43520/45824/48384/50432/52736/55296/57344/59648/62208/64256/66560/69120/71168/73472,2048/4352/6912/8960/11264/13824/15872/18176/20736/22784/25088/27648/29696/32000/34560/36608/38912/41472/43520/45824/48384/50432/52736/55296/57344/59648/62208/64256/66560/69120/71168/73472,0,0,2,1,1,0,0,128,128,128,2,0,0,1,0,2,1,0,1
23789034652832288,0x54840040081220,1,BSH,BF16,4,4096,4096,2,2,72,48,none,1,bnss,1,0,1.0,0,65536,65536,0,1,,,0,0,2,0,0,1,0,128,128,128,2,0,0,1,0,2,1,0,1
23789034652832416,0x548400400812a0,1,TND,BF16,3,4096,2048,4,8,72,32,none,1,slope,2,0,1.0,4,65536,65536,0,1,4096/8064/11904,2048/3968/5760,0,0,2,1,0,1,0,128,128,128,2,0,0,1,0,2,1,0,1
23789034652832544,0x54840040081320,1,BSH,BF16,4,4096,4096,2,2,72,48,none,1,bnss,1,0,0.5,0,65536,65536,0,1,,,0,0,2,0,1,1,0,128,128,128,2,0,0,1,0,2,1,0,1
23789034652832672,0x548400400813a0,1,TND,BF16,3,4096,2048,4,8,72,32,none,1,slope,2,0,0.9,4,65536,65536,0,1,4096/8064/11904,2048/3968/5760,0,0,2,1,1,1,0,128,128,128,2,0,0,1,0,2,1,0,1
23789034652832800,0x54840040081420,1,BSH,BF16,4,4096,4096,2,2,72,48,bnss,0,,1,0,1.0,0,65536,65536,0,1,,,0,0,2,0,0,0,1,128,128,128,2,0,0,1,0,2,1,0,1
23789034652832928,0x548400400814a0,1,TND,BF16,32,2560,2560,2,4,72,16,bnss,0,,1,0,1.0,0,65536,65536,0,1,2048/4352/6912/8960/11264/13824/15872/18176/20736/22784/25088/27648/29696/32000/34560/36608/38912/41472/43520/45824/48384/50432/52736/52736/54784/57088/59648/61696/64000/66560/68608/70912,2048/4352/6912/8960/11264/13824/15872/18176/20736/20736/23040/25600/27648/29952/32512/34560/36864/39424/41472/43776/46336/48384/50688/53248/55296/57600/60160/62208/64512/67072/69120/71424,0,0,2,1,0,0,1,128,128,128,2,0,0,1,0,2,1,0,1
23789034652833056,0x54840040081520,1,BSH,BF16,4,4096,8192,2,2,72,48,ss,0,,1,0,0.5,0,65536,65536,0,1,,,0,0,2,0,1,0,1,128,128,128,2,0,0,1,0,2,1,0,1
23789034652833184,0x548400400815a0,1,TND,BF16,32,2560,2560,2,8,72,16,bnss,0,,1,0,0.9,0,65536,65536,0,1,2048/4352/6912/8960/11264/13824/15872/18176/20736/22784/25088/27648/29696/32000/34560/36608/38912/41472/43520/45824/48384/50432/52736/52736/54784/57088/59648/61696/64000/66560/68608/70912,2048/4352/6912/8960/11264/13824/15872/18176/20736/20736/23040/25600/27648/29952/32512/34560/36864/39424/41472/43776/46336/48384/50688/53248/55296/57600/60160/62208/64512/67072/69120/71424,0,0,2,1,1,0,1,128,128,128,2,0,0,1,0,2,1,0,1
23789034652833312,0x54840040081620,1,BSH,BF16,4,4096,8192,2,2,72,48,ss,1,bnss,1,0,1.0,0,65536,65536,0,1,,,0,0,2,0,0,1,1,128,128,128,2,0,0,1,0,2,1,0,1
23789034652833440,0x548400400816a0,1,TND,BF16,2,4096,4096,8,4,72,64,bnss,1,slope_n,3,0,1.0,0,65536,65536,0,1,4096/4096,4096/4096,0,0,2,1,0,1,1,128,128,128,2,0,0,1,0,2,1,0,1
23789034652833568,0x54840040081720,1,TND,BF16,8,2048,4096,2,4,72,96,bnss,1,slope,2,0,0.9,1,2048,65536,3,1,2048/4096/6144/8192/10240/12288/14336/16384,4096/8192/12288/16384/20480/24576/28672/32768,0,0,2,0,1,1,1,128,128,128,2,0,0,1,0,2,1,0,1
23789034652833696,0x548400400817a0,1,TND,BF16,2,4096,4096,8,4,72,64,bnss,1,slope_n,3,0,0.5,0,65536,65536,0,1,4096/4096,4096/4096,0,0,2,1,1,1,1,128,128,128,2,0,0,1,0,2,1,0,1
23791233676088352,0x54860040081420,1,TND,BF16,8,2048,4096,40,8,72,512,2048,0,,1,0,1.0,2,0,65536,3,1,2048/4096/6144/8192/10240/12288/14336/16384,4096/8192/12288/16384/20480/24576/28672/32768,0,0,2,0,0,0,1,128,128,128,3,0,0,1,0,2,1,0,1
23791233676088480,0x548600400814a0,1,TND,BF16,32,2048,2048,1,2,72,64,2048,0,,1,0,1.0,2,128,0,0,1,2048/3968/6016/7936/9984/11904/13952/15872/17920/19840/21888/23808/25856/27776/29824/31744/33792/35712/37760/39680/41728/43648/45696/47616/49664/51584/53632/55552/57600/59520/61568/63488,2048/3968/6016/7936/9984/11904/13952/15872/17920/19840/21888/23808/25856/27776/29824/31744/33792/35712/37760/39680/41728/43648/45696/47616/49664/51584/53632/55552/57600/59520/61568/63488,0,0,2,1,0,0,1,128,128,128,3,0,0,1,0,2,1,0,1
23791233676088608,0x54860040081520,1,BSH,BF16,32,2048,2048,1,2,72,64,2048,0,,1,0,0.5,2,128,0,0,1,,,0,0,2,0,1,0,1,128,128,128,3,0,0,1,0,2,1,0,1
23791233676088736,0x548600400815a0,1,TND,BF16,32,2048,2048,1,2,72,64,2048,0,,1,0,0.5,2,128,0,0,1,2048/3968/6016/7936/9984/11904/13952/15872/17920/19840/21888/23808/25856/27776/29824/31744/33792/35712/37760/39680/41728/43648/45696/47616/49664/51584/53632/55552/57600/59520/61568/63488,2048/3968/6016/7936/9984/11904/13952/15872/17920/19840/21888/23808/25856/27776/29824/31744/33792/35712/37760/39680/41728/43648/45696/47616/49664/51584/53632/55552/57600/59520/61568/63488,0,0,2,1,1,0,1,128,128,128,3,0,0,1,0,2,1,0,1
23791233676088864,0x54860040081620,1,BSND,BF16,32,2048,2048,1,2,72,64,2048,1,bnhs,1,0,1.0,2,128,0,0,1,,,0,0,2,0,0,1,1,128,128,128,3,0,0,1,0,2,1,0,1
23791233676088992,0x548600400816a0,1,TND,BF16,32,2048,2048,1,2,72,64,2048,1,1nhs,1,0,1.0,2,128,0,0,1,2048/3968/6016/7936/9984/11904/13952/15872/17920/19840/21888/23808/25856/27776/29824/31744/33792/35712/37760/39680/41728/43648/45696/47616/49664/51584/53632/55552/57600/59520/61568/63488,2048/3968/6016/7936/9984/11904/13952/15872/17920/19840/21888/23808/25856/27776/29824/31744/33792/35712/37760/39680/41728/43648/45696/47616/49664/51584/53632/55552/57600/59520/61568/63488,0,0,2,1,0,1,1,128,128,128,3,0,0,1,0,2,1,0,1
23791233676089120,0x54860040081720,1,SBH,BF16,32,2048,2048,1,2,72,64,2048,1,1nhs,1,0,0.5,2,512,0,0,1,,,0,0,2,0,1,1,1,128,128,128,3,0,0,1,0,2,1,0,1
23791233676089248,0x548600400817a0,1,TND,BF16,32,2048,2048,1,2,72,64,2048,1,1nhs,1,0,0.5,2,128,0,0,1,2048/3968/6016/7936/9984/11904/13952/15872/17920/19840/21888/23808/25856/27776/29824/31744/33792/35712/37760/39680/41728/43648/45696/47616/49664/51584/53632/55552/57600/59520/61568/63488,2048/3968/6016/7936/9984/11904/13952/15872/17920/19840/21888/23808/25856/27776/29824/31744/33792/35712/37760/39680/41728/43648/45696/47616/49664/51584/53632/55552/57600/59520/61568/63488,0,0,2,1,1,1,1,128,128,128,3,0,0,1,0,2,1,0,1
23793432699343904,0x54880040081420,1,BSH,BF16,4,8192,4096,2,2,72,48,bnss,0,,1,0,1.0,0,65536,1,0,1,,,0,0,2,0,0,0,1,128,128,128,4,0,0,1,0,2,1,0,1
23793432699344032,0x548800400814a0,1,TND,BF16,32,2048,2048,1,2,72,64,2048,0,,1,0,1.0,0,128,0,0,1,2048/3968/6016/7936/9984/11904/13952/15872/17920/19840/21888/23808/25856/27776/29824/31744/33792/35712/37760/39680/41728/43648/45696/47616/49664/51584/53632/55552/57600/59520/61568/63488,2048/3968/6016/7936/9984/11904/13952/15872/17920/19840/21888/23808/25856/27776/29824/31744/33792/35712/37760/39680/41728/43648/45696/47616/49664/51584/53632/55552/57600/59520/61568/63488,0,0,2,1,0,0,1,128,128,128,4,0,0,1,0,2,1,0,1
23793432699344160,0x54880040081520,1,BSH,BF16,4,4096,8192,2,2,72,48,ss,0,,3,0,0.5,0,1,65536,0,1,,,0,0,2,0,1,0,1,128,128,128,4,0,0,1,0,2,1,0,1
23793432699344288,0x548800400815a0,1,TND,BF16,32,2048,2048,1,2,72,64,2048,0,,1,0,0.5,0,128,0,0,1,2048/3968/6016/7936/9984/11904/13952/15872/17920/19840/21888/23808/25856/27776/29824/31744/33792/35712/37760/39680/41728/43648/45696/47616/49664/51584/53632/55552/57600/59520/61568/63488,2048/3968/6016/7936/9984/11904/13952/15872/17920/19840/21888/23808/25856/27776/29824/31744/33792/35712/37760/39680/41728/43648/45696/47616/49664/51584/53632/55552/57600/59520/61568/63488,0,0,2,1,1,0,1,128,128,128,4,0,0,1,0,2,1,0,1
23793432699344416,0x54880040081620,1,BSH,BF16,4,4096,8192,2,2,72,48,ss,1,b1ss,1,0,1.0,0,128,65536,0,1,,,0,0,2,0,0,1,1,128,128,128,4,0,0,1,0,2,1,0,1
23793432699344544,0x548800400816a0,1,TND,BF16,2,4096,4096,8,2,72,16,bnss,1,slope_n,3,0,1.0,0,1024,65536,0,1,4096/4096,4096/4096,0,0,2,1,0,1,1,128,128,128,4,0,0,1,0,2,1,0,1
23793432699344672,0x54880040081720,1,SBH,BF16,64,2048,2048,1,2,72,64,2048,1,1nhs,1,0,0.5,3,128,0,0,1,,,0,0,2,0,1,1,1,128,128,128,4,0,0,1,0,2,1,0,1
23793432699344800,0x548800400817a0,1,TND,BF16,2,4096,4096,8,8,72,32,bnss,1,slope_n,3,0,0.9,0,64,65536,0,1,4096/4096,4096/4096,0,0,2,1,1,1,1,128,128,128,4,0,0,1,0,2,1,0,1
23824219024920608,0x54a40040081020,1,BSND,BF16,2,8192,8192,8,1,72,16,none,0,,1,0,1.0,0,65536,65536,0,1,,,0,0,2,0,0,0,0,128,128,128,2,1,0,1,0,2,1,0,1
23824219024920736,0x54a400400810a0,1,TND,BF16,32,2560,2560,2,1,72,16,none,0,,1,0,1.0,0,65536,65536,0,1,2048/4352/6912/8960/11264/13824/15872/18176/20736/22784/25088/27648/29696/32000/34560/36608/38912/41472/43520/45824/48384/50432/52736/52736/54784/57088/59648/61696/64000/66560/68608/70912,2048/4352/6912/8960/11264/13824/15872/18176/20736/20736/23040/25600/27648/29952/32512/34560/36864/39424/41472/43776/46336/48384/50688/53248/55296/57600/60160/62208/64512/67072/69120/71424,0,0,2,1,0,0,0,128,128,128,2,1,0,1,0,2,1,0,1
23824219024920864,0x54a40040081120,1,BSND,BF16,2,4096,8192,8,1,72,64,none,0,,1,0,0.9,0,65536,65536,0,1,,,0,0,2,0,1,0,0,128,128,128,2,1,0,1,0,2,1,0,1
23824219024920992,0x54a400400811a0,1,TND,BF16,32,2560,2560,2,1,72,16,none,0,,1,0,0.5,0,65536,65536,0,1,2048/4352/6912/8960/11264/13824/15872/18176/20736/22784/25088/27648/29696/32000/34560/36608/38912/41472/43520/45824/48384/50432/52736/52736/54784/57088/59648/61696/64000/66560/68608/70912,2048/4352/6912/8960/11264/13824/15872/18176/20736/20736/23040/25600/27648/29952/32512/34560/36864/39424/41472/43776/46336/48384/50688/53248/55296/57600/60160/62208/64512/67072/69120/71424,0,0,2,1,1,0,0,128,128,128,2,1,0,1,0,2,1,0,1
23824219024921120,0x54a40040081220,1,BSND,BF16,2,4096,8192,8,1,72,32,none,1,slope_n,3,0,1.0,0,65536,0,0,1,,,0,0,2,0,0,1,0,128,128,128,2,1,0,1,0,2,1,0,1
23824219024921376,0x54a40040081320,1,BSH,BF16,32,4096,4096,16,1,72,64,none,1,slope_n,2,0,0.5,0,128,2048,2,1,,,0,0,2,0,1,1,0,128,128,128,2,1,0,1,0,2,1,0,1
23824219024921632,0x54a40040081420,1,BSH,BF16,4,8192,8192,2,1,72,48,ss,0,,1,0,1.0,0,65536,65536,0,1,,,0,0,2,0,0,0,1,128,128,128,2,1,0,1,0,2,1,0,1
23824219024921760,0x54a400400814a0,1,TND,BF16,32,2560,2560,2,1,72,16,ss,0,,1,0,1.0,0,65536,65536,0,1,2048/4352/6912/8960/11264/13824/15872/18176/20736/22784/25088/27648/29696/32000/34560/36608/38912/41472/43520/45824/48384/50432/52736/52736/54784/57088/59648/61696/64000/66560/68608/70912,2048/4352/6912/8960/11264/13824/15872/18176/20736/20736/23040/25600/27648/29952/32512/34560/36864/39424/41472/43776/46336/48384/50688/53248/55296/57600/60160/62208/64512/67072/69120/71424,0,0,2,1,0,0,1,128,128,128,2,1,0,1,0,2,1,0,1
23824219024921888,0x54a40040081520,1,BNSD,BF16,32,2560,2560,40,1,72,16,ss,0,,1,0,0.5,0,65536,65536,0,1,,,0,0,2,0,1,0,1,128,128,128,2,1,0,1,0,2,1,0,1
23824219024922016,0x54a400400815a0,1,TND,BF16,32,2560,2560,2,1,72,16,ss,0,,1,0,0.5,0,65536,65536,0,1,2048/4352/6912/8960/11264/13824/15872/18176/20736/22784/25088/27648/29696/32000/34560/36608/38912/41472/43520/45824/48384/50432/52736/52736/54784/57088/59648/61696/64000/66560/68608/70912,2048/4352/6912/8960/11264/13824/15872/18176/20736/20736/23040/25600/27648/29952/32512/34560/36864/39424/41472/43776/46336/48384/50688/53248/55296/57600/60160/62208/64512/67072/69120/71424,0,0,2,1,1,0,1,128,128,128,2,1,0,1,0,2,1,0,1
23824219024922144,0x54a40040081620,1,BSH,BF16,4,8192,8192,2,1,72,48,ss,1,bnss,1,0,1.0,0,65536,65536,0,1,,,0,0,2,0,0,1,1,128,128,128,2,1,0,1,0,2,1,0,1
23824219024922272,0x54a400400816a0,1,TND,BF16,2,4096,4096,8,1,72,16,bnss,1,slope_n,3,0,1.0,0,65536,65536,0,1,4096/4096,4096/4096,0,0,2,1,0,1,1,128,128,128,2,1,0,1,0,2,1,0,1
23824219024922400,0x54a40040081720,1,BSH,BF16,3,2048,2048,40,1,72,16,2048,1,bnss,1,0,0.5,1,65536,65536,0,1,,,0,0,2,0,1,1,1,128,128,128,2,1,0,1,0,2,1,0,1
23824219024922528,0x54a400400817a0,1,TND,BF16,2,4096,4096,8,1,72,16,bnss,1,slope_n,3,0,0.5,0,65536,65536,0,1,4096/4096,4096/4096,0,0,2,1,1,1,1,128,128,128,2,1,0,1,0,2,1,0,1
23826418048177184,0x54a60040081420,1,BSH,BF16,16,2048,8192,4,1,72,64,2048,0,,1,0,1.0,2,128,65536,0,1,,,0,0,2,0,0,0,1,128,128,128,3,1,0,1,0,2,1,0,1
23826418048177312,0x54a600400814a0,1,TND,BF16,3,2048,2048,40,1,72,16,2048,0,,1,0,1.0,2,1024,1024,0,1,1024/1792/3840,1024/1792/3840,0,0,2,1,0,0,1,128,128,128,3,1,0,1,0,2,1,0,1
23826418048177440,0x54a60040081520,1,TND,BF16,16,2048,2048,8,1,72,32,b1ss,0,,1,0,0.5,3,1,1,0,1,2048/4096/6144/8192/10240/12288/14336/16384/18432/20480/22528/24576/26624/28672/30720/32768,2048/4096/6144/8192/10240/12288/14336/16384/18432/20480/22528/24576/26624/28672/30720/32768,0,0,2,0,1,0,1,128,128,128,3,1,0,1,0,2,1,0,1
23826418048177568,0x54a600400815a0,1,TND,BF16,3,2048,2048,40,1,72,16,2048,0,,1,0,0.9,2,1024,1024,0,1,1024/1792/3840,1024/1792/3840,0,0,2,1,1,0,1,128,128,128,3,1,0,1,0,2,1,0,1
23826418048177696,0x54a60040081620,1,BSH,BF16,64,2048,8192,4,1,72,64,2048,1,bnss,1,0,1.0,2,128,0,0,1,,,0,0,2,0,0,1,1,128,128,128,3,1,0,1,0,2,1,0,1
23826418048177824,0x54a600400816a0,1,TND,BF16,32,2048,2048,5,1,72,128,2048,1,bnhs,1,0,1.0,2,128,0,0,1,2048/3968/6016/7936/9984/11904/13952/15872/17920/19840/21888/23808/25856/27776/29824/31744/33792/35712/37760/39680/41728/43648/45696/47616/49664/51584/53632/55552/57600/59520/61568/63488,2048/3968/6016/7936/9984/11904/13952/15872/17920/19840/21888/23808/25856/27776/29824/31744/33792/35712/37760/39680/41728/43648/45696/47616/49664/51584/53632/55552/57600/59520/61568/63488,0,0,2,1,0,1,1,128,128,128,3,1,0,1,0,2,1,0,1
23826418048177952,0x54a60040081720,1,BSH,BF16,64,2048,8192,4,1,72,64,2048,1,bnss,1,0,0.9,2,1024,0,0,1,,,0,0,2,0,1,1,1,128,128,128,3,1,0,1,0,2,1,0,1
23826418048178080,0x54a600400817a0,1,TND,BF16,32,2560,2560,2,1,72,16,2048,1,slope,2,0,0.5,2,65536,65536,0,1,2048/4352/6912/8960/11264/13824/15872/18176/20736/22784/25088/27648/29696/32000/34560/36608/38912/41472/43520/45824/48384/50432/52736/52736/54784/57088/59648/61696/64000/66560/68608/70912,2048/4352/6912/8960/11264/13824/15872/18176/20736/20736/23040/25600/27648/29952/32512/34560/36864/39424/41472/43776/46336/48384/50688/53248/55296/57600/60160/62208/64512/67072/69120/71424,0,0,2,1,1,1,1,128,128,128,3,1,0,1,0,2,1,0,1
23828617071432736,0x54a80040081420,1,SBH,BF16,8,2048,2048,4,1,72,16,b1ss,0,,0,0,1.0,0,2048,128,0,1,,,0,0,2,0,0,0,1,128,128,128,4,1,0,1,0,2,1,0,1
23828617071432864,0x54a800400814a0,1,TND,BF16,32,2560,2560,2,1,72,16,bnss,0,,1,0,1.0,0,65536,2048,0,1,2048/4352/6912/8960/11264/13824/15872/18176/20736/22784/25088/27648/29696/32000/34560/36608/38912/41472/43520/45824/48384/50432/52736/52736/54784/57088/59648/61696/64000/66560/68608/70912,2048/4352/6912/8960/11264/13824/15872/18176/20736/20736/23040/25600/27648/29952/32512/34560/36864/39424/41472/43776/46336/48384/50688/53248/55296/57600/60160/62208/64512/67072/69120/71424,0,0,2,1,0,0,1,128,128,128,4,1,0,1,0,2,1,0,1
23828617071432992,0x54a80040081520,1,BNSD,BF16,32,2560,2560,2,1,72,16,bnss,0,,1,0,0.5,0,64,65536,0,1,,,0,0,2,0,1,0,1,128,128,128,4,1,0,1,0,2,1,0,1
23828617071433120,0x54a800400815a0,1,TND,BF16,32,2560,2560,2,1,72,16,bnss,0,,1,0,0.5,0,64,65536,0,1,2048/4352/6912/8960/11264/13824/15872/18176/20736/22784/25088/27648/29696/32000/34560/36608/38912/41472/43520/45824/48384/50432/52736/52736/54784/57088/59648/61696/64000/66560/68608/70912,2048/4352/6912/8960/11264/13824/15872/18176/20736/20736/23040/25600/27648/29952/32512/34560/36864/39424/41472/43776/46336/48384/50688/53248/55296/57600/60160/62208/64512/67072/69120/71424,0,0,2,1,1,0,1,128,128,128,4,1,0,1,0,2,1,0,1
23828617071433248,0x54a80040081620,1,BSND,BF16,32,4096,2048,2,1,72,64,2048,1,slope_n,2,0,1.0,3,128,0,0,1,,,0,0,2,0,0,1,1,128,128,128,4,1,0,1,0,2,1,0,1
23828617071433376,0x54a800400816a0,1,TND,BF16,2,4096,4096,8,1,72,32,bnss,1,slope_n,3,0,1.0,0,64,65536,0,1,4096/4096,4096/4096,0,0,2,1,0,1,1,128,128,128,4,1,0,1,0,2,1,0,1
23828617071433504,0x54a80040081720,1,BSND,BF16,32,4096,2048,2,1,72,64,2048,1,slope_n,2,0,0.5,3,128,0,0,1,,,0,0,2,0,1,1,1,128,128,128,4,1,0,1,0,2,1,0,1
23828617071433632,0x54a800400817a0,1,TND,BF16,2,4096,4096,8,1,72,16,bnss,1,slope_n,3,0,0.5,0,1024,65536,0,1,4096/4096,4096/4096,0,0,2,1,1,1,1,128,128,128,4,1,0,1,0,2,1,0,1
24206849071386672,0x56000040081030,1,BSND,FLOAT16,2,4096,4096,8,1,72,72,none,0,,1,0,1.0,0,65536,0,0,0,,,0,0,3,0,0,0,0,128,128,128,0,0,0,0,0,3,1,0,1
24206849071386800,0x560000400810b0,1,TND,FLOAT16,32,2560,2560,2,2,72,72,none,0,,1,0,1.0,0,128,65536,1,0,2048/4352/6912/8960/11264/13824/15872/18176/20736/22784/25088/27648/29696/32000/34560/36608/38912/41472/43520/45824/48384/50432/52736/55296/57344/59648/62208/64256/66560/69120/71168/73472,2048/4352/6912/8960/11264/13824/15872/18176/20736/22784/25088/27648/29696/32000/34560/36608/38912/41472/43520/45824/48384/50432/52736/55296/57344/59648/62208/64256/66560/69120/71168/73472,0,0,3,1,0,0,0,128,128,128,0,0,0,0,0,3,1,0,1
24206849071386928,0x56000040081130,1,BSND,FLOAT16,2,4096,4096,8,1,72,72,none,0,,1,0,0.9,0,65536,65536,0,0,,,0,0,3,0,1,0,0,128,128,128,0,0,0,0,0,3,1,0,1
24206849071387056,0x560000400811b0,1,TND,FLOAT16,32,2560,2560,2,2,72,72,none,0,,1,0,0.9,0,128,65536,1,0,2048/4352/6912/8960/11264/13824/15872/18176/20736/22784/25088/27648/29696/32000/34560/36608/38912/41472/43520/45824/48384/50432/52736/55296/57344/59648/62208/64256/66560/69120/71168/73472,2048/4352/6912/8960/11264/13824/15872/18176/20736/22784/25088/27648/29696/32000/34560/36608/38912/41472/43520/45824/48384/50432/52736/55296/57344/59648/62208/64256/66560/69120/71168/73472,0,0,3,1,1,0,0,128,128,128,0,0,0,0,0,3,1,0,1
24206849071387184,0x56000040081230,1,BSND,FLOAT16,24,4096,4096,8,1,72,72,none,1,slope,2,0,1.0,0,65536,65536,0,0,,,0,0,3,0,0,1,0,128,128,128,0,0,0,0,0,3,1,0,1
24206849071387312,0x560000400812b0,1,TND,FLOAT16,2,4096,4096,4,4,72,72,none,1,slope_n,3,0,1.0,0,65536,65536,2,0,4096/4096,4096/4096,0,0,3,1,0,1,0,128,128,128,0,0,0,0,0,3,1,0,1
24206849071387440,0x56000040081330,1,BSND,FLOAT16,2,4096,4096,8,1,72,72,none,1,slope_n,3,0,0.5,0,65536,65536,0,0,,,0,0,3,0,1,1,0,128,128,128,0,0,0,0,0,3,1,0,1
24206849071387568,0x560000400813b0,1,TND,FLOAT16,3,2048,2048,16,8,72,72,none,1,slope,2,0,0.5,4,65536,65536,0,0,1024/1792/3840,1024/1792/3840,0,0,3,1,1,1,0,128,128,128,0,0,0,0,0,3,1,0,1
24206849071387696,0x56000040081430,1,BSND,FLOAT16,2,4096,4096,8,1,72,72,b1ss,0,,1,0,1.0,0,65536,65536,0,0,,,0,0,3,0,0,0,1,128,128,128,0,0,0,0,0,3,1,0,1
24206849071387824,0x560000400814b0,1,TND,FLOAT16,3,2048,2048,12,4,72,72,11ss,0,,1,0,1.0,2,128,0,0,0,1024/1792/3840,1024/1792/3840,0,0,3,1,0,0,1,128,128,128,0,0,0,0,0,3,1,0,1
24206849071387952,0x56000040081530,1,BSH,FLOAT16,16,2048,2048,16,1,72,72,2048,0,,1,0,0.9,1,128,0,3,0,,,0,0,3,0,1,0,1,128,128,128,0,0,0,0,0,3,1,0,1
24206849071388080,0x560000400815b0,1,TND,FLOAT16,32,2048,2048,2,8,72,72,2048,0,,1,0,0.9,2,128,0,0,0,2048/3968/6016/7936/9984/11904/13952/15872/17920/19840/21888/23808/25856/27776/29824/31744/33792/35712/37760/39680/41728/43648/45696/47616/49664/51584/53632/55552/57600/59520/61568/63488,2048/3968/6016/7936/9984/11904/13952/15872/17920/19840/21888/23808/25856/27776/29824/31744/33792/35712/37760/39680/41728/43648/45696/47616/49664/51584/53632/55552/57600/59520/61568/63488,0,0,3,1,1,0,1,128,128,128,0,0,0,0,0,3,1,0,1
24206849071388208,0x56000040081630,1,BSND,FLOAT16,2,4096,4096,8,1,72,72,b1ss,1,b1ss,0,0,1.0,0,65536,65536,0,0,,,0,0,3,0,0,1,1,128,128,128,0,0,0,0,0,3,1,0,1
24206849071388336,0x560000400816b0,1,TND,FLOAT16,32,2048,2048,2,8,72,72,2048,1,slope_n,2,0,1.0,4,1024,65536,0,0,2048/3968/6016/7936/9984/11904/13952/15872/17920/19840/21888/23808/25856/27776/29824/31744/33792/35712/37760/39680/41728/43648/45696/47616/49664/51584/53632/55552/57600/59520/61568/63488,2048/3968/6016/7936/9984/11904/13952/15872/17920/19840/21888/23808/25856/27776/29824/31744/33792/35712/37760/39680/41728/43648/45696/47616/49664/51584/53632/55552/57600/59520/61568/63488,0,0,3,1,0,1,1,128,128,128,0,0,0,0,0,3,1,0,1
24206849071388464,0x56000040081730,1,SBH,FLOAT16,64,4096,4096,8,1,72,72,b1ss,1,bnss,1,0,0.9,1,512,0,2,0,,,0,0,3,0,1,1,1,128,128,128,0,0,0,0,0,3,1,0,1
24206849071388592,0x560000400817b0,1,TND,FLOAT16,32,2048,2048,2,2,72,72,2048,1,bnhs,1,0,0.9,2,128,0,0,0,2048/3968/6016/7936/9984/11904/13952/15872/17920/19840/21888/23808/25856/27776/29824/31744/33792/35712/37760/39680/41728/43648/45696/47616/49664/51584/53632/55552/57600/59520/61568/63488,2048/3968/6016/7936/9984/11904/13952/15872/17920/19840/21888/23808/25856/27776/29824/31744/33792/35712/37760/39680/41728/43648/45696/47616/49664/51584/53632/55552/57600/59520/61568/63488,0,0,3,1,1,1,1,128,128,128,0,0,0,0,0,3,1,0,1
24211247117897776,0x56040040081030,1,BSH,FLOAT16,64,2048,2048,12,8,72,72,none,0,,1,0,1.0,1,1024,1,3,1,,,0,0,3,0,0,0,0,128,128,128,2,0,0,0,0,3,1,0,1
24211247117897904,0x560400400810b0,1,TND,FLOAT16,32,2560,2560,2,2,72,72,none,0,,1,0,1.0,0,65536,65536,0,1,2048/4352/6912/8960/11264/13824/15872/18176/20736/22784/25088/27648/29696/32000/34560/36608/38912/41472/43520/45824/48384/50432/52736/55296/57344/59648/62208/64256/66560/69120/71168/73472,2048/4352/6912/8960/11264/13824/15872/18176/20736/22784/25088/27648/29696/32000/34560/36608/38912/41472/43520/45824/48384/50432/52736/55296/57344/59648/62208/64256/66560/69120/71168/73472,0,0,3,1,0,0,0,128,128,128,2,0,0,0,0,3,1,0,1
24211247117898032,0x56040040081130,1,BSND,FLOAT16,2,4096,4096,2,2,72,72,none,0,,1,0,0.9,0,65536,65536,0,1,,,0,0,3,0,1,0,0,128,128,128,2,0,0,0,0,3,1,0,1
24211247117898160,0x560400400811b0,1,TND,FLOAT16,32,2560,2560,2,2,72,72,none,0,,1,0,0.9,0,128,256,0,1,2048/4352/6912/8960/11264/13824/15872/18176/20736/22784/25088/27648/29696/32000/34560/36608/38912/41472/43520/45824/48384/50432/52736/55296/57344/59648/62208/64256/66560/69120/71168/73472,2048/4352/6912/8960/11264/13824/15872/18176/20736/22784/25088/27648/29696/32000/34560/36608/38912/41472/43520/45824/48384/50432/52736/55296/57344/59648/62208/64256/66560/69120/71168/73472,0,0,3,1,1,0,0,128,128,128,2,0,0,0,0,3,1,0,1
24211247117898288,0x56040040081230,1,BSND,FLOAT16,2,8192,4096,16,2,72,72,none,1,slope_n,3,0,1.0,2,65536,65536,0,1,,,0,0,3,0,0,1,0,128,128,128,2,0,0,0,0,3,1,0,1
24211247117898416,0x560400400812b0,1,TND,FLOAT16,2,4096,4096,8,4,72,72,none,1,slope_n,3,0,1.0,0,0,64,0,1,4096/4096,4096/4096,0,0,3,1,0,1,0,128,128,128,2,0,0,0,0,3,1,0,1
24211247117898544,0x56040040081330,1,BSND,FLOAT16,2,4096,8192,8,4,72,72,none,1,slope_n,3,0,0.5,4,65536,65536,0,1,,,0,0,3,0,1,1,0,128,128,128,2,0,0,0,0,3,1,0,1
24211247117898672,0x560400400813b0,1,TND,FLOAT16,2,4096,4096,8,4,72,72,none,1,slope_n,3,0,0.9,0,0,64,0,1,4096/4096,4096/4096,0,0,3,1,1,1,0,128,128,128,2,0,0,0,0,3,1,0,1
24211247117898800,0x56040040081430,1,BSH,FLOAT16,2,2048,2048,8,8,72,72,b1ss,0,,0,0,1.0,1,1024,1,2,1,,,0,0,3,0,0,0,1,128,128,128,2,0,0,0,0,3,1,0,1
24211247117898928,0x560400400814b0,1,TND,FLOAT16,32,2560,2560,2,2,72,72,bnss,0,,1,0,1.0,0,65536,65536,2,1,2048/4352/6912/8960/11264/13824/15872/18176/20736/22784/25088/27648/29696/32000/34560/36608/38912/41472/43520/45824/48384/50432/52736/55296/57344/59648/62208/64256/66560/69120/71168/73472,2048/4352/6912/8960/11264/13824/15872/18176/20736/22784/25088/27648/29696/32000/34560/36608/38912/41472/43520/45824/48384/50432/52736/55296/57344/59648/62208/64256/66560/69120/71168/73472,0,0,3,1,0,0,1,128,128,128,2,0,0,0,0,3,1,0,1
24211247117899056,0x56040040081530,1,TND,FLOAT16,16,4096,4096,1,4,72,72,b1ss,0,,0,0,0.9,1,128,128,0,1,4096/8192/12288/16384/20480/24576/28672/32768/36864/40960/45056/49152/53248/57344/61440/65536,4096/8192/12288/16384/20480/24576/28672/32768/36864/40960/45056/49152/53248/57344/61440/65536,0,0,3,0,1,0,1,128,128,128,2,0,0,0,0,3,1,0,1
24211247117899184,0x560400400815b0,1,TND,FLOAT16,32,2560,2560,2,2,72,72,bnss,0,,1,0,0.5,0,65536,65536,0,1,2048/4352/6912/8960/11264/13824/15872/18176/20736/22784/25088/27648/29696/32000/34560/36608/38912/41472/43520/45824/48384/50432/52736/55296/57344/59648/62208/64256/66560/69120/71168/73472,2048/4352/6912/8960/11264/13824/15872/18176/20736/22784/25088/27648/29696/32000/34560/36608/38912/41472/43520/45824/48384/50432/52736/55296/57344/59648/62208/64256/66560/69120/71168/73472,0,0,3,1,1,0,1,128,128,128,2,0,0,0,0,3,1,0,1
24211247117899312,0x56040040081630,1,BSND,FLOAT16,2,8192,4096,8,2,72,72,b1ss,1,bnss,1,0,1.0,0,65536,65536,0,1,,,0,0,3,0,0,1,1,128,128,128,2,0,0,0,0,3,1,0,1
24211247117899440,0x560400400816b0,1,TND,FLOAT16,3,2048,2048,40,8,72,72,2048,1,slope,2,0,1.0,4,65536,65536,0,1,1024/1792/3840,1024/1792/3840,0,0,3,1,0,1,1,128,128,128,2,0,0,0,0,3,1,0,1
24211247117899568,0x56040040081730,1,BSND,FLOAT16,64,2048,2048,8,8,72,72,2048,1,slope,3,0,0.9,0,65536,2048,2,1,,,0,0,3,0,1,1,1,128,128,128,2,0,0,0,0,3,1,0,1
24211247117899696,0x560400400817b0,1,TND,FLOAT16,2,4096,4096,8,4,72,72,ss,1,slope_n,3,0,0.9,0,65536,65536,0,1,4096/4096,4096/4096,0,0,3,1,1,1,1,128,128,128,2,0,0,0,0,3,1,0,1
24213446141154352,0x56060040081430,1,SBH,FLOAT16,32,2048,2048,1,2,72,72,2048,0,,1,0,1.0,2,128,0,0,1,,,0,0,3,0,0,0,1,128,128,128,3,0,0,0,0,3,1,0,1
24213446141154480,0x560600400814b0,1,TND,FLOAT16,32,2048,2048,1,2,72,72,2048,0,,1,0,1.0,2,128,0,0,1,2048/3968/6016/7936/9984/11904/13952/15872/17920/19840/21888/23808/25856/27776/29824/31744/33792/35712/37760/39680/41728/43648/45696/47616/49664/51584/53632/55552/57600/59520/61568/63488,2048/3968/6016/7936/9984/11904/13952/15872/17920/19840/21888/23808/25856/27776/29824/31744/33792/35712/37760/39680/41728/43648/45696/47616/49664/51584/53632/55552/57600/59520/61568/63488,0,0,3,1,0,0,1,128,128,128,3,0,0,0,0,3,1,0,1
24213446141154608,0x56060040081530,1,BSND,FLOAT16,64,4096,4096,4,2,72,72,2048,0,,1,0,0.9,2,1,0,0,1,,,0,0,3,0,1,0,1,128,128,128,3,0,0,0,0,3,1,0,1
24213446141154736,0x560600400815b0,1,TND,FLOAT16,32,2048,2048,1,2,72,72,2048,0,,1,0,0.5,2,128,65536,0,1,2048/3968/6016/7936/9984/11904/13952/15872/17920/19840/21888/23808/25856/27776/29824/31744/33792/35712/37760/39680/41728/43648/45696/47616/49664/51584/53632/55552/57600/59520/61568/63488,2048/3968/6016/7936/9984/11904/13952/15872/17920/19840/21888/23808/25856/27776/29824/31744/33792/35712/37760/39680/41728/43648/45696/47616/49664/51584/53632/55552/57600/59520/61568/63488,0,0,3,1,1,0,1,128,128,128,3,0,0,0,0,3,1,0,1
24213446141154864,0x56060040081630,1,BNSD,FLOAT16,32,2048,2048,1,4,72,72,2048,1,bnss,1,0,1.0,2,128,0,2,1,,,0,0,3,0,0,1,1,128,128,128,3,0,0,0,0,3,1,0,1
24213446141154992,0x560600400816b0,1,TND,FLOAT16,32,2048,2048,1,2,72,72,bnss,1,bnhs,1,0,1.0,2,128,0,0,1,2048/3968/6016/7936/9984/11904/13952/15872/17920/19840/21888/23808/25856/27776/29824/31744/33792/35712/37760/39680/41728/43648/45696/47616/49664/51584/53632/55552/57600/59520/61568/63488,2048/3968/6016/7936/9984/11904/13952/15872/17920/19840/21888/23808/25856/27776/29824/31744/33792/35712/37760/39680/41728/43648/45696/47616/49664/51584/53632/55552/57600/59520/61568/63488,0,0,3,1,0,1,1,128,128,128,3,0,0,0,0,3,1,0,1
24213446141155120,0x56060040081730,1,BNSD,FLOAT16,32,2048,2048,1,2,72,72,2048,1,bnhs,1,0,0.5,2,128,0,0,1,,,0,0,3,0,1,1,1,128,128,128,3,0,0,0,0,3,1,0,1
24213446141155248,0x560600400817b0,1,TND,FLOAT16,32,2048,2048,1,2,72,72,2048,1,1nhs,1,0,0.5,2,128,0,0,1,2048/3968/6016/7936/9984/11904/13952/15872/17920/19840/21888/23808/25856/27776/29824/31744/33792/35712/37760/39680/41728/43648/45696/47616/49664/51584/53632/55552/57600/59520/61568/63488,2048/3968/6016/7936/9984/11904/13952/15872/17920/19840/21888/23808/25856/27776/29824/31744/33792/35712/37760/39680/41728/43648/45696/47616/49664/51584/53632/55552/57600/59520/61568/63488,0,0,3,1,1,1,1,128,128,128,3,0,0,0,0,3,1,0,1
24215645164409904,0x56080040081430,1,SBH,FLOAT16,4,4096,4096,16,8,72,72,b1ss,0,,2,0,1.0,0,256,65536,0,1,,,0,0,3,0,0,0,1,128,128,128,4,0,0,0,0,3,1,0,1
24215645164410032,0x560800400814b0,1,TND,FLOAT16,4,4096,4096,2,8,72,72,ss,0,,1,0,1.0,0,128,2048,2,1,4096/8064/12160/16128,4096/8064/12160/16128,0,0,3,1,0,0,1,128,128,128,4,0,0,0,0,3,1,0,1
24215645164410160,0x56080040081530,1,BSH,FLOAT16,48,2048,2048,1,4,72,72,2048,0,,0,0,0.9,3,256,0,2,1,,,0,0,3,0,1,0,1,128,128,128,4,0,0,0,0,3,1,0,1
24215645164410288,0x560800400815b0,1,TND,FLOAT16,32,2048,2048,1,2,72,72,2048,0,,1,0,0.5,0,128,2048,0,1,2048/3968/6016/7936/9984/11904/13952/15872/17920/19840/21888/23808/25856/27776/29824/31744/33792/35712/37760/39680/41728/43648/45696/47616/49664/51584/53632/55552/57600/59520/61568/63488,2048/3968/6016/7936/9984/11904/13952/15872/17920/19840/21888/23808/25856/27776/29824/31744/33792/35712/37760/39680/41728/43648/45696/47616/49664/51584/53632/55552/57600/59520/61568/63488,0,0,3,1,1,0,1,128,128,128,4,0,0,0,0,3,1,0,1
24215645164410416,0x56080040081630,1,BSND,FLOAT16,2,4096,4096,8,8,72,72,2048,1,slope_n,3,0,1.0,3,65536,65536,1,1,,,0,0,3,0,0,1,1,128,128,128,4,0,0,0,0,3,1,0,1
24215645164410544,0x560800400816b0,1,TND,FLOAT16,2,4096,4096,12,8,72,72,b1ss,1,slope_n,3,0,1.0,0,65536,1024,0,1,4096/4096,4096/4096,0,0,3,1,0,1,1,128,128,128,4,0,0,0,0,3,1,0,1
24215645164410672,0x56080040081730,1,BSND,FLOAT16,3,4096,4096,8,4,72,72,ss,1,slope,3,0,0.5,0,64,256,0,1,,,0,0,3,0,1,1,1,128,128,128,4,0,0,0,0,3,1,0,1
24215645164410800,0x560800400817b0,1,TND,FLOAT16,2,4096,4096,8,2,72,72,bnss,1,slope_n,3,0,0.9,0,64,65536,1,1,4096/4096,4096/4096,0,0,3,1,1,1,1,128,128,128,4,0,0,0,0,3,1,0,1
24246431489986608,0x56240040081030,1,BSND,FLOAT16,2,4096,4096,8,1,72,72,none,0,,1,0,1.0,0,65536,65536,0,1,,,0,0,3,0,0,0,0,128,128,128,2,1,0,0,0,3,1,0,1
24246431489986736,0x562400400810b0,1,TND,FLOAT16,32,2560,2560,2,1,72,72,none,0,,1,0,1.0,0,65536,65536,0,1,2048/4352/6912/8960/11264/13824/15872/18176/20736/22784/25088/27648/29696/32000/34560/36608/38912/41472/43520/45824/48384/50432/52736/52736/54784/57088/59648/61696/64000/66560/68608/70912,2048/4352/6912/8960/11264/13824/15872/18176/20736/20736/23040/25600/27648/29952/32512/34560/36864/39424/41472/43776/46336/48384/50688/53248/55296/57600/60160/62208/64512/67072/69120/71424,0,0,3,1,0,0,0,128,128,128,2,1,0,0,0,3,1,0,1
24246431489986864,0x56240040081130,1,BSND,FLOAT16,2,8192,4096,8,1,72,72,none,0,,1,0,0.5,2,65536,65536,0,1,,,0,0,3,0,1,0,0,128,128,128,2,1,0,0,0,3,1,0,1
24246431489986992,0x562400400811b0,1,TND,FLOAT16,32,2560,2560,2,1,72,72,none,0,,1,0,0.9,0,65536,65536,0,1,2048/4352/6912/8960/11264/13824/15872/18176/20736/22784/25088/27648/29696/32000/34560/36608/38912/41472/43520/45824/48384/50432/52736/52736/54784/57088/59648/61696/64000/66560/68608/70912,2048/4352/6912/8960/11264/13824/15872/18176/20736/20736/23040/25600/27648/29952/32512/34560/36864/39424/41472/43776/46336/48384/50688/53248/55296/57600/60160/62208/64512/67072/69120/71424,0,0,3,1,1,0,0,128,128,128,2,1,0,0,0,3,1,0,1
24246431489987120,0x56240040081230,1,BSND,FLOAT16,2,4096,4096,8,1,72,72,none,1,slope_n,3,0,1.0,0,65536,65536,0,1,,,0,0,3,0,0,1,0,128,128,128,2,1,0,0,0,3,1,0,1
24246431489987248,0x562400400812b0,1,TND,FLOAT16,2,4096,4096,8,1,72,72,none,1,slope_n,3,0,1.0,0,65536,65536,0,1,4096/4096,4096/4096,0,0,3,1,0,1,0,128,128,128,2,1,0,0,0,3,1,0,1
24246431489987376,0x56240040081330,1,BSND,FLOAT16,2,4096,8192,8,1,72,72,none,1,slope_n,3,0,0.9,2,65536,65536,0,1,,,0,0,3,0,1,1,0,128,128,128,2,1,0,0,0,3,1,0,1
24246431489987504,0x562400400813b0,1,TND,FLOAT16,2,4096,4096,8,1,72,72,none,1,slope_n,3,0,0.5,0,64,65536,1,1,4096/4096,4096/4096,0,0,3,1,1,1,0,128,128,128,2,1,0,0,0,3,1,0,1
24246431489987632,0x56240040081430,1,BSND,FLOAT16,2,4096,4096,8,1,72,72,b1ss,0,,1,0,1.0,0,65536,65536,0,1,,,0,0,3,0,0,0,1,128,128,128,2,1,0,0,0,3,1,0,1
24246431489987760,0x562400400814b0,1,TND,FLOAT16,32,2560,2560,2,1,72,72,bnss,0,,1,0,1.0,0,65536,65536,0,1,2048/4352/6912/8960/11264/13824/15872/18176/20736/22784/25088/27648/29696/32000/34560/36608/38912/41472/43520/45824/48384/50432/52736/52736/54784/57088/59648/61696/64000/66560/68608/70912,2048/4352/6912/8960/11264/13824/15872/18176/20736/20736/23040/25600/27648/29952/32512/34560/36864/39424/41472/43776/46336/48384/50688/53248/55296/57600/60160/62208/64512/67072/69120/71424,0,0,3,1,0,0,1,128,128,128,2,1,0,0,0,3,1,0,1
24246431489987888,0x56240040081530,1,BNSD,FLOAT16,64,4096,4096,4,1,72,72,11ss,0,,1,0,0.5,1,1,1024,1,1,,,0,0,3,0,1,0,1,128,128,128,2,1,0,0,0,3,1,0,1
24246431489988016,0x562400400815b0,1,TND,FLOAT16,32,2560,2560,2,1,72,72,bnss,0,,1,0,0.5,0,65536,65536,0,1,2048/4352/6912/8960/11264/13824/15872/18176/20736/22784/25088/27648/29696/32000/34560/36608/38912/41472/43520/45824/48384/50432/52736/52736/54784/57088/59648/61696/64000/66560/68608/70912,2048/4352/6912/8960/11264/13824/15872/18176/20736/20736/23040/25600/27648/29952/32512/34560/36864/39424/41472/43776/46336/48384/50688/53248/55296/57600/60160/62208/64512/67072/69120/71424,0,0,3,1,1,0,1,128,128,128,2,1,0,0,0,3,1,0,1
24246431489988144,0x56240040081630,1,BSND,FLOAT16,2,4096,8192,8,1,72,72,11ss,1,slope_n,3,0,1.0,0,65536,65536,2,1,,,0,0,3,0,0,1,1,128,128,128,2,1,0,0,0,3,1,0,1
24246431489988272,0x562400400816b0,1,TND,FLOAT16,2,4096,4096,8,1,72,72,bnss,1,slope_n,3,0,1.0,0,65536,65536,0,1,4096/4096,4096/4096,0,0,3,1,0,1,1,128,128,128,2,1,0,0,0,3,1,0,1
24246431489988400,0x56240040081730,1,BSND,FLOAT16,2,4096,8192,8,1,72,72,bnss,1,slope_n,3,0,0.5,0,65536,65536,2,1,,,0,0,3,0,1,1,1,128,128,128,2,1,0,0,0,3,1,0,1
24246431489988528,0x562400400817b0,1,TND,FLOAT16,2,4096,4096,8,1,72,72,bnss,1,slope_n,3,0,0.9,0,65536,65536,0,1,4096/4096,4096/4096,0,0,3,1,1,1,1,128,128,128,2,1,0,0,0,3,1,0,1
24248630513243184,0x56260040081430,1,SBH,FLOAT16,48,2048,2048,16,1,72,72,b1ss,0,,0,0,1.0,2,2048,1024,1,1,,,0,0,3,0,0,0,1,128,128,128,3,1,0,0,0,3,1,0,1
24248630513243312,0x562600400814b0,1,TND,FLOAT16,32,2048,2048,5,1,72,72,bnss,0,,1,0,1.0,2,0,1,0,1,2048/3968/6016/7936/9984/11904/13952/15872/17920/19840/21888/23808/25856/27776/29824/31744/33792/35712/37760/39680/41728/43648/45696/47616/49664/51584/53632/55552/57600/59520/61568/63488,2048/3968/6016/7936/9984/11904/13952/15872/17920/19840/21888/23808/25856/27776/29824/31744/33792/35712/37760/39680/41728/43648/45696/47616/49664/51584/53632/55552/57600/59520/61568/63488,0,0,3,1,0,0,1,128,128,128,3,1,0,0,0,3,1,0,1
24248630513243440,0x56260040081530,1,BSND,FLOAT16,2,8192,4096,8,1,72,72,2048,0,,1,0,0.5,2,65536,65536,0,1,,,0,0,3,0,1,0,1,128,128,128,3,1,0,0,0,3,1,0,1
24248630513243568,0x562600400815b0,1,TND,FLOAT16,32,2048,2048,4,1,72,72,bnss,0,,1,0,0.9,2,1,1,0,1,2048/3968/6016/7936/9984/11904/13952/15872/17920/19840/21888/23808/25856/27776/29824/31744/33792/35712/37760/39680/41728/43648/45696/47616/49664/51584/53632/55552/57600/59520/61568/63488,2048/3968/6016/7936/9984/11904/13952/15872/17920/19840/21888/23808/25856/27776/29824/31744/33792/35712/37760/39680/41728/43648/45696/47616/49664/51584/53632/55552/57600/59520/61568/63488,0,0,3,1,1,0,1,128,128,128,3,1,0,0,0,3,1,0,1
24248630513243696,0x56260040081630,1,BSND,FLOAT16,2,8192,4096,8,1,72,72,2048,1,slope_n,3,0,1.0,2,65536,65536,3,1,,,0,0,3,0,0,1,1,128,128,128,3,1,0,0,0,3,1,0,1
24248630513243824,0x562600400816b0,1,TND,FLOAT16,32,2048,2048,5,1,72,72,2048,1,bnhs,1,0,1.0,2,128,0,0,1,2048/3968/6016/7936/9984/11904/13952/15872/17920/19840/21888/23808/25856/27776/29824/31744/33792/35712/37760/39680/41728/43648/45696/47616/49664/51584/53632/55552/57600/59520/61568/63488,2048/3968/6016/7936/9984/11904/13952/15872/17920/19840/21888/23808/25856/27776/29824/31744/33792/35712/37760/39680/41728/43648/45696/47616/49664/51584/53632/55552/57600/59520/61568/63488,0,0,3,1,0,1,1,128,128,128,3,1,0,0,0,3,1,0,1
24248630513243952,0x56260040081730,1,BSH,FLOAT16,64,2048,8192,8,1,72,72,2048,1,bnss,1,0,0.5,2,256,512,0,1,,,0,0,3,0,1,1,1,128,128,128,3,1,0,0,0,3,1,0,1
24248630513244080,0x562600400817b0,1,TND,FLOAT16,32,2048,2048,4,1,72,72,bnss,1,bnhs,1,0,0.9,2,1,0,0,1,2048/3968/6016/7936/9984/11904/13952/15872/17920/19840/21888/23808/25856/27776/29824/31744/33792/35712/37760/39680/41728/43648/45696/47616/49664/51584/53632/55552/57600/59520/61568/63488,2048/3968/6016/7936/9984/11904/13952/15872/17920/19840/21888/23808/25856/27776/29824/31744/33792/35712/37760/39680/41728/43648/45696/47616/49664/51584/53632/55552/57600/59520/61568/63488,0,0,3,1,1,1,1,128,128,128,3,1,0,0,0,3,1,0,1
24250829536498736,0x56280040081430,1,BSND,FLOAT16,2,4096,4096,8,1,72,72,b1ss,0,,1,0,1.0,0,1,65536,0,1,,,0,0,3,0,0,0,1,128,128,128,4,1,0,0,0,3,1,0,1
24250829536498864,0x562800400814b0,1,TND,FLOAT16,2,4096,4096,8,1,72,72,bnss,0,,1,0,1.0,0,64,65536,1,1,4096/4096,4096/4096,0,0,3,1,0,0,1,128,128,128,4,1,0,0,0,3,1,0,1
24250829536498992,0x56280040081530,1,SBH,FLOAT16,16,4096,4096,5,1,72,72,2048,0,,0,0,0.9,4,64,65536,0,1,,,0,0,3,0,1,0,1,128,128,128,4,1,0,0,0,3,1,0,1
24250829536499120,0x562800400815b0,1,TND,FLOAT16,2,4096,4096,8,1,72,72,bnss,0,,1,0,0.9,0,64,65536,1,1,4096/4096,4096/4096,0,0,3,1,1,0,1,128,128,128,4,1,0,0,0,3,1,0,1
24250829536499248,0x56280040081630,1,BSND,FLOAT16,8,2048,4096,16,1,72,72,11ss,1,b1ss,0,0,1.0,0,128,65536,1,1,,,0,0,3,0,0,1,1,128,128,128,4,1,0,0,0,3,1,0,1
24250829536499376,0x562800400816b0,1,TND,FLOAT16,2,4096,4096,8,1,72,72,bnss,1,slope_n,3,0,1.0,0,65536,1024,0,1,4096/4096,4096/4096,0,0,3,1,0,1,1,128,128,128,4,1,0,0,0,3,1,0,1
24250829536499504,0x56280040081730,1,BNSD,FLOAT16,48,2048,2048,40,1,72,72,11ss,1,slope_n,2,0,0.9,0,65536,1024,3,1,,,0,0,3,0,1,1,1,128,128,128,4,1,0,0,0,3,1,0,1
24250829536499632,0x562800400817b0,1,TND,FLOAT16,2,4096,4096,8,1,72,72,bnss,1,slope_n,3,0,0.9,0,64,65536,1,1,4096/4096,4096/4096,0,0,3,1,1,1,1,128,128,128,4,1,0,0,0,3,1,0,1
24347586559742000,0x56800040081030,1,BSND,FLOAT16,2,4096,4096,8,1,72,16,none,0,,1,0,1.0,0,65536,65536,0,0,,,0,0,3,0,0,0,0,128,128,128,0,0,0,1,0,3,1,0,1
24347586559742128,0x568000400810b0,1,TND,FLOAT16,32,2560,2560,2,2,72,32,none,0,,1,0,1.0,0,65536,65536,0,0,2048/4352/6912/8960/11264/13824/15872/18176/20736/22784/25088/27648/29696/32000/34560/36608/38912/41472/43520/45824/48384/50432/52736/55296/57344/59648/62208/64256/66560/69120/71168/73472,2048/4352/6912/8960/11264/13824/15872/18176/20736/22784/25088/27648/29696/32000/34560/36608/38912/41472/43520/45824/48384/50432/52736/55296/57344/59648/62208/64256/66560/69120/71168/73472,0,0,3,1,0,0,0,128,128,128,0,0,0,1,0,3,1,0,1
24347586559742256,0x56800040081130,1,BSND,FLOAT16,2,4096,4096,8,1,72,16,none,0,,1,0,0.9,0,65536,65536,0,0,,,0,0,3,0,1,0,0,128,128,128,0,0,0,1,0,3,1,0,1
24347586559742384,0x568000400811b0,1,TND,FLOAT16,32,2560,2560,2,2,72,64,none,0,,1,0,0.9,0,65536,65536,0,0,2048/4352/6912/8960/11264/13824/15872/18176/20736/22784/25088/27648/29696/32000/34560/36608/38912/41472/43520/45824/48384/50432/52736/55296/57344/59648/62208/64256/66560/69120/71168/73472,2048/4352/6912/8960/11264/13824/15872/18176/20736/22784/25088/27648/29696/32000/34560/36608/38912/41472/43520/45824/48384/50432/52736/55296/57344/59648/62208/64256/66560/69120/71168/73472,0,0,3,1,1,0,0,128,128,128,0,0,0,1,0,3,1,0,1
24347586559742512,0x56800040081230,1,BSND,FLOAT16,2,4096,4096,8,1,72,16,none,1,slope_n,3,0,1.0,0,65536,65536,0,0,,,0,0,3,0,0,1,0,128,128,128,0,0,0,1,0,3,1,0,1
24347586559742640,0x568000400812b0,1,TND,FLOAT16,3,8192,2048,2,8,72,32,none,1,slope,2,0,1.0,4,65536,65536,0,0,4096/7168/15360,1024/1920/3968,0,0,3,1,0,1,0,128,128,128,0,0,0,1,0,3,1,0,1
24347586559742768,0x56800040081330,1,BSND,FLOAT16,2,4096,8192,8,1,72,32,none,1,slope_n,3,0,0.9,0,65536,256,0,0,,,0,0,3,0,1,1,0,128,128,128,0,0,0,1,0,3,1,0,1
24347586559742896,0x568000400813b0,1,TND,FLOAT16,3,8192,2048,2,8,72,32,none,1,slope,2,0,0.5,4,65536,65536,0,0,4096/7168/15360,1024/1920/3968,0,0,3,1,1,1,0,128,128,128,0,0,0,1,0,3,1,0,1
24347586559743024,0x56800040081430,1,BSND,FLOAT16,2,4096,4096,8,1,72,16,bnss,0,,1,0,1.0,0,65536,65536,0,0,,,0,0,3,0,0,0,1,128,128,128,0,0,0,1,0,3,1,0,1
24347586559743152,0x568000400814b0,1,TND,FLOAT16,32,2560,2560,2,2,72,32,b1ss,0,,1,0,1.0,0,65536,65536,0,0,2048/4352/6912/8960/11264/13824/15872/18176/20736/22784/25088/27648/29696/32000/34560/36608/38912/41472/43520/45824/48384/50432/52736/55296/57344/59648/62208/64256/66560/69120/71168/73472,2048/4352/6912/8960/11264/13824/15872/18176/20736/22784/25088/27648/29696/32000/34560/36608/38912/41472/43520/45824/48384/50432/52736/55296/57344/59648/62208/64256/66560/69120/71168/73472,0,0,3,1,0,0,1,128,128,128,0,0,0,1,0,3,1,0,1
24347586559743280,0x56800040081530,1,SBH,FLOAT16,48,4096,4096,4,2,72,16,ss,0,,2,0,0.5,1,128,0,2,0,,,0,0,3,0,1,0,1,128,128,128,0,0,0,1,0,3,1,0,1
24347586559743408,0x568000400815b0,1,TND,FLOAT16,32,2048,2048,1,2,72,64,2048,0,,1,0,0.5,2,128,0,0,0,2048/3968/6016/7936/9984/11904/13952/15872/17920/19840/21888/23808/25856/27776/29824/31744/33792/35712/37760/39680/41728/43648/45696/47616/49664/51584/53632/55552/57600/59520/61568/63488,2048/3968/6016/7936/9984/11904/13952/15872/17920/19840/21888/23808/25856/27776/29824/31744/33792/35712/37760/39680/41728/43648/45696/47616/49664/51584/53632/55552/57600/59520/61568/63488,0,0,3,1,1,0,1,128,128,128,0,0,0,1,0,3,1,0,1
24347586559743536,0x56800040081630,1,BSND,FLOAT16,2,8192,8192,40,1,72,32,ss,1,slope_n,3,0,1.0,0,65536,65536,0,0,,,0,0,3,0,0,1,1,128,128,128,0,0,0,1,0,3,1,0,1
24347586559743664,0x568000400816b0,1,TND,FLOAT16,32,2048,2048,2,2,72,32,2048,1,bnhs,1,0,1.0,2,128,0,0,0,2048/3968/6016/7936/9984/11904/13952/15872/17920/19840/21888/23808/25856/27776/29824/31744/33792/35712/37760/39680/41728/43648/45696/47616/49664/51584/53632/55552/57600/59520/61568/63488,2048/3968/6016/7936/9984/11904/13952/15872/17920/19840/21888/23808/25856/27776/29824/31744/33792/35712/37760/39680/41728/43648/45696/47616/49664/51584/53632/55552/57600/59520/61568/63488,0,0,3,1,0,1,1,128,128,128,0,0,0,1,0,3,1,0,1
24347586559743792,0x56800040081730,1,BSND,FLOAT16,2,8192,8192,40,1,72,32,ss,1,slope_n,3,0,0.9,0,65536,65536,0,0,,,0,0,3,0,1,1,1,128,128,128,0,0,0,1,0,3,1,0,1
24347586559743920,0x568000400817b0,1,TND,FLOAT16,32,2048,2048,1,2,72,64,2048,1,1nhs,1,0,0.5,2,128,0,0,0,2048/3968/6016/7936/9984/11904/13952/15872/17920/19840/21888/23808/25856/27776/29824/31744/33792/35712/37760/39680/41728/43648/45696/47616/49664/51584/53632/55552/57600/59520/61568/63488,2048/3968/6016/7936/9984/11904/13952/15872/17920/19840/21888/23808/25856/27776/29824/31744/33792/35712/37760/39680/41728/43648/45696/47616/49664/51584/53632/55552/57600/59520/61568/63488,0,0,3,1,1,1,1,128,128,128,0,0,0,1,0,3,1,0,1
24351984606253104,0x56840040081030,1,BSH,FLOAT16,4,4096,4096,2,2,72,48,none,0,,1,0,1.0,0,65536,65536,0,1,,,0,0,3,0,0,0,0,128,128,128,2,0,0,1,0,3,1,0,1
24351984606253232,0x568400400810b0,1,TND,FLOAT16,32,2560,2048,1,2,72,16,none,0,,1,0,1.0,0,65536,65536,0,1,2048/4352/6912/8960/11264/13824/15872/18176/20736/22784/25088/27648/29696/32000/34560/36608/36608/39168/41216/43520/46080/48128/50432/52992/55040/57344/59904/61952/64256/66816/68864/71168,2048/4096/6144/8192/10240/12288/14336/16384/18432/20480/22528/24576/26624/28672/30720/32768/34816/36864/38912/40960/43008/45056/47104/49152/51200/53248/55296/57344/59392/61440/63488/65536,0,0,3,1,0,0,0,128,128,128,2,0,0,1,0,3,1,0,1
24351984606253360,0x56840040081130,1,BSH,FLOAT16,48,4096,4096,2,2,72,48,none,0,,1,0,0.9,0,65536,64,0,1,,,0,0,3,0,1,0,0,128,128,128,2,0,0,1,0,3,1,0,1
24351984606253488,0x568400400811b0,1,TND,FLOAT16,32,2560,2560,2,2,72,32,none,0,,1,0,0.9,0,65536,65536,0,1,2048/4352/6912/8960/11264/13824/15872/18176/20736/22784/25088/27648/29696/32000/34560/36608/38912/41472/43520/45824/48384/50432/52736/55296/57344/59648/62208/64256/66560/69120/71168/73472,2048/4352/6912/8960/11264/13824/15872/18176/20736/22784/25088/27648/29696/32000/34560/36608/38912/41472/43520/45824/48384/50432/52736/55296/57344/59648/62208/64256/66560/69120/71168/73472,0,0,3,1,1,0,0,128,128,128,2,0,0,1,0,3,1,0,1
24351984606253616,0x56840040081230,1,BSND,FLOAT16,4,4096,4096,2,2,72,48,none,1,bnss,1,0,1.0,1,128,1024,0,1,,,0,0,3,0,0,1,0,128,128,128,2,0,0,1,0,3,1,0,1
24351984606253744,0x568400400812b0,1,TND,FLOAT16,3,4096,2048,4,8,72,32,none,1,slope,2,0,1.0,4,65536,65536,0,1,4096/8064/11904,2048/3968/5760,0,0,3,1,0,1,0,128,128,128,2,0,0,1,0,3,1,0,1
24351984606253872,0x56840040081330,1,BSH,FLOAT16,4,8192,4096,2,2,72,48,none,1,bnss,1,0,0.5,0,65536,65536,0,1,,,0,0,3,0,1,1,0,128,128,128,2,0,0,1,0,3,1,0,1
24351984606254000,0x568400400813b0,1,TND,FLOAT16,32,2560,2560,2,2,72,320,none,1,slope_n,3,0,0.5,0,65536,65536,0,1,2048/4352/6912/8960/11264/13824/15872/18176/20736/22784/25088/27648/29696/32000/34560/36608/38912/41472/43520/45824/48384/50432/52736/55296/57344/59648/62208/64256/66560/69120/71168/73472,2048/4352/6912/8960/11264/13824/15872/18176/20736/22784/25088/27648/29696/32000/34560/36608/38912/41472/43520/45824/48384/50432/52736/55296/57344/59648/62208/64256/66560/69120/71168/73472,0,0,3,1,1,1,0,128,128,128,2,0,0,1,0,3,1,0,1
24351984606254128,0x56840040081430,1,BSH,FLOAT16,32,2560,2560,1,2,72,16,bnss,0,,1,0,1.0,0,65536,65536,0,1,,,0,0,3,0,0,0,1,128,128,128,2,0,0,1,0,3,1,0,1
24351984606254256,0x568400400814b0,1,TND,FLOAT16,32,2560,2560,1,2,72,16,ss,0,,1,0,1.0,0,65536,65536,0,1,2048/4352/6912/8960/11264/13824/15872/18176/20736/22784/25088/27648/29696/32000/34560/36608/38912/41472/43520/45824/48384/50432/52736/55296/57344/59648/62208/64256/66560/69120/71168/73472,2048/4352/6912/8960/11264/13824/15872/18176/20736/22784/25088/27648/29696/32000/34560/36608/38912/41472/43520/45824/48384/50432/52736/55296/57344/59648/62208/64256/66560/69120/71168/73472,0,0,3,1,0,0,1,128,128,128,2,0,0,1,0,3,1,0,1
24351984606254384,0x56840040081530,1,BNSD,FLOAT16,32,2048,2048,1,8,72,16,b1ss,0,,3,0,0.5,4,65536,2048,0,1,,,0,0,3,0,1,0,1,128,128,128,2,0,0,1,0,3,1,0,1
24351984606254512,0x568400400815b0,1,TND,FLOAT16,32,2560,2560,1,2,72,16,ss,0,,1,0,0.5,0,65536,65536,0,1,2048/4352/6912/8960/11264/13824/15872/18176/20736/22784/25088/27648/29696/32000/34560/36608/38912/41472/43520/45824/48384/50432/52736/55296/57344/59648/62208/64256/66560/69120/71168/73472,2048/4352/6912/8960/11264/13824/15872/18176/20736/22784/25088/27648/29696/32000/34560/36608/38912/41472/43520/45824/48384/50432/52736/55296/57344/59648/62208/64256/66560/69120/71168/73472,0,0,3,1,1,0,1,128,128,128,2,0,0,1,0,3,1,0,1
24351984606254640,0x56840040081630,1,BSH,FLOAT16,4,8192,8192,2,2,72,48,ss,1,1nss,1,0,1.0,0,65536,65536,0,1,,,0,0,3,0,0,1,1,128,128,128,2,0,0,1,0,3,1,0,1
24351984606254768,0x568400400816b0,1,TND,FLOAT16,2,4096,4096,8,4,72,32,bnss,1,slope_n,3,0,1.0,0,65536,65536,0,1,4096/4096,4096/4096,0,0,3,1,0,1,1,128,128,128,2,0,0,1,0,3,1,0,1
24351984606254896,0x56840040081730,1,BSH,FLOAT16,48,8192,4096,2,2,72,48,ss,1,bnss,1,0,0.5,0,65536,65536,0,1,,,0,0,3,0,1,1,1,128,128,128,2,0,0,1,0,3,1,0,1
24351984606255024,0x568400400817b0,1,TND,FLOAT16,32,2560,2560,2,2,72,320,2048,1,slope_n,3,0,0.5,0,65536,65536,0,1,2048/4352/6912/8960/11264/13824/15872/18176/20736/22784/25088/27648/29696/32000/34560/36608/38912/41472/43520/45824/48384/50432/52736/55296/57344/59648/62208/64256/66560/69120/71168/73472,2048/4352/6912/8960/11264/13824/15872/18176/20736/22784/25088/27648/29696/32000/34560/36608/38912/41472/43520/45824/48384/50432/52736/55296/57344/59648/62208/64256/66560/69120/71168/73472,0,0,3,1,1,1,1,128,128,128,2,0,0,1,0,3,1,0,1
24354183629509680,0x56860040081430,1,BSH,FLOAT16,64,2048,8192,4,8,72,64,2048,0,,1,0,1.0,2,128,256,1,1,,,0,0,3,0,0,0,1,128,128,128,3,0,0,1,0,3,1,0,1
24354183629509808,0x568600400814b0,1,TND,FLOAT16,3,8192,2048,12,2,72,16,2048,0,,1,0,1.0,2,128,1,0,1,4096/7168/15360,512/1280/3328,0,0,3,1,0,0,1,128,128,128,3,0,0,1,0,3,1,0,1
24354183629509936,0x56860040081530,1,TND,FLOAT16,8,4096,4096,12,4,72,192,2048,0,,1,0,0.5,3,1,65536,0,1,4096/8192/12288/16384/20480/24576/28672/32768,4096/8192/12288/16384/20480/24576/28672/32768,0,0,3,0,1,0,1,128,128,128,3,0,0,1,0,3,1,0,1
24354183629510064,0x568600400815b0,1,TND,FLOAT16,32,2048,2048,2,2,72,96,2048,0,,1,0,0.9,2,128,0,0,1,2048/3968/6016/7936/9984/11904/13952/15872/17920/19840/21888/23808/25856/27776/29824/31744/33792/35712/37760/39680/41728/43648/45696/47616/49664/51584/53632/55552/57600/59520/61568/63488,2048/3968/6016/7936/9984/11904/13952/15872/17920/19840/21888/23808/25856/27776/29824/31744/33792/35712/37760/39680/41728/43648/45696/47616/49664/51584/53632/55552/57600/59520/61568/63488,0,0,3,1,1,0,1,128,128,128,3,0,0,1,0,3,1,0,1
24354183629510192,0x56860040081630,1,BSH,FLOAT16,4,2048,2048,4,8,72,64,2048,1,bnss,1,0,1.0,2,128,0,0,1,,,0,0,3,0,0,1,1,128,128,128,3,0,0,1,0,3,1,0,1
24354183629510320,0x568600400816b0,1,TND,FLOAT16,32,2048,2048,1,2,72,64,2048,1,1nhs,1,0,1.0,3,128,0,0,1,2048/3968/6016/7936/9984/11904/13952/15872/17920/19840/21888/23808/25856/27776/29824/31744/33792/35712/37760/39680/41728/43648/45696/47616/49664/51584/53632/55552/57600/59520/61568/63488,2048/3968/6016/7936/9984/11904/13952/15872/17920/19840/21888/23808/25856/27776/29824/31744/33792/35712/37760/39680/41728/43648/45696/47616/49664/51584/53632/55552/57600/59520/61568/63488,0,0,3,1,0,1,1,128,128,128,3,0,0,1,0,3,1,0,1
24354183629510448,0x56860040081730,1,BSND,FLOAT16,2,4096,4096,40,4,72,16,2048,1,slope,3,0,0.5,2,64,1,1,1,,,0,0,3,0,1,1,1,128,128,128,3,0,0,1,0,3,1,0,1
24354183629510576,0x568600400817b0,1,TND,FLOAT16,32,2048,2048,1,2,72,64,2048,1,bnhs,1,0,0.5,2,128,0,0,1,2048/3968/6016/7936/9984/11904/13952/15872/17920/19840/21888/23808/25856/27776/29824/31744/33792/35712/37760/39680/41728/43648/45696/47616/49664/51584/53632/55552/57600/59520/61568/63488,2048/3968/6016/7936/9984/11904/13952/15872/17920/19840/21888/23808/25856/27776/29824/31744/33792/35712/37760/39680/41728/43648/45696/47616/49664/51584/53632/55552/57600/59520/61568/63488,0,0,3,1,1,1,1,128,128,128,3,0,0,1,0,3,1,0,1
24356382652765232,0x56880040081430,1,BNSD,FLOAT16,32,2560,2560,1,2,72,16,bnss,0,,1,0,1.0,0,1024,65536,0,1,,,0,0,3,0,0,0,1,128,128,128,4,0,0,1,0,3,1,0,1
24356382652765360,0x568800400814b0,1,TND,FLOAT16,32,2560,2560,1,2,72,16,ss,0,,1,0,1.0,0,128,65536,0,1,2048/4352/6912/8960/11264/13824/15872/18176/20736/22784/25088/27648/29696/32000/34560/36608/38912/41472/43520/45824/48384/50432/52736/55296/57344/59648/62208/64256/66560/69120/71168/73472,2048/4352/6912/8960/11264/13824/15872/18176/20736/22784/25088/27648/29696/32000/34560/36608/38912/41472/43520/45824/48384/50432/52736/55296/57344/59648/62208/64256/66560/69120/71168/73472,0,0,3,1,0,0,1,128,128,128,4,0,0,1,0,3,1,0,1
24356382652765488,0x56880040081530,1,BNSD,FLOAT16,32,2048,2048,1,8,72,16,b1ss,0,,3,0,0.5,4,0,2048,0,1,,,0,0,3,0,1,0,1,128,128,128,4,0,0,1,0,3,1,0,1
24356382652765616,0x568800400815b0,1,TND,FLOAT16,32,2560,2560,1,2,72,16,2048,0,,1,0,0.5,0,128,65536,0,1,2048/4352/6912/8960/11264/13824/15872/18176/20736/22784/25088/27648/29696/32000/34560/36608/38912/41472/43520/45824/48384/50432/52736/55296/57344/59648/62208/64256/66560/69120/71168/73472,2048/4352/6912/8960/11264/13824/15872/18176/20736/22784/25088/27648/29696/32000/34560/36608/38912/41472/43520/45824/48384/50432/52736/55296/57344/59648/62208/64256/66560/69120/71168/73472,0,0,3,1,1,0,1,128,128,128,4,0,0,1,0,3,1,0,1
24356382652765744,0x56880040081630,1,BSH,FLOAT16,4,4096,8192,16,2,72,48,ss,1,b1ss,1,0,1.0,0,512,0,0,1,,,0,0,3,0,0,1,1,128,128,128,4,0,0,1,0,3,1,0,1
24356382652765872,0x568800400816b0,1,TND,FLOAT16,2,4096,4096,8,2,72,16,bnss,1,slope_n,3,0,1.0,0,1024,65536,0,1,4096/4096,4096/4096,0,0,3,1,0,1,1,128,128,128,4,0,0,1,0,3,1,0,1
24356382652766000,0x56880040081730,1,BSH,FLOAT16,4,4096,8192,40,2,72,48,ss,1,b1ss,1,0,0.9,0,512,0,0,1,,,0,0,3,0,1,1,1,128,128,128,4,0,0,1,0,3,1,0,1
24356382652766128,0x568800400817b0,1,TND,FLOAT16,32,2560,2560,2,2,72,320,2048,1,slope_n,3,0,0.5,0,65536,128,0,1,2048/4352/6912/8960/11264/13824/15872/18176/20736/22784/25088/27648/29696/32000/34560/36608/38912/41472/43520/45824/48384/50432/52736/55296/57344/59648/62208/64256/66560/69120/71168/73472,2048/4352/6912/8960/11264/13824/15872/18176/20736/22784/25088/27648/29696/32000/34560/36608/38912/41472/43520/45824/48384/50432/52736/55296/57344/59648/62208/64256/66560/69120/71168/73472,0,0,3,1,1,1,1,128,128,128,4,0,0,1,0,3,1,0,1
24387168978341936,0x56a40040081030,1,BSH,FLOAT16,4,4096,4096,4,1,72,48,none,0,,1,0,1.0,0,65536,65536,0,1,,,0,0,3,0,0,0,0,128,128,128,2,1,0,1,0,3,1,0,1
24387168978342064,0x56a400400810b0,1,TND,FLOAT16,32,2560,2560,2,1,72,16,none,0,,1,0,1.0,0,65536,65536,0,1,2048/4352/6912/8960/11264/13824/15872/18176/20736/22784/25088/27648/29696/32000/34560/36608/38912/41472/43520/45824/48384/50432/52736/52736/54784/57088/59648/61696/64000/66560/68608/70912,2048/4352/6912/8960/11264/13824/15872/18176/20736/20736/23040/25600/27648/29952/32512/34560/36864/39424/41472/43776/46336/48384/50688/53248/55296/57600/60160/62208/64512/67072/69120/71424,0,0,3,1,0,0,0,128,128,128,2,1,0,1,0,3,1,0,1
24387168978342192,0x56a40040081130,1,BSH,FLOAT16,48,4096,4096,4,1,72,48,none,0,,1,0,0.5,0,65536,65536,0,1,,,0,0,3,0,1,0,0,128,128,128,2,1,0,1,0,3,1,0,1
24387168978342320,0x56a400400811b0,1,TND,FLOAT16,32,2560,2560,2,1,72,16,none,0,,1,0,0.5,0,65536,65536,0,1,2048/4352/6912/8960/11264/13824/15872/18176/20736/22784/25088/27648/29696/32000/34560/36608/38912/41472/43520/45824/48384/50432/52736/52736/54784/57088/59648/61696/64000/66560/68608/70912,2048/4352/6912/8960/11264/13824/15872/18176/20736/20736/23040/25600/27648/29952/32512/34560/36864/39424/41472/43776/46336/48384/50688/53248/55296/57600/60160/62208/64512/67072/69120/71424,0,0,3,1,1,0,0,128,128,128,2,1,0,1,0,3,1,0,1
24387168978342448,0x56a40040081230,1,BSND,FLOAT16,2,4096,8192,8,1,72,32,none,1,slope_n,3,0,1.0,0,65536,65536,0,1,,,0,0,3,0,0,1,0,128,128,128,2,1,0,1,0,3,1,0,1
24387168978342576,0x56a400400812b0,1,TND,FLOAT16,2,4096,4096,8,1,72,32,none,1,slope_n,3,0,1.0,0,65536,65536,0,1,4096/4096,4096/4096,0,0,3,1,0,1,0,128,128,128,2,1,0,1,0,3,1,0,1
24387168978342704,0x56a40040081330,1,BSND,FLOAT16,2,4096,8192,8,1,72,32,none,1,slope_n,3,0,0.9,0,65536,65536,0,1,,,0,0,3,0,1,1,0,128,128,128,2,1,0,1,0,3,1,0,1
24387168978342960,0x56a40040081430,1,BSH,FLOAT16,3,2048,2048,40,1,72,16,2048,0,,1,0,1.0,1,65536,65536,0,1,,,0,0,3,0,0,0,1,128,128,128,2,1,0,1,0,3,1,0,1
24387168978343088,0x56a400400814b0,1,TND,FLOAT16,32,2560,2560,2,1,72,16,ss,0,,1,0,1.0,0,65536,65536,0,1,2048/4352/6912/8960/11264/13824/15872/18176/20736/22784/25088/27648/29696/32000/34560/36608/38912/41472/43520/45824/48384/50432/52736/52736/54784/57088/59648/61696/64000/66560/68608/70912,2048/4352/6912/8960/11264/13824/15872/18176/20736/20736/23040/25600/27648/29952/32512/34560/36864/39424/41472/43776/46336/48384/50688/53248/55296/57600/60160/62208/64512/67072/69120/71424,0,0,3,1,0,0,1,128,128,128,2,1,0,1,0,3,1,0,1
24387168978343216,0x56a40040081530,1,BSH,FLOAT16,3,2048,2048,40,1,72,16,2048,0,,1,0,0.5,1,65536,65536,0,1,,,0,0,3,0,1,0,1,128,128,128,2,1,0,1,0,3,1,0,1
24387168978343344,0x56a400400815b0,1,TND,FLOAT16,32,2560,2560,2,1,72,16,ss,0,,1,0,0.5,0,65536,65536,0,1,2048/4352/6912/8960/11264/13824/15872/18176/20736/22784/25088/27648/29696/32000/34560/36608/38912/41472/43520/45824/48384/50432/52736/52736/54784/57088/59648/61696/64000/66560/68608/70912,2048/4352/6912/8960/11264/13824/15872/18176/20736/20736/23040/25600/27648/29952/32512/34560/36864/39424/41472/43776/46336/48384/50688/53248/55296/57600/60160/62208/64512/67072/69120/71424,0,0,3,1,1,0,1,128,128,128,2,1,0,1,0,3,1,0,1
24387168978343472,0x56a40040081630,1,SBH,FLOAT16,48,4096,4096,1,1,72,64,b1ss,1,slope_n,3,0,1.0,1,0,2048,3,1,,,0,0,3,0,0,1,1,128,128,128,2,1,0,1,0,3,1,0,1
24387168978343600,0x56a400400816b0,1,TND,FLOAT16,2,4096,4096,8,1,72,32,bnss,1,slope_n,3,0,1.0,0,65536,65536,0,1,4096/4096,4096/4096,0,0,3,1,0,1,1,128,128,128,2,1,0,1,0,3,1,0,1
24387168978343728,0x56a40040081730,1,BSH,FLOAT16,3,2048,2048,40,1,72,16,2048,1,bnss,1,0,0.5,1,65536,65536,0,1,,,0,0,3,0,1,1,1,128,128,128,2,1,0,1,0,3,1,0,1
24387168978343856,0x56a400400817b0,1,TND,FLOAT16,2,4096,4096,8,1,72,16,bnss,1,slope_n,3,0,0.5,0,65536,65536,0,1,4096/4096,4096/4096,0,0,3,1,1,1,1,128,128,128,2,1,0,1,0,3,1,0,1
24389368001598512,0x56a60040081430,1,BSH,FLOAT16,3,2048,2048,40,1,72,16,2048,0,,1,0,1.0,2,65536,128,0,1,,,0,0,3,0,0,0,1,128,128,128,3,1,0,1,0,3,1,0,1
24389368001598640,0x56a600400814b0,1,TND,FLOAT16,32,2560,2560,2,1,72,16,bnss,0,,1,0,1.0,0,65536,0,0,1,2048/4352/6912/8960/11264/13824/15872/18176/20736/22784/25088/27648/29696/32000/34560/36608/38912/41472/43520/45824/48384/50432/52736/52736/54784/57088/59648/61696/64000/66560/68608/70912,2048/4352/6912/8960/11264/13824/15872/18176/20736/20736/23040/25600/27648/29952/32512/34560/36864/39424/41472/43776/46336/48384/50688/53248/55296/57600/60160/62208/64512/67072/69120/71424,0,0,3,1,0,0,1,128,128,128,3,1,0,1,0,3,1,0,1
24389368001598768,0x56a60040081530,1,BSH,FLOAT16,16,2048,2048,8,1,72,64,2048,0,,0,0,0.5,2,65536,1024,0,1,,,0,0,3,0,1,0,1,128,128,128,3,1,0,1,0,3,1,0,1
24389368001598896,0x56a600400815b0,1,TND,FLOAT16,32,2048,2048,5,1,72,128,b1ss,0,,1,0,0.9,2,128,0,0,1,2048/3968/6016/7936/9984/11904/13952/15872/17920/19840/21888/23808/25856/27776/29824/31744/33792/35712/37760/39680/41728/43648/45696/47616/49664/51584/53632/55552/57600/59520/61568/63488,2048/3968/6016/7936/9984/11904/13952/15872/17920/19840/21888/23808/25856/27776/29824/31744/33792/35712/37760/39680/41728/43648/45696/47616/49664/51584/53632/55552/57600/59520/61568/63488,0,0,3,1,1,0,1,128,128,128,3,1,0,1,0,3,1,0,1
24389368001599024,0x56a60040081630,1,BSH,FLOAT16,16,2048,2048,8,1,72,64,2048,1,1nss,0,0,1.0,2,65536,1024,0,1,,,0,0,3,0,0,1,1,128,128,128,3,1,0,1,0,3,1,0,1
24389368001599152,0x56a600400816b0,1,TND,FLOAT16,32,2048,2048,5,1,72,128,2048,1,bnhs,1,0,1.0,2,128,0,0,1,2048/3968/6016/7936/9984/11904/13952/15872/17920/19840/21888/23808/25856/27776/29824/31744/33792/35712/37760/39680/41728/43648/45696/47616/49664/51584/53632/55552/57600/59520/61568/63488,2048/3968/6016/7936/9984/11904/13952/15872/17920/19840/21888/23808/25856/27776/29824/31744/33792/35712/37760/39680/41728/43648/45696/47616/49664/51584/53632/55552/57600/59520/61568/63488,0,0,3,1,0,1,1,128,128,128,3,1,0,1,0,3,1,0,1
24389368001599280,0x56a60040081730,1,BSH,FLOAT16,3,2048,2048,40,1,72,16,2048,1,bnss,1,0,0.5,2,65536,65536,0,1,,,0,0,3,0,1,1,1,128,128,128,3,1,0,1,0,3,1,0,1
24389368001599408,0x56a600400817b0,1,TND,FLOAT16,32,2048,2048,16,1,72,32,2048,1,bnhs,1,0,0.5,2,128,0,0,1,2048/3968/6016/7936/9984/11904/13952/15872/17920/19840/21888/23808/25856/27776/29824/31744/33792/35712/37760/39680/41728/43648/45696/47616/49664/51584/53632/55552/57600/59520/61568/63488,2048/3968/6016/7936/9984/11904/13952/15872/17920/19840/21888/23808/25856/27776/29824/31744/33792/35712/37760/39680/41728/43648/45696/47616/49664/51584/53632/55552/57600/59520/61568/63488,0,0,3,1,1,1,1,128,128,128,3,1,0,1,0,3,1,0,1
24391567024854064,0x56a80040081430,1,BSND,FLOAT16,2,4096,4096,40,1,72,32,ss,0,,1,0,1.0,0,1024,65536,0,1,,,0,0,3,0,0,0,1,128,128,128,4,1,0,1,0,3,1,0,1
24391567024854192,0x56a800400814b0,1,TND,FLOAT16,32,2560,2560,2,1,72,16,ss,0,,1,0,1.0,0,65536,2048,0,1,2048/4352/6912/8960/11264/13824/15872/18176/20736/22784/25088/27648/29696/32000/34560/36608/38912/41472/43520/45824/48384/50432/52736/52736/54784/57088/59648/61696/64000/66560/68608/70912,2048/4352/6912/8960/11264/13824/15872/18176/20736/20736/23040/25600/27648/29952/32512/34560/36864/39424/41472/43776/46336/48384/50688/53248/55296/57600/60160/62208/64512/67072/69120/71424,0,0,3,1,0,0,1,128,128,128,4,1,0,1,0,3,1,0,1
24391567024854320,0x56a80040081530,1,BSND,FLOAT16,32,2560,2560,40,1,72,16,ss,0,,1,0,0.9,0,1024,65536,0,1,,,0,0,3,0,1,0,1,128,128,128,4,1,0,1,0,3,1,0,1
24391567024854448,0x56a800400815b0,1,TND,FLOAT16,32,2560,2560,2,1,72,16,bnss,0,,1,0,0.5,0,64,65536,0,1,2048/4352/6912/8960/11264/13824/15872/18176/20736/22784/25088/27648/29696/32000/34560/36608/38912/41472/43520/45824/48384/50432/52736/52736/54784/57088/59648/61696/64000/66560/68608/70912,2048/4352/6912/8960/11264/13824/15872/18176/20736/20736/23040/25600/27648/29952/32512/34560/36864/39424/41472/43776/46336/48384/50688/53248/55296/57600/60160/62208/64512/67072/69120/71424,0,0,3,1,1,0,1,128,128,128,4,1,0,1,0,3,1,0,1
24391567024854576,0x56a80040081630,1,BSND,FLOAT16,2,4096,4096,40,1,72,32,ss,1,bnss,1,0,1.0,0,1024,65536,0,1,,,0,0,3,0,0,1,1,128,128,128,4,1,0,1,0,3,1,0,1
24391567024854704,0x56a800400816b0,1,TND,FLOAT16,2,4096,4096,8,1,72,16,bnss,1,slope_n,3,0,1.0,0,1024,65536,0,1,4096/4096,4096/4096,0,0,3,1,0,1,1,128,128,128,4,1,0,1,0,3,1,0,1
24391567024854832,0x56a80040081730,1,BSND,FLOAT16,2,4096,4096,40,1,72,32,ss,1,bnss,1,0,0.9,0,1024,65536,0,1,,,0,0,3,0,1,1,1,128,128,128,4,1,0,1,0,3,1,0,1
24391567024854960,0x56a800400817b0,1,TND,FLOAT16,2,4096,4096,8,1,72,32,bnss,1,slope_n,3,0,0.9,0,64,65536,0,1,4096/4096,4096/4096,0,0,3,1,1,1,1,128,128,128,4,1,0,1,0,3,1,0,1
28147498208465060,0x640000200810a4,1,TND,BF16,4,4096,4096,2,1,64,64,none,0,,1,0,1.0,0,65536,65536,0,0,4096/8064/12160/16128,4096/8064/12160/16128,0,5,2,1,0,0,0,128,128,64,0,0,0,0,0,2,0,1,1
28147498208465316,0x640000200811a4,1,TND,BF16,4,4096,4096,2,1,64,64,none,0,,1,0,0.5,0,65536,65536,0,0,4096/8064/12160/16128,4096/8064/12160/16128,0,5,2,1,1,0,0,128,128,64,0,0,0,0,0,2,0,1,1
28147498208465572,0x640000200812a4,1,TND,BF16,4,4096,4096,2,1,64,64,none,1,slope_n,2,0,1.0,0,65536,65536,0,0,4096/8064/12160/16128,4096/8064/12160/16128,0,5,2,1,0,1,0,128,128,64,0,0,0,0,0,2,0,1,1
28147498208465828,0x640000200813a4,1,TND,BF16,4,4096,4096,2,1,64,64,none,1,slope_n,2,0,0.5,0,65536,65536,0,0,4096/8064/12160/16128,4096/8064/12160/16128,0,5,2,1,1,1,0,128,128,64,0,0,0,0,0,2,0,1,1
28147498208466084,0x640000200814a4,1,TND,BF16,32,2048,2048,2,1,64,64,2048,0,,1,0,1.0,2,128,0,0,0,2048/3968/6016/7936/9984/11904/13952/15872/17920/19840/21888/23808/25856/27776/29824/31744/33792/35712/37760/39680/41728/43648/45696/47616/49664/51584/53632/55552/57600/59520/61568/63488,2048/3968/6016/7936/9984/11904/13952/15872/17920/19840/21888/23808/25856/27776/29824/31744/33792/35712/37760/39680/41728/43648/45696/47616/49664/51584/53632/55552/57600/59520/61568/63488,0,5,2,1,0,0,1,128,128,64,0,0,0,0,0,2,0,1,1
28147498208466340,0x640000200815a4,1,TND,BF16,32,2048,2048,2,1,64,64,2048,0,,1,0,0.9,2,128,0,0,0,2048/3968/6016/7936/9984/11904/13952/15872/17920/19840/21888/23808/25856/27776/29824/31744/33792/35712/37760/39680/41728/43648/45696/47616/49664/51584/53632/55552/57600/59520/61568/63488,2048/3968/6016/7936/9984/11904/13952/15872/17920/19840/21888/23808/25856/27776/29824/31744/33792/35712/37760/39680/41728/43648/45696/47616/49664/51584/53632/55552/57600/59520/61568/63488,0,5,2,1,1,0,1,128,128,64,0,0,0,0,0,2,0,1,1
28147498208466596,0x640000200816a4,1,TND,BF16,32,2048,2048,2,1,64,64,2048,1,1nhs,0,0,1.0,2,128,0,0,0,2048/3968/6016/7936/9984/11904/13952/15872/17920/19840/21888/23808/25856/27776/29824/31744/33792/35712/37760/39680/41728/43648/45696/47616/49664/51584/53632/55552/57600/59520/61568/63488,2048/3968/6016/7936/9984/11904/13952/15872/17920/19840/21888/23808/25856/27776/29824/31744/33792/35712/37760/39680/41728/43648/45696/47616/49664/51584/53632/55552/57600/59520/61568/63488,0,5,2,1,0,1,1,128,128,64,0,0,0,0,0,2,0,1,1
28147498208466852,0x640000200817a4,1,TND,BF16,32,2048,2048,2,1,64,64,2048,1,1nhs,0,0,0.5,2,128,0,0,0,2048/3968/6016/7936/9984/11904/13952/15872/17920/19840/21888/23808/25856/27776/29824/31744/33792/35712/37760/39680/41728/43648/45696/47616/49664/51584/53632/55552/57600/59520/61568/63488,2048/3968/6016/7936/9984/11904/13952/15872/17920/19840/21888/23808/25856/27776/29824/31744/33792/35712/37760/39680/41728/43648/45696/47616/49664/51584/53632/55552/57600/59520/61568/63488,0,5,2,1,1,1,1,128,128,64,0,0,0,0,0,2,0,1,1
28147498745335972,0x640000400810a4,1,TND,BF16,2,4096,4096,16,1,128,128,none,0,,1,0,1.0,0,65536,65536,0,0,4096/8064,4096/8064,0,5,2,1,0,0,0,128,128,128,0,0,0,0,0,2,0,1,1
28147498745336228,0x640000400811a4,1,TND,BF16,4,4096,4096,4,1,128,128,none,0,,1,0,0.9,0,65536,65536,0,0,4096/8064/12160/16128,4096/8064/12160/16128,0,5,2,1,1,0,0,128,128,128,0,0,0,0,0,2,0,1,1
28147498745336484,0x640000400812a4,1,TND,BF16,3,2048,16384,2,1,128,128,none,1,slope,2,0,1.0,4,65536,65536,0,0,1024/1920/3968,16384/32768/49152,0,5,2,1,0,1,0,128,128,128,0,0,0,0,0,2,0,1,1
28147498745336740,0x640000400813a4,1,TND,BF16,2,4096,4096,8,1,72,72,none,1,slope_n,3,0,0.5,0,65536,65536,0,0,4096/8192,4096/8192,0,5,2,1,1,1,0,128,128,128,0,0,0,0,0,2,0,1,1
28147498745336996,0x640000400814a4,1,TND,BF16,4,4096,4096,4,1,128,128,2048,0,,1,0,1.0,2,128,0,0,0,4096/8064/12160/16128,4096/8064/12160/16128,0,5,2,1,0,0,1,128,128,128,0,0,0,0,0,2,0,1,1
28147498745337252,0x640000400815a4,1,TND,BF16,32,2048,2048,2,1,128,128,2048,0,,1,0,0.9,2,128,0,0,0,2048/3968/6016/7936/9984/11904/13952/15872/17920/19840/21888/23808/25856/27776/29824/31744/33792/35712/37760/39680/41728/43648/45696/47616/49664/51584/53632/55552/57600/59520/61568/63488,2048/3968/6016/7936/9984/11904/13952/15872/17920/19840/21888/23808/25856/27776/29824/31744/33792/35712/37760/39680/41728/43648/45696/47616/49664/51584/53632/55552/57600/59520/61568/63488,0,5,2,1,1,0,1,128,128,128,0,0,0,0,0,2,0,1,1
28147498745337508,0x640000400816a4,1,TND,BF16,32,2048,128,2,1,128,128,2048,1,1nhs,0,0,1.0,2,128,0,0,0,2048/4096/6144/8192/10240/12288/14336/16384/18432/20480/22528/24576/26624/28672/30720/32768/34816/36864/38912/40960/43008/45056/47104/49152/51200/53248/55296/57344/59392/61440/63488/65536,128/256/384/512/640/768/896/1024/1152/1280/1408/1536/1664/1792/1920/2048/2176/2304/2432/2560/2688/2816/2944/3072/3200/3328/3456/3584/3712/3840/3968/4096,0,5,2,1,0,1,1,128,128,128,0,0,0,0,0,2,0,1,1
28147498745337764,0x640000400817a4,1,TND,BF16,32,2048,2048,2,1,128,128,2048,1,1nhs,0,0,0.5,2,128,0,0,0,2048/3968/6016/7936/9984/11904/13952/15872/17920/19840/21888/23808/25856/27776/29824/31744/33792/35712/37760/39680/41728/43648/45696/47616/49664/51584/53632/55552/57600/59520/61568/63488,2048/3968/6016/7936/9984/11904/13952/15872/17920/19840/21888/23808/25856/27776/29824/31744/33792/35712/37760/39680/41728/43648/45696/47616/49664/51584/53632/55552/57600/59520/61568/63488,0,5,2,1,1,1,1,128,128,128,0,0,0,0,0,2,0,1,1
28147499282206884,0x640000600810a4,1,TND,BF16,4,4096,4096,2,1,192,192,none,0,,1,0,1.0,0,65536,65536,0,0,4096/8064/12160/16128,4096/8064/12160/16128,0,5,2,1,0,0,0,128,128,192,0,0,0,0,0,2,0,1,1
28147499282207396,0x640000600812a4,1,TND,BF16,4,4096,4096,2,1,192,192,none,1,slope_n,2,0,1.0,0,65536,65536,0,0,4096/8064/12160/16128,4096/8064/12160/16128,0,5,2,1,0,1,0,128,128,192,0,0,0,0,0,2,0,1,1
28147499282207908,0x640000600814a4,1,TND,BF16,32,2048,2048,2,1,192,192,2048,0,,1,0,1.0,2,128,0,0,0,2048/3968/6016/7936/9984/11904/13952/15872/17920/19840/21888/23808/25856/27776/29824/31744/33792/35712/37760/39680/41728/43648/45696/47616/49664/51584/53632/55552/57600/59520/61568/63488,2048/3968/6016/7936/9984/11904/13952/15872/17920/19840/21888/23808/25856/27776/29824/31744/33792/35712/37760/39680/41728/43648/45696/47616/49664/51584/53632/55552/57600/59520/61568/63488,0,5,2,1,0,0,1,128,128,192,0,0,0,0,0,2,0,1,1
28147499282208420,0x640000600816a4,1,TND,BF16,16,2048,2048,4,1,192,192,2048,1,slope,3,0,1.0,3,512,512,1,0,2048/4096/6144/8192/10240/12288/14336/16384/18432/20480/22528/24576/26624/28672/30720/32768,2048/4096/6144/8192/10240/12288/14336/16384/18432/20480/22528/24576/26624/28672/30720/32768,0,5,2,1,0,1,1,128,128,192,0,0,0,0,0,2,0,1,1
28147499819077796,0x640000800810a4,1,TND,BF16,4,4096,4096,2,1,256,256,none,0,,1,0,1.0,3,0,256,0,0,4096/8192/12288/16384,4096/8192/12288/16384,0,5,2,1,0,0,0,128,128,256,0,0,0,0,0,2,0,1,1
28147499819078308,0x640000800812a4,1,TND,BF16,4,4096,4096,2,1,256,256,none,1,slope_n,2,0,1.0,0,65536,65536,0,0,4096/8064/12160/16128,4096/8064/12160/16128,0,5,2,1,0,1,0,128,128,256,0,0,0,0,0,2,0,1,1
28147499819078820,0x640000800814a4,1,TND,BF16,4,4096,4096,2,1,256,256,2048,0,,1,0,1.0,1,0,65536,0,0,4096/8064/12160/16128,4096/8064/12160/16128,0,5,2,1,0,0,1,128,128,256,0,0,0,0,0,2,0,1,1
28147499819079332,0x640000800816a4,1,TND,BF16,33,2048,128,2,1,256,256,2048,1,1nhs,0,0,1.0,2,128,0,0,0,2048/3968/6016/7936/9984/11904/13952/15872/17920/19840/21888/23808/25856/27776/29824/31744/33792/35712/37760/39680/41728/43648/45696/47616/49664/51584/53632/55552/57600/59520/61568/63488/63616,128/256/384/512/640/768/896/1024/1152/1280/1408/1536/1664/1792/1920/2048/2176/2304/2432/2560/2688/2816/2944/3072/3200/3328/3456/3584/3712/3840/3968/4096/4224,0,5,2,1,0,1,1,128,128,256,0,0,0,0,0,2,0,1,1
28147500355948708,0x640000a00810a4,1,TND,BF16,3,8192,1024,8,1,320,320,none,0,,1,0,1.0,4,65536,65536,0,0,4096/7168/15360,1024/2048/3072,0,5,2,1,0,0,0,128,128,768,0,0,0,0,0,2,0,1,1
28147500355949220,0x640000a00812a4,1,TND,BF16,3,4096,32768,2,1,512,512,none,1,slope,2,0,1.0,4,65536,65536,0,0,2048/3840/7936,16384/28672/61440,0,5,2,1,0,1,0,128,128,768,0,0,0,0,0,2,0,1,1
28147500355949732,0x640000a00814a4,1,TND,BF16,1,4096,512,16,1,320,320,ss,0,,1,0,1.0,0,65536,512,0,0,4096,512,0,5,2,1,0,0,1,128,128,768,0,0,0,0,0,2,0,1,1
28147500355950244,0x640000a00816a4,1,TND,BF16,8,4096,128,4,1,320,320,2048,1,bnhs,1,0,1.0,2,128,0,0,0,4096/8192/12288/16384/20480/24576/28672/32768,128/256/384/512/640/768/896/1024,0,5,2,1,0,1,1,128,128,768,0,0,0,0,0,2,0,1,1
28288235696820388,0x648000200810a4,1,TND,BF16,4,4096,4096,2,1,64,48,none,0,,1,0,1.0,0,65536,65536,0,0,4096/8064/12160/16128,4096/8064/12160/16128,0,5,2,1,0,0,0,128,128,64,0,0,0,1,0,2,0,1,1
28288235696820644,0x648000200811a4,1,TND,BF16,4,4096,4096,8,1,64,48,none,0,,1,0,0.9,0,65536,65536,0,0,4096/8064/12160/16128,4096/8064/12160/16128,0,5,2,1,1,0,0,128,128,64,0,0,0,1,0,2,0,1,1
28288235696820900,0x648000200812a4,1,TND,BF16,4,4608,4096,2,1,64,32,none,1,slope_n,3,0,1.0,0,65536,65536,0,0,4096/8192/12288/16896,4096/8192/12288/16384,0,5,2,1,0,1,0,128,128,64,0,0,0,1,0,2,0,1,1
28288235696821156,0x648000200813a4,1,TND,BF16,4,4096,4096,2,1,32,192,none,1,slope_n,2,0,0.5,0,65536,65536,0,0,4096/8064/12160/16128,4096/8064/12160/16128,0,5,2,1,1,1,0,128,128,64,0,0,0,1,0,2,0,1,1
28288235696821412,0x648000200814a4,1,TND,BF16,32,2048,2048,2,1,64,48,2048,0,,1,0,1.0,2,128,0,0,0,2048/3968/6016/7936/9984/11904/13952/15872/17920/19840/21888/23808/25856/27776/29824/31744/33792/35712/37760/39680/41728/43648/45696/47616/49664/51584/53632/55552/57600/59520/61568/63488,2048/3968/6016/7936/9984/11904/13952/15872/17920/19840/21888/23808/25856/27776/29824/31744/33792/35712/37760/39680/41728/43648/45696/47616/49664/51584/53632/55552/57600/59520/61568/63488,0,5,2,1,0,0,1,128,128,64,0,0,0,1,0,2,0,1,1
28288235696821668,0x648000200815a4,1,TND,BF16,32,2048,64,4,1,64,16,2048,0,,1,0,0.9,2,128,0,0,0,2048/3968/5760/7808/9728/11520/13568/15488/17280/19328/21248/23040/25088/27008/28800/30848/32768/34560/36608/38528/40320/42368/44288/46080/48128/50048/51840/53888/55808/57600/59648/61568,64/107/129/193/236/258/322/365/387/451/494/516/580/623/645/709/752/774/838/881/903/967/1010/1032/1096/1139/1161/1225/1268/1290/1354/1397,0,5,2,1,1,0,1,128,128,64,0,0,0,1,0,2,0,1,1
28288235696821924,0x648000200816a4,1,TND,BF16,32,2048,2048,2,1,64,16,2048,1,1nhs,0,0,1.0,2,128,0,0,0,2048/3968/6016/7936/9984/11904/13952/15872/17920/19840/21888/23808/25856/27776/29824/31744/33792/35712/37760/39680/41728/43648/45696/47616/49664/51584/53632/55552/57600/59520/61568/63488,2048/3968/6016/7936/9984/11904/13952/15872/17920/19840/21888/23808/25856/27776/29824/31744/33792/35712/37760/39680/41728/43648/45696/47616/49664/51584/53632/55552/57600/59520/61568/63488,0,5,2,1,0,1,1,128,128,64,0,0,0,1,0,2,0,1,1
28288235696822180,0x648000200817a4,1,TND,BF16,32,2048,2048,2,1,64,16,2048,1,1nhs,0,0,0.5,2,128,0,0,0,2048/3968/6016/7936/9984/11904/13952/15872/17920/19840/21888/23808/25856/27776/29824/31744/33792/35712/37760/39680/41728/43648/45696/47616/49664/51584/53632/55552/57600/59520/61568/63488,2048/3968/6016/7936/9984/11904/13952/15872/17920/19840/21888/23808/25856/27776/29824/31744/33792/35712/37760/39680/41728/43648/45696/47616/49664/51584/53632/55552/57600/59520/61568/63488,0,5,2,1,1,1,1,128,128,64,0,0,0,1,0,2,0,1,1
28288236233691300,0x648000400810a4,1,TND,BF16,4,4096,4096,2,1,96,16,none,0,,1,0,1.0,0,65536,65536,0,0,4096/8064/12160/16128,4096/8064/12160/16128,0,5,2,1,0,0,0,128,128,128,0,0,0,1,0,2,0,1,1
28288236233691556,0x648000400811a4,1,TND,BF16,4,4096,4096,2,1,128,48,none,0,,1,0,0.5,0,65536,65536,0,0,4096/8064/12160/16128,4096/8064/12160/16128,0,5,2,1,1,0,0,128,128,128,0,0,0,1,0,2,0,1,1
28288236233691812,0x648000400812a4,1,TND,BF16,3,4096,32768,2,1,128,64,none,1,slope,2,0,1.0,4,65536,65536,0,0,2048/3840/7936,16384/28672/61440,0,5,2,1,0,1,0,128,128,128,0,0,0,1,0,2,0,1,1
28288236233692068,0x648000400813a4,1,TND,BF16,4,4096,4096,2,1,96,192,none,1,slope_n,2,0,0.5,0,65536,65536,0,0,4096/8064/12160/16128,4096/8064/12160/16128,0,5,2,1,1,1,0,128,128,128,0,0,0,1,0,2,0,1,1
28288236233692324,0x648000400814a4,1,TND,BF16,32,2048,128,2,1,128,48,2048,0,,1,0,1.0,2,128,0,0,0,2048/4096/6144/8192/10240/12288/14336/16384/18432/20480/22528/24576/26624/28672/30720/32768/34816/36864/38912/40960/43008/45056/47104/49152/51200/53248/55296/57344/59392/61440/63488/65536,128/256/384/512/640/768/896/1024/1152/1280/1408/1536/1664/1792/1920/2048/2176/2304/2432/2560/2688/2816/2944/3072/3200/3328/3456/3584/3712/3840/3968/4096,0,5,2,1,0,0,1,128,128,128,0,0,0,1,0,2,0,1,1
28288236233692580,0x648000400815a4,1,TND,BF16,32,2048,2048,2,1,128,64,2048,0,,1,0,0.9,2,128,0,0,0,2048/3968/6016/7936/9984/11904/13952/15872/17920/19840/21888/23808/25856/27776/29824/31744/33792/35712/37760/39680/41728/43648/45696/47616/49664/51584/53632/55552/57600/59520/61568/63488,2048/3968/6016/7936/9984/11904/13952/15872/17920/19840/21888/23808/25856/27776/29824/31744/33792/35712/37760/39680/41728/43648/45696/47616/49664/51584/53632/55552/57600/59520/61568/63488,0,5,2,1,1,0,1,128,128,128,0,0,0,1,0,2,0,1,1
28288236233692836,0x648000400816a4,1,TND,BF16,32,2560,128,2,1,128,72,2048,1,bnhs,1,0,1.0,2,128,0,0,0,2048/3968/6016/7936/10496/12416/14464/16384/18432/20352/22400/24320/26368/28288/30336/32256/34304/36224/38272/40192/42240/44160/46208/48128/50176/52096/54144/56064/58112/60032/62080/64000,128/256/384/512/640/768/896/1024/1152/1280/1408/1536/1664/1792/1920/2048/2176/2304/2432/2560/2688/2816/2944/3072/3200/3328/3456/3584/3712/3840/3968/4096,0,5,2,1,0,1,1,128,128,128,0,0,0,1,0,2,0,1,1
28288236233693092,0x648000400817a4,1,TND,BF16,32,2560,128,2,1,128,120,2048,1,bnhs,1,0,0.5,2,128,0,0,0,2048/3968/6016/7936/10496/12416/14464/16384/18432/20352/22400/24320/26368/28288/30336/32256/34304/36224/38272/40192/42240/44160/46208/48128/50176/52096/54144/56064/58112/60032/62080/64000,128/256/384/512/640/768/896/1024/1152/1280/1408/1536/1664/1792/1920/2048/2176/2304/2432/2560/2688/2816/2944/3072/3200/3328/3456/3584/3712/3840/3968/4096,0,5,2,1,1,1,1,128,128,128,0,0,0,1,0,2,0,1,1
28288236770562212,0x648000600810a4,1,TND,BF16,4,4096,4096,2,1,192,16,none,0,,1,0,1.0,0,65536,65536,0,0,4096/8064/12160/16128,4096/8064/12160/16128,0,5,2,1,0,0,0,128,128,192,0,0,0,1,0,2,0,1,1
28288236770562724,0x648000600812a4,1,TND,BF16,3,2048,2048,40,1,192,128,none,1,slope,2,0,1.0,4,65536,65536,0,0,1024/1792/3840,1024/1792/3840,0,5,2,1,0,1,0,128,128,192,0,0,0,1,0,2,0,1,1
28288236770563236,0x648000600814a4,1,TND,BF16,4,4096,4096,2,1,192,96,2048,0,,1,0,1.0,2,128,0,0,0,4096/8064/12160/16128,4096/8064/12160/16128,0,5,2,1,0,0,1,128,128,192,0,0,0,1,0,2,0,1,1
28288236770563748,0x648000600816a4,1,TND,BF16,4,4096,4096,2,1,192,128,2048,1,bnhs,1,0,1.0,2,128,0,0,0,4096/8064/12160/16128,4096/8064/12160/16128,0,5,2,1,0,1,1,128,128,192,0,0,0,1,0,2,0,1,1
28288237307433124,0x648000800810a4,1,TND,BF16,4,4096,4096,2,1,256,128,none,0,,1,0,1.0,0,65536,65536,0,0,4096/8064/12160/16128,4096/8064/12160/16128,0,5,2,1,0,0,0,128,128,256,0,0,0,1,0,2,0,1,1
28288237307433636,0x648000800812a4,1,TND,BF16,4,4096,4096,2,1,256,192,none,1,slope_n,2,0,1.0,0,65536,65536,0,0,4096/8064/12160/16128,4096/8064/12160/16128,0,5,2,1,0,1,0,128,128,256,0,0,0,1,0,2,0,1,1
28288237307434148,0x648000800814a4,1,TND,BF16,32,2048,2048,2,1,256,128,2048,0,,1,0,1.0,2,128,0,0,0,2048/3968/6016/7936/9984/11904/13952/15872/17920/19840/21888/23808/25856/27776/29824/31744/33792/35712/37760/39680/41728/43648/45696/47616/49664/51584/53632/55552/57600/59520/61568/63488,2048/3968/6016/7936/9984/11904/13952/15872/17920/19840/21888/23808/25856/27776/29824/31744/33792/35712/37760/39680/41728/43648/45696/47616/49664/51584/53632/55552/57600/59520/61568/63488,0,5,2,1,0,0,1,128,128,256,0,0,0,1,0,2,0,1,1
28288237307434660,0x648000800816a4,1,TND,BF16,4,4096,4096,2,1,256,128,2048,1,bnhs,1,0,1.0,2,128,0,0,0,4096/8064/12160/16128,4096/8064/12160/16128,0,5,2,1,0,1,1,128,128,256,0,0,0,1,0,2,0,1,1
28288237844304036,0x648000a00810a4,1,TND,BF16,4,4096,4096,2,1,512,16,none,0,,1,0,1.0,0,65536,65536,0,0,4096/8064/12160/16128,4096/8064/12160/16128,0,5,2,1,0,0,0,128,128,768,0,0,0,1,0,2,0,1,1
28288237844304548,0x648000a00812a4,1,TND,BF16,3,4096,32768,2,1,320,32,none,1,slope,2,0,1.0,4,65536,65536,0,0,2048/3840/7936,16384/28672/61440,0,5,2,1,0,1,0,128,128,768,0,0,0,1,0,2,0,1,1
28288237844305060,0x648000a00814a4,1,TND,BF16,32,2048,2048,2,1,512,48,2048,0,,1,0,1.0,2,128,0,0,0,2048/3968/6016/7936/9984/11904/13952/15872/17920/19840/21888/23808/25856/27776/29824/31744/33792/35712/37760/39680/41728/43648/45696/47616/49664/51584/53632/55552/57600/59520/61568/63488,2048/3968/6016/7936/9984/11904/13952/15872/17920/19840/21888/23808/25856/27776/29824/31744/33792/35712/37760/39680/41728/43648/45696/47616/49664/51584/53632/55552/57600/59520/61568/63488,0,5,2,1,0,0,1,128,128,768,0,0,0,1,0,2,0,1,1
28288237844305572,0x648000a00816a4,1,TND,BF16,4,4096,4096,2,1,320,256,2048,1,bnhs,1,0,1.0,2,128,0,0,0,4096/8064/12160/16128,4096/8064/12160/16128,0,5,2,1,0,1,1,128,128,768,0,0,0,1,0,2,0,1,1
28710448161886388,0x660000200810b4,1,TND,FLOAT16,64,4096,2048,2,1,64,64,none,0,,1,0,1.0,0,65536,65536,0,0,4096/8064/11904/16000/19968/23808/27904/31872/35712/39808/43776/47616/51712/55680/59520/63616/67584/71424/75520/79488/83328/87424/91392/95232/99328/103296/107136/111232/115200/119040/123136/127104/130944/135040/139008/142848/146944/150912/154752/158848/162816/166656/170752/174720/178560/182656/186624/190464/194560/198528/202368/206464/210432/214272/218368/222336/226176/230272/234240/238080/242176/246144/249984/254080,2048/3968/5760/7808/9728/11520/13568/15488/17280/19328/21248/23040/25088/27008/28800/30848/32768/34560/36608/38528/40320/42368/44288/46080/48128/50048/51840/53888/55808/57600/59648/61568/63360/65408/67328/69120/71168/73088/74880/76928/78848/80640/82688/84608/86400/88448/90368/92160/94208/96128/97920/99968/101888/103680/105728/107648/109440/111488/113408/115200/117248/119168/120960/123008,0,5,3,1,0,0,0,128,128,64,0,0,0,0,0,3,0,1,1
28710448161886644,0x660000200811b4,1,TND,FLOAT16,16,4096,4096,8,1,64,64,none,0,,0,0,0.9,0,2048,2048,1,0,4096/8192/12288/16384/20480/24576/28672/32768/36864/40960/45056/49152/53248/57344/61440/65536,4096/8192/12288/16384/20480/24576/28672/32768/36864/40960/45056/49152/53248/57344/61440/65536,0,5,3,1,1,0,0,128,128,64,0,0,0,0,0,3,0,1,1
28710448161886900,0x660000200812b4,1,TND,FLOAT16,3,2048,2048,40,1,64,64,none,1,slope,2,0,1.0,4,65536,65536,0,0,1024/1792/3840,1024/1792/3840,0,5,3,1,0,1,0,128,128,64,0,0,0,0,0,3,0,1,1
28710448161887156,0x660000200813b4,1,TND,FLOAT16,3,2048,2048,40,1,64,64,none,1,slope,2,0,0.5,4,128,512,0,0,1024/1792/3840,1024/1792/3840,0,5,3,1,1,1,0,128,128,64,0,0,0,0,0,3,0,1,1
28710448161887412,0x660000200814b4,1,TND,FLOAT16,32,2048,2048,2,1,64,64,2048,0,,1,0,1.0,2,128,0,0,0,2048/3968/6016/7936/9984/11904/13952/15872/17920/19840/21888/23808/25856/27776/29824/31744/33792/35712/37760/39680/41728/43648/45696/47616/49664/51584/53632/55552/57600/59520/61568/63488,2048/3968/6016/7936/9984/11904/13952/15872/17920/19840/21888/23808/25856/27776/29824/31744/33792/35712/37760/39680/41728/43648/45696/47616/49664/51584/53632/55552/57600/59520/61568/63488,0,5,3,1,0,0,1,128,128,64,0,0,0,0,0,3,0,1,1
28710448161887668,0x660000200815b4,1,TND,FLOAT16,3,2048,2048,40,1,64,64,2048,0,,1,0,0.9,4,65536,65536,0,0,1024/1792/3840,1024/1792/3840,0,5,3,1,1,0,1,128,128,64,0,0,0,0,0,3,0,1,1
28710448161887924,0x660000200816b4,1,TND,FLOAT16,32,2048,2048,2,1,64,64,2048,1,bnhs,1,0,1.0,2,128,0,0,0,2048/3968/6016/7936/9984/11904/13952/15872/17920/19840/21888/23808/25856/27776/29824/31744/33792/35712/37760/39680/41728/43648/45696/47616/49664/51584/53632/55552/57600/59520/61568/63488,2048/3968/6016/7936/9984/11904/13952/15872/17920/19840/21888/23808/25856/27776/29824/31744/33792/35712/37760/39680/41728/43648/45696/47616/49664/51584/53632/55552/57600/59520/61568/63488,0,5,3,1,0,1,1,128,128,64,0,0,0,0,0,3,0,1,1
28710448161888180,0x660000200817b4,1,TND,FLOAT16,32,2048,2048,2,1,64,64,2048,1,bnhs,1,0,0.5,2,128,0,0,0,2048/3968/6016/7936/9984/11904/13952/15872/17920/19840/21888/23808/25856/27776/29824/31744/33792/35712/37760/39680/41728/43648/45696/47616/49664/51584/53632/55552/57600/59520/61568/63488,2048/3968/6016/7936/9984/11904/13952/15872/17920/19840/21888/23808/25856/27776/29824/31744/33792/35712/37760/39680/41728/43648/45696/47616/49664/51584/53632/55552/57600/59520/61568/63488,0,5,3,1,1,1,1,128,128,64,0,0,0,0,0,3,0,1,1
28710448698757300,0x660000400810b4,1,TND,FLOAT16,2,4096,4096,8,1,128,128,none,0,,1,0,1.0,0,65536,65536,0,0,4096/8064,4096/8064,0,5,3,1,0,0,0,128,128,128,0,0,0,0,0,3,0,1,1
28710448698757556,0x660000400811b4,1,TND,FLOAT16,3,2048,8192,2,1,128,128,none,0,,1,0,0.9,0,128,128,0,0,1024/1920/3968,4096/7168/15360,0,5,3,1,1,0,0,128,128,128,0,0,0,0,0,3,0,1,1
28710448698757812,0x660000400812b4,1,TND,FLOAT16,3,2048,8192,2,1,128,128,none,1,slope,2,0,1.0,1,128,128,0,0,1024/1920/3968,4096/7168/15360,0,5,3,1,0,1,0,128,128,128,0,0,0,0,0,3,0,1,1
28710448698758068,0x660000400813b4,1,TND,FLOAT16,3,2048,8192,2,1,128,128,none,1,slope,2,0,0.5,1,128,128,0,0,1024/1920/3968,4096/7168/15360,0,5,3,1,1,1,0,128,128,128,0,0,0,0,0,3,0,1,1
28710448698758324,0x660000400814b4,1,TND,FLOAT16,32,2048,2048,2,1,128,128,2048,0,,1,0,1.0,3,65536,65536,0,0,2048/3968/6016/7936/9984/11904/13952/15872/17920/19840/21888/23808/25856/27776/29824/31744/33792/35712/37760/39680/41728/43648/45696/47616/49664/51584/53632/55552/57600/59520/61568/63488,2048/3968/6016/7936/9984/11904/13952/15872/17920/19840/21888/23808/25856/27776/29824/31744/33792/35712/37760/39680/41728/43648/45696/47616/49664/51584/53632/55552/57600/59520/61568/63488,0,5,3,1,0,0,1,128,128,128,0,0,0,0,0,3,0,1,1
28710448698758580,0x660000400815b4,1,TND,FLOAT16,32,2048,2048,2,1,128,128,2048,0,,1,0,0.5,3,65536,65536,0,0,2048/3968/6016/7936/9984/11904/13952/15872/17920/19840/21888/23808/25856/27776/29824/31744/33792/35712/37760/39680/41728/43648/45696/47616/49664/51584/53632/55552/57600/59520/61568/63488,2048/3968/6016/7936/9984/11904/13952/15872/17920/19840/21888/23808/25856/27776/29824/31744/33792/35712/37760/39680/41728/43648/45696/47616/49664/51584/53632/55552/57600/59520/61568/63488,0,5,3,1,1,0,1,128,128,128,0,0,0,0,0,3,0,1,1
28710448698758836,0x660000400816b4,1,TND,FLOAT16,32,2048,2048,2,1,128,128,2048,1,1nhs,1,0,1.0,3,65536,65536,0,0,2048/3968/6016/7936/9984/11904/13952/15872/17920/19840/21888/23808/25856/27776/29824/31744/33792/35712/37760/39680/41728/43648/45696/47616/49664/51584/53632/55552/57600/59520/61568/63488,2048/3968/6016/7936/9984/11904/13952/15872/17920/19840/21888/23808/25856/27776/29824/31744/33792/35712/37760/39680/41728/43648/45696/47616/49664/51584/53632/55552/57600/59520/61568/63488,0,5,3,1,0,1,1,128,128,128,0,0,0,0,0,3,0,1,1
28710448698759092,0x660000400817b4,1,TND,FLOAT16,32,2048,2048,2,1,128,128,2048,1,bnhs,1,0,0.5,2,128,0,0,0,2048/3968/6016/7936/9984/11904/13952/15872/17920/19840/21888/23808/25856/27776/29824/31744/33792/35712/37760/39680/41728/43648/45696/47616/49664/51584/53632/55552/57600/59520/61568/63488,2048/3968/6016/7936/9984/11904/13952/15872/17920/19840/21888/23808/25856/27776/29824/31744/33792/35712/37760/39680/41728/43648/45696/47616/49664/51584/53632/55552/57600/59520/61568/63488,0,5,3,1,1,1,1,128,128,128,0,0,0,0,0,3,0,1,1
28710449235628212,0x660000600810b4,1,TND,FLOAT16,4,4096,4096,8,1,192,192,none,0,,1,0,1.0,0,65536,65536,0,0,4096/7936/12032/16000,4096/7936/12032/16000,0,5,3,1,0,0,0,128,128,192,0,0,0,0,0,3,0,1,1
28710449235628724,0x660000600812b4,1,TND,FLOAT16,3,8192,2048,4,1,192,192,none,1,slope,2,0,1.0,4,65536,65536,0,0,4096/7168/15360,1024/2816/4864,0,5,3,1,0,1,0,128,128,192,0,0,0,0,0,3,0,1,1
28710449235629236,0x660000600814b4,1,TND,FLOAT16,32,2048,128,2,1,192,192,2048,0,,1,0,1.0,2,128,0,0,0,2048/3968/6016/7936/9984/11904/13952/15872/17920/19840/21888/23808/25856/27776/29824/31744/33792/35712/37760/39680/41728/43648/45696/47616/49664/51584/53632/55552/57472/59392/61440/63360,128/256/384/512/640/768/896/1024/1152/1280/1408/1536/1664/1792/1920/2048/2176/2304/2432/2560/2688/2816/2944/3072/3200/3328/3456/3584/3712/3840/3968/4096,0,5,3,1,0,0,1,128,128,192,0,0,0,0,0,3,0,1,1
28710449235629748,0x660000600816b4,1,TND,FLOAT16,32,2048,2048,2,1,192,192,bnss,1,bnhs,1,0,1.0,2,128,0,0,0,2048/3968/6016/7936/9984/11904/13952/15872/17920/19840/21888/23808/25856/27776/29824/31744/33792/35712/37760/39680/41728/43648/45696/47616/49664/51584/53632/55552/57600/59520/61568/63488,2048/3968/6016/7936/9984/11904/13952/15872/17920/19840/21888/23808/25856/27776/29824/31744/33792/35712/37760/39680/41728/43648/45696/47616/49664/51584/53632/55552/57600/59520/61568/63488,0,5,3,1,0,1,1,128,128,192,0,0,0,0,0,3,0,1,1
28710449772499124,0x660000800810b4,1,TND,FLOAT16,3,2048,2048,4,1,256,256,none,0,,1,0,1.0,1,0,65536,0,0,1024/1792/3840,1024/1792/3840,0,5,3,1,0,0,0,128,128,256,0,0,0,0,0,3,0,1,1
28710449772499636,0x660000800812b4,1,TND,FLOAT16,3,4096,32768,2,1,256,256,none,1,slope,2,0,1.0,4,65536,65536,0,0,2048/3840/7936,16384/28672/61440,0,5,3,1,0,1,0,128,128,256,0,0,0,0,0,3,0,1,1
28710449772500148,0x660000800814b4,1,TND,FLOAT16,64,1024,1024,2,1,256,256,bnss,0,,1,0,1.0,0,65536,65536,0,0,512/1152/1920/2816/3840/4352/4992/5760/6656/7680/8192/8832/9600/10496/11520/12032/12672/13440/14336/15360/15872/16512/17280/18176/19200/19712/20352/21120/22016/23040/23552/24192/24960/25856/26880/27392/28032/28800/29696/30720/31232/31872/32640/33536/34560/35072/35712/36480/37376/38400/38912/39552/40320/41216/42240/42752/43392/44160/45056/46080/46592/47232/48000/48896,512/1152/1920/2816/3840/4352/4992/5760/6656/7680/8192/8832/9600/10496/11520/12032/12672/13440/14336/15360/15872/16512/17280/18176/19200/19712/20352/21120/22016/23040/23552/24192/24960/25856/26880/27392/28032/28800/29696/30720/31232/31872/32640/33536/34560/35072/35712/36480/37376/38400/38912/39552/40320/41216/42240/42752/43392/44160/45056/46080/46592/47232/48000/48896,0,5,3,1,0,0,1,128,128,256,0,0,0,0,0,3,0,1,1
28710449772500660,0x660000800816b4,1,TND,FLOAT16,32,2048,2048,2,1,256,256,2048,1,bnhs,1,0,1.0,2,128,512,0,0,2048/3968/6016/7936/9984/11904/13952/15872/17920/19840/21888/23808/25856/27776/29824/31744/33792/35712/37760/39680/41728/43648/45696/47616/49664/51584/53632/55552/57600/59520/61568/63488,2048/3968/6016/7936/9984/11904/13952/15872/17920/19840/21888/23808/25856/27776/29824/31744/33792/35712/37760/39680/41728/43648/45696/47616/49664/51584/53632/55552/57600/59520/61568/63488,0,5,3,1,0,1,1,128,128,256,0,0,0,0,0,3,0,1,1
28710450309370036,0x660000a00810b4,1,TND,FLOAT16,9,1024,4096,2,1,512,512,none,0,,1,0,1.0,4,65536,65536,0,0,1024/1920/2688/3712/4224/4352/4864/4992/5056,4096/8192/12288/16384/20480/24576/28672/32768/36864,0,5,3,1,0,0,0,128,128,768,0,0,0,0,0,3,0,1,1
28710450309370548,0x660000a00812b4,1,TND,FLOAT16,3,1024,1024,4,1,512,512,none,1,slope,2,0,1.0,4,65536,65536,0,0,1024/2048/3072,1024/2048/3072,0,5,3,1,0,1,0,128,128,768,0,0,0,0,0,3,0,1,1
28710450309371060,0x660000a00814b4,1,TND,FLOAT16,3,8192,2048,2,1,512,512,2048,0,,1,0,1.0,2,128,0,0,0,4096/7168/15360,1536/2304/4352,0,5,3,1,0,0,1,128,128,768,0,0,0,0,0,3,0,1,1
28710450309371572,0x660000a00816b4,1,TND,FLOAT16,3,2048,2048,8,1,512,512,2048,1,bnhs,1,0,1.0,2,128,0,0,0,1024/1792/3840,1024/1792/3840,0,5,3,1,0,1,1,128,128,768,0,0,0,0,0,3,0,1,1
28851185650241716,0x668000200810b4,1,TND,FLOAT16,64,1024,1024,2,1,64,32,none,0,,1,0,1.0,0,65536,65536,0,0,512/1152/1920/2816/3840/4352/4992/5760/6656/7680/8192/8832/9600/10496/11520/12032/12672/13440/14336/15360/15872/16512/17280/18176/19200/19712/20352/21120/22016/23040/23552/24192/24960/25856/26880/27392/28032/28800/29696/30720/31232/31872/32640/33536/34560/35072/35712/36480/37376/38400/38912/39552/40320/41216/42240/42752/43392/44160/45056/46080/46592/47232/48000/48896,512/1152/1920/2816/3840/4352/4992/5760/6656/7680/8192/8832/9600/10496/11520/12032/12672/13440/14336/15360/15872/16512/17280/18176/19200/19712/20352/21120/22016/23040/23552/24192/24960/25856/26880/27392/28032/28800/29696/30720/31232/31872/32640/33536/34560/35072/35712/36480/37376/38400/38912/39552/40320/41216/42240/42752/43392/44160/45056/46080/46592/47232/48000/48896,0,5,3,1,0,0,0,128,128,64,0,0,0,1,0,3,0,1,1
28851185650241972,0x668000200811b4,1,TND,FLOAT16,4,4096,4096,2,1,64,32,none,0,,1,0,0.9,0,65536,65536,0,0,4096/8064/12160/16128,4096/8064/12160/16128,0,5,3,1,1,0,0,128,128,64,0,0,0,1,0,3,0,1,1
28851185650242228,0x668000200812b4,1,TND,FLOAT16,3,4096,32768,4,1,64,16,none,1,slope,2,0,1.0,4,65536,65536,0,0,2048/3840/7936,16384/28672/61440,0,5,3,1,0,1,0,128,128,64,0,0,0,1,0,3,0,1,1
28851185650242484,0x668000200813b4,1,TND,FLOAT16,3,4096,32768,4,1,64,56,none,1,slope,2,0,0.5,0,65536,65536,0,0,2048/3840/7936,16384/28672/61440,0,5,3,1,1,1,0,128,128,64,0,0,0,1,0,3,0,1,1
28851185650242740,0x668000200814b4,1,TND,FLOAT16,32,8192,2048,2,1,64,48,2048,0,,1,0,1.0,2,128,0,0,0,8192/15872/24064/31744/39936/47616/55808/63488/71680/79360/87552/95232/103424/111104/119296/126976/135168/142848/151040/158720/166912/174592/182784/190464/198656/206336/214528/222208/230400/238080/246272/253952,2048/4096/6144/8192/10240/12288/14336/16384/18432/20480/22528/24576/26624/28672/30720/32768/34816/36864/38912/40960/43008/45056/47104/49152/51200/53248/55296/57344/59392/61440/63488/65536,0,5,3,1,0,0,1,128,128,64,0,0,0,1,0,3,0,1,1
28851185650242996,0x668000200815b4,1,TND,FLOAT16,32,2048,2048,2,1,64,16,2048,0,,1,0,0.9,2,128,0,0,0,2048/3968/6016/7936/9984/11904/13952/15872/17920/19840/21888/23808/25856/27776/29824/31744/33792/35712/37760/39680/41728/43648/45696/47616/49664/51584/53632/55552/57600/59520/61568/63488,2048/3968/6016/7936/9984/11904/13952/15872/17920/19840/21888/23808/25856/27776/29824/31744/33792/35712/37760/39680/41728/43648/45696/47616/49664/51584/53632/55552/57600/59520/61568/63488,0,5,3,1,1,0,1,128,128,64,0,0,0,1,0,3,0,1,1
28851185650243252,0x668000200816b4,1,TND,FLOAT16,32,2048,2048,2,1,64,32,2048,1,bnhs,1,0,1.0,2,128,0,0,0,2048/3968/6016/7936/9984/11904/13952/15872/17920/19840/21888/23808/25856/27776/29824/31744/33792/35712/37760/39680/41728/43648/45696/47616/49664/51584/53632/55552/57600/59520/61568/63488,2048/3968/6016/7936/9984/11904/13952/15872/17920/19840/21888/23808/25856/27776/29824/31744/33792/35712/37760/39680/41728/43648/45696/47616/49664/51584/53632/55552/57600/59520/61568/63488,0,5,3,1,0,1,1,128,128,64,0,0,0,1,0,3,0,1,1
28851185650243508,0x668000200817b4,1,TND,FLOAT16,32,2048,2048,2,1,64,128,2048,1,bnhs,1,0,0.5,2,128,0,0,0,2048/3968/6016/7936/9984/11904/13952/15872/17920/19840/21888/23808/25856/27776/29824/31744/33792/35712/37760/39680/41728/43648/45696/47616/49664/51584/53632/55552/57600/59520/61568/63488,2048/3968/6016/7936/9984/11904/13952/15872/17920/19840/21888/23808/25856/27776/29824/31744/33792/35712/37760/39680/41728/43648/45696/47616/49664/51584/53632/55552/57600/59520/61568/63488,0,5,3,1,1,1,1,128,128,64,0,0,0,1,0,3,0,1,1
28851186187112628,0x668000400810b4,1,TND,FLOAT16,64,1024,1024,2,1,128,96,none,0,,1,0,1.0,0,65536,65536,0,0,512/1152/1920/2816/3840/4352/4992/5760/6656/7680/8192/8832/9600/10496/11520/12032/12672/13440/14336/15360/15872/16512/17280/18176/19200/19712/20352/21120/22016/23040/23552/24192/24960/25856/26880/27392/28032/28800/29696/30720/31232/31872/32640/33536/34560/35072/35712/36480/37376/38400/38912/39552/40320/41216/42240/42752/43392/44160/45056/46080/46592/47232/48000/48896,512/1152/1920/2816/3840/4352/4992/5760/6656/7680/8192/8832/9600/10496/11520/12032/12672/13440/14336/15360/15872/16512/17280/18176/19200/19712/20352/21120/22016/23040/23552/24192/24960/25856/26880/27392/28032/28800/29696/30720/31232/31872/32640/33536/34560/35072/35712/36480/37376/38400/38912/39552/40320/41216/42240/42752/43392/44160/45056/46080/46592/47232/48000/48896,0,5,3,1,0,0,0,128,128,128,0,0,0,1,0,3,0,1,1
28851186187112884,0x668000400811b4,1,TND,FLOAT16,4,4096,4096,2,1,96,48,none,0,,1,0,0.9,0,65536,65536,0,0,4096/8064/12160/16128,4096/8064/12160/16128,0,5,3,1,1,0,0,128,128,128,0,0,0,1,0,3,0,1,1
28851186187113140,0x668000400812b4,1,TND,FLOAT16,3,2048,2048,40,1,96,72,none,1,slope,2,0,1.0,4,65536,65536,0,0,1024/1792/3840,1024/1792/3840,0,5,3,1,0,1,0,128,128,128,0,0,0,1,0,3,0,1,1
28851186187113396,0x668000400813b4,1,TND,FLOAT16,3,2048,8192,8,1,72,128,none,1,slope,2,0,0.9,1,128,128,0,0,1024/1920/3968,4096/7168/15360,0,5,3,1,1,1,0,128,128,128,0,0,0,1,0,3,0,1,1
28851186187113652,0x668000400814b4,1,TND,FLOAT16,32,2048,2048,2,1,96,64,2048,0,,1,0,1.0,2,128,0,0,0,2048/3968/6016/7936/9984/11904/13952/15872/17920/19840/21888/23808/25856/27776/29824/31744/33792/35712/37760/39680/41728/43648/45696/47616/49664/51584/53632/55552/57600/59520/61568/63488,2048/3968/6016/7936/9984/11904/13952/15872/17920/19840/21888/23808/25856/27776/29824/31744/33792/35712/37760/39680/41728/43648/45696/47616/49664/51584/53632/55552/57600/59520/61568/63488,0,5,3,1,0,0,1,128,128,128,0,0,0,1,0,3,0,1,1
28851186187113908,0x668000400815b4,1,TND,FLOAT16,32,2048,2048,2,1,128,64,2048,0,,1,0,0.9,2,128,0,0,0,2048/3968/6016/7936/9984/11904/13952/15872/17920/19840/21888/23808/25856/27776/29824/31744/33792/35712/37760/39680/41728/43648/45696/47616/49664/51584/53632/55552/57600/59520/61568/63488,2048/3968/6016/7936/9984/11904/13952/15872/17920/19840/21888/23808/25856/27776/29824/31744/33792/35712/37760/39680/41728/43648/45696/47616/49664/51584/53632/55552/57600/59520/61568/63488,0,5,3,1,1,0,1,128,128,128,0,0,0,1,0,3,0,1,1
28851186187114164,0x668000400816b4,1,TND,FLOAT16,32,2048,2048,2,1,72,32,2048,1,bnhs,1,0,1.0,2,128,0,0,0,2048/3968/6016/7936/9984/11904/13952/15872/17920/19840/21888/23808/25856/27776/29824/31744/33792/35712/37760/39680/41728/43648/45696/47616/49664/51584/53632/55552/57600/59520/61568/63488,2048/3968/6016/7936/9984/11904/13952/15872/17920/19840/21888/23808/25856/27776/29824/31744/33792/35712/37760/39680/41728/43648/45696/47616/49664/51584/53632/55552/57600/59520/61568/63488,0,5,3,1,0,1,1,128,128,128,0,0,0,1,0,3,0,1,1
28851186187114420,0x668000400817b4,1,TND,FLOAT16,32,2048,2048,2,1,72,32,2048,1,bnhs,1,0,0.5,2,128,0,0,0,2048/3968/6016/7936/9984/11904/13952/15872/17920/19840/21888/23808/25856/27776/29824/31744/33792/35712/37760/39680/41728/43648/45696/47616/49664/51584/53632/55552/57600/59520/61568/63488,2048/3968/6016/7936/9984/11904/13952/15872/17920/19840/21888/23808/25856/27776/29824/31744/33792/35712/37760/39680/41728/43648/45696/47616/49664/51584/53632/55552/57600/59520/61568/63488,0,5,3,1,1,1,1,128,128,128,0,0,0,1,0,3,0,1,1
28851186723983540,0x668000600810b4,1,TND,FLOAT16,64,1024,1024,2,1,192,16,none,0,,1,0,1.0,0,65536,65536,0,0,512/1152/1920/2816/3840/4352/4992/5760/6656/7680/8192/8832/9600/10496/11520/12032/12672/13440/14336/15360/15872/16512/17280/18176/19200/19712/20352/21120/22016/23040/23552/24192/24960/25856/26880/27392/28032/28800/29696/30720/31232/31872/32640/33536/34560/35072/35712/36480/37376/38400/38912/39552/40320/41216/42240/42752/43392/44160/45056/46080/46592/47232/48000/48896,512/1152/1920/2816/3840/4352/4992/5760/6656/7680/8192/8832/9600/10496/11520/12032/12672/13440/14336/15360/15872/16512/17280/18176/19200/19712/20352/21120/22016/23040/23552/24192/24960/25856/26880/27392/28032/28800/29696/30720/31232/31872/32640/33536/34560/35072/35712/36480/37376/38400/38912/39552/40320/41216/42240/42752/43392/44160/45056/46080/46592/47232/48000/48896,0,5,3,1,0,0,0,128,128,192,0,0,0,1,0,3,0,1,1
28851186723984052,0x668000600812b4,1,TND,FLOAT16,3,4096,32768,2,1,192,64,none,1,slope,2,0,1.0,4,65536,65536,0,0,2048/3840/7936,16384/28672/61440,0,5,3,1,0,1,0,128,128,192,0,0,0,1,0,3,0,1,1
28851186723984564,0x668000600814b4,1,TND,FLOAT16,32,2048,2048,2,1,192,128,2048,0,,1,0,1.0,2,128,0,0,0,2048/3968/6016/7936/9984/11904/13952/15872/17920/19840/21888/23808/25856/27776/29824/31744/33792/35712/37760/39680/41728/43648/45696/47616/49664/51584/53632/55552/57600/59520/61568/63488,2048/3968/6016/7936/9984/11904/13952/15872/17920/19840/21888/23808/25856/27776/29824/31744/33792/35712/37760/39680/41728/43648/45696/47616/49664/51584/53632/55552/57600/59520/61568/63488,0,5,3,1,0,0,1,128,128,192,0,0,0,1,0,3,0,1,1
28851186723985076,0x668000600816b4,1,TND,FLOAT16,16,2048,128,2,1,192,128,2048,1,bnhs,1,0,1.0,2,128,0,0,0,2048/3968/6016/7936/9984/11904/13952/15872/17920/19840/21888/23808/25856/27776/29824/31744,128/256/384/512/640/768/896/1024/1152/1280/1408/1536/1664/1792/1920/2048,0,5,3,1,0,1,1,128,128,192,0,0,0,1,0,3,0,1,1
28851187260854452,0x668000800810b4,1,TND,FLOAT16,64,1024,1024,2,1,256,64,none,0,,1,0,1.0,1,0,65536,0,0,512/1152/1920/2816/3840/4352/4992/5760/6656/7680/8192/8832/9600/10496/11520/12032/12672/13440/14336/15360/15872/16512/17280/18176/19200/19712/20352/21120/22016/23040/23552/24192/24960/25856/26880/27392/28032/28800/29696/30720/31232/31872/32640/33536/34560/35072/35712/36480/37376/38400/38912/39552/40320/41216/42240/42752/43392/44160/45056/46080/46592/47232/48000/48896,512/1152/1920/2816/3840/4352/4992/5760/6656/7680/8192/8832/9600/10496/11520/12032/12672/13440/14336/15360/15872/16512/17280/18176/19200/19712/20352/21120/22016/23040/23552/24192/24960/25856/26880/27392/28032/28800/29696/30720/31232/31872/32640/33536/34560/35072/35712/36480/37376/38400/38912/39552/40320/41216/42240/42752/43392/44160/45056/46080/46592/47232/48000/48896,0,5,3,1,0,0,0,128,128,256,0,0,0,1,0,3,0,1,1
28851187260854964,0x668000800812b4,1,TND,FLOAT16,32,2048,2048,2,1,256,128,none,1,slope_n,3,0,1.0,2,65536,65536,0,0,2048/3968/6016/7936/9984/11904/13952/15872/17920/19840/21888/23808/25856/27776/29824/31744/33792/35712/37760/39680/41728/43648/45696/47616/49664/51584/53632/55552/57600/59520/61568/63488,2048/3968/6016/7936/9984/11904/13952/15872/17920/19840/21888/23808/25856/27776/29824/31744/33792/35712/37760/39680/41728/43648/45696/47616/49664/51584/53632/55552/57600/59520/61568/63488,0,5,3,1,0,1,0,128,128,256,0,0,0,1,0,3,0,1,1
28851187260855476,0x668000800814b4,1,TND,FLOAT16,32,2048,2048,2,1,256,48,2048,0,,1,0,1.0,2,128,0,0,0,2048/3968/6016/7936/9984/11904/13952/15872/17920/19840/21888/23808/25856/27776/29824/31744/33792/35712/37760/39680/41728/43648/45696/47616/49664/51584/53632/55552/57600/59520/61568/63488,2048/3968/6016/7936/9984/11904/13952/15872/17920/19840/21888/23808/25856/27776/29824/31744/33792/35712/37760/39680/41728/43648/45696/47616/49664/51584/53632/55552/57600/59520/61568/63488,0,5,3,1,0,0,1,128,128,256,0,0,0,1,0,3,0,1,1
28851187260855988,0x668000800816b4,1,TND,FLOAT16,32,2048,2048,2,1,256,128,2048,1,bnhs,1,0,1.0,2,128,0,0,0,2048/3968/6016/7936/9984/11904/13952/15872/17920/19840/21888/23808/25856/27776/29824/31744/33792/35712/37760/39680/41728/43648/45696/47616/49664/51584/53632/55552/57600/59520/61568/63488,2048/3968/6016/7936/9984/11904/13952/15872/17920/19840/21888/23808/25856/27776/29824/31744/33792/35712/37760/39680/41728/43648/45696/47616/49664/51584/53632/55552/57600/59520/61568/63488,0,5,3,1,0,1,1,128,128,256,0,0,0,1,0,3,0,1,1
28851187797725364,0x668000a00810b4,1,TND,FLOAT16,64,1024,1024,2,1,320,72,none,0,,1,0,1.0,0,65536,65536,0,0,512/1152/1920/2816/3840/4352/4992/5760/6656/7680/8192/8832/9600/10496/11520/12032/12672/13440/14336/15360/15872/16512/17280/18176/19200/19712/20352/21120/22016/23040/23552/24192/24960/25856/26880/27392/28032/28800/29696/30720/31232/31872/32640/33536/34560/35072/35712/36480/37376/38400/38912/39552/40320/41216/42240/42752/43392/44160/45056/46080/46592/47232/48000/48896,512/1152/1920/2816/3840/4352/4992/5760/6656/7680/8192/8832/9600/10496/11520/12032/12672/13440/14336/15360/15872/16512/17280/18176/19200/19712/20352/21120/22016/23040/23552/24192/24960/25856/26880/27392/28032/28800/29696/30720/31232/31872/32640/33536/34560/35072/35712/36480/37376/38400/38912/39552/40320/41216/42240/42752/43392/44160/45056/46080/46592/47232/48000/48896,0,5,3,1,0,0,0,128,128,768,0,0,0,1,0,3,0,1,1
28851187797725876,0x668000a00812b4,1,TND,FLOAT16,3,8192,2048,4,1,512,192,none,1,slope,2,0,1.0,4,65536,65536,0,0,4096/7168/15360,1024/2816/4864,0,5,3,1,0,1,0,128,128,768,0,0,0,1,0,3,0,1,1
28851187797726388,0x668000a00814b4,1,TND,FLOAT16,32,2048,2048,2,1,320,128,2048,0,,1,0,1.0,2,128,0,0,0,2048/3968/6016/7936/9984/11904/13952/15872/17920/19840/21888/23808/25856/27776/29824/31744/33792/35712/37760/39680/41728/43648/45696/47616/49664/51584/53632/55552/57600/59520/61568/63488,2048/3968/6016/7936/9984/11904/13952/15872/17920/19840/21888/23808/25856/27776/29824/31744/33792/35712/37760/39680/41728/43648/45696/47616/49664/51584/53632/55552/57600/59520/61568/63488,0,5,3,1,0,0,1,128,128,768,0,0,0,1,0,3,0,1,1
28851187797726900,0x668000a00816b4,1,TND,FLOAT16,3,2048,2048,4,1,512,64,2048,1,slope,2,0,1.0,4,65536,65536,0,0,1024/1792/3840,1024/1792/3840,0,5,3,1,0,1,1,128,128,768,0,0,0,1,0,3,0,1,1
23824219024921248,0x54a400400812a0,1,TND,BF16,2,4096,4096,8,1,72,64,none,1,slope,2,0,1.0,0,65536,1024,0,1,4096/4096,4096/4096,0,0,2,1,0,1,0,128,128,128,2,1,0,1,0,2,1,0,1
23824219024921504,0x54a400400813a0,1,TND,BF16,2,4096,4096,8,1,72,64,none,1,slope_n,3,0,0.5,1,0,64,0,1,4096/4096,4096/4096,0,0,2,1,1,1,0,128,128,128,2,1,0,1,0,2,1,0,1
24387168978342832,0x56a400400813b0,1,TND,FLOAT16,32,2560,2560,2,1,72,64,none,1,slope,2,0,0.5,4,65536,65536,0,1,2048/4352/6912/8960/11264/13824/15872/18176/20736/22784/25088/27648/29696/32000/34560/36608/38912/41472/43520/45824/48384/50432/52736/52736/54784/57088/59648/61696/64000/66560/68608/70912,2048/4352/6912/8960/11264/13824/15872/18176/20736/20736/23040/25600/27648/29952/32512/34560/36864/39424/41472/43776/46336/48384/50688/53248/55296/57600/60160/62208/64512/67072/69120/71424,0,0,3,1,1,1,0,128,128,128,2,1,0,1,0,3,1,0,1
