key,rules
18577351147786256,FLOAT large-D forces S1TemplateNum=64
18577351147786384,FLOAT large-D forces S1TemplateNum=64
18577351147786512,FLOAT large-D forces S1TemplateNum=64
18577351147786640,FLOAT large-D forces S1TemplateNum=64
18577351147786768,FLOAT large-D forces S1TemplateNum=64
18577351147786896,FLOAT large-D forces S1TemplateNum=64
18577351147787024,FLOAT large-D forces S1TemplateNum=64
18577351147787152,FLOAT large-D forces S1TemplateNum=64
18577351147787280,FLOAT large-D forces S1TemplateNum=64
18577351147787408,FLOAT large-D forces S1TemplateNum=64
18577351147787536,FLOAT large-D forces S1TemplateNum=64
18577351147787664,FLOAT large-D forces S1TemplateNum=64
18577351147787792,FLOAT large-D forces S1TemplateNum=64
18577351147787920,FLOAT large-D forces S1TemplateNum=64
18577351147788048,FLOAT large-D forces S1TemplateNum=64
18577351147788176,FLOAT large-D forces S1TemplateNum=64
18579550171041808,FLOAT large-D forces S1TemplateNum=64
18579550171041936,FLOAT large-D forces S1TemplateNum=64
18579550171042064,FLOAT large-D forces S1TemplateNum=64
18579550171042192,FLOAT large-D forces S1TemplateNum=64
18579550171042320,FLOAT large-D forces S1TemplateNum=64
18579550171042448,FLOAT large-D forces S1TemplateNum=64
18579550171042576,FLOAT large-D forces S1TemplateNum=64
18579550171042704,FLOAT large-D forces S1TemplateNum=64
18579550171042832,FLOAT large-D forces S1TemplateNum=64
18579550171042960,FLOAT large-D forces S1TemplateNum=64
18579550171043088,FLOAT large-D forces S1TemplateNum=64
18579550171043216,FLOAT large-D forces S1TemplateNum=64
18579550171043344,FLOAT large-D forces S1TemplateNum=64
18579550171043472,FLOAT large-D forces S1TemplateNum=64
18579550171043600,FLOAT large-D forces S1TemplateNum=64
18579550171043728,FLOAT large-D forces S1TemplateNum=64
18581749194297360,FLOAT large-D forces S1TemplateNum=64
18581749194297488,FLOAT large-D forces S1TemplateNum=64
18581749194297616,FLOAT large-D forces S1TemplateNum=64
18581749194297744,FLOAT large-D forces S1TemplateNum=64
18581749194297872,FLOAT large-D forces S1TemplateNum=64
18581749194298000,FLOAT large-D forces S1TemplateNum=64
18581749194298128,FLOAT large-D forces S1TemplateNum=64
18581749194298256,FLOAT large-D forces S1TemplateNum=64
18581749194298384,FLOAT large-D forces S1TemplateNum=64
18581749194298512,FLOAT large-D forces S1TemplateNum=64
18581749194298640,FLOAT large-D forces S1TemplateNum=64
18581749194298768,FLOAT large-D forces S1TemplateNum=64
18581749194298896,FLOAT large-D forces S1TemplateNum=64
18581749194299024,FLOAT large-D forces S1TemplateNum=64
18581749194299152,FLOAT large-D forces S1TemplateNum=64
18581749194299280,FLOAT large-D forces S1TemplateNum=64
18583946070069264,DeterType=3 requires IsAttenMask=1
18583946070069392,DeterType=3 requires IsAttenMask=1
18583946070069520,DeterType=3 requires IsAttenMask=1
18583946070069648,DeterType=3 requires IsAttenMask=1
18583946070069776,DeterType=3 requires IsAttenMask=1
18583946070069904,DeterType=3 requires IsAttenMask=1
18583946070070032,DeterType=3 requires IsAttenMask=1
18583946070070160,DeterType=3 requires IsAttenMask=1
18583946606940176,DeterType=3 requires IsAttenMask=1
18583946606940304,DeterType=3 requires IsAttenMask=1
18583946606940432,DeterType=3 requires IsAttenMask=1
18583946606940560,DeterType=3 requires IsAttenMask=1
18583946606940688,DeterType=3 requires IsAttenMask=1
18583946606940816,DeterType=3 requires IsAttenMask=1
18583946606940944,DeterType=3 requires IsAttenMask=1
18583946606941072,DeterType=3 requires IsAttenMask=1
18583947143811088,DeterType=3 requires IsAttenMask=1
18583947143811216,DeterType=3 requires IsAttenMask=1
18583947143811344,DeterType=3 requires IsAttenMask=1
18583947143811472,DeterType=3 requires IsAttenMask=1
18583947143811600,DeterType=3 requires IsAttenMask=1
18583947143811728,DeterType=3 requires IsAttenMask=1
18583947143811856,DeterType=3 requires IsAttenMask=1
18583947143811984,DeterType=3 requires IsAttenMask=1
18583947680682000,DeterType=3 requires IsAttenMask=1
18583947680682128,DeterType=3 requires IsAttenMask=1
18583947680682256,DeterType=3 requires IsAttenMask=1
18583947680682384,DeterType=3 requires IsAttenMask=1
18583947680682512,DeterType=3 requires IsAttenMask=1
18583947680682640,DeterType=3 requires IsAttenMask=1
18583947680682768,DeterType=3 requires IsAttenMask=1
18583947680682896,DeterType=3 requires IsAttenMask=1
18583948217550864,DeterType=3 requires IsAttenMask=1
18583948217550992,DeterType=3 requires IsAttenMask=1
18583948217551120,DeterType=3 requires IsAttenMask=1
18583948217551248,DeterType=3 requires IsAttenMask=1
18583948217551376,DeterType=3 requires IsAttenMask=1
18583948217551504,DeterType=3 requires IsAttenMask=1
18583948217551632,DeterType=3 requires IsAttenMask=1
18583948217551760,DeterType=3 requires IsAttenMask=1
18583948217552912,DeterType=3 requires IsAttenMask=1 | FLOAT large-D forces S1TemplateNum=64
18583948217553040,DeterType=3 requires IsAttenMask=1 | FLOAT large-D forces S1TemplateNum=64
18583948217553168,DeterType=3 requires IsAttenMask=1 | FLOAT large-D forces S1TemplateNum=64
18583948217553296,DeterType=3 requires IsAttenMask=1 | FLOAT large-D forces S1TemplateNum=64
18583948217553424,DeterType=3 requires IsAttenMask=1 | FLOAT large-D forces S1TemplateNum=64
18583948217553552,DeterType=3 requires IsAttenMask=1 | FLOAT large-D forces S1TemplateNum=64
18583948217553680,DeterType=3 requires IsAttenMask=1 | FLOAT large-D forces S1TemplateNum=64
18583948217553808,DeterType=3 requires IsAttenMask=1 | FLOAT large-D forces S1TemplateNum=64
18583948217553936,FLOAT large-D forces S1TemplateNum=64
18583948217554064,FLOAT large-D forces S1TemplateNum=64
18583948217554192,FLOAT large-D forces S1TemplateNum=64
18583948217554320,FLOAT large-D forces S1TemplateNum=64
18583948217554448,FLOAT large-D forces S1TemplateNum=64
18583948217554576,FLOAT large-D forces S1TemplateNum=64
18583948217554704,FLOAT large-D forces S1TemplateNum=64
18583948217554832,FLOAT large-D forces S1TemplateNum=64
18586145093324816,DeterType=4 requires IsAttenMask=1
18586145093324944,DeterType=4 requires IsAttenMask=1
18586145093325072,DeterType=4 requires IsAttenMask=1
18586145093325200,DeterType=4 requires IsAttenMask=1
18586145093325328,DeterType=4 requires IsAttenMask=1
18586145093325456,DeterType=4 requires IsAttenMask=1
18586145093325584,DeterType=4 requires IsAttenMask=1
18586145093325712,DeterType=4 requires IsAttenMask=1
18586145630195728,DeterType=4 requires IsAttenMask=1
18586145630195856,DeterType=4 requires IsAttenMask=1
18586145630195984,DeterType=4 requires IsAttenMask=1
18586145630196112,DeterType=4 requires IsAttenMask=1
18586145630196240,DeterType=4 requires IsAttenMask=1
18586145630196368,DeterType=4 requires IsAttenMask=1
18586145630196496,DeterType=4 requires IsAttenMask=1
18586145630196624,DeterType=4 requires IsAttenMask=1
18586146167066640,DeterType=4 requires IsAttenMask=1
18586146167066768,DeterType=4 requires IsAttenMask=1
18586146167066896,DeterType=4 requires IsAttenMask=1
18586146167067024,DeterType=4 requires IsAttenMask=1
18586146167067152,DeterType=4 requires IsAttenMask=1
18586146167067280,DeterType=4 requires IsAttenMask=1
18586146167067408,DeterType=4 requires IsAttenMask=1
18586146167067536,DeterType=4 requires IsAttenMask=1
18586146703937552,DeterType=4 requires IsAttenMask=1
18586146703937680,DeterType=4 requires IsAttenMask=1
18586146703937808,DeterType=4 requires IsAttenMask=1
18586146703937936,DeterType=4 requires IsAttenMask=1
18586146703938064,DeterType=4 requires IsAttenMask=1
18586146703938192,DeterType=4 requires IsAttenMask=1
18586146703938320,DeterType=4 requires IsAttenMask=1
18586146703938448,DeterType=4 requires IsAttenMask=1
18586147240806416,DeterType=4 requires IsAttenMask=1
18586147240806544,DeterType=4 requires IsAttenMask=1
18586147240806672,DeterType=4 requires IsAttenMask=1
18586147240806800,DeterType=4 requires IsAttenMask=1
18586147240806928,DeterType=4 requires IsAttenMask=1
18586147240807056,DeterType=4 requires IsAttenMask=1
18586147240807184,DeterType=4 requires IsAttenMask=1
18586147240807312,DeterType=4 requires IsAttenMask=1
18586147240808464,DeterType=4 requires IsAttenMask=1 | FLOAT large-D forces S1TemplateNum=64
18586147240808592,DeterType=4 requires IsAttenMask=1 | FLOAT large-D forces S1TemplateNum=64
18586147240808720,DeterType=4 requires IsAttenMask=1 | FLOAT large-D forces S1TemplateNum=64
18586147240808848,DeterType=4 requires IsAttenMask=1 | FLOAT large-D forces S1TemplateNum=64
18586147240808976,DeterType=4 requires IsAttenMask=1 | FLOAT large-D forces S1TemplateNum=64
18586147240809104,DeterType=4 requires IsAttenMask=1 | FLOAT large-D forces S1TemplateNum=64
18586147240809232,DeterType=4 requires IsAttenMask=1 | FLOAT large-D forces S1TemplateNum=64
18586147240809360,DeterType=4 requires IsAttenMask=1 | FLOAT large-D forces S1TemplateNum=64
18586147240809488,FLOAT large-D forces S1TemplateNum=64
18586147240809616,FLOAT large-D forces S1TemplateNum=64
18586147240809744,FLOAT large-D forces S1TemplateNum=64
18586147240809872,FLOAT large-D forces S1TemplateNum=64
18586147240810000,FLOAT large-D forces S1TemplateNum=64
18586147240810128,FLOAT large-D forces S1TemplateNum=64
18586147240810256,FLOAT large-D forces S1TemplateNum=64
18586147240810384,FLOAT large-D forces S1TemplateNum=64
18616933566386192,FLOAT large-D forces S1TemplateNum=64
18616933566386320,FLOAT large-D forces S1TemplateNum=64
18616933566386448,FLOAT large-D forces S1TemplateNum=64
18616933566386576,FLOAT large-D forces S1TemplateNum=64
18616933566386704,FLOAT large-D forces S1TemplateNum=64
18616933566386832,FLOAT large-D forces S1TemplateNum=64
18616933566386960,FLOAT large-D forces S1TemplateNum=64
18616933566387088,FLOAT large-D forces S1TemplateNum=64
18616933566387216,FLOAT large-D forces S1TemplateNum=64
18616933566387344,FLOAT large-D forces S1TemplateNum=64
18616933566387472,FLOAT large-D forces S1TemplateNum=64
18616933566387600,FLOAT large-D forces S1TemplateNum=64
18616933566387728,FLOAT large-D forces S1TemplateNum=64
18616933566387856,FLOAT large-D forces S1TemplateNum=64
18616933566387984,FLOAT large-D forces S1TemplateNum=64
18616933566388112,FLOAT large-D forces S1TemplateNum=64
18619130442158096,DeterType=3 requires IsAttenMask=1
18619130442158224,DeterType=3 requires IsAttenMask=1
18619130442158352,DeterType=3 requires IsAttenMask=1
18619130442158480,DeterType=3 requires IsAttenMask=1
18619130442158608,DeterType=3 requires IsAttenMask=1
18619130442158736,DeterType=3 requires IsAttenMask=1
18619130442158864,DeterType=3 requires IsAttenMask=1
18619130442158992,DeterType=3 requires IsAttenMask=1
18619130979029008,DeterType=3 requires IsAttenMask=1
18619130979029136,DeterType=3 requires IsAttenMask=1
18619130979029264,DeterType=3 requires IsAttenMask=1
18619130979029392,DeterType=3 requires IsAttenMask=1
18619130979029520,DeterType=3 requires IsAttenMask=1
18619130979029648,DeterType=3 requires IsAttenMask=1
18619130979029776,DeterType=3 requires IsAttenMask=1
18619130979029904,DeterType=3 requires IsAttenMask=1
18619131515899920,DeterType=3 requires IsAttenMask=1
18619131515900048,DeterType=3 requires IsAttenMask=1
18619131515900176,DeterType=3 requires IsAttenMask=1
18619131515900304,DeterType=3 requires IsAttenMask=1
18619131515900432,DeterType=3 requires IsAttenMask=1
18619131515900560,DeterType=3 requires IsAttenMask=1
18619131515900688,DeterType=3 requires IsAttenMask=1
18619131515900816,DeterType=3 requires IsAttenMask=1
18619132052770832,DeterType=3 requires IsAttenMask=1
18619132052770960,DeterType=3 requires IsAttenMask=1
18619132052771088,DeterType=3 requires IsAttenMask=1
18619132052771216,DeterType=3 requires IsAttenMask=1
18619132052771344,DeterType=3 requires IsAttenMask=1
18619132052771472,DeterType=3 requires IsAttenMask=1
18619132052771600,DeterType=3 requires IsAttenMask=1
18619132052771728,DeterType=3 requires IsAttenMask=1
18619132589639696,DeterType=3 requires IsAttenMask=1
18619132589639824,DeterType=3 requires IsAttenMask=1
18619132589639952,DeterType=3 requires IsAttenMask=1
18619132589640080,DeterType=3 requires IsAttenMask=1
18619132589640208,DeterType=3 requires IsAttenMask=1
18619132589640336,DeterType=3 requires IsAttenMask=1
18619132589640464,DeterType=3 requires IsAttenMask=1
18619132589640592,DeterType=3 requires IsAttenMask=1
18619132589641744,DeterType=3 requires IsAttenMask=1 | FLOAT large-D forces S1TemplateNum=64
18619132589641872,DeterType=3 requires IsAttenMask=1 | FLOAT large-D forces S1TemplateNum=64
18619132589642000,DeterType=3 requires IsAttenMask=1 | FLOAT large-D forces S1TemplateNum=64
18619132589642128,DeterType=3 requires IsAttenMask=1 | FLOAT large-D forces S1TemplateNum=64
18619132589642256,DeterType=3 requires IsAttenMask=1 | FLOAT large-D forces S1TemplateNum=64
18619132589642384,DeterType=3 requires IsAttenMask=1 | FLOAT large-D forces S1TemplateNum=64
18619132589642512,DeterType=3 requires IsAttenMask=1 | FLOAT large-D forces S1TemplateNum=64
18619132589642640,DeterType=3 requires IsAttenMask=1 | FLOAT large-D forces S1TemplateNum=64
18619132589642768,FLOAT large-D forces S1TemplateNum=64
18619132589642896,FLOAT large-D forces S1TemplateNum=64
18619132589643024,FLOAT large-D forces S1TemplateNum=64
18619132589643152,FLOAT large-D forces S1TemplateNum=64
18619132589643280,FLOAT large-D forces S1TemplateNum=64
18619132589643408,FLOAT large-D forces S1TemplateNum=64
18619132589643536,FLOAT large-D forces S1TemplateNum=64
18619132589643664,FLOAT large-D forces S1TemplateNum=64
18621329465413648,DeterType=4 requires IsAttenMask=1
18621329465413776,DeterType=4 requires IsAttenMask=1
18621329465413904,DeterType=4 requires IsAttenMask=1
18621329465414032,DeterType=4 requires IsAttenMask=1
18621329465414160,DeterType=4 requires IsAttenMask=1
18621329465414288,DeterType=4 requires IsAttenMask=1
18621329465414416,DeterType=4 requires IsAttenMask=1
18621329465414544,DeterType=4 requires IsAttenMask=1
18621330002284560,DeterType=4 requires IsAttenMask=1
18621330002284688,DeterType=4 requires IsAttenMask=1
18621330002284816,DeterType=4 requires IsAttenMask=1
18621330002284944,DeterType=4 requires IsAttenMask=1
18621330002285072,DeterType=4 requires IsAttenMask=1
18621330002285200,DeterType=4 requires IsAttenMask=1
18621330002285328,DeterType=4 requires IsAttenMask=1
18621330002285456,DeterType=4 requires IsAttenMask=1
18621330539155472,DeterType=4 requires IsAttenMask=1
18621330539155600,DeterType=4 requires IsAttenMask=1
18621330539155728,DeterType=4 requires IsAttenMask=1
18621330539155856,DeterType=4 requires IsAttenMask=1
18621330539155984,DeterType=4 requires IsAttenMask=1
18621330539156112,DeterType=4 requires IsAttenMask=1
18621330539156240,DeterType=4 requires IsAttenMask=1
18621330539156368,DeterType=4 requires IsAttenMask=1
18621331076026384,DeterType=4 requires IsAttenMask=1
18621331076026512,DeterType=4 requires IsAttenMask=1
18621331076026640,DeterType=4 requires IsAttenMask=1
18621331076026768,DeterType=4 requires IsAttenMask=1
18621331076026896,DeterType=4 requires IsAttenMask=1
18621331076027024,DeterType=4 requires IsAttenMask=1
18621331076027152,DeterType=4 requires IsAttenMask=1
18621331076027280,DeterType=4 requires IsAttenMask=1
18621331612895248,DeterType=4 requires IsAttenMask=1
18621331612895376,DeterType=4 requires IsAttenMask=1
18621331612895504,DeterType=4 requires IsAttenMask=1
18621331612895632,DeterType=4 requires IsAttenMask=1
18621331612895760,DeterType=4 requires IsAttenMask=1
18621331612895888,DeterType=4 requires IsAttenMask=1
18621331612896016,DeterType=4 requires IsAttenMask=1
18621331612896144,DeterType=4 requires IsAttenMask=1
18621331612897296,DeterType=4 requires IsAttenMask=1 | FLOAT large-D forces S1TemplateNum=64
18621331612897424,DeterType=4 requires IsAttenMask=1 | FLOAT large-D forces S1TemplateNum=64
18621331612897552,DeterType=4 requires IsAttenMask=1 | FLOAT large-D forces S1TemplateNum=64
18621331612897680,DeterType=4 requires IsAttenMask=1 | FLOAT large-D forces S1TemplateNum=64
18621331612897808,DeterType=4 requires IsAttenMask=1 | FLOAT large-D forces S1TemplateNum=64
18621331612897936,DeterType=4 requires IsAttenMask=1 | FLOAT large-D forces S1TemplateNum=64
18621331612898064,DeterType=4 requires IsAttenMask=1 | FLOAT large-D forces S1TemplateNum=64
18621331612898192,DeterType=4 requires IsAttenMask=1 | FLOAT large-D forces S1TemplateNum=64
18621331612898320,FLOAT large-D forces S1TemplateNum=64
18621331612898448,FLOAT large-D forces S1TemplateNum=64
18621331612898576,FLOAT large-D forces S1TemplateNum=64
18621331612898704,FLOAT large-D forces S1TemplateNum=64
18621331612898832,FLOAT large-D forces S1TemplateNum=64
18621331612898960,FLOAT large-D forces S1TemplateNum=64
18621331612899088,FLOAT large-D forces S1TemplateNum=64
18621331612899216,FLOAT large-D forces S1TemplateNum=64
18718088636141584,FLOAT large-D forces S1TemplateNum=64
18718088636141712,FLOAT large-D forces S1TemplateNum=64
18718088636141840,FLOAT large-D forces S1TemplateNum=64
18718088636141968,FLOAT large-D forces S1TemplateNum=64
18718088636142096,FLOAT large-D forces S1TemplateNum=64
18718088636142224,FLOAT large-D forces S1TemplateNum=64
18718088636142352,FLOAT large-D forces S1TemplateNum=64
18718088636142480,FLOAT large-D forces S1TemplateNum=64
18718088636142608,FLOAT large-D forces S1TemplateNum=64
18718088636142736,FLOAT large-D forces S1TemplateNum=64
18718088636142864,FLOAT large-D forces S1TemplateNum=64
18718088636142992,FLOAT large-D forces S1TemplateNum=64
18718088636143120,FLOAT large-D forces S1TemplateNum=64
18718088636143248,FLOAT large-D forces S1TemplateNum=64
18718088636143376,FLOAT large-D forces S1TemplateNum=64
18718088636143504,FLOAT large-D forces S1TemplateNum=64
18720287659397136,FLOAT large-D forces S1TemplateNum=64
18720287659397264,FLOAT large-D forces S1TemplateNum=64
18720287659397392,FLOAT large-D forces S1TemplateNum=64
18720287659397520,FLOAT large-D forces S1TemplateNum=64
18720287659397648,FLOAT large-D forces S1TemplateNum=64
18720287659397776,FLOAT large-D forces S1TemplateNum=64
18720287659397904,FLOAT large-D forces S1TemplateNum=64
18720287659398032,FLOAT large-D forces S1TemplateNum=64
18720287659398160,FLOAT large-D forces S1TemplateNum=64
18720287659398288,FLOAT large-D forces S1TemplateNum=64
18720287659398416,FLOAT large-D forces S1TemplateNum=64
18720287659398544,FLOAT large-D forces S1TemplateNum=64
18720287659398672,FLOAT large-D forces S1TemplateNum=64
18720287659398800,FLOAT large-D forces S1TemplateNum=64
18720287659398928,FLOAT large-D forces S1TemplateNum=64
18720287659399056,FLOAT large-D forces S1TemplateNum=64
18722486682652688,FLOAT large-D forces S1TemplateNum=64
18722486682652816,FLOAT large-D forces S1TemplateNum=64
18722486682652944,FLOAT large-D forces S1TemplateNum=64
18722486682653072,FLOAT large-D forces S1TemplateNum=64
18722486682653200,FLOAT large-D forces S1TemplateNum=64
18722486682653328,FLOAT large-D forces S1TemplateNum=64
18722486682653456,FLOAT large-D forces S1TemplateNum=64
18722486682653584,FLOAT large-D forces S1TemplateNum=64
18722486682653712,FLOAT large-D forces S1TemplateNum=64
18722486682653840,FLOAT large-D forces S1TemplateNum=64
18722486682653968,FLOAT large-D forces S1TemplateNum=64
18722486682654096,FLOAT large-D forces S1TemplateNum=64
18722486682654224,FLOAT large-D forces S1TemplateNum=64
18722486682654352,FLOAT large-D forces S1TemplateNum=64
18722486682654480,FLOAT large-D forces S1TemplateNum=64
18722486682654608,FLOAT large-D forces S1TemplateNum=64
18724683558424592,DeterType=3 requires IsAttenMask=1
18724683558424720,DeterType=3 requires IsAttenMask=1
18724683558424848,DeterType=3 requires IsAttenMask=1
18724683558424976,DeterType=3 requires IsAttenMask=1
18724683558425104,DeterType=3 requires IsAttenMask=1
18724683558425232,DeterType=3 requires IsAttenMask=1
18724683558425360,DeterType=3 requires IsAttenMask=1
18724683558425488,DeterType=3 requires IsAttenMask=1
18724684095295504,DeterType=3 requires IsAttenMask=1
18724684095295632,DeterType=3 requires IsAttenMask=1
18724684095295760,DeterType=3 requires IsAttenMask=1
18724684095295888,DeterType=3 requires IsAttenMask=1
18724684095296016,DeterType=3 requires IsAttenMask=1
18724684095296144,DeterType=3 requires IsAttenMask=1
18724684095296272,DeterType=3 requires IsAttenMask=1
18724684095296400,DeterType=3 requires IsAttenMask=1
18724684632166416,DeterType=3 requires IsAttenMask=1
18724684632166544,DeterType=3 requires IsAttenMask=1
18724684632166672,DeterType=3 requires IsAttenMask=1
18724684632166800,DeterType=3 requires IsAttenMask=1
18724684632166928,DeterType=3 requires IsAttenMask=1
18724684632167056,DeterType=3 requires IsAttenMask=1
18724684632167184,DeterType=3 requires IsAttenMask=1
18724684632167312,DeterType=3 requires IsAttenMask=1
18724685169037328,DeterType=3 requires IsAttenMask=1
18724685169037456,DeterType=3 requires IsAttenMask=1
18724685169037584,DeterType=3 requires IsAttenMask=1
18724685169037712,DeterType=3 requires IsAttenMask=1
18724685169037840,DeterType=3 requires IsAttenMask=1
18724685169037968,DeterType=3 requires IsAttenMask=1
18724685169038096,DeterType=3 requires IsAttenMask=1
18724685169038224,DeterType=3 requires IsAttenMask=1
18724685705906192,DeterType=3 requires IsAttenMask=1
18724685705906320,DeterType=3 requires IsAttenMask=1
18724685705906448,DeterType=3 requires IsAttenMask=1
18724685705906576,DeterType=3 requires IsAttenMask=1
18724685705906704,DeterType=3 requires IsAttenMask=1
18724685705906832,DeterType=3 requires IsAttenMask=1
18724685705906960,DeterType=3 requires IsAttenMask=1
18724685705907088,DeterType=3 requires IsAttenMask=1
18724685705908240,DeterType=3 requires IsAttenMask=1 | FLOAT large-D forces S1TemplateNum=64
18724685705908368,DeterType=3 requires IsAttenMask=1 | FLOAT large-D forces S1TemplateNum=64
18724685705908496,DeterType=3 requires IsAttenMask=1 | FLOAT large-D forces S1TemplateNum=64
18724685705908624,DeterType=3 requires IsAttenMask=1 | FLOAT large-D forces S1TemplateNum=64
18724685705908752,DeterType=3 requires IsAttenMask=1 | FLOAT large-D forces S1TemplateNum=64
18724685705908880,DeterType=3 requires IsAttenMask=1 | FLOAT large-D forces S1TemplateNum=64
18724685705909008,DeterType=3 requires IsAttenMask=1 | FLOAT large-D forces S1TemplateNum=64
18724685705909136,DeterType=3 requires IsAttenMask=1 | FLOAT large-D forces S1TemplateNum=64
18724685705909264,FLOAT large-D forces S1TemplateNum=64
18724685705909392,FLOAT large-D forces S1TemplateNum=64
18724685705909520,FLOAT large-D forces S1TemplateNum=64
18724685705909648,FLOAT large-D forces S1TemplateNum=64
18724685705909776,FLOAT large-D forces S1TemplateNum=64
18724685705909904,FLOAT large-D forces S1TemplateNum=64
18724685705910032,FLOAT large-D forces S1TemplateNum=64
18724685705910160,FLOAT large-D forces S1TemplateNum=64
18726882581680144,DeterType=4 requires IsAttenMask=1
18726882581680272,DeterType=4 requires IsAttenMask=1
18726882581680400,DeterType=4 requires IsAttenMask=1
18726882581680528,DeterType=4 requires IsAttenMask=1
18726882581680656,DeterType=4 requires IsAttenMask=1
18726882581680784,DeterType=4 requires IsAttenMask=1
18726882581680912,DeterType=4 requires IsAttenMask=1
18726882581681040,DeterType=4 requires IsAttenMask=1
18726883118551056,DeterType=4 requires IsAttenMask=1
18726883118551184,DeterType=4 requires IsAttenMask=1
18726883118551312,DeterType=4 requires IsAttenMask=1
18726883118551440,DeterType=4 requires IsAttenMask=1
18726883118551568,DeterType=4 requires IsAttenMask=1
18726883118551696,DeterType=4 requires IsAttenMask=1
18726883118551824,DeterType=4 requires IsAttenMask=1
18726883118551952,DeterType=4 requires IsAttenMask=1
18726883655421968,DeterType=4 requires IsAttenMask=1
18726883655422096,DeterType=4 requires IsAttenMask=1
18726883655422224,DeterType=4 requires IsAttenMask=1
18726883655422352,DeterType=4 requires IsAttenMask=1
18726883655422480,DeterType=4 requires IsAttenMask=1
18726883655422608,DeterType=4 requires IsAttenMask=1
18726883655422736,DeterType=4 requires IsAttenMask=1
18726883655422864,DeterType=4 requires IsAttenMask=1
18726884192292880,DeterType=4 requires IsAttenMask=1
18726884192293008,DeterType=4 requires IsAttenMask=1
18726884192293136,DeterType=4 requires IsAttenMask=1
18726884192293264,DeterType=4 requires IsAttenMask=1
18726884192293392,DeterType=4 requires IsAttenMask=1
18726884192293520,DeterType=4 requires IsAttenMask=1
18726884192293648,DeterType=4 requires IsAttenMask=1
18726884192293776,DeterType=4 requires IsAttenMask=1
18726884729161744,DeterType=4 requires IsAttenMask=1
18726884729161872,DeterType=4 requires IsAttenMask=1
18726884729162000,DeterType=4 requires IsAttenMask=1
18726884729162128,DeterType=4 requires IsAttenMask=1
18726884729162256,DeterType=4 requires IsAttenMask=1
18726884729162384,DeterType=4 requires IsAttenMask=1
18726884729162512,DeterType=4 requires IsAttenMask=1
18726884729162640,DeterType=4 requires IsAttenMask=1
18726884729163792,DeterType=4 requires IsAttenMask=1 | FLOAT large-D forces S1TemplateNum=64
18726884729163920,DeterType=4 requires IsAttenMask=1 | FLOAT large-D forces S1TemplateNum=64
18726884729164048,DeterType=4 requires IsAttenMask=1 | FLOAT large-D forces S1TemplateNum=64
18726884729164176,DeterType=4 requires IsAttenMask=1 | FLOAT large-D forces S1TemplateNum=64
18726884729164304,DeterType=4 requires IsAttenMask=1 | FLOAT large-D forces S1TemplateNum=64
18726884729164432,DeterType=4 requires IsAttenMask=1 | FLOAT large-D forces S1TemplateNum=64
18726884729164560,DeterType=4 requires IsAttenMask=1 | FLOAT large-D forces S1TemplateNum=64
18726884729164688,DeterType=4 requires IsAttenMask=1 | FLOAT large-D forces S1TemplateNum=64
18726884729164816,FLOAT large-D forces S1TemplateNum=64
18726884729164944,FLOAT large-D forces S1TemplateNum=64
18726884729165072,FLOAT large-D forces S1TemplateNum=64
18726884729165200,FLOAT large-D forces S1TemplateNum=64
18726884729165328,FLOAT large-D forces S1TemplateNum=64
18726884729165456,FLOAT large-D forces S1TemplateNum=64
18726884729165584,FLOAT large-D forces S1TemplateNum=64
18726884729165712,FLOAT large-D forces S1TemplateNum=64
18757671054741520,FLOAT large-D forces S1TemplateNum=64
18757671054741648,FLOAT large-D forces S1TemplateNum=64
18757671054741776,FLOAT large-D forces S1TemplateNum=64
18757671054741904,FLOAT large-D forces S1TemplateNum=64
18757671054742032,FLOAT large-D forces S1TemplateNum=64
18757671054742160,FLOAT large-D forces S1TemplateNum=64
18757671054742288,FLOAT large-D forces S1TemplateNum=64
18757671054742416,FLOAT large-D forces S1TemplateNum=64
18757671054742544,FLOAT large-D forces S1TemplateNum=64
18757671054742672,FLOAT large-D forces S1TemplateNum=64
18757671054742800,FLOAT large-D forces S1TemplateNum=64
18757671054742928,FLOAT large-D forces S1TemplateNum=64
18757671054743056,FLOAT large-D forces S1TemplateNum=64
18757671054743184,FLOAT large-D forces S1TemplateNum=64
18757671054743312,FLOAT large-D forces S1TemplateNum=64
18757671054743440,FLOAT large-D forces S1TemplateNum=64
18759867930513424,DeterType=3 requires IsAttenMask=1
18759867930513552,DeterType=3 requires IsAttenMask=1
18759867930513680,DeterType=3 requires IsAttenMask=1
18759867930513808,DeterType=3 requires IsAttenMask=1
18759867930513936,DeterType=3 requires IsAttenMask=1
18759867930514064,DeterType=3 requires IsAttenMask=1
18759867930514192,DeterType=3 requires IsAttenMask=1
18759867930514320,DeterType=3 requires IsAttenMask=1
18759868467384336,DeterType=3 requires IsAttenMask=1
18759868467384464,DeterType=3 requires IsAttenMask=1
18759868467384592,DeterType=3 requires IsAttenMask=1
18759868467384720,DeterType=3 requires IsAttenMask=1
18759868467384848,DeterType=3 requires IsAttenMask=1
18759868467384976,DeterType=3 requires IsAttenMask=1
18759868467385104,DeterType=3 requires IsAttenMask=1
18759868467385232,DeterType=3 requires IsAttenMask=1
18759869004255248,DeterType=3 requires IsAttenMask=1
18759869004255376,DeterType=3 requires IsAttenMask=1
18759869004255504,DeterType=3 requires IsAttenMask=1
18759869004255632,DeterType=3 requires IsAttenMask=1
18759869004255760,DeterType=3 requires IsAttenMask=1
18759869004255888,DeterType=3 requires IsAttenMask=1
18759869004256016,DeterType=3 requires IsAttenMask=1
18759869004256144,DeterType=3 requires IsAttenMask=1
18759869541126160,DeterType=3 requires IsAttenMask=1
18759869541126288,DeterType=3 requires IsAttenMask=1
18759869541126416,DeterType=3 requires IsAttenMask=1
18759869541126544,DeterType=3 requires IsAttenMask=1
18759869541126672,DeterType=3 requires IsAttenMask=1
18759869541126800,DeterType=3 requires IsAttenMask=1
18759869541126928,DeterType=3 requires IsAttenMask=1
18759869541127056,DeterType=3 requires IsAttenMask=1
18759870077995024,DeterType=3 requires IsAttenMask=1
18759870077995152,DeterType=3 requires IsAttenMask=1
18759870077995280,DeterType=3 requires IsAttenMask=1
18759870077995408,DeterType=3 requires IsAttenMask=1
18759870077995536,DeterType=3 requires IsAttenMask=1
18759870077995664,DeterType=3 requires IsAttenMask=1
18759870077995792,DeterType=3 requires IsAttenMask=1
18759870077995920,DeterType=3 requires IsAttenMask=1
18759870077997072,DeterType=3 requires IsAttenMask=1 | FLOAT large-D forces S1TemplateNum=64
18759870077997200,DeterType=3 requires IsAttenMask=1 | FLOAT large-D forces S1TemplateNum=64
18759870077997328,DeterType=3 requires IsAttenMask=1 | FLOAT large-D forces S1TemplateNum=64
18759870077997456,DeterType=3 requires IsAttenMask=1 | FLOAT large-D forces S1TemplateNum=64
18759870077997584,DeterType=3 requires IsAttenMask=1 | FLOAT large-D forces S1TemplateNum=64
18759870077997712,DeterType=3 requires IsAttenMask=1 | FLOAT large-D forces S1TemplateNum=64
18759870077997840,DeterType=3 requires IsAttenMask=1 | FLOAT large-D forces S1TemplateNum=64
18759870077997968,DeterType=3 requires IsAttenMask=1 | FLOAT large-D forces S1TemplateNum=64
18759870077998096,FLOAT large-D forces S1TemplateNum=64
18759870077998224,FLOAT large-D forces S1TemplateNum=64
18759870077998352,FLOAT large-D forces S1TemplateNum=64
18759870077998480,FLOAT large-D forces S1TemplateNum=64
18759870077998608,FLOAT large-D forces S1TemplateNum=64
18759870077998736,FLOAT large-D forces S1TemplateNum=64
18759870077998864,FLOAT large-D forces S1TemplateNum=64
18759870077998992,FLOAT large-D forces S1TemplateNum=64
18762066953768976,DeterType=4 requires IsAttenMask=1
18762066953769104,DeterType=4 requires IsAttenMask=1
18762066953769232,DeterType=4 requires IsAttenMask=1
18762066953769360,DeterType=4 requires IsAttenMask=1
18762066953769488,DeterType=4 requires IsAttenMask=1
18762066953769616,DeterType=4 requires IsAttenMask=1
18762066953769744,DeterType=4 requires IsAttenMask=1
18762066953769872,DeterType=4 requires IsAttenMask=1
18762067490639888,DeterType=4 requires IsAttenMask=1
18762067490640016,DeterType=4 requires IsAttenMask=1
18762067490640144,DeterType=4 requires IsAttenMask=1
18762067490640272,DeterType=4 requires IsAttenMask=1
18762067490640400,DeterType=4 requires IsAttenMask=1
18762067490640528,DeterType=4 requires IsAttenMask=1
18762067490640656,DeterType=4 requires IsAttenMask=1
18762067490640784,DeterType=4 requires IsAttenMask=1
18762068027510800,DeterType=4 requires IsAttenMask=1
18762068027510928,DeterType=4 requires IsAttenMask=1
18762068027511056,DeterType=4 requires IsAttenMask=1
18762068027511184,DeterType=4 requires IsAttenMask=1
18762068027511312,DeterType=4 requires IsAttenMask=1
18762068027511440,DeterType=4 requires IsAttenMask=1
18762068027511568,DeterType=4 requires IsAttenMask=1
18762068027511696,DeterType=4 requires IsAttenMask=1
18762068564381712,DeterType=4 requires IsAttenMask=1
18762068564381840,DeterType=4 requires IsAttenMask=1
18762068564381968,DeterType=4 requires IsAttenMask=1
18762068564382096,DeterType=4 requires IsAttenMask=1
18762068564382224,DeterType=4 requires IsAttenMask=1
18762068564382352,DeterType=4 requires IsAttenMask=1
18762068564382480,DeterType=4 requires IsAttenMask=1
18762068564382608,DeterType=4 requires IsAttenMask=1
18762069101250576,DeterType=4 requires IsAttenMask=1
18762069101250704,DeterType=4 requires IsAttenMask=1
18762069101250832,DeterType=4 requires IsAttenMask=1
18762069101250960,DeterType=4 requires IsAttenMask=1
18762069101251088,DeterType=4 requires IsAttenMask=1
18762069101251216,DeterType=4 requires IsAttenMask=1
18762069101251344,DeterType=4 requires IsAttenMask=1
18762069101251472,DeterType=4 requires IsAttenMask=1
18762069101252624,DeterType=4 requires IsAttenMask=1 | FLOAT large-D forces S1TemplateNum=64
18762069101252752,DeterType=4 requires IsAttenMask=1 | FLOAT large-D forces S1TemplateNum=64
18762069101252880,DeterType=4 requires IsAttenMask=1 | FLOAT large-D forces S1TemplateNum=64
18762069101253008,DeterType=4 requires IsAttenMask=1 | FLOAT large-D forces S1TemplateNum=64
18762069101253136,DeterType=4 requires IsAttenMask=1 | FLOAT large-D forces S1TemplateNum=64
18762069101253264,DeterType=4 requires IsAttenMask=1 | FLOAT large-D forces S1TemplateNum=64
18762069101253392,DeterType=4 requires IsAttenMask=1 | FLOAT large-D forces S1TemplateNum=64
18762069101253520,DeterType=4 requires IsAttenMask=1 | FLOAT large-D forces S1TemplateNum=64
18762069101253648,FLOAT large-D forces S1TemplateNum=64
18762069101253776,FLOAT large-D forces S1TemplateNum=64
18762069101253904,FLOAT large-D forces S1TemplateNum=64
18762069101254032,FLOAT large-D forces S1TemplateNum=64
18762069101254160,FLOAT large-D forces S1TemplateNum=64
18762069101254288,FLOAT large-D forces S1TemplateNum=64
18762069101254416,FLOAT large-D forces S1TemplateNum=64
18762069101254544,FLOAT large-D forces S1TemplateNum=64
19140300027465764,non-TND BN2S2 unreachable for DTpl=192 (d>BN2S2_WRITE_UB_D)
19140300027465890,TND SplitAxis=BN2 requires DTpl 64/128 not 192
19140300027466020,BN2S2 with drop requires d<=128 not DTpl 192
19140300027466146,TND SplitAxis=BN2 requires DTpl 64/128 not 192
19140300027466148,BN2S2 with drop requires d<=128 not DTpl 192
19140300027466276,non-TND BN2S2 unreachable for DTpl=192 (d>BN2S2_WRITE_UB_D)
19140300027466402,TND SplitAxis=BN2 requires DTpl 64/128 not 192
19140300027466532,BN2S2 with drop requires d<=128 not DTpl 192
19140300027466658,TND SplitAxis=BN2 requires DTpl 64/128 not 192
19140300027466660,BN2S2 with drop requires d<=128 not DTpl 192
19140300027466788,non-TND BN2S2 unreachable for DTpl=192 (d>BN2S2_WRITE_UB_D)
19140300027466914,TND SplitAxis=BN2 requires DTpl 64/128 not 192
19140300027467044,BN2S2 with drop requires d<=128 not DTpl 192
19140300027467170,TND SplitAxis=BN2 requires DTpl 64/128 not 192
19140300027467172,BN2S2 with drop requires d<=128 not DTpl 192
19140300027467300,non-TND BN2S2 unreachable for DTpl=192 (d>BN2S2_WRITE_UB_D)
19140300027467426,TND SplitAxis=BN2 requires DTpl 64/128 not 192
19140300027467556,BN2S2 with drop requires d<=128 not DTpl 192
19140300027467682,TND SplitAxis=BN2 requires DTpl 64/128 not 192
19140300027467684,BN2S2 with drop requires d<=128 not DTpl 192
19140300564336676,non-TND BN2S2 unreachable for DTpl=256 (d>BN2S2_WRITE_UB_D)
19140300564336802,TND SplitAxis=BN2 requires DTpl 64/128 not 256
19140300564336932,BN2S2 with drop requires d<=128 not DTpl 256
19140300564337058,TND SplitAxis=BN2 requires DTpl 64/128 not 256
19140300564337060,BN2S2 with drop requires d<=128 not DTpl 256
19140300564337188,non-TND BN2S2 unreachable for DTpl=256 (d>BN2S2_WRITE_UB_D)
19140300564337314,TND SplitAxis=BN2 requires DTpl 64/128 not 256
19140300564337444,BN2S2 with drop requires d<=128 not DTpl 256
19140300564337570,TND SplitAxis=BN2 requires DTpl 64/128 not 256
19140300564337572,BN2S2 with drop requires d<=128 not DTpl 256
19140300564337700,non-TND BN2S2 unreachable for DTpl=256 (d>BN2S2_WRITE_UB_D)
19140300564337826,TND SplitAxis=BN2 requires DTpl 64/128 not 256
19140300564337956,BN2S2 with drop requires d<=128 not DTpl 256
19140300564338082,TND SplitAxis=BN2 requires DTpl 64/128 not 256
19140300564338084,BN2S2 with drop requires d<=128 not DTpl 256
19140300564338212,non-TND BN2S2 unreachable for DTpl=256 (d>BN2S2_WRITE_UB_D)
19140300564338338,TND SplitAxis=BN2 requires DTpl 64/128 not 256
19140300564338468,BN2S2 with drop requires d<=128 not DTpl 256
19140300564338594,TND SplitAxis=BN2 requires DTpl 64/128 not 256
19140300564338596,BN2S2 with drop requires d<=128 not DTpl 256
19140301101207588,non-TND BN2S2 unreachable for DTpl=768 (d>BN2S2_WRITE_UB_D)
19140301101207714,TND SplitAxis=BN2 requires DTpl 64/128 not 768
19140301101207844,BN2S2 with drop requires d<=128 not DTpl 768
19140301101207970,TND SplitAxis=BN2 requires DTpl 64/128 not 768
19140301101207972,BN2S2 with drop requires d<=128 not DTpl 768
19140301101208100,non-TND BN2S2 unreachable for DTpl=768 (d>BN2S2_WRITE_UB_D)
19140301101208226,TND SplitAxis=BN2 requires DTpl 64/128 not 768
19140301101208356,BN2S2 with drop requires d<=128 not DTpl 768
19140301101208482,TND SplitAxis=BN2 requires DTpl 64/128 not 768
19140301101208484,BN2S2 with drop requires d<=128 not DTpl 768
19140301101208612,non-TND BN2S2 unreachable for DTpl=768 (d>BN2S2_WRITE_UB_D)
19140301101208738,TND SplitAxis=BN2 requires DTpl 64/128 not 768
19140301101208868,BN2S2 with drop requires d<=128 not DTpl 768
19140301101208994,TND SplitAxis=BN2 requires DTpl 64/128 not 768
19140301101208996,BN2S2 with drop requires d<=128 not DTpl 768
19140301101209124,non-TND BN2S2 unreachable for DTpl=768 (d>BN2S2_WRITE_UB_D)
19140301101209250,TND SplitAxis=BN2 requires DTpl 64/128 not 768
19140301101209380,BN2S2 with drop requires d<=128 not DTpl 768
19140301101209506,TND SplitAxis=BN2 requires DTpl 64/128 not 768
19140301101209508,BN2S2 with drop requires d<=128 not DTpl 768
19146896023490592,DeterType=3 requires IsAttenMask=1
19146896023490720,DeterType=3 requires IsAttenMask=1
19146896023490848,DeterType=3 requires IsAttenMask=1
19146896023490976,DeterType=3 requires IsAttenMask=1
19146896023491104,DeterType=3 requires IsAttenMask=1
19146896023491232,DeterType=3 requires IsAttenMask=1
19146896023491360,DeterType=3 requires IsAttenMask=1
19146896023491488,DeterType=3 requires IsAttenMask=1
19146896560361504,DeterType=3 requires IsAttenMask=1
19146896560361632,DeterType=3 requires IsAttenMask=1
19146896560361760,DeterType=3 requires IsAttenMask=1
19146896560361888,DeterType=3 requires IsAttenMask=1
19146896560362016,DeterType=3 requires IsAttenMask=1
19146896560362144,DeterType=3 requires IsAttenMask=1
19146896560362272,DeterType=3 requires IsAttenMask=1
19146896560362400,DeterType=3 requires IsAttenMask=1
19146897097232416,DeterType=3 requires IsAttenMask=1
19146897097232544,DeterType=3 requires IsAttenMask=1
19146897097232672,DeterType=3 requires IsAttenMask=1
19146897097232800,DeterType=3 requires IsAttenMask=1
19146897097232928,DeterType=3 requires IsAttenMask=1
19146897097233056,DeterType=3 requires IsAttenMask=1
19146897097233184,DeterType=3 requires IsAttenMask=1
19146897097233312,DeterType=3 requires IsAttenMask=1
19146897634103328,DeterType=3 requires IsAttenMask=1
19146897634103456,DeterType=3 requires IsAttenMask=1
19146897634103584,DeterType=3 requires IsAttenMask=1
19146897634103712,DeterType=3 requires IsAttenMask=1
19146897634103840,DeterType=3 requires IsAttenMask=1
19146897634103968,DeterType=3 requires IsAttenMask=1
19146897634104096,DeterType=3 requires IsAttenMask=1
19146897634104224,DeterType=3 requires IsAttenMask=1
19146898170974240,DeterType=3 requires IsAttenMask=1
19146898170974368,DeterType=3 requires IsAttenMask=1
19146898170974496,DeterType=3 requires IsAttenMask=1
19146898170974624,DeterType=3 requires IsAttenMask=1
19146898170974752,DeterType=3 requires IsAttenMask=1
19146898170974880,DeterType=3 requires IsAttenMask=1
19146898170975008,DeterType=3 requires IsAttenMask=1
19146898170975136,DeterType=3 requires IsAttenMask=1
19149095046746144,DeterType=4 requires IsAttenMask=1
19149095046746272,DeterType=4 requires IsAttenMask=1
19149095046746400,DeterType=4 requires IsAttenMask=1
19149095046746528,DeterType=4 requires IsAttenMask=1
19149095046746656,DeterType=4 requires IsAttenMask=1
19149095046746784,DeterType=4 requires IsAttenMask=1
19149095046746912,DeterType=4 requires IsAttenMask=1
19149095046747040,DeterType=4 requires IsAttenMask=1
19149095583617056,DeterType=4 requires IsAttenMask=1
19149095583617184,DeterType=4 requires IsAttenMask=1
19149095583617312,DeterType=4 requires IsAttenMask=1
19149095583617440,DeterType=4 requires IsAttenMask=1
19149095583617568,DeterType=4 requires IsAttenMask=1
19149095583617696,DeterType=4 requires IsAttenMask=1
19149095583617824,DeterType=4 requires IsAttenMask=1
19149095583617952,DeterType=4 requires IsAttenMask=1
19149096120487968,DeterType=4 requires IsAttenMask=1
19149096120488096,DeterType=4 requires IsAttenMask=1
19149096120488224,DeterType=4 requires IsAttenMask=1
19149096120488352,DeterType=4 requires IsAttenMask=1
19149096120488480,DeterType=4 requires IsAttenMask=1
19149096120488608,DeterType=4 requires IsAttenMask=1
19149096120488736,DeterType=4 requires IsAttenMask=1
19149096120488864,DeterType=4 requires IsAttenMask=1
19149096657358880,DeterType=4 requires IsAttenMask=1
19149096657359008,DeterType=4 requires IsAttenMask=1
19149096657359136,DeterType=4 requires IsAttenMask=1
19149096657359264,DeterType=4 requires IsAttenMask=1
19149096657359392,DeterType=4 requires IsAttenMask=1
19149096657359520,DeterType=4 requires IsAttenMask=1
19149096657359648,DeterType=4 requires IsAttenMask=1
19149096657359776,DeterType=4 requires IsAttenMask=1
19149097194229792,DeterType=4 requires IsAttenMask=1
19149097194229920,DeterType=4 requires IsAttenMask=1
19149097194230048,DeterType=4 requires IsAttenMask=1
19149097194230176,DeterType=4 requires IsAttenMask=1
19149097194230304,DeterType=4 requires IsAttenMask=1
19149097194230432,DeterType=4 requires IsAttenMask=1
19149097194230560,DeterType=4 requires IsAttenMask=1
19149097194230688,DeterType=4 requires IsAttenMask=1
19179882446066084,BN2S2 with drop requires d<=128 not DTpl 192
19179882446066596,BN2S2 with drop requires d<=128 not DTpl 192
19179882446067108,BN2S2 with drop requires d<=128 not DTpl 192
19179882446067620,BN2S2 with drop requires d<=128 not DTpl 192
19179882982936996,BN2S2 with drop requires d<=128 not DTpl 256
19179882982937508,BN2S2 with drop requires d<=128 not DTpl 256
19179882982938020,BN2S2 with drop requires d<=128 not DTpl 256
19179882982938532,BN2S2 with drop requires d<=128 not DTpl 256
19179883519807908,BN2S2 with drop requires d<=128 not DTpl 768
19179883519808420,BN2S2 with drop requires d<=128 not DTpl 768
19179883519808932,BN2S2 with drop requires d<=128 not DTpl 768
19179883519809444,BN2S2 with drop requires d<=128 not DTpl 768
19182080395579424,DeterType=3 requires IsAttenMask=1
19182080395579552,DeterType=3 requires IsAttenMask=1
19182080395579680,DeterType=3 requires IsAttenMask=1
19182080395579808,DeterType=3 requires IsAttenMask=1
19182080395579936,DeterType=3 requires IsAttenMask=1
19182080395580064,DeterType=3 requires IsAttenMask=1
19182080395580192,DeterType=3 requires IsAttenMask=1
19182080395580320,DeterType=3 requires IsAttenMask=1
19182080932450336,DeterType=3 requires IsAttenMask=1
19182080932450464,DeterType=3 requires IsAttenMask=1
19182080932450592,DeterType=3 requires IsAttenMask=1
19182080932450720,DeterType=3 requires IsAttenMask=1
19182080932450848,DeterType=3 requires IsAttenMask=1
19182080932450976,DeterType=3 requires IsAttenMask=1
19182080932451104,DeterType=3 requires IsAttenMask=1
19182080932451232,DeterType=3 requires IsAttenMask=1
19182081469321248,DeterType=3 requires IsAttenMask=1
19182081469321376,DeterType=3 requires IsAttenMask=1
19182081469321504,DeterType=3 requires IsAttenMask=1
19182081469321632,DeterType=3 requires IsAttenMask=1
19182081469321760,DeterType=3 requires IsAttenMask=1
19182081469321888,DeterType=3 requires IsAttenMask=1
19182081469322016,DeterType=3 requires IsAttenMask=1
19182081469322144,DeterType=3 requires IsAttenMask=1
19182082006192160,DeterType=3 requires IsAttenMask=1
19182082006192288,DeterType=3 requires IsAttenMask=1
19182082006192416,DeterType=3 requires IsAttenMask=1
19182082006192544,DeterType=3 requires IsAttenMask=1
19182082006192672,DeterType=3 requires IsAttenMask=1
19182082006192800,DeterType=3 requires IsAttenMask=1
19182082006192928,DeterType=3 requires IsAttenMask=1
19182082006193056,DeterType=3 requires IsAttenMask=1
19182082543063072,DeterType=3 requires IsAttenMask=1
19182082543063200,DeterType=3 requires IsAttenMask=1
19182082543063328,DeterType=3 requires IsAttenMask=1
19182082543063456,DeterType=3 requires IsAttenMask=1
19182082543063584,DeterType=3 requires IsAttenMask=1
19182082543063712,DeterType=3 requires IsAttenMask=1
19182082543063840,DeterType=3 requires IsAttenMask=1
19182082543063968,DeterType=3 requires IsAttenMask=1
19184279418834976,DeterType=4 requires IsAttenMask=1
19184279418835104,DeterType=4 requires IsAttenMask=1
19184279418835108,DeterType=4 requires IsAttenMask=1
19184279418835232,DeterType=4 requires IsAttenMask=1
19184279418835360,DeterType=4 requires IsAttenMask=1
19184279418835364,DeterType=4 requires IsAttenMask=1
19184279418835488,DeterType=4 requires IsAttenMask=1
19184279418835616,DeterType=4 requires IsAttenMask=1
19184279418835620,DeterType=4 requires IsAttenMask=1
19184279418835744,DeterType=4 requires IsAttenMask=1
19184279418835872,DeterType=4 requires IsAttenMask=1
19184279418835876,DeterType=4 requires IsAttenMask=1
19184279955705888,DeterType=4 requires IsAttenMask=1
19184279955706016,DeterType=4 requires IsAttenMask=1
19184279955706020,DeterType=4 requires IsAttenMask=1
19184279955706144,DeterType=4 requires IsAttenMask=1
19184279955706272,DeterType=4 requires IsAttenMask=1
19184279955706276,DeterType=4 requires IsAttenMask=1
19184279955706400,DeterType=4 requires IsAttenMask=1
19184279955706528,DeterType=4 requires IsAttenMask=1
19184279955706532,DeterType=4 requires IsAttenMask=1
19184279955706656,DeterType=4 requires IsAttenMask=1
19184279955706784,DeterType=4 requires IsAttenMask=1
19184279955706788,DeterType=4 requires IsAttenMask=1
19184280492576800,DeterType=4 requires IsAttenMask=1
19184280492576928,DeterType=4 requires IsAttenMask=1
19184280492576932,DeterType=4 requires IsAttenMask=1
19184280492577056,DeterType=4 requires IsAttenMask=1
19184280492577184,DeterType=4 requires IsAttenMask=1
19184280492577188,DeterType=4 requires IsAttenMask=1 | BN2S2 with drop requires d<=128 not DTpl 192
19184280492577312,DeterType=4 requires IsAttenMask=1
19184280492577440,DeterType=4 requires IsAttenMask=1
19184280492577444,DeterType=4 requires IsAttenMask=1
19184280492577568,DeterType=4 requires IsAttenMask=1
19184280492577696,DeterType=4 requires IsAttenMask=1
19184280492577700,DeterType=4 requires IsAttenMask=1 | BN2S2 with drop requires d<=128 not DTpl 192
19184280492578212,BN2S2 with drop requires d<=128 not DTpl 192
19184280492578724,BN2S2 with drop requires d<=128 not DTpl 192
19184281029447712,DeterType=4 requires IsAttenMask=1
19184281029447840,DeterType=4 requires IsAttenMask=1
19184281029447844,DeterType=4 requires IsAttenMask=1
19184281029447968,DeterType=4 requires IsAttenMask=1
19184281029448096,DeterType=4 requires IsAttenMask=1
19184281029448100,DeterType=4 requires IsAttenMask=1 | BN2S2 with drop requires d<=128 not DTpl 256
19184281029448224,DeterType=4 requires IsAttenMask=1
19184281029448352,DeterType=4 requires IsAttenMask=1
19184281029448356,DeterType=4 requires IsAttenMask=1
19184281029448480,DeterType=4 requires IsAttenMask=1
19184281029448608,DeterType=4 requires IsAttenMask=1
19184281029448612,DeterType=4 requires IsAttenMask=1 | BN2S2 with drop requires d<=128 not DTpl 256
19184281029449124,BN2S2 with drop requires d<=128 not DTpl 256
19184281029449636,BN2S2 with drop requires d<=128 not DTpl 256
19184281566318624,DeterType=4 requires IsAttenMask=1
19184281566318752,DeterType=4 requires IsAttenMask=1
19184281566318756,DeterType=4 requires IsAttenMask=1
19184281566318880,DeterType=4 requires IsAttenMask=1
19184281566319008,DeterType=4 requires IsAttenMask=1
19184281566319012,DeterType=4 requires IsAttenMask=1 | BN2S2 with drop requires d<=128 not DTpl 768
19184281566319136,DeterType=4 requires IsAttenMask=1
19184281566319264,DeterType=4 requires IsAttenMask=1
19184281566319268,DeterType=4 requires IsAttenMask=1
19184281566319392,DeterType=4 requires IsAttenMask=1
19184281566319520,DeterType=4 requires IsAttenMask=1
19184281566319524,DeterType=4 requires IsAttenMask=1 | BN2S2 with drop requires d<=128 not DTpl 768
19184281566320036,BN2S2 with drop requires d<=128 not DTpl 768
19184281566320548,BN2S2 with drop requires d<=128 not DTpl 768
19210667697901730,IsBn2MultiBlk=1 requires non-TND
19210667697901986,IsBn2MultiBlk=1 requires non-TND
19210667697902242,IsBn2MultiBlk=1 requires non-TND
19210667697902498,IsBn2MultiBlk=1 requires non-TND
19210667697902754,IsBn2MultiBlk=1 requires non-TND
19210667697903010,IsBn2MultiBlk=1 requires non-TND
19210667697903266,IsBn2MultiBlk=1 requires non-TND
19210667697903522,IsBn2MultiBlk=1 requires non-TND
19210668234772642,IsBn2MultiBlk=1 requires non-TND
19210668234772898,IsBn2MultiBlk=1 requires non-TND
19210668234773154,IsBn2MultiBlk=1 requires non-TND
19210668234773410,IsBn2MultiBlk=1 requires non-TND
19210668234773666,IsBn2MultiBlk=1 requires non-TND
19210668234773922,IsBn2MultiBlk=1 requires non-TND
19210668234774178,IsBn2MultiBlk=1 requires non-TND
19210668234774434,IsBn2MultiBlk=1 requires non-TND
19210668771643554,IsBn2MultiBlk=1 requires non-TND | TND SplitAxis=BN2 requires DTpl 64/128 not 192
19210668771643810,IsBn2MultiBlk=1 requires non-TND | TND SplitAxis=BN2 requires DTpl 64/128 not 192
19210668771644066,IsBn2MultiBlk=1 requires non-TND | TND SplitAxis=BN2 requires DTpl 64/128 not 192
19210668771644322,IsBn2MultiBlk=1 requires non-TND | TND SplitAxis=BN2 requires DTpl 64/128 not 192
19210668771644578,IsBn2MultiBlk=1 requires non-TND | TND SplitAxis=BN2 requires DTpl 64/128 not 192
19210668771644834,IsBn2MultiBlk=1 requires non-TND | TND SplitAxis=BN2 requires DTpl 64/128 not 192
19210668771645090,IsBn2MultiBlk=1 requires non-TND | TND SplitAxis=BN2 requires DTpl 64/128 not 192
19210668771645346,IsBn2MultiBlk=1 requires non-TND | TND SplitAxis=BN2 requires DTpl 64/128 not 192
19210669308514466,IsBn2MultiBlk=1 requires non-TND | TND SplitAxis=BN2 requires DTpl 64/128 not 256
19210669308514722,IsBn2MultiBlk=1 requires non-TND | TND SplitAxis=BN2 requires DTpl 64/128 not 256
19210669308514978,IsBn2MultiBlk=1 requires non-TND | TND SplitAxis=BN2 requires DTpl 64/128 not 256
19210669308515234,IsBn2MultiBlk=1 requires non-TND | TND SplitAxis=BN2 requires DTpl 64/128 not 256
19210669308515490,IsBn2MultiBlk=1 requires non-TND | TND SplitAxis=BN2 requires DTpl 64/128 not 256
19210669308515746,IsBn2MultiBlk=1 requires non-TND | TND SplitAxis=BN2 requires DTpl 64/128 not 256
19210669308516002,IsBn2MultiBlk=1 requires non-TND | TND SplitAxis=BN2 requires DTpl 64/128 not 256
19210669308516258,IsBn2MultiBlk=1 requires non-TND | TND SplitAxis=BN2 requires DTpl 64/128 not 256
19210669845385378,IsBn2MultiBlk=1 requires non-TND | TND SplitAxis=BN2 requires DTpl 64/128 not 768
19210669845385634,IsBn2MultiBlk=1 requires non-TND | TND SplitAxis=BN2 requires DTpl 64/128 not 768
19210669845385890,IsBn2MultiBlk=1 requires non-TND | TND SplitAxis=BN2 requires DTpl 64/128 not 768
19210669845386146,IsBn2MultiBlk=1 requires non-TND | TND SplitAxis=BN2 requires DTpl 64/128 not 768
19210669845386402,IsBn2MultiBlk=1 requires non-TND | TND SplitAxis=BN2 requires DTpl 64/128 not 768
19210669845386658,IsBn2MultiBlk=1 requires non-TND | TND SplitAxis=BN2 requires DTpl 64/128 not 768
19210669845386914,IsBn2MultiBlk=1 requires non-TND | TND SplitAxis=BN2 requires DTpl 64/128 not 768
19210669845387170,IsBn2MultiBlk=1 requires non-TND | TND SplitAxis=BN2 requires DTpl 64/128 not 768
19281037515821092,non-TND BN2S2 unreachable for DTpl=192 (d>BN2S2_WRITE_UB_D)
19281037515821218,TND SplitAxis=BN2 requires DTpl 64/128 not 192
19281037515821348,BN2S2 with drop requires d<=128 not DTpl 192
19281037515821474,TND SplitAxis=BN2 requires DTpl 64/128 not 192
19281037515821476,BN2S2 with drop requires d<=128 not DTpl 192
19281037515821604,non-TND BN2S2 unreachable for DTpl=192 (d>BN2S2_WRITE_UB_D)
19281037515821730,TND SplitAxis=BN2 requires DTpl 64/128 not 192
19281037515821860,BN2S2 with drop requires d<=128 not DTpl 192
19281037515821986,TND SplitAxis=BN2 requires DTpl 64/128 not 192
19281037515821988,BN2S2 with drop requires d<=128 not DTpl 192
19281037515822116,non-TND BN2S2 unreachable for DTpl=192 (d>BN2S2_WRITE_UB_D)
19281037515822242,TND SplitAxis=BN2 requires DTpl 64/128 not 192
19281037515822372,BN2S2 with drop requires d<=128 not DTpl 192
19281037515822498,TND SplitAxis=BN2 requires DTpl 64/128 not 192
19281037515822500,BN2S2 with drop requires d<=128 not DTpl 192
19281037515822628,non-TND BN2S2 unreachable for DTpl=192 (d>BN2S2_WRITE_UB_D)
19281037515822754,TND SplitAxis=BN2 requires DTpl 64/128 not 192
19281037515822884,BN2S2 with drop requires d<=128 not DTpl 192
19281037515823010,TND SplitAxis=BN2 requires DTpl 64/128 not 192
19281037515823012,BN2S2 with drop requires d<=128 not DTpl 192
19281038052692004,non-TND BN2S2 unreachable for DTpl=256 (d>BN2S2_WRITE_UB_D)
19281038052692130,TND SplitAxis=BN2 requires DTpl 64/128 not 256
19281038052692260,BN2S2 with drop requires d<=128 not DTpl 256
19281038052692386,TND SplitAxis=BN2 requires DTpl 64/128 not 256
19281038052692388,BN2S2 with drop requires d<=128 not DTpl 256
19281038052692516,non-TND BN2S2 unreachable for DTpl=256 (d>BN2S2_WRITE_UB_D)
19281038052692642,TND SplitAxis=BN2 requires DTpl 64/128 not 256
19281038052692772,BN2S2 with drop requires d<=128 not DTpl 256
19281038052692898,TND SplitAxis=BN2 requires DTpl 64/128 not 256
19281038052692900,BN2S2 with drop requires d<=128 not DTpl 256
19281038052693028,non-TND BN2S2 unreachable for DTpl=256 (d>BN2S2_WRITE_UB_D)
19281038052693154,TND SplitAxis=BN2 requires DTpl 64/128 not 256
19281038052693284,BN2S2 with drop requires d<=128 not DTpl 256
19281038052693410,TND SplitAxis=BN2 requires DTpl 64/128 not 256
19281038052693412,BN2S2 with drop requires d<=128 not DTpl 256
19281038052693540,non-TND BN2S2 unreachable for DTpl=256 (d>BN2S2_WRITE_UB_D)
19281038052693666,TND SplitAxis=BN2 requires DTpl 64/128 not 256
19281038052693796,BN2S2 with drop requires d<=128 not DTpl 256
19281038052693922,TND SplitAxis=BN2 requires DTpl 64/128 not 256
19281038052693924,BN2S2 with drop requires d<=128 not DTpl 256
19281038589562916,non-TND BN2S2 unreachable for DTpl=768 (d>BN2S2_WRITE_UB_D)
19281038589563042,TND SplitAxis=BN2 requires DTpl 64/128 not 768
19281038589563172,BN2S2 with drop requires d<=128 not DTpl 768
19281038589563298,TND SplitAxis=BN2 requires DTpl 64/128 not 768
19281038589563300,BN2S2 with drop requires d<=128 not DTpl 768
19281038589563428,non-TND BN2S2 unreachable for DTpl=768 (d>BN2S2_WRITE_UB_D)
19281038589563554,TND SplitAxis=BN2 requires DTpl 64/128 not 768
19281038589563684,BN2S2 with drop requires d<=128 not DTpl 768
19281038589563810,TND SplitAxis=BN2 requires DTpl 64/128 not 768
19281038589563812,BN2S2 with drop requires d<=128 not DTpl 768
19281038589563940,non-TND BN2S2 unreachable for DTpl=768 (d>BN2S2_WRITE_UB_D)
19281038589564066,TND SplitAxis=BN2 requires DTpl 64/128 not 768
19281038589564196,BN2S2 with drop requires d<=128 not DTpl 768
19281038589564322,TND SplitAxis=BN2 requires DTpl 64/128 not 768
19281038589564324,BN2S2 with drop requires d<=128 not DTpl 768
19281038589564452,non-TND BN2S2 unreachable for DTpl=768 (d>BN2S2_WRITE_UB_D)
19281038589564578,TND SplitAxis=BN2 requires DTpl 64/128 not 768
19281038589564708,BN2S2 with drop requires d<=128 not DTpl 768
19281038589564834,TND SplitAxis=BN2 requires DTpl 64/128 not 768
19281038589564836,BN2S2 with drop requires d<=128 not DTpl 768
19287633511845920,DeterType=3 requires IsAttenMask=1
19287633511846048,DeterType=3 requires IsAttenMask=1
19287633511846176,DeterType=3 requires IsAttenMask=1
19287633511846304,DeterType=3 requires IsAttenMask=1
19287633511846432,DeterType=3 requires IsAttenMask=1
19287633511846560,DeterType=3 requires IsAttenMask=1
19287633511846688,DeterType=3 requires IsAttenMask=1
19287633511846816,DeterType=3 requires IsAttenMask=1
19287634048716832,DeterType=3 requires IsAttenMask=1
19287634048716960,DeterType=3 requires IsAttenMask=1
19287634048717088,DeterType=3 requires IsAttenMask=1
19287634048717216,DeterType=3 requires IsAttenMask=1
19287634048717344,DeterType=3 requires IsAttenMask=1
19287634048717472,DeterType=3 requires IsAttenMask=1
19287634048717600,DeterType=3 requires IsAttenMask=1
19287634048717728,DeterType=3 requires IsAttenMask=1
19287634585587744,DeterType=3 requires IsAttenMask=1
19287634585587872,DeterType=3 requires IsAttenMask=1
19287634585588000,DeterType=3 requires IsAttenMask=1
19287634585588128,DeterType=3 requires IsAttenMask=1
19287634585588256,DeterType=3 requires IsAttenMask=1
19287634585588384,DeterType=3 requires IsAttenMask=1
19287634585588512,DeterType=3 requires IsAttenMask=1
19287634585588640,DeterType=3 requires IsAttenMask=1
19287635122458656,DeterType=3 requires IsAttenMask=1
19287635122458784,DeterType=3 requires IsAttenMask=1
19287635122458912,DeterType=3 requires IsAttenMask=1
19287635122459040,DeterType=3 requires IsAttenMask=1
19287635122459168,DeterType=3 requires IsAttenMask=1
19287635122459296,DeterType=3 requires IsAttenMask=1
19287635122459424,DeterType=3 requires IsAttenMask=1
19287635122459552,DeterType=3 requires IsAttenMask=1
19287635659329568,DeterType=3 requires IsAttenMask=1
19287635659329696,DeterType=3 requires IsAttenMask=1
19287635659329824,DeterType=3 requires IsAttenMask=1
19287635659329952,DeterType=3 requires IsAttenMask=1
19287635659330080,DeterType=3 requires IsAttenMask=1
19287635659330208,DeterType=3 requires IsAttenMask=1
19287635659330336,DeterType=3 requires IsAttenMask=1
19287635659330464,DeterType=3 requires IsAttenMask=1
19289832535101472,DeterType=4 requires IsAttenMask=1
19289832535101600,DeterType=4 requires IsAttenMask=1
19289832535101728,DeterType=4 requires IsAttenMask=1
19289832535101856,DeterType=4 requires IsAttenMask=1
19289832535101984,DeterType=4 requires IsAttenMask=1
19289832535102112,DeterType=4 requires IsAttenMask=1
19289832535102240,DeterType=4 requires IsAttenMask=1
19289832535102368,DeterType=4 requires IsAttenMask=1
19289833071972384,DeterType=4 requires IsAttenMask=1
19289833071972512,DeterType=4 requires IsAttenMask=1
19289833071972640,DeterType=4 requires IsAttenMask=1
19289833071972768,DeterType=4 requires IsAttenMask=1
19289833071972896,DeterType=4 requires IsAttenMask=1
19289833071973024,DeterType=4 requires IsAttenMask=1
19289833071973152,DeterType=4 requires IsAttenMask=1
19289833071973280,DeterType=4 requires IsAttenMask=1
19289833608843296,DeterType=4 requires IsAttenMask=1
19289833608843424,DeterType=4 requires IsAttenMask=1
19289833608843552,DeterType=4 requires IsAttenMask=1
19289833608843680,DeterType=4 requires IsAttenMask=1
19289833608843808,DeterType=4 requires IsAttenMask=1
19289833608843936,DeterType=4 requires IsAttenMask=1
19289833608844064,DeterType=4 requires IsAttenMask=1
19289833608844192,DeterType=4 requires IsAttenMask=1
19289834145714208,DeterType=4 requires IsAttenMask=1
19289834145714336,DeterType=4 requires IsAttenMask=1
19289834145714464,DeterType=4 requires IsAttenMask=1
19289834145714592,DeterType=4 requires IsAttenMask=1
19289834145714720,DeterType=4 requires IsAttenMask=1
19289834145714848,DeterType=4 requires IsAttenMask=1
19289834145714976,DeterType=4 requires IsAttenMask=1
19289834145715104,DeterType=4 requires IsAttenMask=1
19289834682585120,DeterType=4 requires IsAttenMask=1
19289834682585248,DeterType=4 requires IsAttenMask=1
19289834682585376,DeterType=4 requires IsAttenMask=1
19289834682585504,DeterType=4 requires IsAttenMask=1
19289834682585632,DeterType=4 requires IsAttenMask=1
19289834682585760,DeterType=4 requires IsAttenMask=1
19289834682585888,DeterType=4 requires IsAttenMask=1
19289834682586016,DeterType=4 requires IsAttenMask=1
19320619934421412,BN2S2 with drop requires d<=128 not DTpl 192
19320619934421924,BN2S2 with drop requires d<=128 not DTpl 192
19320619934422436,BN2S2 with drop requires d<=128 not DTpl 192
19320619934422948,BN2S2 with drop requires d<=128 not DTpl 192
19320620471292324,BN2S2 with drop requires d<=128 not DTpl 256
19320620471292836,BN2S2 with drop requires d<=128 not DTpl 256
19320620471293348,BN2S2 with drop requires d<=128 not DTpl 256
19320620471293860,BN2S2 with drop requires d<=128 not DTpl 256
19320621008163236,BN2S2 with drop requires d<=128 not DTpl 768
19320621008163748,BN2S2 with drop requires d<=128 not DTpl 768
19320621008164260,BN2S2 with drop requires d<=128 not DTpl 768
19320621008164772,BN2S2 with drop requires d<=128 not DTpl 768
19322817883934752,DeterType=3 requires IsAttenMask=1
19322817883934880,DeterType=3 requires IsAttenMask=1
19322817883935008,DeterType=3 requires IsAttenMask=1
19322817883935136,DeterType=3 requires IsAttenMask=1
19322817883935264,DeterType=3 requires IsAttenMask=1
19322817883935392,DeterType=3 requires IsAttenMask=1
19322817883935520,DeterType=3 requires IsAttenMask=1
19322817883935648,DeterType=3 requires IsAttenMask=1
19322818420805664,DeterType=3 requires IsAttenMask=1
19322818420805792,DeterType=3 requires IsAttenMask=1
19322818420805920,DeterType=3 requires IsAttenMask=1
19322818420806048,DeterType=3 requires IsAttenMask=1
19322818420806176,DeterType=3 requires IsAttenMask=1
19322818420806304,DeterType=3 requires IsAttenMask=1
19322818420806432,DeterType=3 requires IsAttenMask=1
19322818420806560,DeterType=3 requires IsAttenMask=1
19322818957676576,DeterType=3 requires IsAttenMask=1
19322818957676704,DeterType=3 requires IsAttenMask=1
19322818957676832,DeterType=3 requires IsAttenMask=1
19322818957676960,DeterType=3 requires IsAttenMask=1
19322818957677088,DeterType=3 requires IsAttenMask=1
19322818957677216,DeterType=3 requires IsAttenMask=1
19322818957677344,DeterType=3 requires IsAttenMask=1
19322818957677472,DeterType=3 requires IsAttenMask=1
19322819494547488,DeterType=3 requires IsAttenMask=1
19322819494547616,DeterType=3 requires IsAttenMask=1
19322819494547744,DeterType=3 requires IsAttenMask=1
19322819494547872,DeterType=3 requires IsAttenMask=1
19322819494548000,DeterType=3 requires IsAttenMask=1
19322819494548128,DeterType=3 requires IsAttenMask=1
19322819494548256,DeterType=3 requires IsAttenMask=1
19322819494548384,DeterType=3 requires IsAttenMask=1
19322820031418400,DeterType=3 requires IsAttenMask=1
19322820031418528,DeterType=3 requires IsAttenMask=1
19322820031418656,DeterType=3 requires IsAttenMask=1
19322820031418784,DeterType=3 requires IsAttenMask=1
19322820031418912,DeterType=3 requires IsAttenMask=1
19322820031419040,DeterType=3 requires IsAttenMask=1
19322820031419168,DeterType=3 requires IsAttenMask=1
19322820031419296,DeterType=3 requires IsAttenMask=1
19325016907190304,DeterType=4 requires IsAttenMask=1
19325016907190432,DeterType=4 requires IsAttenMask=1
19325016907190436,DeterType=4 requires IsAttenMask=1
19325016907190560,DeterType=4 requires IsAttenMask=1
19325016907190688,DeterType=4 requires IsAttenMask=1
19325016907190692,DeterType=4 requires IsAttenMask=1
19325016907190816,DeterType=4 requires IsAttenMask=1
19325016907190944,DeterType=4 requires IsAttenMask=1
19325016907190948,DeterType=4 requires IsAttenMask=1
19325016907191072,DeterType=4 requires IsAttenMask=1
19325016907191200,DeterType=4 requires IsAttenMask=1
19325016907191204,DeterType=4 requires IsAttenMask=1
19325017444061216,DeterType=4 requires IsAttenMask=1
19325017444061344,DeterType=4 requires IsAttenMask=1
19325017444061348,DeterType=4 requires IsAttenMask=1
19325017444061472,DeterType=4 requires IsAttenMask=1
19325017444061600,DeterType=4 requires IsAttenMask=1
19325017444061604,DeterType=4 requires IsAttenMask=1
19325017444061728,DeterType=4 requires IsAttenMask=1
19325017444061856,DeterType=4 requires IsAttenMask=1
19325017444061860,DeterType=4 requires IsAttenMask=1
19325017444061984,DeterType=4 requires IsAttenMask=1
19325017444062112,DeterType=4 requires IsAttenMask=1
19325017444062116,DeterType=4 requires IsAttenMask=1
19325017980932128,DeterType=4 requires IsAttenMask=1
19325017980932256,DeterType=4 requires IsAttenMask=1
19325017980932260,DeterType=4 requires IsAttenMask=1
19325017980932384,DeterType=4 requires IsAttenMask=1
19325017980932512,DeterType=4 requires IsAttenMask=1
19325017980932516,DeterType=4 requires IsAttenMask=1 | BN2S2 with drop requires d<=128 not DTpl 192
19325017980932640,DeterType=4 requires IsAttenMask=1
19325017980932768,DeterType=4 requires IsAttenMask=1
19325017980932772,DeterType=4 requires IsAttenMask=1
19325017980932896,DeterType=4 requires IsAttenMask=1
19325017980933024,DeterType=4 requires IsAttenMask=1
19325017980933028,DeterType=4 requires IsAttenMask=1 | BN2S2 with drop requires d<=128 not DTpl 192
19325017980933540,BN2S2 with drop requires d<=128 not DTpl 192
19325017980934052,BN2S2 with drop requires d<=128 not DTpl 192
19325018517803040,DeterType=4 requires IsAttenMask=1
19325018517803168,DeterType=4 requires IsAttenMask=1
19325018517803172,DeterType=4 requires IsAttenMask=1
19325018517803296,DeterType=4 requires IsAttenMask=1
19325018517803424,DeterType=4 requires IsAttenMask=1
19325018517803428,DeterType=4 requires IsAttenMask=1 | BN2S2 with drop requires d<=128 not DTpl 256
19325018517803552,DeterType=4 requires IsAttenMask=1
19325018517803680,DeterType=4 requires IsAttenMask=1
19325018517803684,DeterType=4 requires IsAttenMask=1
19325018517803808,DeterType=4 requires IsAttenMask=1
19325018517803936,DeterType=4 requires IsAttenMask=1
19325018517803940,DeterType=4 requires IsAttenMask=1 | BN2S2 with drop requires d<=128 not DTpl 256
19325018517804452,BN2S2 with drop requires d<=128 not DTpl 256
19325018517804964,BN2S2 with drop requires d<=128 not DTpl 256
19325019054673952,DeterType=4 requires IsAttenMask=1
19325019054674080,DeterType=4 requires IsAttenMask=1
19325019054674084,DeterType=4 requires IsAttenMask=1
19325019054674208,DeterType=4 requires IsAttenMask=1
19325019054674336,DeterType=4 requires IsAttenMask=1
19325019054674340,DeterType=4 requires IsAttenMask=1 | BN2S2 with drop requires d<=128 not DTpl 768
19325019054674464,DeterType=4 requires IsAttenMask=1
19325019054674592,DeterType=4 requires IsAttenMask=1
19325019054674596,DeterType=4 requires IsAttenMask=1
19325019054674720,DeterType=4 requires IsAttenMask=1
19325019054674848,DeterType=4 requires IsAttenMask=1
19325019054674852,DeterType=4 requires IsAttenMask=1 | BN2S2 with drop requires d<=128 not DTpl 768
19325019054675364,BN2S2 with drop requires d<=128 not DTpl 768
19325019054675876,BN2S2 with drop requires d<=128 not DTpl 768
19351405186256930,IsBn2MultiBlk requires d==d1 so IsDNoEqual=0
19351405186257058,IsBn2MultiBlk=1 requires non-TND | IsBn2MultiBlk requires d==d1 so IsDNoEqual=0
19351405186257186,IsBn2MultiBlk requires d==d1 so IsDNoEqual=0
19351405186257314,IsBn2MultiBlk=1 requires non-TND | IsBn2MultiBlk requires d==d1 so IsDNoEqual=0
19351405186257442,IsBn2MultiBlk requires d==d1 so IsDNoEqual=0
19351405186257570,IsBn2MultiBlk=1 requires non-TND | IsBn2MultiBlk requires d==d1 so IsDNoEqual=0
19351405186257698,IsBn2MultiBlk requires d==d1 so IsDNoEqual=0
19351405186257826,IsBn2MultiBlk=1 requires non-TND | IsBn2MultiBlk requires d==d1 so IsDNoEqual=0
19351405186257954,IsBn2MultiBlk requires d==d1 so IsDNoEqual=0
19351405186258082,IsBn2MultiBlk=1 requires non-TND | IsBn2MultiBlk requires d==d1 so IsDNoEqual=0
19351405186258210,IsBn2MultiBlk requires d==d1 so IsDNoEqual=0
19351405186258338,IsBn2MultiBlk=1 requires non-TND | IsBn2MultiBlk requires d==d1 so IsDNoEqual=0
19351405186258466,IsBn2MultiBlk requires d==d1 so IsDNoEqual=0
19351405186258594,IsBn2MultiBlk=1 requires non-TND | IsBn2MultiBlk requires d==d1 so IsDNoEqual=0
19351405186258722,IsBn2MultiBlk requires d==d1 so IsDNoEqual=0
19351405186258850,IsBn2MultiBlk=1 requires non-TND | IsBn2MultiBlk requires d==d1 so IsDNoEqual=0
19351405723127842,IsBn2MultiBlk requires d==d1 so IsDNoEqual=0
19351405723127970,IsBn2MultiBlk=1 requires non-TND | IsBn2MultiBlk requires d==d1 so IsDNoEqual=0
19351405723128098,IsBn2MultiBlk requires d==d1 so IsDNoEqual=0
19351405723128226,IsBn2MultiBlk=1 requires non-TND | IsBn2MultiBlk requires d==d1 so IsDNoEqual=0
19351405723128354,IsBn2MultiBlk requires d==d1 so IsDNoEqual=0
19351405723128482,IsBn2MultiBlk=1 requires non-TND | IsBn2MultiBlk requires d==d1 so IsDNoEqual=0
19351405723128610,IsBn2MultiBlk requires d==d1 so IsDNoEqual=0
19351405723128738,IsBn2MultiBlk=1 requires non-TND | IsBn2MultiBlk requires d==d1 so IsDNoEqual=0
19351405723128866,IsBn2MultiBlk requires d==d1 so IsDNoEqual=0
19351405723128994,IsBn2MultiBlk=1 requires non-TND | IsBn2MultiBlk requires d==d1 so IsDNoEqual=0
19351405723129122,IsBn2MultiBlk requires d==d1 so IsDNoEqual=0
19351405723129250,IsBn2MultiBlk=1 requires non-TND | IsBn2MultiBlk requires d==d1 so IsDNoEqual=0
19351405723129378,IsBn2MultiBlk requires d==d1 so IsDNoEqual=0
19351405723129506,IsBn2MultiBlk=1 requires non-TND | IsBn2MultiBlk requires d==d1 so IsDNoEqual=0
19351405723129634,IsBn2MultiBlk requires d==d1 so IsDNoEqual=0
19351405723129762,IsBn2MultiBlk=1 requires non-TND | IsBn2MultiBlk requires d==d1 so IsDNoEqual=0
19351406259998754,IsBn2MultiBlk requires d==d1 so IsDNoEqual=0
19351406259998882,IsBn2MultiBlk=1 requires non-TND | TND SplitAxis=BN2 requires DTpl 64/128 not 192 | IsBn2MultiBlk requires d==d1 so IsDNoEqual=0
19351406259999010,IsBn2MultiBlk requires d==d1 so IsDNoEqual=0
19351406259999138,IsBn2MultiBlk=1 requires non-TND | TND SplitAxis=BN2 requires DTpl 64/128 not 192 | IsBn2MultiBlk requires d==d1 so IsDNoEqual=0
19351406259999266,IsBn2MultiBlk requires d==d1 so IsDNoEqual=0
19351406259999394,IsBn2MultiBlk=1 requires non-TND | TND SplitAxis=BN2 requires DTpl 64/128 not 192 | IsBn2MultiBlk requires d==d1 so IsDNoEqual=0
19351406259999522,IsBn2MultiBlk requires d==d1 so IsDNoEqual=0
19351406259999650,IsBn2MultiBlk=1 requires non-TND | TND SplitAxis=BN2 requires DTpl 64/128 not 192 | IsBn2MultiBlk requires d==d1 so IsDNoEqual=0
19351406259999778,IsBn2MultiBlk requires d==d1 so IsDNoEqual=0
19351406259999906,IsBn2MultiBlk=1 requires non-TND | TND SplitAxis=BN2 requires DTpl 64/128 not 192 | IsBn2MultiBlk requires d==d1 so IsDNoEqual=0
19351406260000034,IsBn2MultiBlk requires d==d1 so IsDNoEqual=0
19351406260000162,IsBn2MultiBlk=1 requires non-TND | TND SplitAxis=BN2 requires DTpl 64/128 not 192 | IsBn2MultiBlk requires d==d1 so IsDNoEqual=0
19351406260000290,IsBn2MultiBlk requires d==d1 so IsDNoEqual=0
19351406260000418,IsBn2MultiBlk=1 requires non-TND | TND SplitAxis=BN2 requires DTpl 64/128 not 192 | IsBn2MultiBlk requires d==d1 so IsDNoEqual=0
19351406260000546,IsBn2MultiBlk requires d==d1 so IsDNoEqual=0
19351406260000674,IsBn2MultiBlk=1 requires non-TND | TND SplitAxis=BN2 requires DTpl 64/128 not 192 | IsBn2MultiBlk requires d==d1 so IsDNoEqual=0
19351406796869666,IsBn2MultiBlk requires d==d1 so IsDNoEqual=0
19351406796869794,IsBn2MultiBlk=1 requires non-TND | TND SplitAxis=BN2 requires DTpl 64/128 not 256 | IsBn2MultiBlk requires d==d1 so IsDNoEqual=0
19351406796869922,IsBn2MultiBlk requires d==d1 so IsDNoEqual=0
19351406796870050,IsBn2MultiBlk=1 requires non-TND | TND SplitAxis=BN2 requires DTpl 64/128 not 256 | IsBn2MultiBlk requires d==d1 so IsDNoEqual=0
19351406796870178,IsBn2MultiBlk requires d==d1 so IsDNoEqual=0
19351406796870306,IsBn2MultiBlk=1 requires non-TND | TND SplitAxis=BN2 requires DTpl 64/128 not 256 | IsBn2MultiBlk requires d==d1 so IsDNoEqual=0
19351406796870434,IsBn2MultiBlk requires d==d1 so IsDNoEqual=0
19351406796870562,IsBn2MultiBlk=1 requires non-TND | TND SplitAxis=BN2 requires DTpl 64/128 not 256 | IsBn2MultiBlk requires d==d1 so IsDNoEqual=0
19351406796870690,IsBn2MultiBlk requires d==d1 so IsDNoEqual=0
19351406796870818,IsBn2MultiBlk=1 requires non-TND | TND SplitAxis=BN2 requires DTpl 64/128 not 256 | IsBn2MultiBlk requires d==d1 so IsDNoEqual=0
19351406796870946,IsBn2MultiBlk requires d==d1 so IsDNoEqual=0
19351406796871074,IsBn2MultiBlk=1 requires non-TND | TND SplitAxis=BN2 requires DTpl 64/128 not 256 | IsBn2MultiBlk requires d==d1 so IsDNoEqual=0
19351406796871202,IsBn2MultiBlk requires d==d1 so IsDNoEqual=0
19351406796871330,IsBn2MultiBlk=1 requires non-TND | TND SplitAxis=BN2 requires DTpl 64/128 not 256 | IsBn2MultiBlk requires d==d1 so IsDNoEqual=0
19351406796871458,IsBn2MultiBlk requires d==d1 so IsDNoEqual=0
19351406796871586,IsBn2MultiBlk=1 requires non-TND | TND SplitAxis=BN2 requires DTpl 64/128 not 256 | IsBn2MultiBlk requires d==d1 so IsDNoEqual=0
19351407333740578,IsBn2MultiBlk requires d==d1 so IsDNoEqual=0
19351407333740706,IsBn2MultiBlk=1 requires non-TND | TND SplitAxis=BN2 requires DTpl 64/128 not 768 | IsBn2MultiBlk requires d==d1 so IsDNoEqual=0
19351407333740834,IsBn2MultiBlk requires d==d1 so IsDNoEqual=0
19351407333740962,IsBn2MultiBlk=1 requires non-TND | TND SplitAxis=BN2 requires DTpl 64/128 not 768 | IsBn2MultiBlk requires d==d1 so IsDNoEqual=0
19351407333741090,IsBn2MultiBlk requires d==d1 so IsDNoEqual=0
19351407333741218,IsBn2MultiBlk=1 requires non-TND | TND SplitAxis=BN2 requires DTpl 64/128 not 768 | IsBn2MultiBlk requires d==d1 so IsDNoEqual=0
19351407333741346,IsBn2MultiBlk requires d==d1 so IsDNoEqual=0
19351407333741474,IsBn2MultiBlk=1 requires non-TND | TND SplitAxis=BN2 requires DTpl 64/128 not 768 | IsBn2MultiBlk requires d==d1 so IsDNoEqual=0
19351407333741602,IsBn2MultiBlk requires d==d1 so IsDNoEqual=0
19351407333741730,IsBn2MultiBlk=1 requires non-TND | TND SplitAxis=BN2 requires DTpl 64/128 not 768 | IsBn2MultiBlk requires d==d1 so IsDNoEqual=0
19351407333741858,IsBn2MultiBlk requires d==d1 so IsDNoEqual=0
19351407333741986,IsBn2MultiBlk=1 requires non-TND | TND SplitAxis=BN2 requires DTpl 64/128 not 768 | IsBn2MultiBlk requires d==d1 so IsDNoEqual=0
19351407333742114,IsBn2MultiBlk requires d==d1 so IsDNoEqual=0
19351407333742242,IsBn2MultiBlk=1 requires non-TND | TND SplitAxis=BN2 requires DTpl 64/128 not 768 | IsBn2MultiBlk requires d==d1 so IsDNoEqual=0
19351407333742370,IsBn2MultiBlk requires d==d1 so IsDNoEqual=0
19351407333742498,IsBn2MultiBlk=1 requires non-TND | TND SplitAxis=BN2 requires DTpl 64/128 not 768 | IsBn2MultiBlk requires d==d1 so IsDNoEqual=0
19421773930434594,IsRope=1 forces DTemplateNum=192 (not 64) | IsRope=1 forces IsDNoEqual=1
19421773930434722,IsRope=1 forces DTemplateNum=192 (not 64) | IsRope=1 forces IsDNoEqual=1
19421773930434850,IsRope=1 forces DTemplateNum=192 (not 64) | IsRope=1 forces IsDNoEqual=1
19421773930434978,IsRope=1 forces DTemplateNum=192 (not 64) | IsRope=1 forces IsDNoEqual=1
19421773930435106,IsRope=1 forces DTemplateNum=192 (not 64) | IsRope=1 forces IsDNoEqual=1
19421773930435234,IsRope=1 forces DTemplateNum=192 (not 64) | IsRope=1 forces IsDNoEqual=1
19421773930435362,IsRope=1 forces DTemplateNum=192 (not 64) | IsRope=1 forces IsDNoEqual=1
19421773930435490,IsRope=1 forces DTemplateNum=192 (not 64) | IsRope=1 forces IsDNoEqual=1
19421773930435618,IsRope=1 forces DTemplateNum=192 (not 64) | IsRope=1 forces IsDNoEqual=1
19421773930435746,IsRope=1 forces DTemplateNum=192 (not 64) | IsRope=1 forces IsDNoEqual=1
19421773930435874,IsRope=1 forces DTemplateNum=192 (not 64) | IsRope=1 forces IsDNoEqual=1
19421773930436002,IsRope=1 forces DTemplateNum=192 (not 64) | IsRope=1 forces IsDNoEqual=1
19421773930436130,IsRope=1 forces DTemplateNum=192 (not 64) | IsRope=1 forces IsDNoEqual=1
19421773930436258,IsRope=1 forces DTemplateNum=192 (not 64) | IsRope=1 forces IsDNoEqual=1
19421773930436386,IsRope=1 forces DTemplateNum=192 (not 64) | IsRope=1 forces IsDNoEqual=1
19421773930436514,IsRope=1 forces DTemplateNum=192 (not 64) | IsRope=1 forces IsDNoEqual=1
19421774467305506,IsRope=1 forces DTemplateNum=192 (not 128) | IsRope=1 forces IsDNoEqual=1
19421774467305634,IsRope=1 forces DTemplateNum=192 (not 128) | IsRope=1 forces IsDNoEqual=1
19421774467305762,IsRope=1 forces DTemplateNum=192 (not 128) | IsRope=1 forces IsDNoEqual=1
19421774467305890,IsRope=1 forces DTemplateNum=192 (not 128) | IsRope=1 forces IsDNoEqual=1
19421774467306018,IsRope=1 forces DTemplateNum=192 (not 128) | IsRope=1 forces IsDNoEqual=1
19421774467306146,IsRope=1 forces DTemplateNum=192 (not 128) | IsRope=1 forces IsDNoEqual=1
19421774467306274,IsRope=1 forces DTemplateNum=192 (not 128) | IsRope=1 forces IsDNoEqual=1
19421774467306402,IsRope=1 forces DTemplateNum=192 (not 128) | IsRope=1 forces IsDNoEqual=1
19421774467306530,IsRope=1 forces DTemplateNum=192 (not 128) | IsRope=1 forces IsDNoEqual=1
19421774467306658,IsRope=1 forces DTemplateNum=192 (not 128) | IsRope=1 forces IsDNoEqual=1
19421774467306786,IsRope=1 forces DTemplateNum=192 (not 128) | IsRope=1 forces IsDNoEqual=1
19421774467306914,IsRope=1 forces DTemplateNum=192 (not 128) | IsRope=1 forces IsDNoEqual=1
19421774467307042,IsRope=1 forces DTemplateNum=192 (not 128) | IsRope=1 forces IsDNoEqual=1
19421774467307170,IsRope=1 forces DTemplateNum=192 (not 128) | IsRope=1 forces IsDNoEqual=1
19421774467307298,IsRope=1 forces DTemplateNum=192 (not 128) | IsRope=1 forces IsDNoEqual=1
19421774467307426,IsRope=1 forces DTemplateNum=192 (not 128) | IsRope=1 forces IsDNoEqual=1
19421775004176418,IsRope=1 forces IsDNoEqual=1
19421775004176546,IsRope=1 forces IsDNoEqual=1 | TND SplitAxis=BN2 requires DTpl 64/128 not 192
19421775004176674,IsRope=1 forces IsDNoEqual=1
19421775004176802,IsRope=1 forces IsDNoEqual=1 | TND SplitAxis=BN2 requires DTpl 64/128 not 192
19421775004176930,IsRope=1 forces IsDNoEqual=1
19421775004177058,IsRope=1 forces IsDNoEqual=1 | TND SplitAxis=BN2 requires DTpl 64/128 not 192
19421775004177186,IsRope=1 forces IsDNoEqual=1
19421775004177314,IsRope=1 forces IsDNoEqual=1 | TND SplitAxis=BN2 requires DTpl 64/128 not 192
19421775004177442,IsRope=1 forces IsDNoEqual=1
19421775004177570,IsRope=1 forces IsDNoEqual=1 | TND SplitAxis=BN2 requires DTpl 64/128 not 192
19421775004177698,IsRope=1 forces IsDNoEqual=1
19421775004177826,IsRope=1 forces IsDNoEqual=1 | TND SplitAxis=BN2 requires DTpl 64/128 not 192
19421775004177954,IsRope=1 forces IsDNoEqual=1
19421775004178082,IsRope=1 forces IsDNoEqual=1 | TND SplitAxis=BN2 requires DTpl 64/128 not 192
19421775004178210,IsRope=1 forces IsDNoEqual=1
19421775004178338,IsRope=1 forces IsDNoEqual=1 | TND SplitAxis=BN2 requires DTpl 64/128 not 192
19421775541047330,IsRope=1 forces DTemplateNum=192 (not 256) | IsRope=1 forces IsDNoEqual=1
19421775541047458,IsRope=1 forces DTemplateNum=192 (not 256) | IsRope=1 forces IsDNoEqual=1 | TND SplitAxis=BN2 requires DTpl 64/128 not 256
19421775541047586,IsRope=1 forces DTemplateNum=192 (not 256) | IsRope=1 forces IsDNoEqual=1
19421775541047714,IsRope=1 forces DTemplateNum=192 (not 256) | IsRope=1 forces IsDNoEqual=1 | TND SplitAxis=BN2 requires DTpl 64/128 not 256
19421775541047842,IsRope=1 forces DTemplateNum=192 (not 256) | IsRope=1 forces IsDNoEqual=1
19421775541047970,IsRope=1 forces DTemplateNum=192 (not 256) | IsRope=1 forces IsDNoEqual=1 | TND SplitAxis=BN2 requires DTpl 64/128 not 256
19421775541048098,IsRope=1 forces DTemplateNum=192 (not 256) | IsRope=1 forces IsDNoEqual=1
19421775541048226,IsRope=1 forces DTemplateNum=192 (not 256) | IsRope=1 forces IsDNoEqual=1 | TND SplitAxis=BN2 requires DTpl 64/128 not 256
19421775541048354,IsRope=1 forces DTemplateNum=192 (not 256) | IsRope=1 forces IsDNoEqual=1
19421775541048482,IsRope=1 forces DTemplateNum=192 (not 256) | IsRope=1 forces IsDNoEqual=1 | TND SplitAxis=BN2 requires DTpl 64/128 not 256
19421775541048610,IsRope=1 forces DTemplateNum=192 (not 256) | IsRope=1 forces IsDNoEqual=1
19421775541048738,IsRope=1 forces DTemplateNum=192 (not 256) | IsRope=1 forces IsDNoEqual=1 | TND SplitAxis=BN2 requires DTpl 64/128 not 256
19421775541048866,IsRope=1 forces DTemplateNum=192 (not 256) | IsRope=1 forces IsDNoEqual=1
19421775541048994,IsRope=1 forces DTemplateNum=192 (not 256) | IsRope=1 forces IsDNoEqual=1 | TND SplitAxis=BN2 requires DTpl 64/128 not 256
19421775541049122,IsRope=1 forces DTemplateNum=192 (not 256) | IsRope=1 forces IsDNoEqual=1
19421775541049250,IsRope=1 forces DTemplateNum=192 (not 256) | IsRope=1 forces IsDNoEqual=1 | TND SplitAxis=BN2 requires DTpl 64/128 not 256
19421776077918242,IsRope=1 forces DTemplateNum=192 (not 768) | IsRope=1 forces IsDNoEqual=1
19421776077918370,IsRope=1 forces DTemplateNum=192 (not 768) | IsRope=1 forces IsDNoEqual=1 | TND SplitAxis=BN2 requires DTpl 64/128 not 768
19421776077918498,IsRope=1 forces DTemplateNum=192 (not 768) | IsRope=1 forces IsDNoEqual=1
19421776077918626,IsRope=1 forces DTemplateNum=192 (not 768) | IsRope=1 forces IsDNoEqual=1 | TND SplitAxis=BN2 requires DTpl 64/128 not 768
19421776077918754,IsRope=1 forces DTemplateNum=192 (not 768) | IsRope=1 forces IsDNoEqual=1
19421776077918882,IsRope=1 forces DTemplateNum=192 (not 768) | IsRope=1 forces IsDNoEqual=1 | TND SplitAxis=BN2 requires DTpl 64/128 not 768
19421776077919010,IsRope=1 forces DTemplateNum=192 (not 768) | IsRope=1 forces IsDNoEqual=1
19421776077919138,IsRope=1 forces DTemplateNum=192 (not 768) | IsRope=1 forces IsDNoEqual=1 | TND SplitAxis=BN2 requires DTpl 64/128 not 768
19421776077919266,IsRope=1 forces DTemplateNum=192 (not 768) | IsRope=1 forces IsDNoEqual=1
19421776077919394,IsRope=1 forces DTemplateNum=192 (not 768) | IsRope=1 forces IsDNoEqual=1 | TND SplitAxis=BN2 requires DTpl 64/128 not 768
19421776077919522,IsRope=1 forces DTemplateNum=192 (not 768) | IsRope=1 forces IsDNoEqual=1
19421776077919650,IsRope=1 forces DTemplateNum=192 (not 768) | IsRope=1 forces IsDNoEqual=1 | TND SplitAxis=BN2 requires DTpl 64/128 not 768
19421776077919778,IsRope=1 forces DTemplateNum=192 (not 768) | IsRope=1 forces IsDNoEqual=1
19421776077919906,IsRope=1 forces DTemplateNum=192 (not 768) | IsRope=1 forces IsDNoEqual=1 | TND SplitAxis=BN2 requires DTpl 64/128 not 768
19421776077920034,IsRope=1 forces DTemplateNum=192 (not 768) | IsRope=1 forces IsDNoEqual=1
19421776077920162,IsRope=1 forces DTemplateNum=192 (not 768) | IsRope=1 forces IsDNoEqual=1 | TND SplitAxis=BN2 requires DTpl 64/128 not 768
19492142674612258,IsRope=1 forces DTemplateNum=192 (not 64) | IsRope=1 forces IsDNoEqual=1 | IsBn2MultiBlk=1 requires IsRope=0
19492142674612386,IsRope=1 forces DTemplateNum=192 (not 64) | IsRope=1 forces IsDNoEqual=1 | IsBn2MultiBlk=1 requires non-TND | IsBn2MultiBlk=1 requires IsRope=0
19492142674612514,IsRope=1 forces DTemplateNum=192 (not 64) | IsRope=1 forces IsDNoEqual=1 | IsBn2MultiBlk=1 requires IsRope=0
19492142674612642,IsRope=1 forces DTemplateNum=192 (not 64) | IsRope=1 forces IsDNoEqual=1 | IsBn2MultiBlk=1 requires non-TND | IsBn2MultiBlk=1 requires IsRope=0
19492142674612770,IsRope=1 forces DTemplateNum=192 (not 64) | IsRope=1 forces IsDNoEqual=1 | IsBn2MultiBlk=1 requires IsRope=0
19492142674612898,IsRope=1 forces DTemplateNum=192 (not 64) | IsRope=1 forces IsDNoEqual=1 | IsBn2MultiBlk=1 requires non-TND | IsBn2MultiBlk=1 requires IsRope=0
19492142674613026,IsRope=1 forces DTemplateNum=192 (not 64) | IsRope=1 forces IsDNoEqual=1 | IsBn2MultiBlk=1 requires IsRope=0
19492142674613154,IsRope=1 forces DTemplateNum=192 (not 64) | IsRope=1 forces IsDNoEqual=1 | IsBn2MultiBlk=1 requires non-TND | IsBn2MultiBlk=1 requires IsRope=0
19492142674613282,IsRope=1 forces DTemplateNum=192 (not 64) | IsRope=1 forces IsDNoEqual=1 | IsBn2MultiBlk=1 requires IsRope=0
19492142674613410,IsRope=1 forces DTemplateNum=192 (not 64) | IsRope=1 forces IsDNoEqual=1 | IsBn2MultiBlk=1 requires non-TND | IsBn2MultiBlk=1 requires IsRope=0
19492142674613538,IsRope=1 forces DTemplateNum=192 (not 64) | IsRope=1 forces IsDNoEqual=1 | IsBn2MultiBlk=1 requires IsRope=0
19492142674613666,IsRope=1 forces DTemplateNum=192 (not 64) | IsRope=1 forces IsDNoEqual=1 | IsBn2MultiBlk=1 requires non-TND | IsBn2MultiBlk=1 requires IsRope=0
19492142674613794,IsRope=1 forces DTemplateNum=192 (not 64) | IsRope=1 forces IsDNoEqual=1 | IsBn2MultiBlk=1 requires IsRope=0
19492142674613922,IsRope=1 forces DTemplateNum=192 (not 64) | IsRope=1 forces IsDNoEqual=1 | IsBn2MultiBlk=1 requires non-TND | IsBn2MultiBlk=1 requires IsRope=0
19492142674614050,IsRope=1 forces DTemplateNum=192 (not 64) | IsRope=1 forces IsDNoEqual=1 | IsBn2MultiBlk=1 requires IsRope=0
19492142674614178,IsRope=1 forces DTemplateNum=192 (not 64) | IsRope=1 forces IsDNoEqual=1 | IsBn2MultiBlk=1 requires non-TND | IsBn2MultiBlk=1 requires IsRope=0
19492143211483170,IsRope=1 forces DTemplateNum=192 (not 128) | IsRope=1 forces IsDNoEqual=1 | IsBn2MultiBlk=1 requires IsRope=0
19492143211483298,IsRope=1 forces DTemplateNum=192 (not 128) | IsRope=1 forces IsDNoEqual=1 | IsBn2MultiBlk=1 requires non-TND | IsBn2MultiBlk=1 requires IsRope=0
19492143211483426,IsRope=1 forces DTemplateNum=192 (not 128) | IsRope=1 forces IsDNoEqual=1 | IsBn2MultiBlk=1 requires IsRope=0
19492143211483554,IsRope=1 forces DTemplateNum=192 (not 128) | IsRope=1 forces IsDNoEqual=1 | IsBn2MultiBlk=1 requires non-TND | IsBn2MultiBlk=1 requires IsRope=0
19492143211483682,IsRope=1 forces DTemplateNum=192 (not 128) | IsRope=1 forces IsDNoEqual=1 | IsBn2MultiBlk=1 requires IsRope=0
19492143211483810,IsRope=1 forces DTemplateNum=192 (not 128) | IsRope=1 forces IsDNoEqual=1 | IsBn2MultiBlk=1 requires non-TND | IsBn2MultiBlk=1 requires IsRope=0
19492143211483938,IsRope=1 forces DTemplateNum=192 (not 128) | IsRope=1 forces IsDNoEqual=1 | IsBn2MultiBlk=1 requires IsRope=0
19492143211484066,IsRope=1 forces DTemplateNum=192 (not 128) | IsRope=1 forces IsDNoEqual=1 | IsBn2MultiBlk=1 requires non-TND | IsBn2MultiBlk=1 requires IsRope=0
19492143211484194,IsRope=1 forces DTemplateNum=192 (not 128) | IsRope=1 forces IsDNoEqual=1 | IsBn2MultiBlk=1 requires IsRope=0
19492143211484322,IsRope=1 forces DTemplateNum=192 (not 128) | IsRope=1 forces IsDNoEqual=1 | IsBn2MultiBlk=1 requires non-TND | IsBn2MultiBlk=1 requires IsRope=0
19492143211484450,IsRope=1 forces DTemplateNum=192 (not 128) | IsRope=1 forces IsDNoEqual=1 | IsBn2MultiBlk=1 requires IsRope=0
19492143211484578,IsRope=1 forces DTemplateNum=192 (not 128) | IsRope=1 forces IsDNoEqual=1 | IsBn2MultiBlk=1 requires non-TND | IsBn2MultiBlk=1 requires IsRope=0
19492143211484706,IsRope=1 forces DTemplateNum=192 (not 128) | IsRope=1 forces IsDNoEqual=1 | IsBn2MultiBlk=1 requires IsRope=0
19492143211484834,IsRope=1 forces DTemplateNum=192 (not 128) | IsRope=1 forces IsDNoEqual=1 | IsBn2MultiBlk=1 requires non-TND | IsBn2MultiBlk=1 requires IsRope=0
19492143211484962,IsRope=1 forces DTemplateNum=192 (not 128) | IsRope=1 forces IsDNoEqual=1 | IsBn2MultiBlk=1 requires IsRope=0
19492143211485090,IsRope=1 forces DTemplateNum=192 (not 128) | IsRope=1 forces IsDNoEqual=1 | IsBn2MultiBlk=1 requires non-TND | IsBn2MultiBlk=1 requires IsRope=0
19492143748354082,IsRope=1 forces IsDNoEqual=1 | IsBn2MultiBlk=1 requires IsRope=0
19492143748354210,IsRope=1 forces IsDNoEqual=1 | IsBn2MultiBlk=1 requires non-TND | IsBn2MultiBlk=1 requires IsRope=0 | TND SplitAxis=BN2 requires DTpl 64/128 not 192
19492143748354338,IsRope=1 forces IsDNoEqual=1 | IsBn2MultiBlk=1 requires IsRope=0
19492143748354466,IsRope=1 forces IsDNoEqual=1 | IsBn2MultiBlk=1 requires non-TND | IsBn2MultiBlk=1 requires IsRope=0 | TND SplitAxis=BN2 requires DTpl 64/128 not 192
19492143748354594,IsRope=1 forces IsDNoEqual=1 | IsBn2MultiBlk=1 requires IsRope=0
19492143748354722,IsRope=1 forces IsDNoEqual=1 | IsBn2MultiBlk=1 requires non-TND | IsBn2MultiBlk=1 requires IsRope=0 | TND SplitAxis=BN2 requires DTpl 64/128 not 192
19492143748354850,IsRope=1 forces IsDNoEqual=1 | IsBn2MultiBlk=1 requires IsRope=0
19492143748354978,IsRope=1 forces IsDNoEqual=1 | IsBn2MultiBlk=1 requires non-TND | IsBn2MultiBlk=1 requires IsRope=0 | TND SplitAxis=BN2 requires DTpl 64/128 not 192
19492143748355106,IsRope=1 forces IsDNoEqual=1 | IsBn2MultiBlk=1 requires IsRope=0
19492143748355234,IsRope=1 forces IsDNoEqual=1 | IsBn2MultiBlk=1 requires non-TND | IsBn2MultiBlk=1 requires IsRope=0 | TND SplitAxis=BN2 requires DTpl 64/128 not 192
19492143748355362,IsRope=1 forces IsDNoEqual=1 | IsBn2MultiBlk=1 requires IsRope=0
19492143748355490,IsRope=1 forces IsDNoEqual=1 | IsBn2MultiBlk=1 requires non-TND | IsBn2MultiBlk=1 requires IsRope=0 | TND SplitAxis=BN2 requires DTpl 64/128 not 192
19492143748355618,IsRope=1 forces IsDNoEqual=1 | IsBn2MultiBlk=1 requires IsRope=0
19492143748355746,IsRope=1 forces IsDNoEqual=1 | IsBn2MultiBlk=1 requires non-TND | IsBn2MultiBlk=1 requires IsRope=0 | TND SplitAxis=BN2 requires DTpl 64/128 not 192
19492143748355874,IsRope=1 forces IsDNoEqual=1 | IsBn2MultiBlk=1 requires IsRope=0
19492143748356002,IsRope=1 forces IsDNoEqual=1 | IsBn2MultiBlk=1 requires non-TND | IsBn2MultiBlk=1 requires IsRope=0 | TND SplitAxis=BN2 requires DTpl 64/128 not 192
19492144285224994,IsRope=1 forces DTemplateNum=192 (not 256) | IsRope=1 forces IsDNoEqual=1 | IsBn2MultiBlk=1 requires IsRope=0
19492144285225122,IsRope=1 forces DTemplateNum=192 (not 256) | IsRope=1 forces IsDNoEqual=1 | IsBn2MultiBlk=1 requires non-TND | IsBn2MultiBlk=1 requires IsRope=0 | TND SplitAxis=BN2 requires DTpl 64/128 not 256
19492144285225250,IsRope=1 forces DTemplateNum=192 (not 256) | IsRope=1 forces IsDNoEqual=1 | IsBn2MultiBlk=1 requires IsRope=0
19492144285225378,IsRope=1 forces DTemplateNum=192 (not 256) | IsRope=1 forces IsDNoEqual=1 | IsBn2MultiBlk=1 requires non-TND | IsBn2MultiBlk=1 requires IsRope=0 | TND SplitAxis=BN2 requires DTpl 64/128 not 256
19492144285225506,IsRope=1 forces DTemplateNum=192 (not 256) | IsRope=1 forces IsDNoEqual=1 | IsBn2MultiBlk=1 requires IsRope=0
19492144285225634,IsRope=1 forces DTemplateNum=192 (not 256) | IsRope=1 forces IsDNoEqual=1 | IsBn2MultiBlk=1 requires non-TND | IsBn2MultiBlk=1 requires IsRope=0 | TND SplitAxis=BN2 requires DTpl 64/128 not 256
19492144285225762,IsRope=1 forces DTemplateNum=192 (not 256) | IsRope=1 forces IsDNoEqual=1 | IsBn2MultiBlk=1 requires IsRope=0
19492144285225890,IsRope=1 forces DTemplateNum=192 (not 256) | IsRope=1 forces IsDNoEqual=1 | IsBn2MultiBlk=1 requires non-TND | IsBn2MultiBlk=1 requires IsRope=0 | TND SplitAxis=BN2 requires DTpl 64/128 not 256
19492144285226018,IsRope=1 forces DTemplateNum=192 (not 256) | IsRope=1 forces IsDNoEqual=1 | IsBn2MultiBlk=1 requires IsRope=0
19492144285226146,IsRope=1 forces DTemplateNum=192 (not 256) | IsRope=1 forces IsDNoEqual=1 | IsBn2MultiBlk=1 requires non-TND | IsBn2MultiBlk=1 requires IsRope=0 | TND SplitAxis=BN2 requires DTpl 64/128 not 256
19492144285226274,IsRope=1 forces DTemplateNum=192 (not 256) | IsRope=1 forces IsDNoEqual=1 | IsBn2MultiBlk=1 requires IsRope=0
19492144285226402,IsRope=1 forces DTemplateNum=192 (not 256) | IsRope=1 forces IsDNoEqual=1 | IsBn2MultiBlk=1 requires non-TND | IsBn2MultiBlk=1 requires IsRope=0 | TND SplitAxis=BN2 requires DTpl 64/128 not 256
19492144285226530,IsRope=1 forces DTemplateNum=192 (not 256) | IsRope=1 forces IsDNoEqual=1 | IsBn2MultiBlk=1 requires IsRope=0
19492144285226658,IsRope=1 forces DTemplateNum=192 (not 256) | IsRope=1 forces IsDNoEqual=1 | IsBn2MultiBlk=1 requires non-TND | IsBn2MultiBlk=1 requires IsRope=0 | TND SplitAxis=BN2 requires DTpl 64/128 not 256
19492144285226786,IsRope=1 forces DTemplateNum=192 (not 256) | IsRope=1 forces IsDNoEqual=1 | IsBn2MultiBlk=1 requires IsRope=0
19492144285226914,IsRope=1 forces DTemplateNum=192 (not 256) | IsRope=1 forces IsDNoEqual=1 | IsBn2MultiBlk=1 requires non-TND | IsBn2MultiBlk=1 requires IsRope=0 | TND SplitAxis=BN2 requires DTpl 64/128 not 256
19492144822095906,IsRope=1 forces DTemplateNum=192 (not 768) | IsRope=1 forces IsDNoEqual=1 | IsBn2MultiBlk=1 requires IsRope=0
19492144822096034,IsRope=1 forces DTemplateNum=192 (not 768) | IsRope=1 forces IsDNoEqual=1 | IsBn2MultiBlk=1 requires non-TND | IsBn2MultiBlk=1 requires IsRope=0 | TND SplitAxis=BN2 requires DTpl 64/128 not 768
19492144822096162,IsRope=1 forces DTemplateNum=192 (not 768) | IsRope=1 forces IsDNoEqual=1 | IsBn2MultiBlk=1 requires IsRope=0
19492144822096290,IsRope=1 forces DTemplateNum=192 (not 768) | IsRope=1 forces IsDNoEqual=1 | IsBn2MultiBlk=1 requires non-TND | IsBn2MultiBlk=1 requires IsRope=0 | TND SplitAxis=BN2 requires DTpl 64/128 not 768
19492144822096418,IsRope=1 forces DTemplateNum=192 (not 768) | IsRope=1 forces IsDNoEqual=1 | IsBn2MultiBlk=1 requires IsRope=0
19492144822096546,IsRope=1 forces DTemplateNum=192 (not 768) | IsRope=1 forces IsDNoEqual=1 | IsBn2MultiBlk=1 requires non-TND | IsBn2MultiBlk=1 requires IsRope=0 | TND SplitAxis=BN2 requires DTpl 64/128 not 768
19492144822096674,IsRope=1 forces DTemplateNum=192 (not 768) | IsRope=1 forces IsDNoEqual=1 | IsBn2MultiBlk=1 requires IsRope=0
19492144822096802,IsRope=1 forces DTemplateNum=192 (not 768) | IsRope=1 forces IsDNoEqual=1 | IsBn2MultiBlk=1 requires non-TND | IsBn2MultiBlk=1 requires IsRope=0 | TND SplitAxis=BN2 requires DTpl 64/128 not 768
19492144822096930,IsRope=1 forces DTemplateNum=192 (not 768) | IsRope=1 forces IsDNoEqual=1 | IsBn2MultiBlk=1 requires IsRope=0
19492144822097058,IsRope=1 forces DTemplateNum=192 (not 768) | IsRope=1 forces IsDNoEqual=1 | IsBn2MultiBlk=1 requires non-TND | IsBn2MultiBlk=1 requires IsRope=0 | TND SplitAxis=BN2 requires DTpl 64/128 not 768
19492144822097186,IsRope=1 forces DTemplateNum=192 (not 768) | IsRope=1 forces IsDNoEqual=1 | IsBn2MultiBlk=1 requires IsRope=0
19492144822097314,IsRope=1 forces DTemplateNum=192 (not 768) | IsRope=1 forces IsDNoEqual=1 | IsBn2MultiBlk=1 requires non-TND | IsBn2MultiBlk=1 requires IsRope=0 | TND SplitAxis=BN2 requires DTpl 64/128 not 768
19492144822097442,IsRope=1 forces DTemplateNum=192 (not 768) | IsRope=1 forces IsDNoEqual=1 | IsBn2MultiBlk=1 requires IsRope=0
19492144822097570,IsRope=1 forces DTemplateNum=192 (not 768) | IsRope=1 forces IsDNoEqual=1 | IsBn2MultiBlk=1 requires non-TND | IsBn2MultiBlk=1 requires IsRope=0 | TND SplitAxis=BN2 requires DTpl 64/128 not 768
19492144822097698,IsRope=1 forces DTemplateNum=192 (not 768) | IsRope=1 forces IsDNoEqual=1 | IsBn2MultiBlk=1 requires IsRope=0
19492144822097826,IsRope=1 forces DTemplateNum=192 (not 768) | IsRope=1 forces IsDNoEqual=1 | IsBn2MultiBlk=1 requires non-TND | IsBn2MultiBlk=1 requires IsRope=0 | TND SplitAxis=BN2 requires DTpl 64/128 not 768
19562511418789922,IsRope=1 forces DTemplateNum=192 (not 64)
19562511418790050,IsRope=1 forces DTemplateNum=192 (not 64)
19562511418790178,IsRope=1 forces DTemplateNum=192 (not 64)
19562511418790306,IsRope=1 forces DTemplateNum=192 (not 64)
19562511418790434,IsRope=1 forces DTemplateNum=192 (not 64)
19562511418790562,IsRope=1 forces DTemplateNum=192 (not 64)
19562511418790690,IsRope=1 forces DTemplateNum=192 (not 64)
19562511418790818,IsRope=1 forces DTemplateNum=192 (not 64)
19562511418790946,IsRope=1 forces DTemplateNum=192 (not 64)
19562511418791074,IsRope=1 forces DTemplateNum=192 (not 64)
19562511418791202,IsRope=1 forces DTemplateNum=192 (not 64)
19562511418791330,IsRope=1 forces DTemplateNum=192 (not 64)
19562511418791458,IsRope=1 forces DTemplateNum=192 (not 64)
19562511418791586,IsRope=1 forces DTemplateNum=192 (not 64)
19562511418791714,IsRope=1 forces DTemplateNum=192 (not 64)
19562511418791842,IsRope=1 forces DTemplateNum=192 (not 64)
19562511955660834,IsRope=1 forces DTemplateNum=192 (not 128)
19562511955660962,IsRope=1 forces DTemplateNum=192 (not 128)
19562511955661090,IsRope=1 forces DTemplateNum=192 (not 128)
19562511955661218,IsRope=1 forces DTemplateNum=192 (not 128)
19562511955661346,IsRope=1 forces DTemplateNum=192 (not 128)
19562511955661474,IsRope=1 forces DTemplateNum=192 (not 128)
19562511955661602,IsRope=1 forces DTemplateNum=192 (not 128)
19562511955661730,IsRope=1 forces DTemplateNum=192 (not 128)
19562511955661858,IsRope=1 forces DTemplateNum=192 (not 128)
19562511955661986,IsRope=1 forces DTemplateNum=192 (not 128)
19562511955662114,IsRope=1 forces DTemplateNum=192 (not 128)
19562511955662242,IsRope=1 forces DTemplateNum=192 (not 128)
19562511955662370,IsRope=1 forces DTemplateNum=192 (not 128)
19562511955662498,IsRope=1 forces DTemplateNum=192 (not 128)
19562511955662626,IsRope=1 forces DTemplateNum=192 (not 128)
19562511955662754,IsRope=1 forces DTemplateNum=192 (not 128)
19562512492531874,TND SplitAxis=BN2 requires DTpl 64/128 not 192
19562512492532130,TND SplitAxis=BN2 requires DTpl 64/128 not 192
19562512492532386,TND SplitAxis=BN2 requires DTpl 64/128 not 192
19562512492532642,TND SplitAxis=BN2 requires DTpl 64/128 not 192
19562512492532898,TND SplitAxis=BN2 requires DTpl 64/128 not 192
19562512492533154,TND SplitAxis=BN2 requires DTpl 64/128 not 192
19562512492533410,TND SplitAxis=BN2 requires DTpl 64/128 not 192
19562512492533666,TND SplitAxis=BN2 requires DTpl 64/128 not 192
19562513029402658,IsRope=1 forces DTemplateNum=192 (not 256)
19562513029402786,IsRope=1 forces DTemplateNum=192 (not 256) | TND SplitAxis=BN2 requires DTpl 64/128 not 256
19562513029402914,IsRope=1 forces DTemplateNum=192 (not 256)
19562513029403042,IsRope=1 forces DTemplateNum=192 (not 256) | TND SplitAxis=BN2 requires DTpl 64/128 not 256
19562513029403170,IsRope=1 forces DTemplateNum=192 (not 256)
19562513029403298,IsRope=1 forces DTemplateNum=192 (not 256) | TND SplitAxis=BN2 requires DTpl 64/128 not 256
19562513029403426,IsRope=1 forces DTemplateNum=192 (not 256)
19562513029403554,IsRope=1 forces DTemplateNum=192 (not 256) | TND SplitAxis=BN2 requires DTpl 64/128 not 256
19562513029403682,IsRope=1 forces DTemplateNum=192 (not 256)
19562513029403810,IsRope=1 forces DTemplateNum=192 (not 256) | TND SplitAxis=BN2 requires DTpl 64/128 not 256
19562513029403938,IsRope=1 forces DTemplateNum=192 (not 256)
19562513029404066,IsRope=1 forces DTemplateNum=192 (not 256) | TND SplitAxis=BN2 requires DTpl 64/128 not 256
19562513029404194,IsRope=1 forces DTemplateNum=192 (not 256)
19562513029404322,IsRope=1 forces DTemplateNum=192 (not 256) | TND SplitAxis=BN2 requires DTpl 64/128 not 256
19562513029404450,IsRope=1 forces DTemplateNum=192 (not 256)
19562513029404578,IsRope=1 forces DTemplateNum=192 (not 256) | TND SplitAxis=BN2 requires DTpl 64/128 not 256
19562513566273570,IsRope=1 forces DTemplateNum=192 (not 768)
19562513566273698,IsRope=1 forces DTemplateNum=192 (not 768) | TND SplitAxis=BN2 requires DTpl 64/128 not 768
19562513566273826,IsRope=1 forces DTemplateNum=192 (not 768)
19562513566273954,IsRope=1 forces DTemplateNum=192 (not 768) | TND SplitAxis=BN2 requires DTpl 64/128 not 768
19562513566274082,IsRope=1 forces DTemplateNum=192 (not 768)
19562513566274210,IsRope=1 forces DTemplateNum=192 (not 768) | TND SplitAxis=BN2 requires DTpl 64/128 not 768
19562513566274338,IsRope=1 forces DTemplateNum=192 (not 768)
19562513566274466,IsRope=1 forces DTemplateNum=192 (not 768) | TND SplitAxis=BN2 requires DTpl 64/128 not 768
19562513566274594,IsRope=1 forces DTemplateNum=192 (not 768)
19562513566274722,IsRope=1 forces DTemplateNum=192 (not 768) | TND SplitAxis=BN2 requires DTpl 64/128 not 768
19562513566274850,IsRope=1 forces DTemplateNum=192 (not 768)
19562513566274978,IsRope=1 forces DTemplateNum=192 (not 768) | TND SplitAxis=BN2 requires DTpl 64/128 not 768
19562513566275106,IsRope=1 forces DTemplateNum=192 (not 768)
19562513566275234,IsRope=1 forces DTemplateNum=192 (not 768) | TND SplitAxis=BN2 requires DTpl 64/128 not 768
19562513566275362,IsRope=1 forces DTemplateNum=192 (not 768)
19562513566275490,IsRope=1 forces DTemplateNum=192 (not 768) | TND SplitAxis=BN2 requires DTpl 64/128 not 768
19569109562298400,DeterType=3 requires IsAttenMask=1
19569109562298528,DeterType=3 requires IsAttenMask=1
19569109562298656,DeterType=3 requires IsAttenMask=1
19569109562298784,DeterType=3 requires IsAttenMask=1
19569109562298912,DeterType=3 requires IsAttenMask=1
19569109562299040,DeterType=3 requires IsAttenMask=1
19569109562299168,DeterType=3 requires IsAttenMask=1
19569109562299296,DeterType=3 requires IsAttenMask=1
19571308585553952,DeterType=4 requires IsAttenMask=1
19571308585554080,DeterType=4 requires IsAttenMask=1
19571308585554208,DeterType=4 requires IsAttenMask=1
19571308585554336,DeterType=4 requires IsAttenMask=1
19571308585554464,DeterType=4 requires IsAttenMask=1
19571308585554592,DeterType=4 requires IsAttenMask=1
19571308585554720,DeterType=4 requires IsAttenMask=1
19571308585554848,DeterType=4 requires IsAttenMask=1
19604293934387232,DeterType=3 requires IsAttenMask=1
19604293934387360,DeterType=3 requires IsAttenMask=1
19604293934387488,DeterType=3 requires IsAttenMask=1
19604293934387616,DeterType=3 requires IsAttenMask=1
19604293934387744,DeterType=3 requires IsAttenMask=1
19604293934387872,DeterType=3 requires IsAttenMask=1
19604293934388000,DeterType=3 requires IsAttenMask=1
19604293934388128,DeterType=3 requires IsAttenMask=1
19606492957642784,DeterType=4 requires IsAttenMask=1
19606492957642912,DeterType=4 requires IsAttenMask=1
19606492957643040,DeterType=4 requires IsAttenMask=1
19606492957643168,DeterType=4 requires IsAttenMask=1
19606492957643296,DeterType=4 requires IsAttenMask=1
19606492957643424,DeterType=4 requires IsAttenMask=1
19606492957643552,DeterType=4 requires IsAttenMask=1
19606492957643680,DeterType=4 requires IsAttenMask=1
19632880162967586,IsRope=1 forces DTemplateNum=192 (not 64) | IsBn2MultiBlk=1 requires IsRope=0 | IsBn2MultiBlk requires d==d1 so IsDNoEqual=0
19632880162967714,IsRope=1 forces DTemplateNum=192 (not 64) | IsBn2MultiBlk=1 requires non-TND | IsBn2MultiBlk=1 requires IsRope=0 | IsBn2MultiBlk requires d==d1 so IsDNoEqual=0
19632880162967842,IsRope=1 forces DTemplateNum=192 (not 64) | IsBn2MultiBlk=1 requires IsRope=0 | IsBn2MultiBlk requires d==d1 so IsDNoEqual=0
19632880162967970,IsRope=1 forces DTemplateNum=192 (not 64) | IsBn2MultiBlk=1 requires non-TND | IsBn2MultiBlk=1 requires IsRope=0 | IsBn2MultiBlk requires d==d1 so IsDNoEqual=0
19632880162968098,IsRope=1 forces DTemplateNum=192 (not 64) | IsBn2MultiBlk=1 requires IsRope=0 | IsBn2MultiBlk requires d==d1 so IsDNoEqual=0
19632880162968226,IsRope=1 forces DTemplateNum=192 (not 64) | IsBn2MultiBlk=1 requires non-TND | IsBn2MultiBlk=1 requires IsRope=0 | IsBn2MultiBlk requires d==d1 so IsDNoEqual=0
19632880162968354,IsRope=1 forces DTemplateNum=192 (not 64) | IsBn2MultiBlk=1 requires IsRope=0 | IsBn2MultiBlk requires d==d1 so IsDNoEqual=0
19632880162968482,IsRope=1 forces DTemplateNum=192 (not 64) | IsBn2MultiBlk=1 requires non-TND | IsBn2MultiBlk=1 requires IsRope=0 | IsBn2MultiBlk requires d==d1 so IsDNoEqual=0
19632880162968610,IsRope=1 forces DTemplateNum=192 (not 64) | IsBn2MultiBlk=1 requires IsRope=0 | IsBn2MultiBlk requires d==d1 so IsDNoEqual=0
19632880162968738,IsRope=1 forces DTemplateNum=192 (not 64) | IsBn2MultiBlk=1 requires non-TND | IsBn2MultiBlk=1 requires IsRope=0 | IsBn2MultiBlk requires d==d1 so IsDNoEqual=0
19632880162968866,IsRope=1 forces DTemplateNum=192 (not 64) | IsBn2MultiBlk=1 requires IsRope=0 | IsBn2MultiBlk requires d==d1 so IsDNoEqual=0
19632880162968994,IsRope=1 forces DTemplateNum=192 (not 64) | IsBn2MultiBlk=1 requires non-TND | IsBn2MultiBlk=1 requires IsRope=0 | IsBn2MultiBlk requires d==d1 so IsDNoEqual=0
19632880162969122,IsRope=1 forces DTemplateNum=192 (not 64) | IsBn2MultiBlk=1 requires IsRope=0 | IsBn2MultiBlk requires d==d1 so IsDNoEqual=0
19632880162969250,IsRope=1 forces DTemplateNum=192 (not 64) | IsBn2MultiBlk=1 requires non-TND | IsBn2MultiBlk=1 requires IsRope=0 | IsBn2MultiBlk requires d==d1 so IsDNoEqual=0
19632880162969378,IsRope=1 forces DTemplateNum=192 (not 64) | IsBn2MultiBlk=1 requires IsRope=0 | IsBn2MultiBlk requires d==d1 so IsDNoEqual=0
19632880162969506,IsRope=1 forces DTemplateNum=192 (not 64) | IsBn2MultiBlk=1 requires non-TND | IsBn2MultiBlk=1 requires IsRope=0 | IsBn2MultiBlk requires d==d1 so IsDNoEqual=0
19632880699838498,IsRope=1 forces DTemplateNum=192 (not 128) | IsBn2MultiBlk=1 requires IsRope=0 | IsBn2MultiBlk requires d==d1 so IsDNoEqual=0
19632880699838626,IsRope=1 forces DTemplateNum=192 (not 128) | IsBn2MultiBlk=1 requires non-TND | IsBn2MultiBlk=1 requires IsRope=0 | IsBn2MultiBlk requires d==d1 so IsDNoEqual=0
19632880699838754,IsRope=1 forces DTemplateNum=192 (not 128) | IsBn2MultiBlk=1 requires IsRope=0 | IsBn2MultiBlk requires d==d1 so IsDNoEqual=0
19632880699838882,IsRope=1 forces DTemplateNum=192 (not 128) | IsBn2MultiBlk=1 requires non-TND | IsBn2MultiBlk=1 requires IsRope=0 | IsBn2MultiBlk requires d==d1 so IsDNoEqual=0
19632880699839010,IsRope=1 forces DTemplateNum=192 (not 128) | IsBn2MultiBlk=1 requires IsRope=0 | IsBn2MultiBlk requires d==d1 so IsDNoEqual=0
19632880699839138,IsRope=1 forces DTemplateNum=192 (not 128) | IsBn2MultiBlk=1 requires non-TND | IsBn2MultiBlk=1 requires IsRope=0 | IsBn2MultiBlk requires d==d1 so IsDNoEqual=0
19632880699839266,IsRope=1 forces DTemplateNum=192 (not 128) | IsBn2MultiBlk=1 requires IsRope=0 | IsBn2MultiBlk requires d==d1 so IsDNoEqual=0
19632880699839394,IsRope=1 forces DTemplateNum=192 (not 128) | IsBn2MultiBlk=1 requires non-TND | IsBn2MultiBlk=1 requires IsRope=0 | IsBn2MultiBlk requires d==d1 so IsDNoEqual=0
19632880699839522,IsRope=1 forces DTemplateNum=192 (not 128) | IsBn2MultiBlk=1 requires IsRope=0 | IsBn2MultiBlk requires d==d1 so IsDNoEqual=0
19632880699839650,IsRope=1 forces DTemplateNum=192 (not 128) | IsBn2MultiBlk=1 requires non-TND | IsBn2MultiBlk=1 requires IsRope=0 | IsBn2MultiBlk requires d==d1 so IsDNoEqual=0
19632880699839778,IsRope=1 forces DTemplateNum=192 (not 128) | IsBn2MultiBlk=1 requires IsRope=0 | IsBn2MultiBlk requires d==d1 so IsDNoEqual=0
19632880699839906,IsRope=1 forces DTemplateNum=192 (not 128) | IsBn2MultiBlk=1 requires non-TND | IsBn2MultiBlk=1 requires IsRope=0 | IsBn2MultiBlk requires d==d1 so IsDNoEqual=0
19632880699840034,IsRope=1 forces DTemplateNum=192 (not 128) | IsBn2MultiBlk=1 requires IsRope=0 | IsBn2MultiBlk requires d==d1 so IsDNoEqual=0
19632880699840162,IsRope=1 forces DTemplateNum=192 (not 128) | IsBn2MultiBlk=1 requires non-TND | IsBn2MultiBlk=1 requires IsRope=0 | IsBn2MultiBlk requires d==d1 so IsDNoEqual=0
19632880699840290,IsRope=1 forces DTemplateNum=192 (not 128) | IsBn2MultiBlk=1 requires IsRope=0 | IsBn2MultiBlk requires d==d1 so IsDNoEqual=0
19632880699840418,IsRope=1 forces DTemplateNum=192 (not 128) | IsBn2MultiBlk=1 requires non-TND | IsBn2MultiBlk=1 requires IsRope=0 | IsBn2MultiBlk requires d==d1 so IsDNoEqual=0
19632881236709410,IsBn2MultiBlk=1 requires IsRope=0 | IsBn2MultiBlk requires d==d1 so IsDNoEqual=0
19632881236709538,IsBn2MultiBlk=1 requires non-TND | IsBn2MultiBlk=1 requires IsRope=0 | TND SplitAxis=BN2 requires DTpl 64/128 not 192 | IsBn2MultiBlk requires d==d1 so IsDNoEqual=0
19632881236709666,IsBn2MultiBlk=1 requires IsRope=0 | IsBn2MultiBlk requires d==d1 so IsDNoEqual=0
19632881236709794,IsBn2MultiBlk=1 requires non-TND | IsBn2MultiBlk=1 requires IsRope=0 | TND SplitAxis=BN2 requires DTpl 64/128 not 192 | IsBn2MultiBlk requires d==d1 so IsDNoEqual=0
19632881236709922,IsBn2MultiBlk=1 requires IsRope=0 | IsBn2MultiBlk requires d==d1 so IsDNoEqual=0
19632881236710050,IsBn2MultiBlk=1 requires non-TND | IsBn2MultiBlk=1 requires IsRope=0 | TND SplitAxis=BN2 requires DTpl 64/128 not 192 | IsBn2MultiBlk requires d==d1 so IsDNoEqual=0
19632881236710178,IsBn2MultiBlk=1 requires IsRope=0 | IsBn2MultiBlk requires d==d1 so IsDNoEqual=0
19632881236710306,IsBn2MultiBlk=1 requires non-TND | IsBn2MultiBlk=1 requires IsRope=0 | TND SplitAxis=BN2 requires DTpl 64/128 not 192 | IsBn2MultiBlk requires d==d1 so IsDNoEqual=0
19632881236710434,IsBn2MultiBlk=1 requires IsRope=0 | IsBn2MultiBlk requires d==d1 so IsDNoEqual=0
19632881236710562,IsBn2MultiBlk=1 requires non-TND | IsBn2MultiBlk=1 requires IsRope=0 | TND SplitAxis=BN2 requires DTpl 64/128 not 192 | IsBn2MultiBlk requires d==d1 so IsDNoEqual=0
19632881236710690,IsBn2MultiBlk=1 requires IsRope=0 | IsBn2MultiBlk requires d==d1 so IsDNoEqual=0
19632881236710818,IsBn2MultiBlk=1 requires non-TND | IsBn2MultiBlk=1 requires IsRope=0 | TND SplitAxis=BN2 requires DTpl 64/128 not 192 | IsBn2MultiBlk requires d==d1 so IsDNoEqual=0
19632881236710946,IsBn2MultiBlk=1 requires IsRope=0 | IsBn2MultiBlk requires d==d1 so IsDNoEqual=0
19632881236711074,IsBn2MultiBlk=1 requires non-TND | IsBn2MultiBlk=1 requires IsRope=0 | TND SplitAxis=BN2 requires DTpl 64/128 not 192 | IsBn2MultiBlk requires d==d1 so IsDNoEqual=0
19632881236711202,IsBn2MultiBlk=1 requires IsRope=0 | IsBn2MultiBlk requires d==d1 so IsDNoEqual=0
19632881236711330,IsBn2MultiBlk=1 requires non-TND | IsBn2MultiBlk=1 requires IsRope=0 | TND SplitAxis=BN2 requires DTpl 64/128 not 192 | IsBn2MultiBlk requires d==d1 so IsDNoEqual=0
19632881773580322,IsRope=1 forces DTemplateNum=192 (not 256) | IsBn2MultiBlk=1 requires IsRope=0 | IsBn2MultiBlk requires d==d1 so IsDNoEqual=0
19632881773580450,IsRope=1 forces DTemplateNum=192 (not 256) | IsBn2MultiBlk=1 requires non-TND | IsBn2MultiBlk=1 requires IsRope=0 | TND SplitAxis=BN2 requires DTpl 64/128 not 256 | IsBn2MultiBlk requires d==d1 so IsDNoEqual=0
19632881773580578,IsRope=1 forces DTemplateNum=192 (not 256) | IsBn2MultiBlk=1 requires IsRope=0 | IsBn2MultiBlk requires d==d1 so IsDNoEqual=0
19632881773580706,IsRope=1 forces DTemplateNum=192 (not 256) | IsBn2MultiBlk=1 requires non-TND | IsBn2MultiBlk=1 requires IsRope=0 | TND SplitAxis=BN2 requires DTpl 64/128 not 256 | IsBn2MultiBlk requires d==d1 so IsDNoEqual=0
19632881773580834,IsRope=1 forces DTemplateNum=192 (not 256) | IsBn2MultiBlk=1 requires IsRope=0 | IsBn2MultiBlk requires d==d1 so IsDNoEqual=0
19632881773580962,IsRope=1 forces DTemplateNum=192 (not 256) | IsBn2MultiBlk=1 requires non-TND | IsBn2MultiBlk=1 requires IsRope=0 | TND SplitAxis=BN2 requires DTpl 64/128 not 256 | IsBn2MultiBlk requires d==d1 so IsDNoEqual=0
19632881773581090,IsRope=1 forces DTemplateNum=192 (not 256) | IsBn2MultiBlk=1 requires IsRope=0 | IsBn2MultiBlk requires d==d1 so IsDNoEqual=0
19632881773581218,IsRope=1 forces DTemplateNum=192 (not 256) | IsBn2MultiBlk=1 requires non-TND | IsBn2MultiBlk=1 requires IsRope=0 | TND SplitAxis=BN2 requires DTpl 64/128 not 256 | IsBn2MultiBlk requires d==d1 so IsDNoEqual=0
19632881773581346,IsRope=1 forces DTemplateNum=192 (not 256) | IsBn2MultiBlk=1 requires IsRope=0 | IsBn2MultiBlk requires d==d1 so IsDNoEqual=0
19632881773581474,IsRope=1 forces DTemplateNum=192 (not 256) | IsBn2MultiBlk=1 requires non-TND | IsBn2MultiBlk=1 requires IsRope=0 | TND SplitAxis=BN2 requires DTpl 64/128 not 256 | IsBn2MultiBlk requires d==d1 so IsDNoEqual=0
19632881773581602,IsRope=1 forces DTemplateNum=192 (not 256) | IsBn2MultiBlk=1 requires IsRope=0 | IsBn2MultiBlk requires d==d1 so IsDNoEqual=0
19632881773581730,IsRope=1 forces DTemplateNum=192 (not 256) | IsBn2MultiBlk=1 requires non-TND | IsBn2MultiBlk=1 requires IsRope=0 | TND SplitAxis=BN2 requires DTpl 64/128 not 256 | IsBn2MultiBlk requires d==d1 so IsDNoEqual=0
19632881773581858,IsRope=1 forces DTemplateNum=192 (not 256) | IsBn2MultiBlk=1 requires IsRope=0 | IsBn2MultiBlk requires d==d1 so IsDNoEqual=0
19632881773581986,IsRope=1 forces DTemplateNum=192 (not 256) | IsBn2MultiBlk=1 requires non-TND | IsBn2MultiBlk=1 requires IsRope=0 | TND SplitAxis=BN2 requires DTpl 64/128 not 256 | IsBn2MultiBlk requires d==d1 so IsDNoEqual=0
19632881773582114,IsRope=1 forces DTemplateNum=192 (not 256) | IsBn2MultiBlk=1 requires IsRope=0 | IsBn2MultiBlk requires d==d1 so IsDNoEqual=0
19632881773582242,IsRope=1 forces DTemplateNum=192 (not 256) | IsBn2MultiBlk=1 requires non-TND | IsBn2MultiBlk=1 requires IsRope=0 | TND SplitAxis=BN2 requires DTpl 64/128 not 256 | IsBn2MultiBlk requires d==d1 so IsDNoEqual=0
19632882310451234,IsRope=1 forces DTemplateNum=192 (not 768) | IsBn2MultiBlk=1 requires IsRope=0 | IsBn2MultiBlk requires d==d1 so IsDNoEqual=0
19632882310451362,IsRope=1 forces DTemplateNum=192 (not 768) | IsBn2MultiBlk=1 requires non-TND | IsBn2MultiBlk=1 requires IsRope=0 | TND SplitAxis=BN2 requires DTpl 64/128 not 768 | IsBn2MultiBlk requires d==d1 so IsDNoEqual=0
19632882310451490,IsRope=1 forces DTemplateNum=192 (not 768) | IsBn2MultiBlk=1 requires IsRope=0 | IsBn2MultiBlk requires d==d1 so IsDNoEqual=0
19632882310451618,IsRope=1 forces DTemplateNum=192 (not 768) | IsBn2MultiBlk=1 requires non-TND | IsBn2MultiBlk=1 requires IsRope=0 | TND SplitAxis=BN2 requires DTpl 64/128 not 768 | IsBn2MultiBlk requires d==d1 so IsDNoEqual=0
19632882310451746,IsRope=1 forces DTemplateNum=192 (not 768) | IsBn2MultiBlk=1 requires IsRope=0 | IsBn2MultiBlk requires d==d1 so IsDNoEqual=0
19632882310451874,IsRope=1 forces DTemplateNum=192 (not 768) | IsBn2MultiBlk=1 requires non-TND | IsBn2MultiBlk=1 requires IsRope=0 | TND SplitAxis=BN2 requires DTpl 64/128 not 768 | IsBn2MultiBlk requires d==d1 so IsDNoEqual=0
19632882310452002,IsRope=1 forces DTemplateNum=192 (not 768) | IsBn2MultiBlk=1 requires IsRope=0 | IsBn2MultiBlk requires d==d1 so IsDNoEqual=0
19632882310452130,IsRope=1 forces DTemplateNum=192 (not 768) | IsBn2MultiBlk=1 requires non-TND | IsBn2MultiBlk=1 requires IsRope=0 | TND SplitAxis=BN2 requires DTpl 64/128 not 768 | IsBn2MultiBlk requires d==d1 so IsDNoEqual=0
19632882310452258,IsRope=1 forces DTemplateNum=192 (not 768) | IsBn2MultiBlk=1 requires IsRope=0 | IsBn2MultiBlk requires d==d1 so IsDNoEqual=0
19632882310452386,IsRope=1 forces DTemplateNum=192 (not 768) | IsBn2MultiBlk=1 requires non-TND | IsBn2MultiBlk=1 requires IsRope=0 | TND SplitAxis=BN2 requires DTpl 64/128 not 768 | IsBn2MultiBlk requires d==d1 so IsDNoEqual=0
19632882310452514,IsRope=1 forces DTemplateNum=192 (not 768) | IsBn2MultiBlk=1 requires IsRope=0 | IsBn2MultiBlk requires d==d1 so IsDNoEqual=0
19632882310452642,IsRope=1 forces DTemplateNum=192 (not 768) | IsBn2MultiBlk=1 requires non-TND | IsBn2MultiBlk=1 requires IsRope=0 | TND SplitAxis=BN2 requires DTpl 64/128 not 768 | IsBn2MultiBlk requires d==d1 so IsDNoEqual=0
19632882310452770,IsRope=1 forces DTemplateNum=192 (not 768) | IsBn2MultiBlk=1 requires IsRope=0 | IsBn2MultiBlk requires d==d1 so IsDNoEqual=0
19632882310452898,IsRope=1 forces DTemplateNum=192 (not 768) | IsBn2MultiBlk=1 requires non-TND | IsBn2MultiBlk=1 requires IsRope=0 | TND SplitAxis=BN2 requires DTpl 64/128 not 768 | IsBn2MultiBlk requires d==d1 so IsDNoEqual=0
19632882310453026,IsRope=1 forces DTemplateNum=192 (not 768) | IsBn2MultiBlk=1 requires IsRope=0 | IsBn2MultiBlk requires d==d1 so IsDNoEqual=0
19632882310453154,IsRope=1 forces DTemplateNum=192 (not 768) | IsBn2MultiBlk=1 requires non-TND | IsBn2MultiBlk=1 requires IsRope=0 | TND SplitAxis=BN2 requires DTpl 64/128 not 768 | IsBn2MultiBlk requires d==d1 so IsDNoEqual=0
19703249980887092,non-TND BN2S2 unreachable for DTpl=192 (d>BN2S2_WRITE_UB_D)
19703249980887218,TND SplitAxis=BN2 requires DTpl 64/128 not 192
19703249980887348,BN2S2 with drop requires d<=128 not DTpl 192
19703249980887474,TND SplitAxis=BN2 requires DTpl 64/128 not 192
19703249980887476,BN2S2 with drop requires d<=128 not DTpl 192
19703249980887604,non-TND BN2S2 unreachable for DTpl=192 (d>BN2S2_WRITE_UB_D)
19703249980887730,TND SplitAxis=BN2 requires DTpl 64/128 not 192
19703249980887860,BN2S2 with drop requires d<=128 not DTpl 192
19703249980887986,TND SplitAxis=BN2 requires DTpl 64/128 not 192
19703249980887988,BN2S2 with drop requires d<=128 not DTpl 192
19703249980888116,non-TND BN2S2 unreachable for DTpl=192 (d>BN2S2_WRITE_UB_D)
19703249980888242,TND SplitAxis=BN2 requires DTpl 64/128 not 192
19703249980888372,BN2S2 with drop requires d<=128 not DTpl 192
19703249980888498,TND SplitAxis=BN2 requires DTpl 64/128 not 192
19703249980888500,BN2S2 with drop requires d<=128 not DTpl 192
19703249980888628,non-TND BN2S2 unreachable for DTpl=192 (d>BN2S2_WRITE_UB_D)
19703249980888754,TND SplitAxis=BN2 requires DTpl 64/128 not 192
19703249980888884,BN2S2 with drop requires d<=128 not DTpl 192
19703249980889010,TND SplitAxis=BN2 requires DTpl 64/128 not 192
19703249980889012,BN2S2 with drop requires d<=128 not DTpl 192
19703250517758004,non-TND BN2S2 unreachable for DTpl=256 (d>BN2S2_WRITE_UB_D)
19703250517758130,TND SplitAxis=BN2 requires DTpl 64/128 not 256
19703250517758260,BN2S2 with drop requires d<=128 not DTpl 256
19703250517758386,TND SplitAxis=BN2 requires DTpl 64/128 not 256
19703250517758388,BN2S2 with drop requires d<=128 not DTpl 256
19703250517758516,non-TND BN2S2 unreachable for DTpl=256 (d>BN2S2_WRITE_UB_D)
19703250517758642,TND SplitAxis=BN2 requires DTpl 64/128 not 256
19703250517758772,BN2S2 with drop requires d<=128 not DTpl 256
19703250517758898,TND SplitAxis=BN2 requires DTpl 64/128 not 256
19703250517758900,BN2S2 with drop requires d<=128 not DTpl 256
19703250517759028,non-TND BN2S2 unreachable for DTpl=256 (d>BN2S2_WRITE_UB_D)
19703250517759154,TND SplitAxis=BN2 requires DTpl 64/128 not 256
19703250517759284,BN2S2 with drop requires d<=128 not DTpl 256
19703250517759410,TND SplitAxis=BN2 requires DTpl 64/128 not 256
19703250517759412,BN2S2 with drop requires d<=128 not DTpl 256
19703250517759540,non-TND BN2S2 unreachable for DTpl=256 (d>BN2S2_WRITE_UB_D)
19703250517759666,TND SplitAxis=BN2 requires DTpl 64/128 not 256
19703250517759796,BN2S2 with drop requires d<=128 not DTpl 256
19703250517759922,TND SplitAxis=BN2 requires DTpl 64/128 not 256
19703250517759924,BN2S2 with drop requires d<=128 not DTpl 256
19703251054628916,non-TND BN2S2 unreachable for DTpl=768 (d>BN2S2_WRITE_UB_D)
19703251054629042,TND SplitAxis=BN2 requires DTpl 64/128 not 768
19703251054629172,BN2S2 with drop requires d<=128 not DTpl 768
19703251054629298,TND SplitAxis=BN2 requires DTpl 64/128 not 768
19703251054629300,BN2S2 with drop requires d<=128 not DTpl 768
19703251054629428,non-TND BN2S2 unreachable for DTpl=768 (d>BN2S2_WRITE_UB_D)
19703251054629554,TND SplitAxis=BN2 requires DTpl 64/128 not 768
19703251054629684,BN2S2 with drop requires d<=128 not DTpl 768
19703251054629810,TND SplitAxis=BN2 requires DTpl 64/128 not 768
19703251054629812,BN2S2 with drop requires d<=128 not DTpl 768
19703251054629940,non-TND BN2S2 unreachable for DTpl=768 (d>BN2S2_WRITE_UB_D)
19703251054630066,TND SplitAxis=BN2 requires DTpl 64/128 not 768
19703251054630196,BN2S2 with drop requires d<=128 not DTpl 768
19703251054630322,TND SplitAxis=BN2 requires DTpl 64/128 not 768
19703251054630324,BN2S2 with drop requires d<=128 not DTpl 768
19703251054630452,non-TND BN2S2 unreachable for DTpl=768 (d>BN2S2_WRITE_UB_D)
19703251054630578,TND SplitAxis=BN2 requires DTpl 64/128 not 768
19703251054630708,BN2S2 with drop requires d<=128 not DTpl 768
19703251054630834,TND SplitAxis=BN2 requires DTpl 64/128 not 768
19703251054630836,BN2S2 with drop requires d<=128 not DTpl 768
19709845976911920,DeterType=3 requires IsAttenMask=1
19709845976912048,DeterType=3 requires IsAttenMask=1
19709845976912176,DeterType=3 requires IsAttenMask=1
19709845976912304,DeterType=3 requires IsAttenMask=1
19709845976912432,DeterType=3 requires IsAttenMask=1
19709845976912560,DeterType=3 requires IsAttenMask=1
19709845976912688,DeterType=3 requires IsAttenMask=1
19709845976912816,DeterType=3 requires IsAttenMask=1
19709846513782832,DeterType=3 requires IsAttenMask=1
19709846513782960,DeterType=3 requires IsAttenMask=1
19709846513783088,DeterType=3 requires IsAttenMask=1
19709846513783216,DeterType=3 requires IsAttenMask=1
19709846513783344,DeterType=3 requires IsAttenMask=1
19709846513783472,DeterType=3 requires IsAttenMask=1
19709846513783600,DeterType=3 requires IsAttenMask=1
19709846513783728,DeterType=3 requires IsAttenMask=1
19709847050653744,DeterType=3 requires IsAttenMask=1
19709847050653872,DeterType=3 requires IsAttenMask=1
19709847050654000,DeterType=3 requires IsAttenMask=1
19709847050654128,DeterType=3 requires IsAttenMask=1
19709847050654256,DeterType=3 requires IsAttenMask=1
19709847050654384,DeterType=3 requires IsAttenMask=1
19709847050654512,DeterType=3 requires IsAttenMask=1
19709847050654640,DeterType=3 requires IsAttenMask=1
19709847587524656,DeterType=3 requires IsAttenMask=1
19709847587524784,DeterType=3 requires IsAttenMask=1
19709847587524912,DeterType=3 requires IsAttenMask=1
19709847587525040,DeterType=3 requires IsAttenMask=1
19709847587525168,DeterType=3 requires IsAttenMask=1
19709847587525296,DeterType=3 requires IsAttenMask=1
19709847587525424,DeterType=3 requires IsAttenMask=1
19709847587525552,DeterType=3 requires IsAttenMask=1
19709848124395568,DeterType=3 requires IsAttenMask=1
19709848124395696,DeterType=3 requires IsAttenMask=1
19709848124395824,DeterType=3 requires IsAttenMask=1
19709848124395952,DeterType=3 requires IsAttenMask=1
19709848124396080,DeterType=3 requires IsAttenMask=1
19709848124396208,DeterType=3 requires IsAttenMask=1
19709848124396336,DeterType=3 requires IsAttenMask=1
19709848124396464,DeterType=3 requires IsAttenMask=1
19712045000167472,DeterType=4 requires IsAttenMask=1
19712045000167600,DeterType=4 requires IsAttenMask=1
19712045000167728,DeterType=4 requires IsAttenMask=1
19712045000167856,DeterType=4 requires IsAttenMask=1
19712045000167984,DeterType=4 requires IsAttenMask=1
19712045000168112,DeterType=4 requires IsAttenMask=1
19712045000168240,DeterType=4 requires IsAttenMask=1
19712045000168368,DeterType=4 requires IsAttenMask=1
19712045537038384,DeterType=4 requires IsAttenMask=1
19712045537038512,DeterType=4 requires IsAttenMask=1
19712045537038640,DeterType=4 requires IsAttenMask=1
19712045537038768,DeterType=4 requires IsAttenMask=1
19712045537038896,DeterType=4 requires IsAttenMask=1
19712045537039024,DeterType=4 requires IsAttenMask=1
19712045537039152,DeterType=4 requires IsAttenMask=1
19712045537039280,DeterType=4 requires IsAttenMask=1
19712046073909296,DeterType=4 requires IsAttenMask=1
19712046073909424,DeterType=4 requires IsAttenMask=1
19712046073909552,DeterType=4 requires IsAttenMask=1
19712046073909680,DeterType=4 requires IsAttenMask=1
19712046073909808,DeterType=4 requires IsAttenMask=1
19712046073909936,DeterType=4 requires IsAttenMask=1
19712046073910064,DeterType=4 requires IsAttenMask=1
19712046073910192,DeterType=4 requires IsAttenMask=1
19712046610780208,DeterType=4 requires IsAttenMask=1
19712046610780336,DeterType=4 requires IsAttenMask=1
19712046610780464,DeterType=4 requires IsAttenMask=1
19712046610780592,DeterType=4 requires IsAttenMask=1
19712046610780720,DeterType=4 requires IsAttenMask=1
19712046610780848,DeterType=4 requires IsAttenMask=1
19712046610780976,DeterType=4 requires IsAttenMask=1
19712046610781104,DeterType=4 requires IsAttenMask=1
19712047147651120,DeterType=4 requires IsAttenMask=1
19712047147651248,DeterType=4 requires IsAttenMask=1
19712047147651376,DeterType=4 requires IsAttenMask=1
19712047147651504,DeterType=4 requires IsAttenMask=1
19712047147651632,DeterType=4 requires IsAttenMask=1
19712047147651760,DeterType=4 requires IsAttenMask=1
19712047147651888,DeterType=4 requires IsAttenMask=1
19712047147652016,DeterType=4 requires IsAttenMask=1
19742832399487412,BN2S2 with drop requires d<=128 not DTpl 192
19742832399487924,BN2S2 with drop requires d<=128 not DTpl 192
19742832399488436,BN2S2 with drop requires d<=128 not DTpl 192
19742832399488948,BN2S2 with drop requires d<=128 not DTpl 192
19742832936358324,BN2S2 with drop requires d<=128 not DTpl 256
19742832936358836,BN2S2 with drop requires d<=128 not DTpl 256
19742832936359348,BN2S2 with drop requires d<=128 not DTpl 256
19742832936359860,BN2S2 with drop requires d<=128 not DTpl 256
19742833473229236,BN2S2 with drop requires d<=128 not DTpl 768
19742833473229748,BN2S2 with drop requires d<=128 not DTpl 768
19742833473230260,BN2S2 with drop requires d<=128 not DTpl 768
19742833473230772,BN2S2 with drop requires d<=128 not DTpl 768
19745030349000752,DeterType=3 requires IsAttenMask=1
19745030349000880,DeterType=3 requires IsAttenMask=1
19745030349001008,DeterType=3 requires IsAttenMask=1
19745030349001136,DeterType=3 requires IsAttenMask=1
19745030349001264,DeterType=3 requires IsAttenMask=1
19745030349001392,DeterType=3 requires IsAttenMask=1
19745030349001520,DeterType=3 requires IsAttenMask=1
19745030349001648,DeterType=3 requires IsAttenMask=1
19745030885871664,DeterType=3 requires IsAttenMask=1
19745030885871792,DeterType=3 requires IsAttenMask=1
19745030885871920,DeterType=3 requires IsAttenMask=1
19745030885872048,DeterType=3 requires IsAttenMask=1
19745030885872176,DeterType=3 requires IsAttenMask=1
19745030885872304,DeterType=3 requires IsAttenMask=1
19745030885872432,DeterType=3 requires IsAttenMask=1
19745030885872560,DeterType=3 requires IsAttenMask=1
19745031422742576,DeterType=3 requires IsAttenMask=1
19745031422742704,DeterType=3 requires IsAttenMask=1
19745031422742832,DeterType=3 requires IsAttenMask=1
19745031422742960,DeterType=3 requires IsAttenMask=1
19745031422743088,DeterType=3 requires IsAttenMask=1
19745031422743216,DeterType=3 requires IsAttenMask=1
19745031422743344,DeterType=3 requires IsAttenMask=1
19745031422743472,DeterType=3 requires IsAttenMask=1
19745031959613488,DeterType=3 requires IsAttenMask=1
19745031959613616,DeterType=3 requires IsAttenMask=1
19745031959613744,DeterType=3 requires IsAttenMask=1
19745031959613872,DeterType=3 requires IsAttenMask=1
19745031959614000,DeterType=3 requires IsAttenMask=1
19745031959614128,DeterType=3 requires IsAttenMask=1
19745031959614256,DeterType=3 requires IsAttenMask=1
19745031959614384,DeterType=3 requires IsAttenMask=1
19745032496484400,DeterType=3 requires IsAttenMask=1
19745032496484528,DeterType=3 requires IsAttenMask=1
19745032496484656,DeterType=3 requires IsAttenMask=1
19745032496484784,DeterType=3 requires IsAttenMask=1
19745032496484912,DeterType=3 requires IsAttenMask=1
19745032496485040,DeterType=3 requires IsAttenMask=1
19745032496485168,DeterType=3 requires IsAttenMask=1
19745032496485296,DeterType=3 requires IsAttenMask=1
19747229372256304,DeterType=4 requires IsAttenMask=1
19747229372256432,DeterType=4 requires IsAttenMask=1
19747229372256436,DeterType=4 requires IsAttenMask=1
19747229372256560,DeterType=4 requires IsAttenMask=1
19747229372256688,DeterType=4 requires IsAttenMask=1
19747229372256692,DeterType=4 requires IsAttenMask=1
19747229372256816,DeterType=4 requires IsAttenMask=1
19747229372256944,DeterType=4 requires IsAttenMask=1
19747229372256948,DeterType=4 requires IsAttenMask=1
19747229372257072,DeterType=4 requires IsAttenMask=1
19747229372257200,DeterType=4 requires IsAttenMask=1
19747229372257204,DeterType=4 requires IsAttenMask=1
19747229909127216,DeterType=4 requires IsAttenMask=1
19747229909127344,DeterType=4 requires IsAttenMask=1
19747229909127348,DeterType=4 requires IsAttenMask=1
19747229909127472,DeterType=4 requires IsAttenMask=1
19747229909127600,DeterType=4 requires IsAttenMask=1
19747229909127604,DeterType=4 requires IsAttenMask=1
19747229909127728,DeterType=4 requires IsAttenMask=1
19747229909127856,DeterType=4 requires IsAttenMask=1
19747229909127860,DeterType=4 requires IsAttenMask=1
19747229909127984,DeterType=4 requires IsAttenMask=1
19747229909128112,DeterType=4 requires IsAttenMask=1
19747229909128116,DeterType=4 requires IsAttenMask=1
19747230445998128,DeterType=4 requires IsAttenMask=1
19747230445998256,DeterType=4 requires IsAttenMask=1
19747230445998260,DeterType=4 requires IsAttenMask=1
19747230445998384,DeterType=4 requires IsAttenMask=1
19747230445998512,DeterType=4 requires IsAttenMask=1
19747230445998516,DeterType=4 requires IsAttenMask=1 | BN2S2 with drop requires d<=128 not DTpl 192
19747230445998640,DeterType=4 requires IsAttenMask=1
19747230445998768,DeterType=4 requires IsAttenMask=1
19747230445998772,DeterType=4 requires IsAttenMask=1
19747230445998896,DeterType=4 requires IsAttenMask=1
19747230445999024,DeterType=4 requires IsAttenMask=1
19747230445999028,DeterType=4 requires IsAttenMask=1 | BN2S2 with drop requires d<=128 not DTpl 192
19747230445999540,BN2S2 with drop requires d<=128 not DTpl 192
19747230446000052,BN2S2 with drop requires d<=128 not DTpl 192
19747230982869040,DeterType=4 requires IsAttenMask=1
19747230982869168,DeterType=4 requires IsAttenMask=1
19747230982869172,DeterType=4 requires IsAttenMask=1
19747230982869296,DeterType=4 requires IsAttenMask=1
19747230982869424,DeterType=4 requires IsAttenMask=1
19747230982869428,DeterType=4 requires IsAttenMask=1 | BN2S2 with drop requires d<=128 not DTpl 256
19747230982869552,DeterType=4 requires IsAttenMask=1
19747230982869680,DeterType=4 requires IsAttenMask=1
19747230982869684,DeterType=4 requires IsAttenMask=1
19747230982869808,DeterType=4 requires IsAttenMask=1
19747230982869936,DeterType=4 requires IsAttenMask=1
19747230982869940,DeterType=4 requires IsAttenMask=1 | BN2S2 with drop requires d<=128 not DTpl 256
19747230982870452,BN2S2 with drop requires d<=128 not DTpl 256
19747230982870964,BN2S2 with drop requires d<=128 not DTpl 256
19747231519739952,DeterType=4 requires IsAttenMask=1
19747231519740080,DeterType=4 requires IsAttenMask=1
19747231519740084,DeterType=4 requires IsAttenMask=1
19747231519740208,DeterType=4 requires IsAttenMask=1
19747231519740336,DeterType=4 requires IsAttenMask=1
19747231519740340,DeterType=4 requires IsAttenMask=1 | BN2S2 with drop requires d<=128 not DTpl 768
19747231519740464,DeterType=4 requires IsAttenMask=1
19747231519740592,DeterType=4 requires IsAttenMask=1
19747231519740596,DeterType=4 requires IsAttenMask=1
19747231519740720,DeterType=4 requires IsAttenMask=1
19747231519740848,DeterType=4 requires IsAttenMask=1
19747231519740852,DeterType=4 requires IsAttenMask=1 | BN2S2 with drop requires d<=128 not DTpl 768
19747231519741364,BN2S2 with drop requires d<=128 not DTpl 768
19747231519741876,BN2S2 with drop requires d<=128 not DTpl 768
19773617651323058,IsBn2MultiBlk=1 requires non-TND
19773617651323314,IsBn2MultiBlk=1 requires non-TND
19773617651323570,IsBn2MultiBlk=1 requires non-TND
19773617651323826,IsBn2MultiBlk=1 requires non-TND
19773617651324082,IsBn2MultiBlk=1 requires non-TND
19773617651324338,IsBn2MultiBlk=1 requires non-TND
19773617651324594,IsBn2MultiBlk=1 requires non-TND
19773617651324850,IsBn2MultiBlk=1 requires non-TND
19773618188193970,IsBn2MultiBlk=1 requires non-TND
19773618188194226,IsBn2MultiBlk=1 requires non-TND
19773618188194482,IsBn2MultiBlk=1 requires non-TND
19773618188194738,IsBn2MultiBlk=1 requires non-TND
19773618188194994,IsBn2MultiBlk=1 requires non-TND
19773618188195250,IsBn2MultiBlk=1 requires non-TND
19773618188195506,IsBn2MultiBlk=1 requires non-TND
19773618188195762,IsBn2MultiBlk=1 requires non-TND
19773618725064882,IsBn2MultiBlk=1 requires non-TND | TND SplitAxis=BN2 requires DTpl 64/128 not 192
19773618725065138,IsBn2MultiBlk=1 requires non-TND | TND SplitAxis=BN2 requires DTpl 64/128 not 192
19773618725065394,IsBn2MultiBlk=1 requires non-TND | TND SplitAxis=BN2 requires DTpl 64/128 not 192
19773618725065650,IsBn2MultiBlk=1 requires non-TND | TND SplitAxis=BN2 requires DTpl 64/128 not 192
19773618725065906,IsBn2MultiBlk=1 requires non-TND | TND SplitAxis=BN2 requires DTpl 64/128 not 192
19773618725066162,IsBn2MultiBlk=1 requires non-TND | TND SplitAxis=BN2 requires DTpl 64/128 not 192
19773618725066418,IsBn2MultiBlk=1 requires non-TND | TND SplitAxis=BN2 requires DTpl 64/128 not 192
19773618725066674,IsBn2MultiBlk=1 requires non-TND | TND SplitAxis=BN2 requires DTpl 64/128 not 192
19773619261935794,IsBn2MultiBlk=1 requires non-TND | TND SplitAxis=BN2 requires DTpl 64/128 not 256
19773619261936050,IsBn2MultiBlk=1 requires non-TND | TND SplitAxis=BN2 requires DTpl 64/128 not 256
19773619261936306,IsBn2MultiBlk=1 requires non-TND | TND SplitAxis=BN2 requires DTpl 64/128 not 256
19773619261936562,IsBn2MultiBlk=1 requires non-TND | TND SplitAxis=BN2 requires DTpl 64/128 not 256
19773619261936818,IsBn2MultiBlk=1 requires non-TND | TND SplitAxis=BN2 requires DTpl 64/128 not 256
19773619261937074,IsBn2MultiBlk=1 requires non-TND | TND SplitAxis=BN2 requires DTpl 64/128 not 256
19773619261937330,IsBn2MultiBlk=1 requires non-TND | TND SplitAxis=BN2 requires DTpl 64/128 not 256
19773619261937586,IsBn2MultiBlk=1 requires non-TND | TND SplitAxis=BN2 requires DTpl 64/128 not 256
19773619798806706,IsBn2MultiBlk=1 requires non-TND | TND SplitAxis=BN2 requires DTpl 64/128 not 768
19773619798806962,IsBn2MultiBlk=1 requires non-TND | TND SplitAxis=BN2 requires DTpl 64/128 not 768
19773619798807218,IsBn2MultiBlk=1 requires non-TND | TND SplitAxis=BN2 requires DTpl 64/128 not 768
19773619798807474,IsBn2MultiBlk=1 requires non-TND | TND SplitAxis=BN2 requires DTpl 64/128 not 768
19773619798807730,IsBn2MultiBlk=1 requires non-TND | TND SplitAxis=BN2 requires DTpl 64/128 not 768
19773619798807986,IsBn2MultiBlk=1 requires non-TND | TND SplitAxis=BN2 requires DTpl 64/128 not 768
19773619798808242,IsBn2MultiBlk=1 requires non-TND | TND SplitAxis=BN2 requires DTpl 64/128 not 768
19773619798808498,IsBn2MultiBlk=1 requires non-TND | TND SplitAxis=BN2 requires DTpl 64/128 not 768
19843987469242420,non-TND BN2S2 unreachable for DTpl=192 (d>BN2S2_WRITE_UB_D)
19843987469242546,TND SplitAxis=BN2 requires DTpl 64/128 not 192
19843987469242676,BN2S2 with drop requires d<=128 not DTpl 192
19843987469242802,TND SplitAxis=BN2 requires DTpl 64/128 not 192
19843987469242804,BN2S2 with drop requires d<=128 not DTpl 192
19843987469242932,non-TND BN2S2 unreachable for DTpl=192 (d>BN2S2_WRITE_UB_D)
19843987469243058,TND SplitAxis=BN2 requires DTpl 64/128 not 192
19843987469243188,BN2S2 with drop requires d<=128 not DTpl 192
19843987469243314,TND SplitAxis=BN2 requires DTpl 64/128 not 192
19843987469243316,BN2S2 with drop requires d<=128 not DTpl 192
19843987469243444,non-TND BN2S2 unreachable for DTpl=192 (d>BN2S2_WRITE_UB_D)
19843987469243570,TND SplitAxis=BN2 requires DTpl 64/128 not 192
19843987469243700,BN2S2 with drop requires d<=128 not DTpl 192
19843987469243826,TND SplitAxis=BN2 requires DTpl 64/128 not 192
19843987469243828,BN2S2 with drop requires d<=128 not DTpl 192
19843987469243956,non-TND BN2S2 unreachable for DTpl=192 (d>BN2S2_WRITE_UB_D)
19843987469244082,TND SplitAxis=BN2 requires DTpl 64/128 not 192
19843987469244212,BN2S2 with drop requires d<=128 not DTpl 192
19843987469244338,TND SplitAxis=BN2 requires DTpl 64/128 not 192
19843987469244340,BN2S2 with drop requires d<=128 not DTpl 192
19843988006113332,non-TND BN2S2 unreachable for DTpl=256 (d>BN2S2_WRITE_UB_D)
19843988006113458,TND SplitAxis=BN2 requires DTpl 64/128 not 256
19843988006113588,BN2S2 with drop requires d<=128 not DTpl 256
19843988006113714,TND SplitAxis=BN2 requires DTpl 64/128 not 256
19843988006113716,BN2S2 with drop requires d<=128 not DTpl 256
19843988006113844,non-TND BN2S2 unreachable for DTpl=256 (d>BN2S2_WRITE_UB_D)
19843988006113970,TND SplitAxis=BN2 requires DTpl 64/128 not 256
19843988006114100,BN2S2 with drop requires d<=128 not DTpl 256
19843988006114226,TND SplitAxis=BN2 requires DTpl 64/128 not 256
19843988006114228,BN2S2 with drop requires d<=128 not DTpl 256
19843988006114356,non-TND BN2S2 unreachable for DTpl=256 (d>BN2S2_WRITE_UB_D)
19843988006114482,TND SplitAxis=BN2 requires DTpl 64/128 not 256
19843988006114612,BN2S2 with drop requires d<=128 not DTpl 256
19843988006114738,TND SplitAxis=BN2 requires DTpl 64/128 not 256
19843988006114740,BN2S2 with drop requires d<=128 not DTpl 256
19843988006114868,non-TND BN2S2 unreachable for DTpl=256 (d>BN2S2_WRITE_UB_D)
19843988006114994,TND SplitAxis=BN2 requires DTpl 64/128 not 256
19843988006115124,BN2S2 with drop requires d<=128 not DTpl 256
19843988006115250,TND SplitAxis=BN2 requires DTpl 64/128 not 256
19843988006115252,BN2S2 with drop requires d<=128 not DTpl 256
19843988542984244,non-TND BN2S2 unreachable for DTpl=768 (d>BN2S2_WRITE_UB_D)
19843988542984370,TND SplitAxis=BN2 requires DTpl 64/128 not 768
19843988542984500,BN2S2 with drop requires d<=128 not DTpl 768
19843988542984626,TND SplitAxis=BN2 requires DTpl 64/128 not 768
19843988542984628,BN2S2 with drop requires d<=128 not DTpl 768
19843988542984756,non-TND BN2S2 unreachable for DTpl=768 (d>BN2S2_WRITE_UB_D)
19843988542984882,TND SplitAxis=BN2 requires DTpl 64/128 not 768
19843988542985012,BN2S2 with drop requires d<=128 not DTpl 768
19843988542985138,TND SplitAxis=BN2 requires DTpl 64/128 not 768
19843988542985140,BN2S2 with drop requires d<=128 not DTpl 768
19843988542985268,non-TND BN2S2 unreachable for DTpl=768 (d>BN2S2_WRITE_UB_D)
19843988542985394,TND SplitAxis=BN2 requires DTpl 64/128 not 768
19843988542985524,BN2S2 with drop requires d<=128 not DTpl 768
19843988542985650,TND SplitAxis=BN2 requires DTpl 64/128 not 768
19843988542985652,BN2S2 with drop requires d<=128 not DTpl 768
19843988542985780,non-TND BN2S2 unreachable for DTpl=768 (d>BN2S2_WRITE_UB_D)
19843988542985906,TND SplitAxis=BN2 requires DTpl 64/128 not 768
19843988542986036,BN2S2 with drop requires d<=128 not DTpl 768
19843988542986162,TND SplitAxis=BN2 requires DTpl 64/128 not 768
19843988542986164,BN2S2 with drop requires d<=128 not DTpl 768
19850583465267248,DeterType=3 requires IsAttenMask=1
19850583465267376,DeterType=3 requires IsAttenMask=1
19850583465267504,DeterType=3 requires IsAttenMask=1
19850583465267632,DeterType=3 requires IsAttenMask=1
19850583465267760,DeterType=3 requires IsAttenMask=1
19850583465267888,DeterType=3 requires IsAttenMask=1
19850583465268016,DeterType=3 requires IsAttenMask=1
19850583465268144,DeterType=3 requires IsAttenMask=1
19850584002138160,DeterType=3 requires IsAttenMask=1
19850584002138288,DeterType=3 requires IsAttenMask=1
19850584002138416,DeterType=3 requires IsAttenMask=1
19850584002138544,DeterType=3 requires IsAttenMask=1
19850584002138672,DeterType=3 requires IsAttenMask=1
19850584002138800,DeterType=3 requires IsAttenMask=1
19850584002138928,DeterType=3 requires IsAttenMask=1
19850584002139056,DeterType=3 requires IsAttenMask=1
19850584539009072,DeterType=3 requires IsAttenMask=1
19850584539009200,DeterType=3 requires IsAttenMask=1
19850584539009328,DeterType=3 requires IsAttenMask=1
19850584539009456,DeterType=3 requires IsAttenMask=1
19850584539009584,DeterType=3 requires IsAttenMask=1
19850584539009712,DeterType=3 requires IsAttenMask=1
19850584539009840,DeterType=3 requires IsAttenMask=1
19850584539009968,DeterType=3 requires IsAttenMask=1
19850585075879984,DeterType=3 requires IsAttenMask=1
19850585075880112,DeterType=3 requires IsAttenMask=1
19850585075880240,DeterType=3 requires IsAttenMask=1
19850585075880368,DeterType=3 requires IsAttenMask=1
19850585075880496,DeterType=3 requires IsAttenMask=1
19850585075880624,DeterType=3 requires IsAttenMask=1
19850585075880752,DeterType=3 requires IsAttenMask=1
19850585075880880,DeterType=3 requires IsAttenMask=1
19850585612750896,DeterType=3 requires IsAttenMask=1
19850585612751024,DeterType=3 requires IsAttenMask=1
19850585612751152,DeterType=3 requires IsAttenMask=1
19850585612751280,DeterType=3 requires IsAttenMask=1
19850585612751408,DeterType=3 requires IsAttenMask=1
19850585612751536,DeterType=3 requires IsAttenMask=1
19850585612751664,DeterType=3 requires IsAttenMask=1
19850585612751792,DeterType=3 requires IsAttenMask=1
19852782488522800,DeterType=4 requires IsAttenMask=1
19852782488522928,DeterType=4 requires IsAttenMask=1
19852782488523056,DeterType=4 requires IsAttenMask=1
19852782488523184,DeterType=4 requires IsAttenMask=1
19852782488523312,DeterType=4 requires IsAttenMask=1
19852782488523440,DeterType=4 requires IsAttenMask=1
19852782488523568,DeterType=4 requires IsAttenMask=1
19852782488523696,DeterType=4 requires IsAttenMask=1
19852783025393712,DeterType=4 requires IsAttenMask=1
19852783025393840,DeterType=4 requires IsAttenMask=1
19852783025393968,DeterType=4 requires IsAttenMask=1
19852783025394096,DeterType=4 requires IsAttenMask=1
19852783025394224,DeterType=4 requires IsAttenMask=1
19852783025394352,DeterType=4 requires IsAttenMask=1
19852783025394480,DeterType=4 requires IsAttenMask=1
19852783025394608,DeterType=4 requires IsAttenMask=1
19852783562264624,DeterType=4 requires IsAttenMask=1
19852783562264752,DeterType=4 requires IsAttenMask=1
19852783562264880,DeterType=4 requires IsAttenMask=1
19852783562265008,DeterType=4 requires IsAttenMask=1
19852783562265136,DeterType=4 requires IsAttenMask=1
19852783562265264,DeterType=4 requires IsAttenMask=1
19852783562265392,DeterType=4 requires IsAttenMask=1
19852783562265520,DeterType=4 requires IsAttenMask=1
19852784099135536,DeterType=4 requires IsAttenMask=1
19852784099135664,DeterType=4 requires IsAttenMask=1
19852784099135792,DeterType=4 requires IsAttenMask=1
19852784099135920,DeterType=4 requires IsAttenMask=1
19852784099136048,DeterType=4 requires IsAttenMask=1
19852784099136176,DeterType=4 requires IsAttenMask=1
19852784099136304,DeterType=4 requires IsAttenMask=1
19852784099136432,DeterType=4 requires IsAttenMask=1
19852784636006448,DeterType=4 requires IsAttenMask=1
19852784636006576,DeterType=4 requires IsAttenMask=1
19852784636006704,DeterType=4 requires IsAttenMask=1
19852784636006832,DeterType=4 requires IsAttenMask=1
19852784636006960,DeterType=4 requires IsAttenMask=1
19852784636007088,DeterType=4 requires IsAttenMask=1
19852784636007216,DeterType=4 requires IsAttenMask=1
19852784636007344,DeterType=4 requires IsAttenMask=1
19883569887842740,BN2S2 with drop requires d<=128 not DTpl 192
19883569887843252,BN2S2 with drop requires d<=128 not DTpl 192
19883569887843764,BN2S2 with drop requires d<=128 not DTpl 192
19883569887844276,BN2S2 with drop requires d<=128 not DTpl 192
19883570424713652,BN2S2 with drop requires d<=128 not DTpl 256
19883570424714164,BN2S2 with drop requires d<=128 not DTpl 256
19883570424714676,BN2S2 with drop requires d<=128 not DTpl 256
19883570424715188,BN2S2 with drop requires d<=128 not DTpl 256
19883570961584564,BN2S2 with drop requires d<=128 not DTpl 768
19883570961585076,BN2S2 with drop requires d<=128 not DTpl 768
19883570961585588,BN2S2 with drop requires d<=128 not DTpl 768
19883570961586100,BN2S2 with drop requires d<=128 not DTpl 768
19885767837356080,DeterType=3 requires IsAttenMask=1
19885767837356208,DeterType=3 requires IsAttenMask=1
19885767837356336,DeterType=3 requires IsAttenMask=1
19885767837356464,DeterType=3 requires IsAttenMask=1
19885767837356592,DeterType=3 requires IsAttenMask=1
19885767837356720,DeterType=3 requires IsAttenMask=1
19885767837356848,DeterType=3 requires IsAttenMask=1
19885767837356976,DeterType=3 requires IsAttenMask=1
19885768374226992,DeterType=3 requires IsAttenMask=1
19885768374227120,DeterType=3 requires IsAttenMask=1
19885768374227248,DeterType=3 requires IsAttenMask=1
19885768374227376,DeterType=3 requires IsAttenMask=1
19885768374227504,DeterType=3 requires IsAttenMask=1
19885768374227632,DeterType=3 requires IsAttenMask=1
19885768374227760,DeterType=3 requires IsAttenMask=1
19885768374227888,DeterType=3 requires IsAttenMask=1
19885768911097904,DeterType=3 requires IsAttenMask=1
19885768911098032,DeterType=3 requires IsAttenMask=1
19885768911098160,DeterType=3 requires IsAttenMask=1
19885768911098288,DeterType=3 requires IsAttenMask=1
19885768911098416,DeterType=3 requires IsAttenMask=1
19885768911098544,DeterType=3 requires IsAttenMask=1
19885768911098672,DeterType=3 requires IsAttenMask=1
19885768911098800,DeterType=3 requires IsAttenMask=1
19885769447968816,DeterType=3 requires IsAttenMask=1
19885769447968944,DeterType=3 requires IsAttenMask=1
19885769447969072,DeterType=3 requires IsAttenMask=1
19885769447969200,DeterType=3 requires IsAttenMask=1
19885769447969328,DeterType=3 requires IsAttenMask=1
19885769447969456,DeterType=3 requires IsAttenMask=1
19885769447969584,DeterType=3 requires IsAttenMask=1
19885769447969712,DeterType=3 requires IsAttenMask=1
19885769984839728,DeterType=3 requires IsAttenMask=1
19885769984839856,DeterType=3 requires IsAttenMask=1
19885769984839984,DeterType=3 requires IsAttenMask=1
19885769984840112,DeterType=3 requires IsAttenMask=1
19885769984840240,DeterType=3 requires IsAttenMask=1
19885769984840368,DeterType=3 requires IsAttenMask=1
19885769984840496,DeterType=3 requires IsAttenMask=1
19885769984840624,DeterType=3 requires IsAttenMask=1
19887966860611632,DeterType=4 requires IsAttenMask=1
19887966860611760,DeterType=4 requires IsAttenMask=1
19887966860611764,DeterType=4 requires IsAttenMask=1
19887966860611888,DeterType=4 requires IsAttenMask=1
19887966860612016,DeterType=4 requires IsAttenMask=1
19887966860612020,DeterType=4 requires IsAttenMask=1
19887966860612144,DeterType=4 requires IsAttenMask=1
19887966860612272,DeterType=4 requires IsAttenMask=1
19887966860612276,DeterType=4 requires IsAttenMask=1
19887966860612400,DeterType=4 requires IsAttenMask=1
19887966860612528,DeterType=4 requires IsAttenMask=1
19887966860612532,DeterType=4 requires IsAttenMask=1
19887967397482544,DeterType=4 requires IsAttenMask=1
19887967397482672,DeterType=4 requires IsAttenMask=1
19887967397482676,DeterType=4 requires IsAttenMask=1
19887967397482800,DeterType=4 requires IsAttenMask=1
19887967397482928,DeterType=4 requires IsAttenMask=1
19887967397482932,DeterType=4 requires IsAttenMask=1
19887967397483056,DeterType=4 requires IsAttenMask=1
19887967397483184,DeterType=4 requires IsAttenMask=1
19887967397483188,DeterType=4 requires IsAttenMask=1
19887967397483312,DeterType=4 requires IsAttenMask=1
19887967397483440,DeterType=4 requires IsAttenMask=1
19887967397483444,DeterType=4 requires IsAttenMask=1
19887967934353456,DeterType=4 requires IsAttenMask=1
19887967934353584,DeterType=4 requires IsAttenMask=1
19887967934353588,DeterType=4 requires IsAttenMask=1
19887967934353712,DeterType=4 requires IsAttenMask=1
19887967934353840,DeterType=4 requires IsAttenMask=1
19887967934353844,DeterType=4 requires IsAttenMask=1 | BN2S2 with drop requires d<=128 not DTpl 192
19887967934353968,DeterType=4 requires IsAttenMask=1
19887967934354096,DeterType=4 requires IsAttenMask=1
19887967934354100,DeterType=4 requires IsAttenMask=1
19887967934354224,DeterType=4 requires IsAttenMask=1
19887967934354352,DeterType=4 requires IsAttenMask=1
19887967934354356,DeterType=4 requires IsAttenMask=1 | BN2S2 with drop requires d<=128 not DTpl 192
19887967934354868,BN2S2 with drop requires d<=128 not DTpl 192
19887967934355380,BN2S2 with drop requires d<=128 not DTpl 192
19887968471224368,DeterType=4 requires IsAttenMask=1
19887968471224496,DeterType=4 requires IsAttenMask=1
19887968471224500,DeterType=4 requires IsAttenMask=1
19887968471224624,DeterType=4 requires IsAttenMask=1
19887968471224752,DeterType=4 requires IsAttenMask=1
19887968471224756,DeterType=4 requires IsAttenMask=1 | BN2S2 with drop requires d<=128 not DTpl 256
19887968471224880,DeterType=4 requires IsAttenMask=1
19887968471225008,DeterType=4 requires IsAttenMask=1
19887968471225012,DeterType=4 requires IsAttenMask=1
19887968471225136,DeterType=4 requires IsAttenMask=1
19887968471225264,DeterType=4 requires IsAttenMask=1
19887968471225268,DeterType=4 requires IsAttenMask=1 | BN2S2 with drop requires d<=128 not DTpl 256
19887968471225780,BN2S2 with drop requires d<=128 not DTpl 256
19887968471226292,BN2S2 with drop requires d<=128 not DTpl 256
19887969008095280,DeterType=4 requires IsAttenMask=1
19887969008095408,DeterType=4 requires IsAttenMask=1
19887969008095412,DeterType=4 requires IsAttenMask=1
19887969008095536,DeterType=4 requires IsAttenMask=1
19887969008095664,DeterType=4 requires IsAttenMask=1
19887969008095668,DeterType=4 requires IsAttenMask=1 | BN2S2 with drop requires d<=128 not DTpl 768
19887969008095792,DeterType=4 requires IsAttenMask=1
19887969008095920,DeterType=4 requires IsAttenMask=1
19887969008095924,DeterType=4 requires IsAttenMask=1
19887969008096048,DeterType=4 requires IsAttenMask=1
19887969008096176,DeterType=4 requires IsAttenMask=1
19887969008096180,DeterType=4 requires IsAttenMask=1 | BN2S2 with drop requires d<=128 not DTpl 768
19887969008096692,BN2S2 with drop requires d<=128 not DTpl 768
19887969008097204,BN2S2 with drop requires d<=128 not DTpl 768
19914355139678258,IsBn2MultiBlk requires d==d1 so IsDNoEqual=0
19914355139678386,IsBn2MultiBlk=1 requires non-TND | IsBn2MultiBlk requires d==d1 so IsDNoEqual=0
19914355139678514,IsBn2MultiBlk requires d==d1 so IsDNoEqual=0
19914355139678642,IsBn2MultiBlk=1 requires non-TND | IsBn2MultiBlk requires d==d1 so IsDNoEqual=0
19914355139678770,IsBn2MultiBlk requires d==d1 so IsDNoEqual=0
19914355139678898,IsBn2MultiBlk=1 requires non-TND | IsBn2MultiBlk requires d==d1 so IsDNoEqual=0
19914355139679026,IsBn2MultiBlk requires d==d1 so IsDNoEqual=0
19914355139679154,IsBn2MultiBlk=1 requires non-TND | IsBn2MultiBlk requires d==d1 so IsDNoEqual=0
19914355139679282,IsBn2MultiBlk requires d==d1 so IsDNoEqual=0
19914355139679410,IsBn2MultiBlk=1 requires non-TND | IsBn2MultiBlk requires d==d1 so IsDNoEqual=0
19914355139679538,IsBn2MultiBlk requires d==d1 so IsDNoEqual=0
19914355139679666,IsBn2MultiBlk=1 requires non-TND | IsBn2MultiBlk requires d==d1 so IsDNoEqual=0
19914355139679794,IsBn2MultiBlk requires d==d1 so IsDNoEqual=0
19914355139679922,IsBn2MultiBlk=1 requires non-TND | IsBn2MultiBlk requires d==d1 so IsDNoEqual=0
19914355139680050,IsBn2MultiBlk requires d==d1 so IsDNoEqual=0
19914355139680178,IsBn2MultiBlk=1 requires non-TND | IsBn2MultiBlk requires d==d1 so IsDNoEqual=0
19914355676549170,IsBn2MultiBlk requires d==d1 so IsDNoEqual=0
19914355676549298,IsBn2MultiBlk=1 requires non-TND | IsBn2MultiBlk requires d==d1 so IsDNoEqual=0
19914355676549426,IsBn2MultiBlk requires d==d1 so IsDNoEqual=0
19914355676549554,IsBn2MultiBlk=1 requires non-TND | IsBn2MultiBlk requires d==d1 so IsDNoEqual=0
19914355676549682,IsBn2MultiBlk requires d==d1 so IsDNoEqual=0
19914355676549810,IsBn2MultiBlk=1 requires non-TND | IsBn2MultiBlk requires d==d1 so IsDNoEqual=0
19914355676549938,IsBn2MultiBlk requires d==d1 so IsDNoEqual=0
19914355676550066,IsBn2MultiBlk=1 requires non-TND | IsBn2MultiBlk requires d==d1 so IsDNoEqual=0
19914355676550194,IsBn2MultiBlk requires d==d1 so IsDNoEqual=0
19914355676550322,IsBn2MultiBlk=1 requires non-TND | IsBn2MultiBlk requires d==d1 so IsDNoEqual=0
19914355676550450,IsBn2MultiBlk requires d==d1 so IsDNoEqual=0
19914355676550578,IsBn2MultiBlk=1 requires non-TND | IsBn2MultiBlk requires d==d1 so IsDNoEqual=0
19914355676550706,IsBn2MultiBlk requires d==d1 so IsDNoEqual=0
19914355676550834,IsBn2MultiBlk=1 requires non-TND | IsBn2MultiBlk requires d==d1 so IsDNoEqual=0
19914355676550962,IsBn2MultiBlk requires d==d1 so IsDNoEqual=0
19914355676551090,IsBn2MultiBlk=1 requires non-TND | IsBn2MultiBlk requires d==d1 so IsDNoEqual=0
19914356213420082,IsBn2MultiBlk requires d==d1 so IsDNoEqual=0
19914356213420210,IsBn2MultiBlk=1 requires non-TND | TND SplitAxis=BN2 requires DTpl 64/128 not 192 | IsBn2MultiBlk requires d==d1 so IsDNoEqual=0
19914356213420338,IsBn2MultiBlk requires d==d1 so IsDNoEqual=0
19914356213420466,IsBn2MultiBlk=1 requires non-TND | TND SplitAxis=BN2 requires DTpl 64/128 not 192 | IsBn2MultiBlk requires d==d1 so IsDNoEqual=0
19914356213420594,IsBn2MultiBlk requires d==d1 so IsDNoEqual=0
19914356213420722,IsBn2MultiBlk=1 requires non-TND | TND SplitAxis=BN2 requires DTpl 64/128 not 192 | IsBn2MultiBlk requires d==d1 so IsDNoEqual=0
19914356213420850,IsBn2MultiBlk requires d==d1 so IsDNoEqual=0
19914356213420978,IsBn2MultiBlk=1 requires non-TND | TND SplitAxis=BN2 requires DTpl 64/128 not 192 | IsBn2MultiBlk requires d==d1 so IsDNoEqual=0
19914356213421106,IsBn2MultiBlk requires d==d1 so IsDNoEqual=0
19914356213421234,IsBn2MultiBlk=1 requires non-TND | TND SplitAxis=BN2 requires DTpl 64/128 not 192 | IsBn2MultiBlk requires d==d1 so IsDNoEqual=0
19914356213421362,IsBn2MultiBlk requires d==d1 so IsDNoEqual=0
19914356213421490,IsBn2MultiBlk=1 requires non-TND | TND SplitAxis=BN2 requires DTpl 64/128 not 192 | IsBn2MultiBlk requires d==d1 so IsDNoEqual=0
19914356213421618,IsBn2MultiBlk requires d==d1 so IsDNoEqual=0
19914356213421746,IsBn2MultiBlk=1 requires non-TND | TND SplitAxis=BN2 requires DTpl 64/128 not 192 | IsBn2MultiBlk requires d==d1 so IsDNoEqual=0
19914356213421874,IsBn2MultiBlk requires d==d1 so IsDNoEqual=0
19914356213422002,IsBn2MultiBlk=1 requires non-TND | TND SplitAxis=BN2 requires DTpl 64/128 not 192 | IsBn2MultiBlk requires d==d1 so IsDNoEqual=0
19914356750290994,IsBn2MultiBlk requires d==d1 so IsDNoEqual=0
19914356750291122,IsBn2MultiBlk=1 requires non-TND | TND SplitAxis=BN2 requires DTpl 64/128 not 256 | IsBn2MultiBlk requires d==d1 so IsDNoEqual=0
19914356750291250,IsBn2MultiBlk requires d==d1 so IsDNoEqual=0
19914356750291378,IsBn2MultiBlk=1 requires non-TND | TND SplitAxis=BN2 requires DTpl 64/128 not 256 | IsBn2MultiBlk requires d==d1 so IsDNoEqual=0
19914356750291506,IsBn2MultiBlk requires d==d1 so IsDNoEqual=0
19914356750291634,IsBn2MultiBlk=1 requires non-TND | TND SplitAxis=BN2 requires DTpl 64/128 not 256 | IsBn2MultiBlk requires d==d1 so IsDNoEqual=0
19914356750291762,IsBn2MultiBlk requires d==d1 so IsDNoEqual=0
19914356750291890,IsBn2MultiBlk=1 requires non-TND | TND SplitAxis=BN2 requires DTpl 64/128 not 256 | IsBn2MultiBlk requires d==d1 so IsDNoEqual=0
19914356750292018,IsBn2MultiBlk requires d==d1 so IsDNoEqual=0
19914356750292146,IsBn2MultiBlk=1 requires non-TND | TND SplitAxis=BN2 requires DTpl 64/128 not 256 | IsBn2MultiBlk requires d==d1 so IsDNoEqual=0
19914356750292274,IsBn2MultiBlk requires d==d1 so IsDNoEqual=0
19914356750292402,IsBn2MultiBlk=1 requires non-TND | TND SplitAxis=BN2 requires DTpl 64/128 not 256 | IsBn2MultiBlk requires d==d1 so IsDNoEqual=0
19914356750292530,IsBn2MultiBlk requires d==d1 so IsDNoEqual=0
19914356750292658,IsBn2MultiBlk=1 requires non-TND | TND SplitAxis=BN2 requires DTpl 64/128 not 256 | IsBn2MultiBlk requires d==d1 so IsDNoEqual=0
19914356750292786,IsBn2MultiBlk requires d==d1 so IsDNoEqual=0
19914356750292914,IsBn2MultiBlk=1 requires non-TND | TND SplitAxis=BN2 requires DTpl 64/128 not 256 | IsBn2MultiBlk requires d==d1 so IsDNoEqual=0
19914357287161906,IsBn2MultiBlk requires d==d1 so IsDNoEqual=0
19914357287162034,IsBn2MultiBlk=1 requires non-TND | TND SplitAxis=BN2 requires DTpl 64/128 not 768 | IsBn2MultiBlk requires d==d1 so IsDNoEqual=0
19914357287162162,IsBn2MultiBlk requires d==d1 so IsDNoEqual=0
19914357287162290,IsBn2MultiBlk=1 requires non-TND | TND SplitAxis=BN2 requires DTpl 64/128 not 768 | IsBn2MultiBlk requires d==d1 so IsDNoEqual=0
19914357287162418,IsBn2MultiBlk requires d==d1 so IsDNoEqual=0
19914357287162546,IsBn2MultiBlk=1 requires non-TND | TND SplitAxis=BN2 requires DTpl 64/128 not 768 | IsBn2MultiBlk requires d==d1 so IsDNoEqual=0
19914357287162674,IsBn2MultiBlk requires d==d1 so IsDNoEqual=0
19914357287162802,IsBn2MultiBlk=1 requires non-TND | TND SplitAxis=BN2 requires DTpl 64/128 not 768 | IsBn2MultiBlk requires d==d1 so IsDNoEqual=0
19914357287162930,IsBn2MultiBlk requires d==d1 so IsDNoEqual=0
19914357287163058,IsBn2MultiBlk=1 requires non-TND | TND SplitAxis=BN2 requires DTpl 64/128 not 768 | IsBn2MultiBlk requires d==d1 so IsDNoEqual=0
19914357287163186,IsBn2MultiBlk requires d==d1 so IsDNoEqual=0
19914357287163314,IsBn2MultiBlk=1 requires non-TND | TND SplitAxis=BN2 requires DTpl 64/128 not 768 | IsBn2MultiBlk requires d==d1 so IsDNoEqual=0
19914357287163442,IsBn2MultiBlk requires d==d1 so IsDNoEqual=0
19914357287163570,IsBn2MultiBlk=1 requires non-TND | TND SplitAxis=BN2 requires DTpl 64/128 not 768 | IsBn2MultiBlk requires d==d1 so IsDNoEqual=0
19914357287163698,IsBn2MultiBlk requires d==d1 so IsDNoEqual=0
19914357287163826,IsBn2MultiBlk=1 requires non-TND | TND SplitAxis=BN2 requires DTpl 64/128 not 768 | IsBn2MultiBlk requires d==d1 so IsDNoEqual=0
19984723883855922,IsRope=1 forces DTemplateNum=192 (not 64) | IsRope=1 forces IsDNoEqual=1
19984723883856050,IsRope=1 forces DTemplateNum=192 (not 64) | IsRope=1 forces IsDNoEqual=1
19984723883856178,IsRope=1 forces DTemplateNum=192 (not 64) | IsRope=1 forces IsDNoEqual=1
19984723883856306,IsRope=1 forces DTemplateNum=192 (not 64) | IsRope=1 forces IsDNoEqual=1
19984723883856434,IsRope=1 forces DTemplateNum=192 (not 64) | IsRope=1 forces IsDNoEqual=1
19984723883856562,IsRope=1 forces DTemplateNum=192 (not 64) | IsRope=1 forces IsDNoEqual=1
19984723883856690,IsRope=1 forces DTemplateNum=192 (not 64) | IsRope=1 forces IsDNoEqual=1
19984723883856818,IsRope=1 forces DTemplateNum=192 (not 64) | IsRope=1 forces IsDNoEqual=1
19984723883856946,IsRope=1 forces DTemplateNum=192 (not 64) | IsRope=1 forces IsDNoEqual=1
19984723883857074,IsRope=1 forces DTemplateNum=192 (not 64) | IsRope=1 forces IsDNoEqual=1
19984723883857202,IsRope=1 forces DTemplateNum=192 (not 64) | IsRope=1 forces IsDNoEqual=1
19984723883857330,IsRope=1 forces DTemplateNum=192 (not 64) | IsRope=1 forces IsDNoEqual=1
19984723883857458,IsRope=1 forces DTemplateNum=192 (not 64) | IsRope=1 forces IsDNoEqual=1
19984723883857586,IsRope=1 forces DTemplateNum=192 (not 64) | IsRope=1 forces IsDNoEqual=1
19984723883857714,IsRope=1 forces DTemplateNum=192 (not 64) | IsRope=1 forces IsDNoEqual=1
19984723883857842,IsRope=1 forces DTemplateNum=192 (not 64) | IsRope=1 forces IsDNoEqual=1
19984724420726834,IsRope=1 forces DTemplateNum=192 (not 128) | IsRope=1 forces IsDNoEqual=1
19984724420726962,IsRope=1 forces DTemplateNum=192 (not 128) | IsRope=1 forces IsDNoEqual=1
19984724420727090,IsRope=1 forces DTemplateNum=192 (not 128) | IsRope=1 forces IsDNoEqual=1
19984724420727218,IsRope=1 forces DTemplateNum=192 (not 128) | IsRope=1 forces IsDNoEqual=1
19984724420727346,IsRope=1 forces DTemplateNum=192 (not 128) | IsRope=1 forces IsDNoEqual=1
19984724420727474,IsRope=1 forces DTemplateNum=192 (not 128) | IsRope=1 forces IsDNoEqual=1
19984724420727602,IsRope=1 forces DTemplateNum=192 (not 128) | IsRope=1 forces IsDNoEqual=1
19984724420727730,IsRope=1 forces DTemplateNum=192 (not 128) | IsRope=1 forces IsDNoEqual=1
19984724420727858,IsRope=1 forces DTemplateNum=192 (not 128) | IsRope=1 forces IsDNoEqual=1
19984724420727986,IsRope=1 forces DTemplateNum=192 (not 128) | IsRope=1 forces IsDNoEqual=1
19984724420728114,IsRope=1 forces DTemplateNum=192 (not 128) | IsRope=1 forces IsDNoEqual=1
19984724420728242,IsRope=1 forces DTemplateNum=192 (not 128) | IsRope=1 forces IsDNoEqual=1
19984724420728370,IsRope=1 forces DTemplateNum=192 (not 128) | IsRope=1 forces IsDNoEqual=1
19984724420728498,IsRope=1 forces DTemplateNum=192 (not 128) | IsRope=1 forces IsDNoEqual=1
19984724420728626,IsRope=1 forces DTemplateNum=192 (not 128) | IsRope=1 forces IsDNoEqual=1
19984724420728754,IsRope=1 forces DTemplateNum=192 (not 128) | IsRope=1 forces IsDNoEqual=1
19984724957597746,IsRope=1 forces IsDNoEqual=1
19984724957597874,IsRope=1 forces IsDNoEqual=1 | TND SplitAxis=BN2 requires DTpl 64/128 not 192
19984724957598002,IsRope=1 forces IsDNoEqual=1
19984724957598130,IsRope=1 forces IsDNoEqual=1 | TND SplitAxis=BN2 requires DTpl 64/128 not 192
19984724957598258,IsRope=1 forces IsDNoEqual=1
19984724957598386,IsRope=1 forces IsDNoEqual=1 | TND SplitAxis=BN2 requires DTpl 64/128 not 192
19984724957598514,IsRope=1 forces IsDNoEqual=1
19984724957598642,IsRope=1 forces IsDNoEqual=1 | TND SplitAxis=BN2 requires DTpl 64/128 not 192
19984724957598770,IsRope=1 forces IsDNoEqual=1
19984724957598898,IsRope=1 forces IsDNoEqual=1 | TND SplitAxis=BN2 requires DTpl 64/128 not 192
19984724957599026,IsRope=1 forces IsDNoEqual=1
19984724957599154,IsRope=1 forces IsDNoEqual=1 | TND SplitAxis=BN2 requires DTpl 64/128 not 192
19984724957599282,IsRope=1 forces IsDNoEqual=1
19984724957599410,IsRope=1 forces IsDNoEqual=1 | TND SplitAxis=BN2 requires DTpl 64/128 not 192
19984724957599538,IsRope=1 forces IsDNoEqual=1
19984724957599666,IsRope=1 forces IsDNoEqual=1 | TND SplitAxis=BN2 requires DTpl 64/128 not 192
19984725494468658,IsRope=1 forces DTemplateNum=192 (not 256) | IsRope=1 forces IsDNoEqual=1
19984725494468786,IsRope=1 forces DTemplateNum=192 (not 256) | IsRope=1 forces IsDNoEqual=1 | TND SplitAxis=BN2 requires DTpl 64/128 not 256
19984725494468914,IsRope=1 forces DTemplateNum=192 (not 256) | IsRope=1 forces IsDNoEqual=1
19984725494469042,IsRope=1 forces DTemplateNum=192 (not 256) | IsRope=1 forces IsDNoEqual=1 | TND SplitAxis=BN2 requires DTpl 64/128 not 256
19984725494469170,IsRope=1 forces DTemplateNum=192 (not 256) | IsRope=1 forces IsDNoEqual=1
19984725494469298,IsRope=1 forces DTemplateNum=192 (not 256) | IsRope=1 forces IsDNoEqual=1 | TND SplitAxis=BN2 requires DTpl 64/128 not 256
19984725494469426,IsRope=1 forces DTemplateNum=192 (not 256) | IsRope=1 forces IsDNoEqual=1
19984725494469554,IsRope=1 forces DTemplateNum=192 (not 256) | IsRope=1 forces IsDNoEqual=1 | TND SplitAxis=BN2 requires DTpl 64/128 not 256
19984725494469682,IsRope=1 forces DTemplateNum=192 (not 256) | IsRope=1 forces IsDNoEqual=1
19984725494469810,IsRope=1 forces DTemplateNum=192 (not 256) | IsRope=1 forces IsDNoEqual=1 | TND SplitAxis=BN2 requires DTpl 64/128 not 256
19984725494469938,IsRope=1 forces DTemplateNum=192 (not 256) | IsRope=1 forces IsDNoEqual=1
19984725494470066,IsRope=1 forces DTemplateNum=192 (not 256) | IsRope=1 forces IsDNoEqual=1 | TND SplitAxis=BN2 requires DTpl 64/128 not 256
19984725494470194,IsRope=1 forces DTemplateNum=192 (not 256) | IsRope=1 forces IsDNoEqual=1
19984725494470322,IsRope=1 forces DTemplateNum=192 (not 256) | IsRope=1 forces IsDNoEqual=1 | TND SplitAxis=BN2 requires DTpl 64/128 not 256
19984725494470450,IsRope=1 forces DTemplateNum=192 (not 256) | IsRope=1 forces IsDNoEqual=1
19984725494470578,IsRope=1 forces DTemplateNum=192 (not 256) | IsRope=1 forces IsDNoEqual=1 | TND SplitAxis=BN2 requires DTpl 64/128 not 256
19984726031339570,IsRope=1 forces DTemplateNum=192 (not 768) | IsRope=1 forces IsDNoEqual=1
19984726031339698,IsRope=1 forces DTemplateNum=192 (not 768) | IsRope=1 forces IsDNoEqual=1 | TND SplitAxis=BN2 requires DTpl 64/128 not 768
19984726031339826,IsRope=1 forces DTemplateNum=192 (not 768) | IsRope=1 forces IsDNoEqual=1
19984726031339954,IsRope=1 forces DTemplateNum=192 (not 768) | IsRope=1 forces IsDNoEqual=1 | TND SplitAxis=BN2 requires DTpl 64/128 not 768
19984726031340082,IsRope=1 forces DTemplateNum=192 (not 768) | IsRope=1 forces IsDNoEqual=1
19984726031340210,IsRope=1 forces DTemplateNum=192 (not 768) | IsRope=1 forces IsDNoEqual=1 | TND SplitAxis=BN2 requires DTpl 64/128 not 768
19984726031340338,IsRope=1 forces DTemplateNum=192 (not 768) | IsRope=1 forces IsDNoEqual=1
19984726031340466,IsRope=1 forces DTemplateNum=192 (not 768) | IsRope=1 forces IsDNoEqual=1 | TND SplitAxis=BN2 requires DTpl 64/128 not 768
19984726031340594,IsRope=1 forces DTemplateNum=192 (not 768) | IsRope=1 forces IsDNoEqual=1
19984726031340722,IsRope=1 forces DTemplateNum=192 (not 768) | IsRope=1 forces IsDNoEqual=1 | TND SplitAxis=BN2 requires DTpl 64/128 not 768
19984726031340850,IsRope=1 forces DTemplateNum=192 (not 768) | IsRope=1 forces IsDNoEqual=1
19984726031340978,IsRope=1 forces DTemplateNum=192 (not 768) | IsRope=1 forces IsDNoEqual=1 | TND SplitAxis=BN2 requires DTpl 64/128 not 768
19984726031341106,IsRope=1 forces DTemplateNum=192 (not 768) | IsRope=1 forces IsDNoEqual=1
19984726031341234,IsRope=1 forces DTemplateNum=192 (not 768) | IsRope=1 forces IsDNoEqual=1 | TND SplitAxis=BN2 requires DTpl 64/128 not 768
19984726031341362,IsRope=1 forces DTemplateNum=192 (not 768) | IsRope=1 forces IsDNoEqual=1
19984726031341490,IsRope=1 forces DTemplateNum=192 (not 768) | IsRope=1 forces IsDNoEqual=1 | TND SplitAxis=BN2 requires DTpl 64/128 not 768
20055092628033586,IsRope=1 forces DTemplateNum=192 (not 64) | IsRope=1 forces IsDNoEqual=1 | IsBn2MultiBlk=1 requires IsRope=0
20055092628033714,IsRope=1 forces DTemplateNum=192 (not 64) | IsRope=1 forces IsDNoEqual=1 | IsBn2MultiBlk=1 requires non-TND | IsBn2MultiBlk=1 requires IsRope=0
20055092628033842,IsRope=1 forces DTemplateNum=192 (not 64) | IsRope=1 forces IsDNoEqual=1 | IsBn2MultiBlk=1 requires IsRope=0
20055092628033970,IsRope=1 forces DTemplateNum=192 (not 64) | IsRope=1 forces IsDNoEqual=1 | IsBn2MultiBlk=1 requires non-TND | IsBn2MultiBlk=1 requires IsRope=0
20055092628034098,IsRope=1 forces DTemplateNum=192 (not 64) | IsRope=1 forces IsDNoEqual=1 | IsBn2MultiBlk=1 requires IsRope=0
20055092628034226,IsRope=1 forces DTemplateNum=192 (not 64) | IsRope=1 forces IsDNoEqual=1 | IsBn2MultiBlk=1 requires non-TND | IsBn2MultiBlk=1 requires IsRope=0
20055092628034354,IsRope=1 forces DTemplateNum=192 (not 64) | IsRope=1 forces IsDNoEqual=1 | IsBn2MultiBlk=1 requires IsRope=0
20055092628034482,IsRope=1 forces DTemplateNum=192 (not 64) | IsRope=1 forces IsDNoEqual=1 | IsBn2MultiBlk=1 requires non-TND | IsBn2MultiBlk=1 requires IsRope=0
20055092628034610,IsRope=1 forces DTemplateNum=192 (not 64) | IsRope=1 forces IsDNoEqual=1 | IsBn2MultiBlk=1 requires IsRope=0
20055092628034738,IsRope=1 forces DTemplateNum=192 (not 64) | IsRope=1 forces IsDNoEqual=1 | IsBn2MultiBlk=1 requires non-TND | IsBn2MultiBlk=1 requires IsRope=0
20055092628034866,IsRope=1 forces DTemplateNum=192 (not 64) | IsRope=1 forces IsDNoEqual=1 | IsBn2MultiBlk=1 requires IsRope=0
20055092628034994,IsRope=1 forces DTemplateNum=192 (not 64) | IsRope=1 forces IsDNoEqual=1 | IsBn2MultiBlk=1 requires non-TND | IsBn2MultiBlk=1 requires IsRope=0
20055092628035122,IsRope=1 forces DTemplateNum=192 (not 64) | IsRope=1 forces IsDNoEqual=1 | IsBn2MultiBlk=1 requires IsRope=0
20055092628035250,IsRope=1 forces DTemplateNum=192 (not 64) | IsRope=1 forces IsDNoEqual=1 | IsBn2MultiBlk=1 requires non-TND | IsBn2MultiBlk=1 requires IsRope=0
20055092628035378,IsRope=1 forces DTemplateNum=192 (not 64) | IsRope=1 forces IsDNoEqual=1 | IsBn2MultiBlk=1 requires IsRope=0
20055092628035506,IsRope=1 forces DTemplateNum=192 (not 64) | IsRope=1 forces IsDNoEqual=1 | IsBn2MultiBlk=1 requires non-TND | IsBn2MultiBlk=1 requires IsRope=0
20055093164904498,IsRope=1 forces DTemplateNum=192 (not 128) | IsRope=1 forces IsDNoEqual=1 | IsBn2MultiBlk=1 requires IsRope=0
20055093164904626,IsRope=1 forces DTemplateNum=192 (not 128) | IsRope=1 forces IsDNoEqual=1 | IsBn2MultiBlk=1 requires non-TND | IsBn2MultiBlk=1 requires IsRope=0
20055093164904754,IsRope=1 forces DTemplateNum=192 (not 128) | IsRope=1 forces IsDNoEqual=1 | IsBn2MultiBlk=1 requires IsRope=0
20055093164904882,IsRope=1 forces DTemplateNum=192 (not 128) | IsRope=1 forces IsDNoEqual=1 | IsBn2MultiBlk=1 requires non-TND | IsBn2MultiBlk=1 requires IsRope=0
20055093164905010,IsRope=1 forces DTemplateNum=192 (not 128) | IsRope=1 forces IsDNoEqual=1 | IsBn2MultiBlk=1 requires IsRope=0
20055093164905138,IsRope=1 forces DTemplateNum=192 (not 128) | IsRope=1 forces IsDNoEqual=1 | IsBn2MultiBlk=1 requires non-TND | IsBn2MultiBlk=1 requires IsRope=0
20055093164905266,IsRope=1 forces DTemplateNum=192 (not 128) | IsRope=1 forces IsDNoEqual=1 | IsBn2MultiBlk=1 requires IsRope=0
20055093164905394,IsRope=1 forces DTemplateNum=192 (not 128) | IsRope=1 forces IsDNoEqual=1 | IsBn2MultiBlk=1 requires non-TND | IsBn2MultiBlk=1 requires IsRope=0
20055093164905522,IsRope=1 forces DTemplateNum=192 (not 128) | IsRope=1 forces IsDNoEqual=1 | IsBn2MultiBlk=1 requires IsRope=0
20055093164905650,IsRope=1 forces DTemplateNum=192 (not 128) | IsRope=1 forces IsDNoEqual=1 | IsBn2MultiBlk=1 requires non-TND | IsBn2MultiBlk=1 requires IsRope=0
20055093164905778,IsRope=1 forces DTemplateNum=192 (not 128) | IsRope=1 forces IsDNoEqual=1 | IsBn2MultiBlk=1 requires IsRope=0
20055093164905906,IsRope=1 forces DTemplateNum=192 (not 128) | IsRope=1 forces IsDNoEqual=1 | IsBn2MultiBlk=1 requires non-TND | IsBn2MultiBlk=1 requires IsRope=0
20055093164906034,IsRope=1 forces DTemplateNum=192 (not 128) | IsRope=1 forces IsDNoEqual=1 | IsBn2MultiBlk=1 requires IsRope=0
20055093164906162,IsRope=1 forces DTemplateNum=192 (not 128) | IsRope=1 forces IsDNoEqual=1 | IsBn2MultiBlk=1 requires non-TND | IsBn2MultiBlk=1 requires IsRope=0
20055093164906290,IsRope=1 forces DTemplateNum=192 (not 128) | IsRope=1 forces IsDNoEqual=1 | IsBn2MultiBlk=1 requires IsRope=0
20055093164906418,IsRope=1 forces DTemplateNum=192 (not 128) | IsRope=1 forces IsDNoEqual=1 | IsBn2MultiBlk=1 requires non-TND | IsBn2MultiBlk=1 requires IsRope=0
20055093701775410,IsRope=1 forces IsDNoEqual=1 | IsBn2MultiBlk=1 requires IsRope=0
20055093701775538,IsRope=1 forces IsDNoEqual=1 | IsBn2MultiBlk=1 requires non-TND | IsBn2MultiBlk=1 requires IsRope=0 | TND SplitAxis=BN2 requires DTpl 64/128 not 192
20055093701775666,IsRope=1 forces IsDNoEqual=1 | IsBn2MultiBlk=1 requires IsRope=0
20055093701775794,IsRope=1 forces IsDNoEqual=1 | IsBn2MultiBlk=1 requires non-TND | IsBn2MultiBlk=1 requires IsRope=0 | TND SplitAxis=BN2 requires DTpl 64/128 not 192
20055093701775922,IsRope=1 forces IsDNoEqual=1 | IsBn2MultiBlk=1 requires IsRope=0
20055093701776050,IsRope=1 forces IsDNoEqual=1 | IsBn2MultiBlk=1 requires non-TND | IsBn2MultiBlk=1 requires IsRope=0 | TND SplitAxis=BN2 requires DTpl 64/128 not 192
20055093701776178,IsRope=1 forces IsDNoEqual=1 | IsBn2MultiBlk=1 requires IsRope=0
20055093701776306,IsRope=1 forces IsDNoEqual=1 | IsBn2MultiBlk=1 requires non-TND | IsBn2MultiBlk=1 requires IsRope=0 | TND SplitAxis=BN2 requires DTpl 64/128 not 192
20055093701776434,IsRope=1 forces IsDNoEqual=1 | IsBn2MultiBlk=1 requires IsRope=0
20055093701776562,IsRope=1 forces IsDNoEqual=1 | IsBn2MultiBlk=1 requires non-TND | IsBn2MultiBlk=1 requires IsRope=0 | TND SplitAxis=BN2 requires DTpl 64/128 not 192
20055093701776690,IsRope=1 forces IsDNoEqual=1 | IsBn2MultiBlk=1 requires IsRope=0
20055093701776818,IsRope=1 forces IsDNoEqual=1 | IsBn2MultiBlk=1 requires non-TND | IsBn2MultiBlk=1 requires IsRope=0 | TND SplitAxis=BN2 requires DTpl 64/128 not 192
20055093701776946,IsRope=1 forces IsDNoEqual=1 | IsBn2MultiBlk=1 requires IsRope=0
20055093701777074,IsRope=1 forces IsDNoEqual=1 | IsBn2MultiBlk=1 requires non-TND | IsBn2MultiBlk=1 requires IsRope=0 | TND SplitAxis=BN2 requires DTpl 64/128 not 192
20055093701777202,IsRope=1 forces IsDNoEqual=1 | IsBn2MultiBlk=1 requires IsRope=0
20055093701777330,IsRope=1 forces IsDNoEqual=1 | IsBn2MultiBlk=1 requires non-TND | IsBn2MultiBlk=1 requires IsRope=0 | TND SplitAxis=BN2 requires DTpl 64/128 not 192
20055094238646322,IsRope=1 forces DTemplateNum=192 (not 256) | IsRope=1 forces IsDNoEqual=1 | IsBn2MultiBlk=1 requires IsRope=0
20055094238646450,IsRope=1 forces DTemplateNum=192 (not 256) | IsRope=1 forces IsDNoEqual=1 | IsBn2MultiBlk=1 requires non-TND | IsBn2MultiBlk=1 requires IsRope=0 | TND SplitAxis=BN2 requires DTpl 64/128 not 256
20055094238646578,IsRope=1 forces DTemplateNum=192 (not 256) | IsRope=1 forces IsDNoEqual=1 | IsBn2MultiBlk=1 requires IsRope=0
20055094238646706,IsRope=1 forces DTemplateNum=192 (not 256) | IsRope=1 forces IsDNoEqual=1 | IsBn2MultiBlk=1 requires non-TND | IsBn2MultiBlk=1 requires IsRope=0 | TND SplitAxis=BN2 requires DTpl 64/128 not 256
20055094238646834,IsRope=1 forces DTemplateNum=192 (not 256) | IsRope=1 forces IsDNoEqual=1 | IsBn2MultiBlk=1 requires IsRope=0
20055094238646962,IsRope=1 forces DTemplateNum=192 (not 256) | IsRope=1 forces IsDNoEqual=1 | IsBn2MultiBlk=1 requires non-TND | IsBn2MultiBlk=1 requires IsRope=0 | TND SplitAxis=BN2 requires DTpl 64/128 not 256
20055094238647090,IsRope=1 forces DTemplateNum=192 (not 256) | IsRope=1 forces IsDNoEqual=1 | IsBn2MultiBlk=1 requires IsRope=0
20055094238647218,IsRope=1 forces DTemplateNum=192 (not 256) | IsRope=1 forces IsDNoEqual=1 | IsBn2MultiBlk=1 requires non-TND | IsBn2MultiBlk=1 requires IsRope=0 | TND SplitAxis=BN2 requires DTpl 64/128 not 256
20055094238647346,IsRope=1 forces DTemplateNum=192 (not 256) | IsRope=1 forces IsDNoEqual=1 | IsBn2MultiBlk=1 requires IsRope=0
20055094238647474,IsRope=1 forces DTemplateNum=192 (not 256) | IsRope=1 forces IsDNoEqual=1 | IsBn2MultiBlk=1 requires non-TND | IsBn2MultiBlk=1 requires IsRope=0 | TND SplitAxis=BN2 requires DTpl 64/128 not 256
20055094238647602,IsRope=1 forces DTemplateNum=192 (not 256) | IsRope=1 forces IsDNoEqual=1 | IsBn2MultiBlk=1 requires IsRope=0
20055094238647730,IsRope=1 forces DTemplateNum=192 (not 256) | IsRope=1 forces IsDNoEqual=1 | IsBn2MultiBlk=1 requires non-TND | IsBn2MultiBlk=1 requires IsRope=0 | TND SplitAxis=BN2 requires DTpl 64/128 not 256
20055094238647858,IsRope=1 forces DTemplateNum=192 (not 256) | IsRope=1 forces IsDNoEqual=1 | IsBn2MultiBlk=1 requires IsRope=0
20055094238647986,IsRope=1 forces DTemplateNum=192 (not 256) | IsRope=1 forces IsDNoEqual=1 | IsBn2MultiBlk=1 requires non-TND | IsBn2MultiBlk=1 requires IsRope=0 | TND SplitAxis=BN2 requires DTpl 64/128 not 256
20055094238648114,IsRope=1 forces DTemplateNum=192 (not 256) | IsRope=1 forces IsDNoEqual=1 | IsBn2MultiBlk=1 requires IsRope=0
20055094238648242,IsRope=1 forces DTemplateNum=192 (not 256) | IsRope=1 forces IsDNoEqual=1 | IsBn2MultiBlk=1 requires non-TND | IsBn2MultiBlk=1 requires IsRope=0 | TND SplitAxis=BN2 requires DTpl 64/128 not 256
20055094775517234,IsRope=1 forces DTemplateNum=192 (not 768) | IsRope=1 forces IsDNoEqual=1 | IsBn2MultiBlk=1 requires IsRope=0
20055094775517362,IsRope=1 forces DTemplateNum=192 (not 768) | IsRope=1 forces IsDNoEqual=1 | IsBn2MultiBlk=1 requires non-TND | IsBn2MultiBlk=1 requires IsRope=0 | TND SplitAxis=BN2 requires DTpl 64/128 not 768
20055094775517490,IsRope=1 forces DTemplateNum=192 (not 768) | IsRope=1 forces IsDNoEqual=1 | IsBn2MultiBlk=1 requires IsRope=0
20055094775517618,IsRope=1 forces DTemplateNum=192 (not 768) | IsRope=1 forces IsDNoEqual=1 | IsBn2MultiBlk=1 requires non-TND | IsBn2MultiBlk=1 requires IsRope=0 | TND SplitAxis=BN2 requires DTpl 64/128 not 768
20055094775517746,IsRope=1 forces DTemplateNum=192 (not 768) | IsRope=1 forces IsDNoEqual=1 | IsBn2MultiBlk=1 requires IsRope=0
20055094775517874,IsRope=1 forces DTemplateNum=192 (not 768) | IsRope=1 forces IsDNoEqual=1 | IsBn2MultiBlk=1 requires non-TND | IsBn2MultiBlk=1 requires IsRope=0 | TND SplitAxis=BN2 requires DTpl 64/128 not 768
20055094775518002,IsRope=1 forces DTemplateNum=192 (not 768) | IsRope=1 forces IsDNoEqual=1 | IsBn2MultiBlk=1 requires IsRope=0
20055094775518130,IsRope=1 forces DTemplateNum=192 (not 768) | IsRope=1 forces IsDNoEqual=1 | IsBn2MultiBlk=1 requires non-TND | IsBn2MultiBlk=1 requires IsRope=0 | TND SplitAxis=BN2 requires DTpl 64/128 not 768
20055094775518258,IsRope=1 forces DTemplateNum=192 (not 768) | IsRope=1 forces IsDNoEqual=1 | IsBn2MultiBlk=1 requires IsRope=0
20055094775518386,IsRope=1 forces DTemplateNum=192 (not 768) | IsRope=1 forces IsDNoEqual=1 | IsBn2MultiBlk=1 requires non-TND | IsBn2MultiBlk=1 requires IsRope=0 | TND SplitAxis=BN2 requires DTpl 64/128 not 768
20055094775518514,IsRope=1 forces DTemplateNum=192 (not 768) | IsRope=1 forces IsDNoEqual=1 | IsBn2MultiBlk=1 requires IsRope=0
20055094775518642,IsRope=1 forces DTemplateNum=192 (not 768) | IsRope=1 forces IsDNoEqual=1 | IsBn2MultiBlk=1 requires non-TND | IsBn2MultiBlk=1 requires IsRope=0 | TND SplitAxis=BN2 requires DTpl 64/128 not 768
20055094775518770,IsRope=1 forces DTemplateNum=192 (not 768) | IsRope=1 forces IsDNoEqual=1 | IsBn2MultiBlk=1 requires IsRope=0
20055094775518898,IsRope=1 forces DTemplateNum=192 (not 768) | IsRope=1 forces IsDNoEqual=1 | IsBn2MultiBlk=1 requires non-TND | IsBn2MultiBlk=1 requires IsRope=0 | TND SplitAxis=BN2 requires DTpl 64/128 not 768
20055094775519026,IsRope=1 forces DTemplateNum=192 (not 768) | IsRope=1 forces IsDNoEqual=1 | IsBn2MultiBlk=1 requires IsRope=0
20055094775519154,IsRope=1 forces DTemplateNum=192 (not 768) | IsRope=1 forces IsDNoEqual=1 | IsBn2MultiBlk=1 requires non-TND | IsBn2MultiBlk=1 requires IsRope=0 | TND SplitAxis=BN2 requires DTpl 64/128 not 768
20125461372211250,IsRope=1 forces DTemplateNum=192 (not 64)
20125461372211378,IsRope=1 forces DTemplateNum=192 (not 64)
20125461372211506,IsRope=1 forces DTemplateNum=192 (not 64)
20125461372211634,IsRope=1 forces DTemplateNum=192 (not 64)
20125461372211762,IsRope=1 forces DTemplateNum=192 (not 64)
20125461372211890,IsRope=1 forces DTemplateNum=192 (not 64)
20125461372212018,IsRope=1 forces DTemplateNum=192 (not 64)
20125461372212146,IsRope=1 forces DTemplateNum=192 (not 64)
20125461372212274,IsRope=1 forces DTemplateNum=192 (not 64)
20125461372212402,IsRope=1 forces DTemplateNum=192 (not 64)
20125461372212530,IsRope=1 forces DTemplateNum=192 (not 64)
20125461372212658,IsRope=1 forces DTemplateNum=192 (not 64)
20125461372212786,IsRope=1 forces DTemplateNum=192 (not 64)
20125461372212914,IsRope=1 forces DTemplateNum=192 (not 64)
20125461372213042,IsRope=1 forces DTemplateNum=192 (not 64)
20125461372213170,IsRope=1 forces DTemplateNum=192 (not 64)
20125461909082162,IsRope=1 forces DTemplateNum=192 (not 128)
20125461909082290,IsRope=1 forces DTemplateNum=192 (not 128)
20125461909082418,IsRope=1 forces DTemplateNum=192 (not 128)
20125461909082546,IsRope=1 forces DTemplateNum=192 (not 128)
20125461909082674,IsRope=1 forces DTemplateNum=192 (not 128)
20125461909082802,IsRope=1 forces DTemplateNum=192 (not 128)
20125461909082930,IsRope=1 forces DTemplateNum=192 (not 128)
20125461909083058,IsRope=1 forces DTemplateNum=192 (not 128)
20125461909083186,IsRope=1 forces DTemplateNum=192 (not 128)
20125461909083314,IsRope=1 forces DTemplateNum=192 (not 128)
20125461909083442,IsRope=1 forces DTemplateNum=192 (not 128)
20125461909083570,IsRope=1 forces DTemplateNum=192 (not 128)
20125461909083698,IsRope=1 forces DTemplateNum=192 (not 128)
20125461909083826,IsRope=1 forces DTemplateNum=192 (not 128)
20125461909083954,IsRope=1 forces DTemplateNum=192 (not 128)
20125461909084082,IsRope=1 forces DTemplateNum=192 (not 128)
20125462445953202,TND SplitAxis=BN2 requires DTpl 64/128 not 192
20125462445953458,TND SplitAxis=BN2 requires DTpl 64/128 not 192
20125462445953714,TND SplitAxis=BN2 requires DTpl 64/128 not 192
20125462445953970,TND SplitAxis=BN2 requires DTpl 64/128 not 192
20125462445954226,TND SplitAxis=BN2 requires DTpl 64/128 not 192
20125462445954482,TND SplitAxis=BN2 requires DTpl 64/128 not 192
20125462445954738,TND SplitAxis=BN2 requires DTpl 64/128 not 192
20125462445954994,TND SplitAxis=BN2 requires DTpl 64/128 not 192
20125462982823986,IsRope=1 forces DTemplateNum=192 (not 256)
20125462982824114,IsRope=1 forces DTemplateNum=192 (not 256) | TND SplitAxis=BN2 requires DTpl 64/128 not 256
20125462982824242,IsRope=1 forces DTemplateNum=192 (not 256)
20125462982824370,IsRope=1 forces DTemplateNum=192 (not 256) | TND SplitAxis=BN2 requires DTpl 64/128 not 256
20125462982824498,IsRope=1 forces DTemplateNum=192 (not 256)
20125462982824626,IsRope=1 forces DTemplateNum=192 (not 256) | TND SplitAxis=BN2 requires DTpl 64/128 not 256
20125462982824754,IsRope=1 forces DTemplateNum=192 (not 256)
20125462982824882,IsRope=1 forces DTemplateNum=192 (not 256) | TND SplitAxis=BN2 requires DTpl 64/128 not 256
20125462982825010,IsRope=1 forces DTemplateNum=192 (not 256)
20125462982825138,IsRope=1 forces DTemplateNum=192 (not 256) | TND SplitAxis=BN2 requires DTpl 64/128 not 256
20125462982825266,IsRope=1 forces DTemplateNum=192 (not 256)
20125462982825394,IsRope=1 forces DTemplateNum=192 (not 256) | TND SplitAxis=BN2 requires DTpl 64/128 not 256
20125462982825522,IsRope=1 forces DTemplateNum=192 (not 256)
20125462982825650,IsRope=1 forces DTemplateNum=192 (not 256) | TND SplitAxis=BN2 requires DTpl 64/128 not 256
20125462982825778,IsRope=1 forces DTemplateNum=192 (not 256)
20125462982825906,IsRope=1 forces DTemplateNum=192 (not 256) | TND SplitAxis=BN2 requires DTpl 64/128 not 256
20125463519694898,IsRope=1 forces DTemplateNum=192 (not 768)
20125463519695026,IsRope=1 forces DTemplateNum=192 (not 768) | TND SplitAxis=BN2 requires DTpl 64/128 not 768
20125463519695154,IsRope=1 forces DTemplateNum=192 (not 768)
20125463519695282,IsRope=1 forces DTemplateNum=192 (not 768) | TND SplitAxis=BN2 requires DTpl 64/128 not 768
20125463519695410,IsRope=1 forces DTemplateNum=192 (not 768)
20125463519695538,IsRope=1 forces DTemplateNum=192 (not 768) | TND SplitAxis=BN2 requires DTpl 64/128 not 768
20125463519695666,IsRope=1 forces DTemplateNum=192 (not 768)
20125463519695794,IsRope=1 forces DTemplateNum=192 (not 768) | TND SplitAxis=BN2 requires DTpl 64/128 not 768
20125463519695922,IsRope=1 forces DTemplateNum=192 (not 768)
20125463519696050,IsRope=1 forces DTemplateNum=192 (not 768) | TND SplitAxis=BN2 requires DTpl 64/128 not 768
20125463519696178,IsRope=1 forces DTemplateNum=192 (not 768)
20125463519696306,IsRope=1 forces DTemplateNum=192 (not 768) | TND SplitAxis=BN2 requires DTpl 64/128 not 768
20125463519696434,IsRope=1 forces DTemplateNum=192 (not 768)
20125463519696562,IsRope=1 forces DTemplateNum=192 (not 768) | TND SplitAxis=BN2 requires DTpl 64/128 not 768
20125463519696690,IsRope=1 forces DTemplateNum=192 (not 768)
20125463519696818,IsRope=1 forces DTemplateNum=192 (not 768) | TND SplitAxis=BN2 requires DTpl 64/128 not 768
20132059515719728,DeterType=3 requires IsAttenMask=1
20132059515719856,DeterType=3 requires IsAttenMask=1
20132059515719984,DeterType=3 requires IsAttenMask=1
20132059515720112,DeterType=3 requires IsAttenMask=1
20132059515720240,DeterType=3 requires IsAttenMask=1
20132059515720368,DeterType=3 requires IsAttenMask=1
20132059515720496,DeterType=3 requires IsAttenMask=1
20132059515720624,DeterType=3 requires IsAttenMask=1
20134258538975280,DeterType=4 requires IsAttenMask=1
20134258538975408,DeterType=4 requires IsAttenMask=1
20134258538975536,DeterType=4 requires IsAttenMask=1
20134258538975664,DeterType=4 requires IsAttenMask=1
20134258538975792,DeterType=4 requires IsAttenMask=1
20134258538975920,DeterType=4 requires IsAttenMask=1
20134258538976048,DeterType=4 requires IsAttenMask=1
20134258538976176,DeterType=4 requires IsAttenMask=1
20167243887808560,DeterType=3 requires IsAttenMask=1
20167243887808688,DeterType=3 requires IsAttenMask=1
20167243887808816,DeterType=3 requires IsAttenMask=1
20167243887808944,DeterType=3 requires IsAttenMask=1
20167243887809072,DeterType=3 requires IsAttenMask=1
20167243887809200,DeterType=3 requires IsAttenMask=1
20167243887809328,DeterType=3 requires IsAttenMask=1
20167243887809456,DeterType=3 requires IsAttenMask=1
20169442911064112,DeterType=4 requires IsAttenMask=1
20169442911064240,DeterType=4 requires IsAttenMask=1
20169442911064368,DeterType=4 requires IsAttenMask=1
20169442911064496,DeterType=4 requires IsAttenMask=1
20169442911064624,DeterType=4 requires IsAttenMask=1
20169442911064752,DeterType=4 requires IsAttenMask=1
20169442911064880,DeterType=4 requires IsAttenMask=1
20169442911065008,DeterType=4 requires IsAttenMask=1
20195830116388914,IsRope=1 forces DTemplateNum=192 (not 64) | IsBn2MultiBlk=1 requires IsRope=0 | IsBn2MultiBlk requires d==d1 so IsDNoEqual=0
20195830116389042,IsRope=1 forces DTemplateNum=192 (not 64) | IsBn2MultiBlk=1 requires non-TND | IsBn2MultiBlk=1 requires IsRope=0 | IsBn2MultiBlk requires d==d1 so IsDNoEqual=0
20195830116389170,IsRope=1 forces DTemplateNum=192 (not 64) | IsBn2MultiBlk=1 requires IsRope=0 | IsBn2MultiBlk requires d==d1 so IsDNoEqual=0
20195830116389298,IsRope=1 forces DTemplateNum=192 (not 64) | IsBn2MultiBlk=1 requires non-TND | IsBn2MultiBlk=1 requires IsRope=0 | IsBn2MultiBlk requires d==d1 so IsDNoEqual=0
20195830116389426,IsRope=1 forces DTemplateNum=192 (not 64) | IsBn2MultiBlk=1 requires IsRope=0 | IsBn2MultiBlk requires d==d1 so IsDNoEqual=0
20195830116389554,IsRope=1 forces DTemplateNum=192 (not 64) | IsBn2MultiBlk=1 requires non-TND | IsBn2MultiBlk=1 requires IsRope=0 | IsBn2MultiBlk requires d==d1 so IsDNoEqual=0
20195830116389682,IsRope=1 forces DTemplateNum=192 (not 64) | IsBn2MultiBlk=1 requires IsRope=0 | IsBn2MultiBlk requires d==d1 so IsDNoEqual=0
20195830116389810,IsRope=1 forces DTemplateNum=192 (not 64) | IsBn2MultiBlk=1 requires non-TND | IsBn2MultiBlk=1 requires IsRope=0 | IsBn2MultiBlk requires d==d1 so IsDNoEqual=0
20195830116389938,IsRope=1 forces DTemplateNum=192 (not 64) | IsBn2MultiBlk=1 requires IsRope=0 | IsBn2MultiBlk requires d==d1 so IsDNoEqual=0
20195830116390066,IsRope=1 forces DTemplateNum=192 (not 64) | IsBn2MultiBlk=1 requires non-TND | IsBn2MultiBlk=1 requires IsRope=0 | IsBn2MultiBlk requires d==d1 so IsDNoEqual=0
20195830116390194,IsRope=1 forces DTemplateNum=192 (not 64) | IsBn2MultiBlk=1 requires IsRope=0 | IsBn2MultiBlk requires d==d1 so IsDNoEqual=0
20195830116390322,IsRope=1 forces DTemplateNum=192 (not 64) | IsBn2MultiBlk=1 requires non-TND | IsBn2MultiBlk=1 requires IsRope=0 | IsBn2MultiBlk requires d==d1 so IsDNoEqual=0
20195830116390450,IsRope=1 forces DTemplateNum=192 (not 64) | IsBn2MultiBlk=1 requires IsRope=0 | IsBn2MultiBlk requires d==d1 so IsDNoEqual=0
20195830116390578,IsRope=1 forces DTemplateNum=192 (not 64) | IsBn2MultiBlk=1 requires non-TND | IsBn2MultiBlk=1 requires IsRope=0 | IsBn2MultiBlk requires d==d1 so IsDNoEqual=0
20195830116390706,IsRope=1 forces DTemplateNum=192 (not 64) | IsBn2MultiBlk=1 requires IsRope=0 | IsBn2MultiBlk requires d==d1 so IsDNoEqual=0
20195830116390834,IsRope=1 forces DTemplateNum=192 (not 64) | IsBn2MultiBlk=1 requires non-TND | IsBn2MultiBlk=1 requires IsRope=0 | IsBn2MultiBlk requires d==d1 so IsDNoEqual=0
20195830653259826,IsRope=1 forces DTemplateNum=192 (not 128) | IsBn2MultiBlk=1 requires IsRope=0 | IsBn2MultiBlk requires d==d1 so IsDNoEqual=0
20195830653259954,IsRope=1 forces DTemplateNum=192 (not 128) | IsBn2MultiBlk=1 requires non-TND | IsBn2MultiBlk=1 requires IsRope=0 | IsBn2MultiBlk requires d==d1 so IsDNoEqual=0
20195830653260082,IsRope=1 forces DTemplateNum=192 (not 128) | IsBn2MultiBlk=1 requires IsRope=0 | IsBn2MultiBlk requires d==d1 so IsDNoEqual=0
20195830653260210,IsRope=1 forces DTemplateNum=192 (not 128) | IsBn2MultiBlk=1 requires non-TND | IsBn2MultiBlk=1 requires IsRope=0 | IsBn2MultiBlk requires d==d1 so IsDNoEqual=0
20195830653260338,IsRope=1 forces DTemplateNum=192 (not 128) | IsBn2MultiBlk=1 requires IsRope=0 | IsBn2MultiBlk requires d==d1 so IsDNoEqual=0
20195830653260466,IsRope=1 forces DTemplateNum=192 (not 128) | IsBn2MultiBlk=1 requires non-TND | IsBn2MultiBlk=1 requires IsRope=0 | IsBn2MultiBlk requires d==d1 so IsDNoEqual=0
20195830653260594,IsRope=1 forces DTemplateNum=192 (not 128) | IsBn2MultiBlk=1 requires IsRope=0 | IsBn2MultiBlk requires d==d1 so IsDNoEqual=0
20195830653260722,IsRope=1 forces DTemplateNum=192 (not 128) | IsBn2MultiBlk=1 requires non-TND | IsBn2MultiBlk=1 requires IsRope=0 | IsBn2MultiBlk requires d==d1 so IsDNoEqual=0
20195830653260850,IsRope=1 forces DTemplateNum=192 (not 128) | IsBn2MultiBlk=1 requires IsRope=0 | IsBn2MultiBlk requires d==d1 so IsDNoEqual=0
20195830653260978,IsRope=1 forces DTemplateNum=192 (not 128) | IsBn2MultiBlk=1 requires non-TND | IsBn2MultiBlk=1 requires IsRope=0 | IsBn2MultiBlk requires d==d1 so IsDNoEqual=0
20195830653261106,IsRope=1 forces DTemplateNum=192 (not 128) | IsBn2MultiBlk=1 requires IsRope=0 | IsBn2MultiBlk requires d==d1 so IsDNoEqual=0
20195830653261234,IsRope=1 forces DTemplateNum=192 (not 128) | IsBn2MultiBlk=1 requires non-TND | IsBn2MultiBlk=1 requires IsRope=0 | IsBn2MultiBlk requires d==d1 so IsDNoEqual=0
20195830653261362,IsRope=1 forces DTemplateNum=192 (not 128) | IsBn2MultiBlk=1 requires IsRope=0 | IsBn2MultiBlk requires d==d1 so IsDNoEqual=0
20195830653261490,IsRope=1 forces DTemplateNum=192 (not 128) | IsBn2MultiBlk=1 requires non-TND | IsBn2MultiBlk=1 requires IsRope=0 | IsBn2MultiBlk requires d==d1 so IsDNoEqual=0
20195830653261618,IsRope=1 forces DTemplateNum=192 (not 128) | IsBn2MultiBlk=1 requires IsRope=0 | IsBn2MultiBlk requires d==d1 so IsDNoEqual=0
20195830653261746,IsRope=1 forces DTemplateNum=192 (not 128) | IsBn2MultiBlk=1 requires non-TND | IsBn2MultiBlk=1 requires IsRope=0 | IsBn2MultiBlk requires d==d1 so IsDNoEqual=0
20195831190130738,IsBn2MultiBlk=1 requires IsRope=0 | IsBn2MultiBlk requires d==d1 so IsDNoEqual=0
20195831190130866,IsBn2MultiBlk=1 requires non-TND | IsBn2MultiBlk=1 requires IsRope=0 | TND SplitAxis=BN2 requires DTpl 64/128 not 192 | IsBn2MultiBlk requires d==d1 so IsDNoEqual=0
20195831190130994,IsBn2MultiBlk=1 requires IsRope=0 | IsBn2MultiBlk requires d==d1 so IsDNoEqual=0
20195831190131122,IsBn2MultiBlk=1 requires non-TND | IsBn2MultiBlk=1 requires IsRope=0 | TND SplitAxis=BN2 requires DTpl 64/128 not 192 | IsBn2MultiBlk requires d==d1 so IsDNoEqual=0
20195831190131250,IsBn2MultiBlk=1 requires IsRope=0 | IsBn2MultiBlk requires d==d1 so IsDNoEqual=0
20195831190131378,IsBn2MultiBlk=1 requires non-TND | IsBn2MultiBlk=1 requires IsRope=0 | TND SplitAxis=BN2 requires DTpl 64/128 not 192 | IsBn2MultiBlk requires d==d1 so IsDNoEqual=0
20195831190131506,IsBn2MultiBlk=1 requires IsRope=0 | IsBn2MultiBlk requires d==d1 so IsDNoEqual=0
20195831190131634,IsBn2MultiBlk=1 requires non-TND | IsBn2MultiBlk=1 requires IsRope=0 | TND SplitAxis=BN2 requires DTpl 64/128 not 192 | IsBn2MultiBlk requires d==d1 so IsDNoEqual=0
20195831190131762,IsBn2MultiBlk=1 requires IsRope=0 | IsBn2MultiBlk requires d==d1 so IsDNoEqual=0
20195831190131890,IsBn2MultiBlk=1 requires non-TND | IsBn2MultiBlk=1 requires IsRope=0 | TND SplitAxis=BN2 requires DTpl 64/128 not 192 | IsBn2MultiBlk requires d==d1 so IsDNoEqual=0
20195831190132018,IsBn2MultiBlk=1 requires IsRope=0 | IsBn2MultiBlk requires d==d1 so IsDNoEqual=0
20195831190132146,IsBn2MultiBlk=1 requires non-TND | IsBn2MultiBlk=1 requires IsRope=0 | TND SplitAxis=BN2 requires DTpl 64/128 not 192 | IsBn2MultiBlk requires d==d1 so IsDNoEqual=0
20195831190132274,IsBn2MultiBlk=1 requires IsRope=0 | IsBn2MultiBlk requires d==d1 so IsDNoEqual=0
20195831190132402,IsBn2MultiBlk=1 requires non-TND | IsBn2MultiBlk=1 requires IsRope=0 | TND SplitAxis=BN2 requires DTpl 64/128 not 192 | IsBn2MultiBlk requires d==d1 so IsDNoEqual=0
20195831190132530,IsBn2MultiBlk=1 requires IsRope=0 | IsBn2MultiBlk requires d==d1 so IsDNoEqual=0
20195831190132658,IsBn2MultiBlk=1 requires non-TND | IsBn2MultiBlk=1 requires IsRope=0 | TND SplitAxis=BN2 requires DTpl 64/128 not 192 | IsBn2MultiBlk requires d==d1 so IsDNoEqual=0
20195831727001650,IsRope=1 forces DTemplateNum=192 (not 256) | IsBn2MultiBlk=1 requires IsRope=0 | IsBn2MultiBlk requires d==d1 so IsDNoEqual=0
20195831727001778,IsRope=1 forces DTemplateNum=192 (not 256) | IsBn2MultiBlk=1 requires non-TND | IsBn2MultiBlk=1 requires IsRope=0 | TND SplitAxis=BN2 requires DTpl 64/128 not 256 | IsBn2MultiBlk requires d==d1 so IsDNoEqual=0
20195831727001906,IsRope=1 forces DTemplateNum=192 (not 256) | IsBn2MultiBlk=1 requires IsRope=0 | IsBn2MultiBlk requires d==d1 so IsDNoEqual=0
20195831727002034,IsRope=1 forces DTemplateNum=192 (not 256) | IsBn2MultiBlk=1 requires non-TND | IsBn2MultiBlk=1 requires IsRope=0 | TND SplitAxis=BN2 requires DTpl 64/128 not 256 | IsBn2MultiBlk requires d==d1 so IsDNoEqual=0
20195831727002162,IsRope=1 forces DTemplateNum=192 (not 256) | IsBn2MultiBlk=1 requires IsRope=0 | IsBn2MultiBlk requires d==d1 so IsDNoEqual=0
20195831727002290,IsRope=1 forces DTemplateNum=192 (not 256) | IsBn2MultiBlk=1 requires non-TND | IsBn2MultiBlk=1 requires IsRope=0 | TND SplitAxis=BN2 requires DTpl 64/128 not 256 | IsBn2MultiBlk requires d==d1 so IsDNoEqual=0
20195831727002418,IsRope=1 forces DTemplateNum=192 (not 256) | IsBn2MultiBlk=1 requires IsRope=0 | IsBn2MultiBlk requires d==d1 so IsDNoEqual=0
20195831727002546,IsRope=1 forces DTemplateNum=192 (not 256) | IsBn2MultiBlk=1 requires non-TND | IsBn2MultiBlk=1 requires IsRope=0 | TND SplitAxis=BN2 requires DTpl 64/128 not 256 | IsBn2MultiBlk requires d==d1 so IsDNoEqual=0
20195831727002674,IsRope=1 forces DTemplateNum=192 (not 256) | IsBn2MultiBlk=1 requires IsRope=0 | IsBn2MultiBlk requires d==d1 so IsDNoEqual=0
20195831727002802,IsRope=1 forces DTemplateNum=192 (not 256) | IsBn2MultiBlk=1 requires non-TND | IsBn2MultiBlk=1 requires IsRope=0 | TND SplitAxis=BN2 requires DTpl 64/128 not 256 | IsBn2MultiBlk requires d==d1 so IsDNoEqual=0
20195831727002930,IsRope=1 forces DTemplateNum=192 (not 256) | IsBn2MultiBlk=1 requires IsRope=0 | IsBn2MultiBlk requires d==d1 so IsDNoEqual=0
20195831727003058,IsRope=1 forces DTemplateNum=192 (not 256) | IsBn2MultiBlk=1 requires non-TND | IsBn2MultiBlk=1 requires IsRope=0 | TND SplitAxis=BN2 requires DTpl 64/128 not 256 | IsBn2MultiBlk requires d==d1 so IsDNoEqual=0
20195831727003186,IsRope=1 forces DTemplateNum=192 (not 256) | IsBn2MultiBlk=1 requires IsRope=0 | IsBn2MultiBlk requires d==d1 so IsDNoEqual=0
20195831727003314,IsRope=1 forces DTemplateNum=192 (not 256) | IsBn2MultiBlk=1 requires non-TND | IsBn2MultiBlk=1 requires IsRope=0 | TND SplitAxis=BN2 requires DTpl 64/128 not 256 | IsBn2MultiBlk requires d==d1 so IsDNoEqual=0
20195831727003442,IsRope=1 forces DTemplateNum=192 (not 256) | IsBn2MultiBlk=1 requires IsRope=0 | IsBn2MultiBlk requires d==d1 so IsDNoEqual=0
20195831727003570,IsRope=1 forces DTemplateNum=192 (not 256) | IsBn2MultiBlk=1 requires non-TND | IsBn2MultiBlk=1 requires IsRope=0 | TND SplitAxis=BN2 requires DTpl 64/128 not 256 | IsBn2MultiBlk requires d==d1 so IsDNoEqual=0
20195832263872562,IsRope=1 forces DTemplateNum=192 (not 768) | IsBn2MultiBlk=1 requires IsRope=0 | IsBn2MultiBlk requires d==d1 so IsDNoEqual=0
20195832263872690,IsRope=1 forces DTemplateNum=192 (not 768) | IsBn2MultiBlk=1 requires non-TND | IsBn2MultiBlk=1 requires IsRope=0 | TND SplitAxis=BN2 requires DTpl 64/128 not 768 | IsBn2MultiBlk requires d==d1 so IsDNoEqual=0
20195832263872818,IsRope=1 forces DTemplateNum=192 (not 768) | IsBn2MultiBlk=1 requires IsRope=0 | IsBn2MultiBlk requires d==d1 so IsDNoEqual=0
20195832263872946,IsRope=1 forces DTemplateNum=192 (not 768) | IsBn2MultiBlk=1 requires non-TND | IsBn2MultiBlk=1 requires IsRope=0 | TND SplitAxis=BN2 requires DTpl 64/128 not 768 | IsBn2MultiBlk requires d==d1 so IsDNoEqual=0
20195832263873074,IsRope=1 forces DTemplateNum=192 (not 768) | IsBn2MultiBlk=1 requires IsRope=0 | IsBn2MultiBlk requires d==d1 so IsDNoEqual=0
20195832263873202,IsRope=1 forces DTemplateNum=192 (not 768) | IsBn2MultiBlk=1 requires non-TND | IsBn2MultiBlk=1 requires IsRope=0 | TND SplitAxis=BN2 requires DTpl 64/128 not 768 | IsBn2MultiBlk requires d==d1 so IsDNoEqual=0
20195832263873330,IsRope=1 forces DTemplateNum=192 (not 768) | IsBn2MultiBlk=1 requires IsRope=0 | IsBn2MultiBlk requires d==d1 so IsDNoEqual=0
20195832263873458,IsRope=1 forces DTemplateNum=192 (not 768) | IsBn2MultiBlk=1 requires non-TND | IsBn2MultiBlk=1 requires IsRope=0 | TND SplitAxis=BN2 requires DTpl 64/128 not 768 | IsBn2MultiBlk requires d==d1 so IsDNoEqual=0
20195832263873586,IsRope=1 forces DTemplateNum=192 (not 768) | IsBn2MultiBlk=1 requires IsRope=0 | IsBn2MultiBlk requires d==d1 so IsDNoEqual=0
20195832263873714,IsRope=1 forces DTemplateNum=192 (not 768) | IsBn2MultiBlk=1 requires non-TND | IsBn2MultiBlk=1 requires IsRope=0 | TND SplitAxis=BN2 requires DTpl 64/128 not 768 | IsBn2MultiBlk requires d==d1 so IsDNoEqual=0
20195832263873842,IsRope=1 forces DTemplateNum=192 (not 768) | IsBn2MultiBlk=1 requires IsRope=0 | IsBn2MultiBlk requires d==d1 so IsDNoEqual=0
20195832263873970,IsRope=1 forces DTemplateNum=192 (not 768) | IsBn2MultiBlk=1 requires non-TND | IsBn2MultiBlk=1 requires IsRope=0 | TND SplitAxis=BN2 requires DTpl 64/128 not 768 | IsBn2MultiBlk requires d==d1 so IsDNoEqual=0
20195832263874098,IsRope=1 forces DTemplateNum=192 (not 768) | IsBn2MultiBlk=1 requires IsRope=0 | IsBn2MultiBlk requires d==d1 so IsDNoEqual=0
20195832263874226,IsRope=1 forces DTemplateNum=192 (not 768) | IsBn2MultiBlk=1 requires non-TND | IsBn2MultiBlk=1 requires IsRope=0 | TND SplitAxis=BN2 requires DTpl 64/128 not 768 | IsBn2MultiBlk requires d==d1 so IsDNoEqual=0
20195832263874354,IsRope=1 forces DTemplateNum=192 (not 768) | IsBn2MultiBlk=1 requires IsRope=0 | IsBn2MultiBlk requires d==d1 so IsDNoEqual=0
20195832263874482,IsRope=1 forces DTemplateNum=192 (not 768) | IsBn2MultiBlk=1 requires non-TND | IsBn2MultiBlk=1 requires IsRope=0 | TND SplitAxis=BN2 requires DTpl 64/128 not 768 | IsBn2MultiBlk requires d==d1 so IsDNoEqual=0
23650496187732000,DeterType=3 requires IsAttenMask=1
23650496187732128,DeterType=3 requires IsAttenMask=1
23650496187732256,DeterType=3 requires IsAttenMask=1
23650496187732384,DeterType=3 requires IsAttenMask=1
23650496187732512,DeterType=3 requires IsAttenMask=1
23650496187732640,DeterType=3 requires IsAttenMask=1
23650496187732768,DeterType=3 requires IsAttenMask=1
23650496187732896,DeterType=3 requires IsAttenMask=1
23652695210987552,DeterType=4 requires IsAttenMask=1
23652695210987680,DeterType=4 requires IsAttenMask=1
23652695210987808,DeterType=4 requires IsAttenMask=1
23652695210987936,DeterType=4 requires IsAttenMask=1
23652695210988064,DeterType=4 requires IsAttenMask=1
23652695210988192,DeterType=4 requires IsAttenMask=1
23652695210988320,DeterType=4 requires IsAttenMask=1
23652695210988448,DeterType=4 requires IsAttenMask=1
23685680559820832,DeterType=3 requires IsAttenMask=1 | IsNzOut∧DETER_CAUSAL∧IsNEqual requires TND (not BSND)
23685680559820960,DeterType=3 requires IsAttenMask=1
23685680559821088,DeterType=3 requires IsAttenMask=1 | IsNzOut∧DETER_CAUSAL∧IsNEqual requires TND (not BSND)
23685680559821216,DeterType=3 requires IsAttenMask=1
23685680559821344,DeterType=3 requires IsAttenMask=1 | IsNzOut∧DETER_CAUSAL∧IsNEqual requires TND (not BSND)
23685680559821472,DeterType=3 requires IsAttenMask=1
23685680559821600,DeterType=3 requires IsAttenMask=1 | IsNzOut∧DETER_CAUSAL∧IsNEqual requires TND (not BSND)
23685680559821728,DeterType=3 requires IsAttenMask=1
23685680559821856,IsNzOut∧DETER_CAUSAL∧IsNEqual requires TND (not BSND)
23685680559822112,IsNzOut∧DETER_CAUSAL∧IsNEqual requires TND (not BSND)
23685680559822368,IsNzOut∧DETER_CAUSAL∧IsNEqual requires TND (not BSND)
23685680559822624,IsNzOut∧DETER_CAUSAL∧IsNEqual requires TND (not BSND)
23687879583076384,DeterType=4 requires IsAttenMask=1 | IsNzOut∧DeterType=4∧IsNEqual=1 unreachable on arch35
23687879583076512,DeterType=4 requires IsAttenMask=1 | IsNzOut∧DeterType=4∧IsNEqual=1 unreachable on arch35
23687879583076640,DeterType=4 requires IsAttenMask=1 | IsNzOut∧DeterType=4∧IsNEqual=1 unreachable on arch35
23687879583076768,DeterType=4 requires IsAttenMask=1 | IsNzOut∧DeterType=4∧IsNEqual=1 unreachable on arch35
23687879583076896,DeterType=4 requires IsAttenMask=1 | IsNzOut∧DeterType=4∧IsNEqual=1 unreachable on arch35
23687879583077024,DeterType=4 requires IsAttenMask=1 | IsNzOut∧DeterType=4∧IsNEqual=1 unreachable on arch35
23687879583077152,DeterType=4 requires IsAttenMask=1 | IsNzOut∧DeterType=4∧IsNEqual=1 unreachable on arch35
23687879583077280,DeterType=4 requires IsAttenMask=1 | IsNzOut∧DeterType=4∧IsNEqual=1 unreachable on arch35
23687879583077408,IsNzOut∧DeterType=4∧IsNEqual=1 unreachable on arch35
23687879583077536,IsNzOut∧DeterType=4∧IsNEqual=1 unreachable on arch35
23687879583077664,IsNzOut∧DeterType=4∧IsNEqual=1 unreachable on arch35
23687879583077792,IsNzOut∧DeterType=4∧IsNEqual=1 unreachable on arch35
23687879583077920,IsNzOut∧DeterType=4∧IsNEqual=1 unreachable on arch35
23687879583078048,IsNzOut∧DeterType=4∧IsNEqual=1 unreachable on arch35
23687879583078176,IsNzOut∧DeterType=4∧IsNEqual=1 unreachable on arch35
23687879583078304,IsNzOut∧DeterType=4∧IsNEqual=1 unreachable on arch35
23791233676087328,DeterType=3 requires IsAttenMask=1
23791233676087456,DeterType=3 requires IsAttenMask=1
23791233676087584,DeterType=3 requires IsAttenMask=1
23791233676087712,DeterType=3 requires IsAttenMask=1
23791233676087840,DeterType=3 requires IsAttenMask=1
23791233676087968,DeterType=3 requires IsAttenMask=1
23791233676088096,DeterType=3 requires IsAttenMask=1
23791233676088224,DeterType=3 requires IsAttenMask=1
23793432699342880,DeterType=4 requires IsAttenMask=1
23793432699343008,DeterType=4 requires IsAttenMask=1
23793432699343136,DeterType=4 requires IsAttenMask=1
23793432699343264,DeterType=4 requires IsAttenMask=1
23793432699343392,DeterType=4 requires IsAttenMask=1
23793432699343520,DeterType=4 requires IsAttenMask=1
23793432699343648,DeterType=4 requires IsAttenMask=1
23793432699343776,DeterType=4 requires IsAttenMask=1
23826418048176160,DeterType=3 requires IsAttenMask=1 | IsNzOut∧DETER_CAUSAL∧IsNEqual requires TND (not BSND)
23826418048176288,DeterType=3 requires IsAttenMask=1
23826418048176416,DeterType=3 requires IsAttenMask=1 | IsNzOut∧DETER_CAUSAL∧IsNEqual requires TND (not BSND)
23826418048176544,DeterType=3 requires IsAttenMask=1
23826418048176672,DeterType=3 requires IsAttenMask=1 | IsNzOut∧DETER_CAUSAL∧IsNEqual requires TND (not BSND)
23826418048176800,DeterType=3 requires IsAttenMask=1
23826418048176928,DeterType=3 requires IsAttenMask=1 | IsNzOut∧DETER_CAUSAL∧IsNEqual requires TND (not BSND)
23826418048177056,DeterType=3 requires IsAttenMask=1
23826418048177184,IsNzOut∧DETER_CAUSAL∧IsNEqual requires TND (not BSND)
23826418048177440,IsNzOut∧DETER_CAUSAL∧IsNEqual requires TND (not BSND)
23826418048177696,IsNzOut∧DETER_CAUSAL∧IsNEqual requires TND (not BSND)
23826418048177952,IsNzOut∧DETER_CAUSAL∧IsNEqual requires TND (not BSND)
23828617071431712,DeterType=4 requires IsAttenMask=1 | IsNzOut∧DeterType=4∧IsNEqual=1 unreachable on arch35
23828617071431840,DeterType=4 requires IsAttenMask=1 | IsNzOut∧DeterType=4∧IsNEqual=1 unreachable on arch35
23828617071431968,DeterType=4 requires IsAttenMask=1 | IsNzOut∧DeterType=4∧IsNEqual=1 unreachable on arch35
23828617071432096,DeterType=4 requires IsAttenMask=1 | IsNzOut∧DeterType=4∧IsNEqual=1 unreachable on arch35
23828617071432224,DeterType=4 requires IsAttenMask=1 | IsNzOut∧DeterType=4∧IsNEqual=1 unreachable on arch35
23828617071432352,DeterType=4 requires IsAttenMask=1 | IsNzOut∧DeterType=4∧IsNEqual=1 unreachable on arch35
23828617071432480,DeterType=4 requires IsAttenMask=1 | IsNzOut∧DeterType=4∧IsNEqual=1 unreachable on arch35
23828617071432608,DeterType=4 requires IsAttenMask=1 | IsNzOut∧DeterType=4∧IsNEqual=1 unreachable on arch35
23828617071432736,IsNzOut∧DeterType=4∧IsNEqual=1 unreachable on arch35
23828617071432864,IsNzOut∧DeterType=4∧IsNEqual=1 unreachable on arch35
23828617071432992,IsNzOut∧DeterType=4∧IsNEqual=1 unreachable on arch35
23828617071433120,IsNzOut∧DeterType=4∧IsNEqual=1 unreachable on arch35
23828617071433248,IsNzOut∧DeterType=4∧IsNEqual=1 unreachable on arch35
23828617071433376,IsNzOut∧DeterType=4∧IsNEqual=1 unreachable on arch35
23828617071433504,IsNzOut∧DeterType=4∧IsNEqual=1 unreachable on arch35
23828617071433632,IsNzOut∧DeterType=4∧IsNEqual=1 unreachable on arch35
24213446141153328,DeterType=3 requires IsAttenMask=1
24213446141153456,DeterType=3 requires IsAttenMask=1
24213446141153584,DeterType=3 requires IsAttenMask=1
24213446141153712,DeterType=3 requires IsAttenMask=1
24213446141153840,DeterType=3 requires IsAttenMask=1
24213446141153968,DeterType=3 requires IsAttenMask=1
24213446141154096,DeterType=3 requires IsAttenMask=1
24213446141154224,DeterType=3 requires IsAttenMask=1
24215645164408880,DeterType=4 requires IsAttenMask=1
24215645164409008,DeterType=4 requires IsAttenMask=1
24215645164409136,DeterType=4 requires IsAttenMask=1
24215645164409264,DeterType=4 requires IsAttenMask=1
24215645164409392,DeterType=4 requires IsAttenMask=1
24215645164409520,DeterType=4 requires IsAttenMask=1
24215645164409648,DeterType=4 requires IsAttenMask=1
24215645164409776,DeterType=4 requires IsAttenMask=1
24248630513242160,DeterType=3 requires IsAttenMask=1 | IsNzOut∧DETER_CAUSAL∧IsNEqual requires TND (not BSND)
24248630513242288,DeterType=3 requires IsAttenMask=1
24248630513242416,DeterType=3 requires IsAttenMask=1 | IsNzOut∧DETER_CAUSAL∧IsNEqual requires TND (not BSND)
24248630513242544,DeterType=3 requires IsAttenMask=1
24248630513242672,DeterType=3 requires IsAttenMask=1 | IsNzOut∧DETER_CAUSAL∧IsNEqual requires TND (not BSND)
24248630513242800,DeterType=3 requires IsAttenMask=1
24248630513242928,DeterType=3 requires IsAttenMask=1 | IsNzOut∧DETER_CAUSAL∧IsNEqual requires TND (not BSND)
24248630513243056,DeterType=3 requires IsAttenMask=1
24248630513243184,IsNzOut∧DETER_CAUSAL∧IsNEqual requires TND (not BSND)
24248630513243440,IsNzOut∧DETER_CAUSAL∧IsNEqual requires TND (not BSND)
24248630513243696,IsNzOut∧DETER_CAUSAL∧IsNEqual requires TND (not BSND)
24248630513243952,IsNzOut∧DETER_CAUSAL∧IsNEqual requires TND (not BSND)
24250829536497712,DeterType=4 requires IsAttenMask=1 | IsNzOut∧DeterType=4∧IsNEqual=1 unreachable on arch35
24250829536497840,DeterType=4 requires IsAttenMask=1 | IsNzOut∧DeterType=4∧IsNEqual=1 unreachable on arch35
24250829536497968,DeterType=4 requires IsAttenMask=1 | IsNzOut∧DeterType=4∧IsNEqual=1 unreachable on arch35
24250829536498096,DeterType=4 requires IsAttenMask=1 | IsNzOut∧DeterType=4∧IsNEqual=1 unreachable on arch35
24250829536498224,DeterType=4 requires IsAttenMask=1 | IsNzOut∧DeterType=4∧IsNEqual=1 unreachable on arch35
24250829536498352,DeterType=4 requires IsAttenMask=1 | IsNzOut∧DeterType=4∧IsNEqual=1 unreachable on arch35
24250829536498480,DeterType=4 requires IsAttenMask=1 | IsNzOut∧DeterType=4∧IsNEqual=1 unreachable on arch35
24250829536498608,DeterType=4 requires IsAttenMask=1 | IsNzOut∧DeterType=4∧IsNEqual=1 unreachable on arch35
24250829536498736,IsNzOut∧DeterType=4∧IsNEqual=1 unreachable on arch35
24250829536498864,IsNzOut∧DeterType=4∧IsNEqual=1 unreachable on arch35
24250829536498992,IsNzOut∧DeterType=4∧IsNEqual=1 unreachable on arch35
24250829536499120,IsNzOut∧DeterType=4∧IsNEqual=1 unreachable on arch35
24250829536499248,IsNzOut∧DeterType=4∧IsNEqual=1 unreachable on arch35
24250829536499376,IsNzOut∧DeterType=4∧IsNEqual=1 unreachable on arch35
24250829536499504,IsNzOut∧DeterType=4∧IsNEqual=1 unreachable on arch35
24250829536499632,IsNzOut∧DeterType=4∧IsNEqual=1 unreachable on arch35
24354183629508656,DeterType=3 requires IsAttenMask=1
24354183629508784,DeterType=3 requires IsAttenMask=1
24354183629508912,DeterType=3 requires IsAttenMask=1
24354183629509040,DeterType=3 requires IsAttenMask=1
24354183629509168,DeterType=3 requires IsAttenMask=1
24354183629509296,DeterType=3 requires IsAttenMask=1
24354183629509424,DeterType=3 requires IsAttenMask=1
24354183629509552,DeterType=3 requires IsAttenMask=1
24356382652764208,DeterType=4 requires IsAttenMask=1
24356382652764336,DeterType=4 requires IsAttenMask=1
24356382652764464,DeterType=4 requires IsAttenMask=1
24356382652764592,DeterType=4 requires IsAttenMask=1
24356382652764720,DeterType=4 requires IsAttenMask=1
24356382652764848,DeterType=4 requires IsAttenMask=1
24356382652764976,DeterType=4 requires IsAttenMask=1
24356382652765104,DeterType=4 requires IsAttenMask=1
24389368001597488,DeterType=3 requires IsAttenMask=1 | IsNzOut∧DETER_CAUSAL∧IsNEqual requires TND (not BSND)
24389368001597616,DeterType=3 requires IsAttenMask=1
24389368001597744,DeterType=3 requires IsAttenMask=1 | IsNzOut∧DETER_CAUSAL∧IsNEqual requires TND (not BSND)
24389368001597872,DeterType=3 requires IsAttenMask=1
24389368001598000,DeterType=3 requires IsAttenMask=1 | IsNzOut∧DETER_CAUSAL∧IsNEqual requires TND (not BSND)
24389368001598128,DeterType=3 requires IsAttenMask=1
24389368001598256,DeterType=3 requires IsAttenMask=1 | IsNzOut∧DETER_CAUSAL∧IsNEqual requires TND (not BSND)
24389368001598384,DeterType=3 requires IsAttenMask=1
24389368001598512,IsNzOut∧DETER_CAUSAL∧IsNEqual requires TND (not BSND)
24389368001598768,IsNzOut∧DETER_CAUSAL∧IsNEqual requires TND (not BSND)
24389368001599024,IsNzOut∧DETER_CAUSAL∧IsNEqual requires TND (not BSND)
24389368001599280,IsNzOut∧DETER_CAUSAL∧IsNEqual requires TND (not BSND)
24391567024853040,DeterType=4 requires IsAttenMask=1 | IsNzOut∧DeterType=4∧IsNEqual=1 unreachable on arch35
24391567024853168,DeterType=4 requires IsAttenMask=1 | IsNzOut∧DeterType=4∧IsNEqual=1 unreachable on arch35
24391567024853296,DeterType=4 requires IsAttenMask=1 | IsNzOut∧DeterType=4∧IsNEqual=1 unreachable on arch35
24391567024853424,DeterType=4 requires IsAttenMask=1 | IsNzOut∧DeterType=4∧IsNEqual=1 unreachable on arch35
24391567024853552,DeterType=4 requires IsAttenMask=1 | IsNzOut∧DeterType=4∧IsNEqual=1 unreachable on arch35
24391567024853680,DeterType=4 requires IsAttenMask=1 | IsNzOut∧DeterType=4∧IsNEqual=1 unreachable on arch35
24391567024853808,DeterType=4 requires IsAttenMask=1 | IsNzOut∧DeterType=4∧IsNEqual=1 unreachable on arch35
24391567024853936,DeterType=4 requires IsAttenMask=1 | IsNzOut∧DeterType=4∧IsNEqual=1 unreachable on arch35
24391567024854064,IsNzOut∧DeterType=4∧IsNEqual=1 unreachable on arch35
24391567024854192,IsNzOut∧DeterType=4∧IsNEqual=1 unreachable on arch35
24391567024854320,IsNzOut∧DeterType=4∧IsNEqual=1 unreachable on arch35
24391567024854448,IsNzOut∧DeterType=4∧IsNEqual=1 unreachable on arch35
24391567024854576,IsNzOut∧DeterType=4∧IsNEqual=1 unreachable on arch35
24391567024854704,IsNzOut∧DeterType=4∧IsNEqual=1 unreachable on arch35
24391567024854832,IsNzOut∧DeterType=4∧IsNEqual=1 unreachable on arch35
24391567024854960,IsNzOut∧DeterType=4∧IsNEqual=1 unreachable on arch35
27588946301554832,IsTndSwizzle=1 requires SplitAxis=BN2S2 not BN2GS1S2
27588946301555088,IsTndSwizzle=1 requires SplitAxis=BN2S2 not BN2GS1S2
27588946301555344,IsTndSwizzle=1 requires SplitAxis=BN2S2 not BN2GS1S2
27588946301555600,IsTndSwizzle=1 requires SplitAxis=BN2S2 not BN2GS1S2
27588946301555856,IsTndSwizzle=1 requires SplitAxis=BN2S2 not BN2GS1S2
27588946301556112,IsTndSwizzle=1 requires SplitAxis=BN2S2 not BN2GS1S2
27588946301556368,IsTndSwizzle=1 requires SplitAxis=BN2S2 not BN2GS1S2
27588946301556624,IsTndSwizzle=1 requires SplitAxis=BN2S2 not BN2GS1S2
27588946838425744,IsTndSwizzle=1 requires SplitAxis=BN2S2 not BN2GS1S2
27588946838426000,IsTndSwizzle=1 requires SplitAxis=BN2S2 not BN2GS1S2
27588946838426256,IsTndSwizzle=1 requires SplitAxis=BN2S2 not BN2GS1S2
27588946838426512,IsTndSwizzle=1 requires SplitAxis=BN2S2 not BN2GS1S2
27588946838426768,IsTndSwizzle=1 requires SplitAxis=BN2S2 not BN2GS1S2
27588946838427024,IsTndSwizzle=1 requires SplitAxis=BN2S2 not BN2GS1S2
27588946838427280,IsTndSwizzle=1 requires SplitAxis=BN2S2 not BN2GS1S2
27588946838427536,IsTndSwizzle=1 requires SplitAxis=BN2S2 not BN2GS1S2
27588947375296656,IsTndSwizzle=1 requires SplitAxis=BN2S2 not BN2GS1S2
27588947375296912,IsTndSwizzle=1 requires SplitAxis=BN2S2 not BN2GS1S2
27588947375297168,IsTndSwizzle=1 requires SplitAxis=BN2S2 not BN2GS1S2
27588947375297424,IsTndSwizzle=1 requires SplitAxis=BN2S2 not BN2GS1S2
27588947375297680,IsTndSwizzle=1 requires SplitAxis=BN2S2 not BN2GS1S2
27588947375297936,IsTndSwizzle=1 requires SplitAxis=BN2S2 not BN2GS1S2
27588947375298192,IsTndSwizzle=1 requires SplitAxis=BN2S2 not BN2GS1S2
27588947375298448,IsTndSwizzle=1 requires SplitAxis=BN2S2 not BN2GS1S2
27588947912167568,IsTndSwizzle=1 requires SplitAxis=BN2S2 not BN2GS1S2
27588947912167824,IsTndSwizzle=1 requires SplitAxis=BN2S2 not BN2GS1S2
27588947912168080,IsTndSwizzle=1 requires SplitAxis=BN2S2 not BN2GS1S2
27588947912168336,IsTndSwizzle=1 requires SplitAxis=BN2S2 not BN2GS1S2
27588947912168592,IsTndSwizzle=1 requires SplitAxis=BN2S2 not BN2GS1S2
27588947912168848,IsTndSwizzle=1 requires SplitAxis=BN2S2 not BN2GS1S2
27588947912169104,IsTndSwizzle=1 requires SplitAxis=BN2S2 not BN2GS1S2
27588947912169360,IsTndSwizzle=1 requires SplitAxis=BN2S2 not BN2GS1S2
27588948449036432,IsTndSwizzle=1 requires SplitAxis=BN2S2 not BN2GS1S2
27588948449036688,IsTndSwizzle=1 requires SplitAxis=BN2S2 not BN2GS1S2
27588948449036944,IsTndSwizzle=1 requires SplitAxis=BN2S2 not BN2GS1S2
27588948449037200,IsTndSwizzle=1 requires SplitAxis=BN2S2 not BN2GS1S2
27588948449037456,IsTndSwizzle=1 requires SplitAxis=BN2S2 not BN2GS1S2
27588948449037712,IsTndSwizzle=1 requires SplitAxis=BN2S2 not BN2GS1S2
27588948449037968,IsTndSwizzle=1 requires SplitAxis=BN2S2 not BN2GS1S2
27588948449038224,IsTndSwizzle=1 requires SplitAxis=BN2S2 not BN2GS1S2
27588948449038480,FLOAT large-D forces S1TemplateNum=64 | IsTndSwizzle=1 requires SplitAxis=BN2S2 not BN2GS1S2
27588948449038736,FLOAT large-D forces S1TemplateNum=64 | IsTndSwizzle=1 requires SplitAxis=BN2S2 not BN2GS1S2
27588948449038992,FLOAT large-D forces S1TemplateNum=64 | IsTndSwizzle=1 requires SplitAxis=BN2S2 not BN2GS1S2
27588948449039248,FLOAT large-D forces S1TemplateNum=64 | IsTndSwizzle=1 requires SplitAxis=BN2S2 not BN2GS1S2
27588948449039504,FLOAT large-D forces S1TemplateNum=64 | IsTndSwizzle=1 requires SplitAxis=BN2S2 not BN2GS1S2
27588948449039760,FLOAT large-D forces S1TemplateNum=64 | IsTndSwizzle=1 requires SplitAxis=BN2S2 not BN2GS1S2
27588948449040016,FLOAT large-D forces S1TemplateNum=64 | IsTndSwizzle=1 requires SplitAxis=BN2S2 not BN2GS1S2
27588948449040272,FLOAT large-D forces S1TemplateNum=64 | IsTndSwizzle=1 requires SplitAxis=BN2S2 not BN2GS1S2
27591145324810384,DeterType=3 requires IsAttenMask=1 | IsTndSwizzle=1 requires SplitAxis=BN2S2 not BN2GS1S2
27591145324810640,DeterType=3 requires IsAttenMask=1 | IsTndSwizzle=1 requires SplitAxis=BN2S2 not BN2GS1S2
27591145324810896,DeterType=3 requires IsAttenMask=1 | IsTndSwizzle=1 requires SplitAxis=BN2S2 not BN2GS1S2
27591145324811152,DeterType=3 requires IsAttenMask=1 | IsTndSwizzle=1 requires SplitAxis=BN2S2 not BN2GS1S2
27591145324811408,IsTndSwizzle=1 requires SplitAxis=BN2S2 not BN2GS1S2
27591145324811664,IsTndSwizzle=1 requires SplitAxis=BN2S2 not BN2GS1S2
27591145324811920,IsTndSwizzle=1 requires SplitAxis=BN2S2 not BN2GS1S2
27591145324812176,IsTndSwizzle=1 requires SplitAxis=BN2S2 not BN2GS1S2
27591145861681296,DeterType=3 requires IsAttenMask=1 | IsTndSwizzle=1 requires SplitAxis=BN2S2 not BN2GS1S2
27591145861681552,DeterType=3 requires IsAttenMask=1 | IsTndSwizzle=1 requires SplitAxis=BN2S2 not BN2GS1S2
27591145861681808,DeterType=3 requires IsAttenMask=1 | IsTndSwizzle=1 requires SplitAxis=BN2S2 not BN2GS1S2
27591145861682064,DeterType=3 requires IsAttenMask=1 | IsTndSwizzle=1 requires SplitAxis=BN2S2 not BN2GS1S2
27591145861682320,IsTndSwizzle=1 requires SplitAxis=BN2S2 not BN2GS1S2
27591145861682576,IsTndSwizzle=1 requires SplitAxis=BN2S2 not BN2GS1S2
27591145861682832,IsTndSwizzle=1 requires SplitAxis=BN2S2 not BN2GS1S2
27591145861683088,IsTndSwizzle=1 requires SplitAxis=BN2S2 not BN2GS1S2
27591146398552208,DeterType=3 requires IsAttenMask=1 | IsTndSwizzle=1 requires SplitAxis=BN2S2 not BN2GS1S2
27591146398552464,DeterType=3 requires IsAttenMask=1 | IsTndSwizzle=1 requires SplitAxis=BN2S2 not BN2GS1S2
27591146398552720,DeterType=3 requires IsAttenMask=1 | IsTndSwizzle=1 requires SplitAxis=BN2S2 not BN2GS1S2
27591146398552976,DeterType=3 requires IsAttenMask=1 | IsTndSwizzle=1 requires SplitAxis=BN2S2 not BN2GS1S2
27591146398553232,IsTndSwizzle=1 requires SplitAxis=BN2S2 not BN2GS1S2
27591146398553488,IsTndSwizzle=1 requires SplitAxis=BN2S2 not BN2GS1S2
27591146398553744,IsTndSwizzle=1 requires SplitAxis=BN2S2 not BN2GS1S2
27591146398554000,IsTndSwizzle=1 requires SplitAxis=BN2S2 not BN2GS1S2
27591146935423120,DeterType=3 requires IsAttenMask=1 | IsTndSwizzle=1 requires SplitAxis=BN2S2 not BN2GS1S2
27591146935423376,DeterType=3 requires IsAttenMask=1 | IsTndSwizzle=1 requires SplitAxis=BN2S2 not BN2GS1S2
27591146935423632,DeterType=3 requires IsAttenMask=1 | IsTndSwizzle=1 requires SplitAxis=BN2S2 not BN2GS1S2
27591146935423888,DeterType=3 requires IsAttenMask=1 | IsTndSwizzle=1 requires SplitAxis=BN2S2 not BN2GS1S2
27591146935424144,IsTndSwizzle=1 requires SplitAxis=BN2S2 not BN2GS1S2
27591146935424400,IsTndSwizzle=1 requires SplitAxis=BN2S2 not BN2GS1S2
27591146935424656,IsTndSwizzle=1 requires SplitAxis=BN2S2 not BN2GS1S2
27591146935424912,IsTndSwizzle=1 requires SplitAxis=BN2S2 not BN2GS1S2
27591147472291984,DeterType=3 requires IsAttenMask=1 | IsTndSwizzle=1 requires SplitAxis=BN2S2 not BN2GS1S2
27591147472292240,DeterType=3 requires IsAttenMask=1 | IsTndSwizzle=1 requires SplitAxis=BN2S2 not BN2GS1S2
27591147472292496,DeterType=3 requires IsAttenMask=1 | IsTndSwizzle=1 requires SplitAxis=BN2S2 not BN2GS1S2
27591147472292752,DeterType=3 requires IsAttenMask=1 | IsTndSwizzle=1 requires SplitAxis=BN2S2 not BN2GS1S2
27591147472293008,IsTndSwizzle=1 requires SplitAxis=BN2S2 not BN2GS1S2
27591147472293264,IsTndSwizzle=1 requires SplitAxis=BN2S2 not BN2GS1S2
27591147472293520,IsTndSwizzle=1 requires SplitAxis=BN2S2 not BN2GS1S2
27591147472293776,IsTndSwizzle=1 requires SplitAxis=BN2S2 not BN2GS1S2
27591147472294032,DeterType=3 requires IsAttenMask=1 | FLOAT large-D forces S1TemplateNum=64 | IsTndSwizzle=1 requires SplitAxis=BN2S2 not BN2GS1S2
27591147472294288,DeterType=3 requires IsAttenMask=1 | FLOAT large-D forces S1TemplateNum=64 | IsTndSwizzle=1 requires SplitAxis=BN2S2 not BN2GS1S2
27591147472294544,DeterType=3 requires IsAttenMask=1 | FLOAT large-D forces S1TemplateNum=64 | IsTndSwizzle=1 requires SplitAxis=BN2S2 not BN2GS1S2
27591147472294800,DeterType=3 requires IsAttenMask=1 | FLOAT large-D forces S1TemplateNum=64 | IsTndSwizzle=1 requires SplitAxis=BN2S2 not BN2GS1S2
27591147472295056,FLOAT large-D forces S1TemplateNum=64 | IsTndSwizzle=1 requires SplitAxis=BN2S2 not BN2GS1S2
27591147472295312,FLOAT large-D forces S1TemplateNum=64 | IsTndSwizzle=1 requires SplitAxis=BN2S2 not BN2GS1S2
27591147472295568,FLOAT large-D forces S1TemplateNum=64 | IsTndSwizzle=1 requires SplitAxis=BN2S2 not BN2GS1S2
27591147472295824,FLOAT large-D forces S1TemplateNum=64 | IsTndSwizzle=1 requires SplitAxis=BN2S2 not BN2GS1S2
27593344348065936,DeterType=4 requires IsAttenMask=1 | IsTndSwizzle=1 requires SplitAxis=BN2S2 not BN2GS1S2
27593344348066192,DeterType=4 requires IsAttenMask=1 | IsTndSwizzle=1 requires SplitAxis=BN2S2 not BN2GS1S2
27593344348066448,DeterType=4 requires IsAttenMask=1 | IsTndSwizzle=1 requires SplitAxis=BN2S2 not BN2GS1S2
27593344348066704,DeterType=4 requires IsAttenMask=1 | IsTndSwizzle=1 requires SplitAxis=BN2S2 not BN2GS1S2
27593344348066960,IsTndSwizzle=1 requires SplitAxis=BN2S2 not BN2GS1S2
27593344348067216,IsTndSwizzle=1 requires SplitAxis=BN2S2 not BN2GS1S2
27593344348067472,IsTndSwizzle=1 requires SplitAxis=BN2S2 not BN2GS1S2
27593344348067728,IsTndSwizzle=1 requires SplitAxis=BN2S2 not BN2GS1S2
27593344884936848,DeterType=4 requires IsAttenMask=1 | IsTndSwizzle=1 requires SplitAxis=BN2S2 not BN2GS1S2
27593344884937104,DeterType=4 requires IsAttenMask=1 | IsTndSwizzle=1 requires SplitAxis=BN2S2 not BN2GS1S2
27593344884937360,DeterType=4 requires IsAttenMask=1 | IsTndSwizzle=1 requires SplitAxis=BN2S2 not BN2GS1S2
27593344884937616,DeterType=4 requires IsAttenMask=1 | IsTndSwizzle=1 requires SplitAxis=BN2S2 not BN2GS1S2
27593344884937872,IsTndSwizzle=1 requires SplitAxis=BN2S2 not BN2GS1S2
27593344884938128,IsTndSwizzle=1 requires SplitAxis=BN2S2 not BN2GS1S2
27593344884938384,IsTndSwizzle=1 requires SplitAxis=BN2S2 not BN2GS1S2
27593344884938640,IsTndSwizzle=1 requires SplitAxis=BN2S2 not BN2GS1S2
27593345421807760,DeterType=4 requires IsAttenMask=1 | IsTndSwizzle=1 requires SplitAxis=BN2S2 not BN2GS1S2
27593345421808016,DeterType=4 requires IsAttenMask=1 | IsTndSwizzle=1 requires SplitAxis=BN2S2 not BN2GS1S2
27593345421808272,DeterType=4 requires IsAttenMask=1 | IsTndSwizzle=1 requires SplitAxis=BN2S2 not BN2GS1S2
27593345421808528,DeterType=4 requires IsAttenMask=1 | IsTndSwizzle=1 requires SplitAxis=BN2S2 not BN2GS1S2
27593345421808784,IsTndSwizzle=1 requires SplitAxis=BN2S2 not BN2GS1S2
27593345421809040,IsTndSwizzle=1 requires SplitAxis=BN2S2 not BN2GS1S2
27593345421809296,IsTndSwizzle=1 requires SplitAxis=BN2S2 not BN2GS1S2
27593345421809552,IsTndSwizzle=1 requires SplitAxis=BN2S2 not BN2GS1S2
27593345958678672,DeterType=4 requires IsAttenMask=1 | IsTndSwizzle=1 requires SplitAxis=BN2S2 not BN2GS1S2
27593345958678928,DeterType=4 requires IsAttenMask=1 | IsTndSwizzle=1 requires SplitAxis=BN2S2 not BN2GS1S2
27593345958679184,DeterType=4 requires IsAttenMask=1 | IsTndSwizzle=1 requires SplitAxis=BN2S2 not BN2GS1S2
27593345958679440,DeterType=4 requires IsAttenMask=1 | IsTndSwizzle=1 requires SplitAxis=BN2S2 not BN2GS1S2
27593345958679696,IsTndSwizzle=1 requires SplitAxis=BN2S2 not BN2GS1S2
27593345958679952,IsTndSwizzle=1 requires SplitAxis=BN2S2 not BN2GS1S2
27593345958680208,IsTndSwizzle=1 requires SplitAxis=BN2S2 not BN2GS1S2
27593345958680464,IsTndSwizzle=1 requires SplitAxis=BN2S2 not BN2GS1S2
27593346495547536,DeterType=4 requires IsAttenMask=1 | IsTndSwizzle=1 requires SplitAxis=BN2S2 not BN2GS1S2
27593346495547792,DeterType=4 requires IsAttenMask=1 | IsTndSwizzle=1 requires SplitAxis=BN2S2 not BN2GS1S2
27593346495548048,DeterType=4 requires IsAttenMask=1 | IsTndSwizzle=1 requires SplitAxis=BN2S2 not BN2GS1S2
27593346495548304,DeterType=4 requires IsAttenMask=1 | IsTndSwizzle=1 requires SplitAxis=BN2S2 not BN2GS1S2
27593346495548560,IsTndSwizzle=1 requires SplitAxis=BN2S2 not BN2GS1S2
27593346495548816,IsTndSwizzle=1 requires SplitAxis=BN2S2 not BN2GS1S2
27593346495549072,IsTndSwizzle=1 requires SplitAxis=BN2S2 not BN2GS1S2
27593346495549328,IsTndSwizzle=1 requires SplitAxis=BN2S2 not BN2GS1S2
27593346495549584,DeterType=4 requires IsAttenMask=1 | FLOAT large-D forces S1TemplateNum=64 | IsTndSwizzle=1 requires SplitAxis=BN2S2 not BN2GS1S2
27593346495549840,DeterType=4 requires IsAttenMask=1 | FLOAT large-D forces S1TemplateNum=64 | IsTndSwizzle=1 requires SplitAxis=BN2S2 not BN2GS1S2
27593346495550096,DeterType=4 requires IsAttenMask=1 | FLOAT large-D forces S1TemplateNum=64 | IsTndSwizzle=1 requires SplitAxis=BN2S2 not BN2GS1S2
27593346495550352,DeterType=4 requires IsAttenMask=1 | FLOAT large-D forces S1TemplateNum=64 | IsTndSwizzle=1 requires SplitAxis=BN2S2 not BN2GS1S2
27593346495550608,FLOAT large-D forces S1TemplateNum=64 | IsTndSwizzle=1 requires SplitAxis=BN2S2 not BN2GS1S2
27593346495550864,FLOAT large-D forces S1TemplateNum=64 | IsTndSwizzle=1 requires SplitAxis=BN2S2 not BN2GS1S2
27593346495551120,FLOAT large-D forces S1TemplateNum=64 | IsTndSwizzle=1 requires SplitAxis=BN2S2 not BN2GS1S2
27593346495551376,FLOAT large-D forces S1TemplateNum=64 | IsTndSwizzle=1 requires SplitAxis=BN2S2 not BN2GS1S2
27624130673643664,IsTndSwizzle=1 requires SplitAxis=BN2S2 not BN2GS1S2
27624130673643920,IsTndSwizzle=1 requires SplitAxis=BN2S2 not BN2GS1S2
27624130673644176,IsTndSwizzle=1 requires SplitAxis=BN2S2 not BN2GS1S2
27624130673644432,IsTndSwizzle=1 requires SplitAxis=BN2S2 not BN2GS1S2
27624130673644688,IsTndSwizzle=1 requires SplitAxis=BN2S2 not BN2GS1S2
27624130673644944,IsTndSwizzle=1 requires SplitAxis=BN2S2 not BN2GS1S2
27624130673645200,IsTndSwizzle=1 requires SplitAxis=BN2S2 not BN2GS1S2
27624130673645456,IsTndSwizzle=1 requires SplitAxis=BN2S2 not BN2GS1S2
27624131210514576,IsTndSwizzle=1 requires SplitAxis=BN2S2 not BN2GS1S2
27624131210514832,IsTndSwizzle=1 requires SplitAxis=BN2S2 not BN2GS1S2
27624131210515088,IsTndSwizzle=1 requires SplitAxis=BN2S2 not BN2GS1S2
27624131210515344,IsTndSwizzle=1 requires SplitAxis=BN2S2 not BN2GS1S2
27624131210515600,IsTndSwizzle=1 requires SplitAxis=BN2S2 not BN2GS1S2
27624131210515856,IsTndSwizzle=1 requires SplitAxis=BN2S2 not BN2GS1S2
27624131210516112,IsTndSwizzle=1 requires SplitAxis=BN2S2 not BN2GS1S2
27624131210516368,IsTndSwizzle=1 requires SplitAxis=BN2S2 not BN2GS1S2
27624131747385488,IsTndSwizzle=1 requires SplitAxis=BN2S2 not BN2GS1S2
27624131747385744,IsTndSwizzle=1 requires SplitAxis=BN2S2 not BN2GS1S2
27624131747386000,IsTndSwizzle=1 requires SplitAxis=BN2S2 not BN2GS1S2
27624131747386256,IsTndSwizzle=1 requires SplitAxis=BN2S2 not BN2GS1S2
27624131747386512,IsTndSwizzle=1 requires SplitAxis=BN2S2 not BN2GS1S2
27624131747386768,IsTndSwizzle=1 requires SplitAxis=BN2S2 not BN2GS1S2
27624131747387024,IsTndSwizzle=1 requires SplitAxis=BN2S2 not BN2GS1S2
27624131747387280,IsTndSwizzle=1 requires SplitAxis=BN2S2 not BN2GS1S2
27624132284256400,IsTndSwizzle=1 requires SplitAxis=BN2S2 not BN2GS1S2
27624132284256656,IsTndSwizzle=1 requires SplitAxis=BN2S2 not BN2GS1S2
27624132284256912,IsTndSwizzle=1 requires SplitAxis=BN2S2 not BN2GS1S2
27624132284257168,IsTndSwizzle=1 requires SplitAxis=BN2S2 not BN2GS1S2
27624132284257424,IsTndSwizzle=1 requires SplitAxis=BN2S2 not BN2GS1S2
27624132284257680,IsTndSwizzle=1 requires SplitAxis=BN2S2 not BN2GS1S2
27624132284257936,IsTndSwizzle=1 requires SplitAxis=BN2S2 not BN2GS1S2
27624132284258192,IsTndSwizzle=1 requires SplitAxis=BN2S2 not BN2GS1S2
27624132821125264,IsTndSwizzle=1 requires SplitAxis=BN2S2 not BN2GS1S2
27624132821125520,IsTndSwizzle=1 requires SplitAxis=BN2S2 not BN2GS1S2
27624132821125776,IsTndSwizzle=1 requires SplitAxis=BN2S2 not BN2GS1S2
27624132821126032,IsTndSwizzle=1 requires SplitAxis=BN2S2 not BN2GS1S2
27624132821126288,IsTndSwizzle=1 requires SplitAxis=BN2S2 not BN2GS1S2
27624132821126544,IsTndSwizzle=1 requires SplitAxis=BN2S2 not BN2GS1S2
27624132821126800,IsTndSwizzle=1 requires SplitAxis=BN2S2 not BN2GS1S2
27624132821127056,IsTndSwizzle=1 requires SplitAxis=BN2S2 not BN2GS1S2
27624132821127312,FLOAT large-D forces S1TemplateNum=64 | IsTndSwizzle=1 requires SplitAxis=BN2S2 not BN2GS1S2
27624132821127568,FLOAT large-D forces S1TemplateNum=64 | IsTndSwizzle=1 requires SplitAxis=BN2S2 not BN2GS1S2
27624132821127824,FLOAT large-D forces S1TemplateNum=64 | IsTndSwizzle=1 requires SplitAxis=BN2S2 not BN2GS1S2
27624132821128080,FLOAT large-D forces S1TemplateNum=64 | IsTndSwizzle=1 requires SplitAxis=BN2S2 not BN2GS1S2
27624132821128336,FLOAT large-D forces S1TemplateNum=64 | IsTndSwizzle=1 requires SplitAxis=BN2S2 not BN2GS1S2
27624132821128592,FLOAT large-D forces S1TemplateNum=64 | IsTndSwizzle=1 requires SplitAxis=BN2S2 not BN2GS1S2
27624132821128848,FLOAT large-D forces S1TemplateNum=64 | IsTndSwizzle=1 requires SplitAxis=BN2S2 not BN2GS1S2
27624132821129104,FLOAT large-D forces S1TemplateNum=64 | IsTndSwizzle=1 requires SplitAxis=BN2S2 not BN2GS1S2
27626329696899216,DeterType=3 requires IsAttenMask=1 | IsTndSwizzle=1 requires SplitAxis=BN2S2 not BN2GS1S2
27626329696899472,DeterType=3 requires IsAttenMask=1 | IsTndSwizzle=1 requires SplitAxis=BN2S2 not BN2GS1S2
27626329696899728,DeterType=3 requires IsAttenMask=1 | IsTndSwizzle=1 requires SplitAxis=BN2S2 not BN2GS1S2
27626329696899984,DeterType=3 requires IsAttenMask=1 | IsTndSwizzle=1 requires SplitAxis=BN2S2 not BN2GS1S2
27626329696900240,IsTndSwizzle=1 requires SplitAxis=BN2S2 not BN2GS1S2
27626329696900496,IsTndSwizzle=1 requires SplitAxis=BN2S2 not BN2GS1S2
27626329696900752,IsTndSwizzle=1 requires SplitAxis=BN2S2 not BN2GS1S2
27626329696901008,IsTndSwizzle=1 requires SplitAxis=BN2S2 not BN2GS1S2
27626330233770128,DeterType=3 requires IsAttenMask=1 | IsTndSwizzle=1 requires SplitAxis=BN2S2 not BN2GS1S2
27626330233770384,DeterType=3 requires IsAttenMask=1 | IsTndSwizzle=1 requires SplitAxis=BN2S2 not BN2GS1S2
27626330233770640,DeterType=3 requires IsAttenMask=1 | IsTndSwizzle=1 requires SplitAxis=BN2S2 not BN2GS1S2
27626330233770896,DeterType=3 requires IsAttenMask=1 | IsTndSwizzle=1 requires SplitAxis=BN2S2 not BN2GS1S2
27626330233771152,IsTndSwizzle=1 requires SplitAxis=BN2S2 not BN2GS1S2
27626330233771408,IsTndSwizzle=1 requires SplitAxis=BN2S2 not BN2GS1S2
27626330233771664,IsTndSwizzle=1 requires SplitAxis=BN2S2 not BN2GS1S2
27626330233771920,IsTndSwizzle=1 requires SplitAxis=BN2S2 not BN2GS1S2
27626330770641040,DeterType=3 requires IsAttenMask=1 | IsTndSwizzle=1 requires SplitAxis=BN2S2 not BN2GS1S2
27626330770641296,DeterType=3 requires IsAttenMask=1 | IsTndSwizzle=1 requires SplitAxis=BN2S2 not BN2GS1S2
27626330770641552,DeterType=3 requires IsAttenMask=1 | IsTndSwizzle=1 requires SplitAxis=BN2S2 not BN2GS1S2
27626330770641808,DeterType=3 requires IsAttenMask=1 | IsTndSwizzle=1 requires SplitAxis=BN2S2 not BN2GS1S2
27626330770642064,IsTndSwizzle=1 requires SplitAxis=BN2S2 not BN2GS1S2
27626330770642320,IsTndSwizzle=1 requires SplitAxis=BN2S2 not BN2GS1S2
27626330770642576,IsTndSwizzle=1 requires SplitAxis=BN2S2 not BN2GS1S2
27626330770642832,IsTndSwizzle=1 requires SplitAxis=BN2S2 not BN2GS1S2
27626331307511952,DeterType=3 requires IsAttenMask=1 | IsTndSwizzle=1 requires SplitAxis=BN2S2 not BN2GS1S2
27626331307512208,DeterType=3 requires IsAttenMask=1 | IsTndSwizzle=1 requires SplitAxis=BN2S2 not BN2GS1S2
27626331307512464,DeterType=3 requires IsAttenMask=1 | IsTndSwizzle=1 requires SplitAxis=BN2S2 not BN2GS1S2
27626331307512720,DeterType=3 requires IsAttenMask=1 | IsTndSwizzle=1 requires SplitAxis=BN2S2 not BN2GS1S2
27626331307512976,IsTndSwizzle=1 requires SplitAxis=BN2S2 not BN2GS1S2
27626331307513232,IsTndSwizzle=1 requires SplitAxis=BN2S2 not BN2GS1S2
27626331307513488,IsTndSwizzle=1 requires SplitAxis=BN2S2 not BN2GS1S2
27626331307513744,IsTndSwizzle=1 requires SplitAxis=BN2S2 not BN2GS1S2
27626331844380816,DeterType=3 requires IsAttenMask=1 | IsTndSwizzle=1 requires SplitAxis=BN2S2 not BN2GS1S2
27626331844381072,DeterType=3 requires IsAttenMask=1 | IsTndSwizzle=1 requires SplitAxis=BN2S2 not BN2GS1S2
27626331844381328,DeterType=3 requires IsAttenMask=1 | IsTndSwizzle=1 requires SplitAxis=BN2S2 not BN2GS1S2
27626331844381584,DeterType=3 requires IsAttenMask=1 | IsTndSwizzle=1 requires SplitAxis=BN2S2 not BN2GS1S2
27626331844381840,IsTndSwizzle=1 requires SplitAxis=BN2S2 not BN2GS1S2
27626331844382096,IsTndSwizzle=1 requires SplitAxis=BN2S2 not BN2GS1S2
27626331844382352,IsTndSwizzle=1 requires SplitAxis=BN2S2 not BN2GS1S2
27626331844382608,IsTndSwizzle=1 requires SplitAxis=BN2S2 not BN2GS1S2
27626331844382864,DeterType=3 requires IsAttenMask=1 | FLOAT large-D forces S1TemplateNum=64 | IsTndSwizzle=1 requires SplitAxis=BN2S2 not BN2GS1S2
27626331844383120,DeterType=3 requires IsAttenMask=1 | FLOAT large-D forces S1TemplateNum=64 | IsTndSwizzle=1 requires SplitAxis=BN2S2 not BN2GS1S2
27626331844383376,DeterType=3 requires IsAttenMask=1 | FLOAT large-D forces S1TemplateNum=64 | IsTndSwizzle=1 requires SplitAxis=BN2S2 not BN2GS1S2
27626331844383632,DeterType=3 requires IsAttenMask=1 | FLOAT large-D forces S1TemplateNum=64 | IsTndSwizzle=1 requires SplitAxis=BN2S2 not BN2GS1S2
27626331844383888,FLOAT large-D forces S1TemplateNum=64 | IsTndSwizzle=1 requires SplitAxis=BN2S2 not BN2GS1S2
27626331844384144,FLOAT large-D forces S1TemplateNum=64 | IsTndSwizzle=1 requires SplitAxis=BN2S2 not BN2GS1S2
27626331844384400,FLOAT large-D forces S1TemplateNum=64 | IsTndSwizzle=1 requires SplitAxis=BN2S2 not BN2GS1S2
27626331844384656,FLOAT large-D forces S1TemplateNum=64 | IsTndSwizzle=1 requires SplitAxis=BN2S2 not BN2GS1S2
27628528720154768,DeterType=4 requires IsAttenMask=1 | IsTndSwizzle=1 requires SplitAxis=BN2S2 not BN2GS1S2
27628528720155024,DeterType=4 requires IsAttenMask=1 | IsTndSwizzle=1 requires SplitAxis=BN2S2 not BN2GS1S2
27628528720155280,DeterType=4 requires IsAttenMask=1 | IsTndSwizzle=1 requires SplitAxis=BN2S2 not BN2GS1S2
27628528720155536,DeterType=4 requires IsAttenMask=1 | IsTndSwizzle=1 requires SplitAxis=BN2S2 not BN2GS1S2
27628528720155792,IsTndSwizzle=1 requires SplitAxis=BN2S2 not BN2GS1S2
27628528720156048,IsTndSwizzle=1 requires SplitAxis=BN2S2 not BN2GS1S2
27628528720156304,IsTndSwizzle=1 requires SplitAxis=BN2S2 not BN2GS1S2
27628528720156560,IsTndSwizzle=1 requires SplitAxis=BN2S2 not BN2GS1S2
27628529257025680,DeterType=4 requires IsAttenMask=1 | IsTndSwizzle=1 requires SplitAxis=BN2S2 not BN2GS1S2
27628529257025936,DeterType=4 requires IsAttenMask=1 | IsTndSwizzle=1 requires SplitAxis=BN2S2 not BN2GS1S2
27628529257026192,DeterType=4 requires IsAttenMask=1 | IsTndSwizzle=1 requires SplitAxis=BN2S2 not BN2GS1S2
27628529257026448,DeterType=4 requires IsAttenMask=1 | IsTndSwizzle=1 requires SplitAxis=BN2S2 not BN2GS1S2
27628529257026704,IsTndSwizzle=1 requires SplitAxis=BN2S2 not BN2GS1S2
27628529257026960,IsTndSwizzle=1 requires SplitAxis=BN2S2 not BN2GS1S2
27628529257027216,IsTndSwizzle=1 requires SplitAxis=BN2S2 not BN2GS1S2
27628529257027472,IsTndSwizzle=1 requires SplitAxis=BN2S2 not BN2GS1S2
27628529793896592,DeterType=4 requires IsAttenMask=1 | IsTndSwizzle=1 requires SplitAxis=BN2S2 not BN2GS1S2
27628529793896848,DeterType=4 requires IsAttenMask=1 | IsTndSwizzle=1 requires SplitAxis=BN2S2 not BN2GS1S2
27628529793897104,DeterType=4 requires IsAttenMask=1 | IsTndSwizzle=1 requires SplitAxis=BN2S2 not BN2GS1S2
27628529793897360,DeterType=4 requires IsAttenMask=1 | IsTndSwizzle=1 requires SplitAxis=BN2S2 not BN2GS1S2
27628529793897616,IsTndSwizzle=1 requires SplitAxis=BN2S2 not BN2GS1S2
27628529793897872,IsTndSwizzle=1 requires SplitAxis=BN2S2 not BN2GS1S2
27628529793898128,IsTndSwizzle=1 requires SplitAxis=BN2S2 not BN2GS1S2
27628529793898384,IsTndSwizzle=1 requires SplitAxis=BN2S2 not BN2GS1S2
27628530330767504,DeterType=4 requires IsAttenMask=1 | IsTndSwizzle=1 requires SplitAxis=BN2S2 not BN2GS1S2
27628530330767760,DeterType=4 requires IsAttenMask=1 | IsTndSwizzle=1 requires SplitAxis=BN2S2 not BN2GS1S2
27628530330768016,DeterType=4 requires IsAttenMask=1 | IsTndSwizzle=1 requires SplitAxis=BN2S2 not BN2GS1S2
27628530330768272,DeterType=4 requires IsAttenMask=1 | IsTndSwizzle=1 requires SplitAxis=BN2S2 not BN2GS1S2
27628530330768528,IsTndSwizzle=1 requires SplitAxis=BN2S2 not BN2GS1S2
27628530330768784,IsTndSwizzle=1 requires SplitAxis=BN2S2 not BN2GS1S2
27628530330769040,IsTndSwizzle=1 requires SplitAxis=BN2S2 not BN2GS1S2
27628530330769296,IsTndSwizzle=1 requires SplitAxis=BN2S2 not BN2GS1S2
27628530867636368,DeterType=4 requires IsAttenMask=1 | IsTndSwizzle=1 requires SplitAxis=BN2S2 not BN2GS1S2
27628530867636624,DeterType=4 requires IsAttenMask=1 | IsTndSwizzle=1 requires SplitAxis=BN2S2 not BN2GS1S2
27628530867636880,DeterType=4 requires IsAttenMask=1 | IsTndSwizzle=1 requires SplitAxis=BN2S2 not BN2GS1S2
27628530867637136,DeterType=4 requires IsAttenMask=1 | IsTndSwizzle=1 requires SplitAxis=BN2S2 not BN2GS1S2
27628530867637392,IsTndSwizzle=1 requires SplitAxis=BN2S2 not BN2GS1S2
27628530867637648,IsTndSwizzle=1 requires SplitAxis=BN2S2 not BN2GS1S2
27628530867637904,IsTndSwizzle=1 requires SplitAxis=BN2S2 not BN2GS1S2
27628530867638160,IsTndSwizzle=1 requires SplitAxis=BN2S2 not BN2GS1S2
27628530867638416,DeterType=4 requires IsAttenMask=1 | FLOAT large-D forces S1TemplateNum=64 | IsTndSwizzle=1 requires SplitAxis=BN2S2 not BN2GS1S2
27628530867638672,DeterType=4 requires IsAttenMask=1 | FLOAT large-D forces S1TemplateNum=64 | IsTndSwizzle=1 requires SplitAxis=BN2S2 not BN2GS1S2
27628530867638928,DeterType=4 requires IsAttenMask=1 | FLOAT large-D forces S1TemplateNum=64 | IsTndSwizzle=1 requires SplitAxis=BN2S2 not BN2GS1S2
27628530867639184,DeterType=4 requires IsAttenMask=1 | FLOAT large-D forces S1TemplateNum=64 | IsTndSwizzle=1 requires SplitAxis=BN2S2 not BN2GS1S2
27628530867639440,FLOAT large-D forces S1TemplateNum=64 | IsTndSwizzle=1 requires SplitAxis=BN2S2 not BN2GS1S2
27628530867639696,FLOAT large-D forces S1TemplateNum=64 | IsTndSwizzle=1 requires SplitAxis=BN2S2 not BN2GS1S2
27628530867639952,FLOAT large-D forces S1TemplateNum=64 | IsTndSwizzle=1 requires SplitAxis=BN2S2 not BN2GS1S2
27628530867640208,FLOAT large-D forces S1TemplateNum=64 | IsTndSwizzle=1 requires SplitAxis=BN2S2 not BN2GS1S2
27729683789910160,IsTndSwizzle=1 requires SplitAxis=BN2S2 not BN2GS1S2
27729683789910416,IsTndSwizzle=1 requires SplitAxis=BN2S2 not BN2GS1S2
27729683789910672,IsTndSwizzle=1 requires SplitAxis=BN2S2 not BN2GS1S2
27729683789910928,IsTndSwizzle=1 requires SplitAxis=BN2S2 not BN2GS1S2
27729683789911184,IsTndSwizzle=1 requires SplitAxis=BN2S2 not BN2GS1S2
27729683789911440,IsTndSwizzle=1 requires SplitAxis=BN2S2 not BN2GS1S2
27729683789911696,IsTndSwizzle=1 requires SplitAxis=BN2S2 not BN2GS1S2
27729683789911952,IsTndSwizzle=1 requires SplitAxis=BN2S2 not BN2GS1S2
27729684326781072,IsTndSwizzle=1 requires SplitAxis=BN2S2 not BN2GS1S2
27729684326781328,IsTndSwizzle=1 requires SplitAxis=BN2S2 not BN2GS1S2
27729684326781584,IsTndSwizzle=1 requires SplitAxis=BN2S2 not BN2GS1S2
27729684326781840,IsTndSwizzle=1 requires SplitAxis=BN2S2 not BN2GS1S2
27729684326782096,IsTndSwizzle=1 requires SplitAxis=BN2S2 not BN2GS1S2
27729684326782352,IsTndSwizzle=1 requires SplitAxis=BN2S2 not BN2GS1S2
27729684326782608,IsTndSwizzle=1 requires SplitAxis=BN2S2 not BN2GS1S2
27729684326782864,IsTndSwizzle=1 requires SplitAxis=BN2S2 not BN2GS1S2
27729684863651984,IsTndSwizzle=1 requires SplitAxis=BN2S2 not BN2GS1S2
27729684863652240,IsTndSwizzle=1 requires SplitAxis=BN2S2 not BN2GS1S2
27729684863652496,IsTndSwizzle=1 requires SplitAxis=BN2S2 not BN2GS1S2
27729684863652752,IsTndSwizzle=1 requires SplitAxis=BN2S2 not BN2GS1S2
27729684863653008,IsTndSwizzle=1 requires SplitAxis=BN2S2 not BN2GS1S2
27729684863653264,IsTndSwizzle=1 requires SplitAxis=BN2S2 not BN2GS1S2
27729684863653520,IsTndSwizzle=1 requires SplitAxis=BN2S2 not BN2GS1S2
27729684863653776,IsTndSwizzle=1 requires SplitAxis=BN2S2 not BN2GS1S2
27729685400522896,IsTndSwizzle=1 requires SplitAxis=BN2S2 not BN2GS1S2
27729685400523152,IsTndSwizzle=1 requires SplitAxis=BN2S2 not BN2GS1S2
27729685400523408,IsTndSwizzle=1 requires SplitAxis=BN2S2 not BN2GS1S2
27729685400523664,IsTndSwizzle=1 requires SplitAxis=BN2S2 not BN2GS1S2
27729685400523920,IsTndSwizzle=1 requires SplitAxis=BN2S2 not BN2GS1S2
27729685400524176,IsTndSwizzle=1 requires SplitAxis=BN2S2 not BN2GS1S2
27729685400524432,IsTndSwizzle=1 requires SplitAxis=BN2S2 not BN2GS1S2
27729685400524688,IsTndSwizzle=1 requires SplitAxis=BN2S2 not BN2GS1S2
27729685937391760,IsTndSwizzle=1 requires SplitAxis=BN2S2 not BN2GS1S2
27729685937392016,IsTndSwizzle=1 requires SplitAxis=BN2S2 not BN2GS1S2
27729685937392272,IsTndSwizzle=1 requires SplitAxis=BN2S2 not BN2GS1S2
27729685937392528,IsTndSwizzle=1 requires SplitAxis=BN2S2 not BN2GS1S2
27729685937392784,IsTndSwizzle=1 requires SplitAxis=BN2S2 not BN2GS1S2
27729685937393040,IsTndSwizzle=1 requires SplitAxis=BN2S2 not BN2GS1S2
27729685937393296,IsTndSwizzle=1 requires SplitAxis=BN2S2 not BN2GS1S2
27729685937393552,IsTndSwizzle=1 requires SplitAxis=BN2S2 not BN2GS1S2
27729685937393808,FLOAT large-D forces S1TemplateNum=64 | IsTndSwizzle=1 requires SplitAxis=BN2S2 not BN2GS1S2
27729685937394064,FLOAT large-D forces S1TemplateNum=64 | IsTndSwizzle=1 requires SplitAxis=BN2S2 not BN2GS1S2
27729685937394320,FLOAT large-D forces S1TemplateNum=64 | IsTndSwizzle=1 requires SplitAxis=BN2S2 not BN2GS1S2
27729685937394576,FLOAT large-D forces S1TemplateNum=64 | IsTndSwizzle=1 requires SplitAxis=BN2S2 not BN2GS1S2
27729685937394832,FLOAT large-D forces S1TemplateNum=64 | IsTndSwizzle=1 requires SplitAxis=BN2S2 not BN2GS1S2
27729685937395088,FLOAT large-D forces S1TemplateNum=64 | IsTndSwizzle=1 requires SplitAxis=BN2S2 not BN2GS1S2
27729685937395344,FLOAT large-D forces S1TemplateNum=64 | IsTndSwizzle=1 requires SplitAxis=BN2S2 not BN2GS1S2
27729685937395600,FLOAT large-D forces S1TemplateNum=64 | IsTndSwizzle=1 requires SplitAxis=BN2S2 not BN2GS1S2
27731882813165712,DeterType=3 requires IsAttenMask=1 | IsTndSwizzle=1 requires SplitAxis=BN2S2 not BN2GS1S2
27731882813165968,DeterType=3 requires IsAttenMask=1 | IsTndSwizzle=1 requires SplitAxis=BN2S2 not BN2GS1S2
27731882813166224,DeterType=3 requires IsAttenMask=1 | IsTndSwizzle=1 requires SplitAxis=BN2S2 not BN2GS1S2
27731882813166480,DeterType=3 requires IsAttenMask=1 | IsTndSwizzle=1 requires SplitAxis=BN2S2 not BN2GS1S2
27731882813166736,IsTndSwizzle=1 requires SplitAxis=BN2S2 not BN2GS1S2
27731882813166992,IsTndSwizzle=1 requires SplitAxis=BN2S2 not BN2GS1S2
27731882813167248,IsTndSwizzle=1 requires SplitAxis=BN2S2 not BN2GS1S2
27731882813167504,IsTndSwizzle=1 requires SplitAxis=BN2S2 not BN2GS1S2
27731883350036624,DeterType=3 requires IsAttenMask=1 | IsTndSwizzle=1 requires SplitAxis=BN2S2 not BN2GS1S2
27731883350036880,DeterType=3 requires IsAttenMask=1 | IsTndSwizzle=1 requires SplitAxis=BN2S2 not BN2GS1S2
27731883350037136,DeterType=3 requires IsAttenMask=1 | IsTndSwizzle=1 requires SplitAxis=BN2S2 not BN2GS1S2
27731883350037392,DeterType=3 requires IsAttenMask=1 | IsTndSwizzle=1 requires SplitAxis=BN2S2 not BN2GS1S2
27731883350037648,IsTndSwizzle=1 requires SplitAxis=BN2S2 not BN2GS1S2
27731883350037904,IsTndSwizzle=1 requires SplitAxis=BN2S2 not BN2GS1S2
27731883350038160,IsTndSwizzle=1 requires SplitAxis=BN2S2 not BN2GS1S2
27731883350038416,IsTndSwizzle=1 requires SplitAxis=BN2S2 not BN2GS1S2
27731883886907536,DeterType=3 requires IsAttenMask=1 | IsTndSwizzle=1 requires SplitAxis=BN2S2 not BN2GS1S2
27731883886907792,DeterType=3 requires IsAttenMask=1 | IsTndSwizzle=1 requires SplitAxis=BN2S2 not BN2GS1S2
27731883886908048,DeterType=3 requires IsAttenMask=1 | IsTndSwizzle=1 requires SplitAxis=BN2S2 not BN2GS1S2
27731883886908304,DeterType=3 requires IsAttenMask=1 | IsTndSwizzle=1 requires SplitAxis=BN2S2 not BN2GS1S2
27731883886908560,IsTndSwizzle=1 requires SplitAxis=BN2S2 not BN2GS1S2
27731883886908816,IsTndSwizzle=1 requires SplitAxis=BN2S2 not BN2GS1S2
27731883886909072,IsTndSwizzle=1 requires SplitAxis=BN2S2 not BN2GS1S2
27731883886909328,IsTndSwizzle=1 requires SplitAxis=BN2S2 not BN2GS1S2
27731884423778448,DeterType=3 requires IsAttenMask=1 | IsTndSwizzle=1 requires SplitAxis=BN2S2 not BN2GS1S2
27731884423778704,DeterType=3 requires IsAttenMask=1 | IsTndSwizzle=1 requires SplitAxis=BN2S2 not BN2GS1S2
27731884423778960,DeterType=3 requires IsAttenMask=1 | IsTndSwizzle=1 requires SplitAxis=BN2S2 not BN2GS1S2
27731884423779216,DeterType=3 requires IsAttenMask=1 | IsTndSwizzle=1 requires SplitAxis=BN2S2 not BN2GS1S2
27731884423779472,IsTndSwizzle=1 requires SplitAxis=BN2S2 not BN2GS1S2
27731884423779728,IsTndSwizzle=1 requires SplitAxis=BN2S2 not BN2GS1S2
27731884423779984,IsTndSwizzle=1 requires SplitAxis=BN2S2 not BN2GS1S2
27731884423780240,IsTndSwizzle=1 requires SplitAxis=BN2S2 not BN2GS1S2
27731884960647312,DeterType=3 requires IsAttenMask=1 | IsTndSwizzle=1 requires SplitAxis=BN2S2 not BN2GS1S2
27731884960647568,DeterType=3 requires IsAttenMask=1 | IsTndSwizzle=1 requires SplitAxis=BN2S2 not BN2GS1S2
27731884960647824,DeterType=3 requires IsAttenMask=1 | IsTndSwizzle=1 requires SplitAxis=BN2S2 not BN2GS1S2
27731884960648080,DeterType=3 requires IsAttenMask=1 | IsTndSwizzle=1 requires SplitAxis=BN2S2 not BN2GS1S2
27731884960648336,IsTndSwizzle=1 requires SplitAxis=BN2S2 not BN2GS1S2
27731884960648592,IsTndSwizzle=1 requires SplitAxis=BN2S2 not BN2GS1S2
27731884960648848,IsTndSwizzle=1 requires SplitAxis=BN2S2 not BN2GS1S2
27731884960649104,IsTndSwizzle=1 requires SplitAxis=BN2S2 not BN2GS1S2
27731884960649360,DeterType=3 requires IsAttenMask=1 | FLOAT large-D forces S1TemplateNum=64 | IsTndSwizzle=1 requires SplitAxis=BN2S2 not BN2GS1S2
27731884960649616,DeterType=3 requires IsAttenMask=1 | FLOAT large-D forces S1TemplateNum=64 | IsTndSwizzle=1 requires SplitAxis=BN2S2 not BN2GS1S2
27731884960649872,DeterType=3 requires IsAttenMask=1 | FLOAT large-D forces S1TemplateNum=64 | IsTndSwizzle=1 requires SplitAxis=BN2S2 not BN2GS1S2
27731884960650128,DeterType=3 requires IsAttenMask=1 | FLOAT large-D forces S1TemplateNum=64 | IsTndSwizzle=1 requires SplitAxis=BN2S2 not BN2GS1S2
27731884960650384,FLOAT large-D forces S1TemplateNum=64 | IsTndSwizzle=1 requires SplitAxis=BN2S2 not BN2GS1S2
27731884960650640,FLOAT large-D forces S1TemplateNum=64 | IsTndSwizzle=1 requires SplitAxis=BN2S2 not BN2GS1S2
27731884960650896,FLOAT large-D forces S1TemplateNum=64 | IsTndSwizzle=1 requires SplitAxis=BN2S2 not BN2GS1S2
27731884960651152,FLOAT large-D forces S1TemplateNum=64 | IsTndSwizzle=1 requires SplitAxis=BN2S2 not BN2GS1S2
27734081836421264,DeterType=4 requires IsAttenMask=1 | IsTndSwizzle=1 requires SplitAxis=BN2S2 not BN2GS1S2
27734081836421520,DeterType=4 requires IsAttenMask=1 | IsTndSwizzle=1 requires SplitAxis=BN2S2 not BN2GS1S2
27734081836421776,DeterType=4 requires IsAttenMask=1 | IsTndSwizzle=1 requires SplitAxis=BN2S2 not BN2GS1S2
27734081836422032,DeterType=4 requires IsAttenMask=1 | IsTndSwizzle=1 requires SplitAxis=BN2S2 not BN2GS1S2
27734081836422288,IsTndSwizzle=1 requires SplitAxis=BN2S2 not BN2GS1S2
27734081836422544,IsTndSwizzle=1 requires SplitAxis=BN2S2 not BN2GS1S2
27734081836422800,IsTndSwizzle=1 requires SplitAxis=BN2S2 not BN2GS1S2
27734081836423056,IsTndSwizzle=1 requires SplitAxis=BN2S2 not BN2GS1S2
27734082373292176,DeterType=4 requires IsAttenMask=1 | IsTndSwizzle=1 requires SplitAxis=BN2S2 not BN2GS1S2
27734082373292432,DeterType=4 requires IsAttenMask=1 | IsTndSwizzle=1 requires SplitAxis=BN2S2 not BN2GS1S2
27734082373292688,DeterType=4 requires IsAttenMask=1 | IsTndSwizzle=1 requires SplitAxis=BN2S2 not BN2GS1S2
27734082373292944,DeterType=4 requires IsAttenMask=1 | IsTndSwizzle=1 requires SplitAxis=BN2S2 not BN2GS1S2
27734082373293200,IsTndSwizzle=1 requires SplitAxis=BN2S2 not BN2GS1S2
27734082373293456,IsTndSwizzle=1 requires SplitAxis=BN2S2 not BN2GS1S2
27734082373293712,IsTndSwizzle=1 requires SplitAxis=BN2S2 not BN2GS1S2
27734082373293968,IsTndSwizzle=1 requires SplitAxis=BN2S2 not BN2GS1S2
27734082910163088,DeterType=4 requires IsAttenMask=1 | IsTndSwizzle=1 requires SplitAxis=BN2S2 not BN2GS1S2
27734082910163344,DeterType=4 requires IsAttenMask=1 | IsTndSwizzle=1 requires SplitAxis=BN2S2 not BN2GS1S2
27734082910163600,DeterType=4 requires IsAttenMask=1 | IsTndSwizzle=1 requires SplitAxis=BN2S2 not BN2GS1S2
27734082910163856,DeterType=4 requires IsAttenMask=1 | IsTndSwizzle=1 requires SplitAxis=BN2S2 not BN2GS1S2
27734082910164112,IsTndSwizzle=1 requires SplitAxis=BN2S2 not BN2GS1S2
27734082910164368,IsTndSwizzle=1 requires SplitAxis=BN2S2 not BN2GS1S2
27734082910164624,IsTndSwizzle=1 requires SplitAxis=BN2S2 not BN2GS1S2
27734082910164880,IsTndSwizzle=1 requires SplitAxis=BN2S2 not BN2GS1S2
27734083447034000,DeterType=4 requires IsAttenMask=1 | IsTndSwizzle=1 requires SplitAxis=BN2S2 not BN2GS1S2
27734083447034256,DeterType=4 requires IsAttenMask=1 | IsTndSwizzle=1 requires SplitAxis=BN2S2 not BN2GS1S2
27734083447034512,DeterType=4 requires IsAttenMask=1 | IsTndSwizzle=1 requires SplitAxis=BN2S2 not BN2GS1S2
27734083447034768,DeterType=4 requires IsAttenMask=1 | IsTndSwizzle=1 requires SplitAxis=BN2S2 not BN2GS1S2
27734083447035024,IsTndSwizzle=1 requires SplitAxis=BN2S2 not BN2GS1S2
27734083447035280,IsTndSwizzle=1 requires SplitAxis=BN2S2 not BN2GS1S2
27734083447035536,IsTndSwizzle=1 requires SplitAxis=BN2S2 not BN2GS1S2
27734083447035792,IsTndSwizzle=1 requires SplitAxis=BN2S2 not BN2GS1S2
27734083983902864,DeterType=4 requires IsAttenMask=1 | IsTndSwizzle=1 requires SplitAxis=BN2S2 not BN2GS1S2
27734083983903120,DeterType=4 requires IsAttenMask=1 | IsTndSwizzle=1 requires SplitAxis=BN2S2 not BN2GS1S2
27734083983903376,DeterType=4 requires IsAttenMask=1 | IsTndSwizzle=1 requires SplitAxis=BN2S2 not BN2GS1S2
27734083983903632,DeterType=4 requires IsAttenMask=1 | IsTndSwizzle=1 requires SplitAxis=BN2S2 not BN2GS1S2
27734083983903888,IsTndSwizzle=1 requires SplitAxis=BN2S2 not BN2GS1S2
27734083983904144,IsTndSwizzle=1 requires SplitAxis=BN2S2 not BN2GS1S2
27734083983904400,IsTndSwizzle=1 requires SplitAxis=BN2S2 not BN2GS1S2
27734083983904656,IsTndSwizzle=1 requires SplitAxis=BN2S2 not BN2GS1S2
27734083983904912,DeterType=4 requires IsAttenMask=1 | FLOAT large-D forces S1TemplateNum=64 | IsTndSwizzle=1 requires SplitAxis=BN2S2 not BN2GS1S2
27734083983905168,DeterType=4 requires IsAttenMask=1 | FLOAT large-D forces S1TemplateNum=64 | IsTndSwizzle=1 requires SplitAxis=BN2S2 not BN2GS1S2
27734083983905424,DeterType=4 requires IsAttenMask=1 | FLOAT large-D forces S1TemplateNum=64 | IsTndSwizzle=1 requires SplitAxis=BN2S2 not BN2GS1S2
27734083983905680,DeterType=4 requires IsAttenMask=1 | FLOAT large-D forces S1TemplateNum=64 | IsTndSwizzle=1 requires SplitAxis=BN2S2 not BN2GS1S2
27734083983905936,FLOAT large-D forces S1TemplateNum=64 | IsTndSwizzle=1 requires SplitAxis=BN2S2 not BN2GS1S2
27734083983906192,FLOAT large-D forces S1TemplateNum=64 | IsTndSwizzle=1 requires SplitAxis=BN2S2 not BN2GS1S2
27734083983906448,FLOAT large-D forces S1TemplateNum=64 | IsTndSwizzle=1 requires SplitAxis=BN2S2 not BN2GS1S2
27734083983906704,FLOAT large-D forces S1TemplateNum=64 | IsTndSwizzle=1 requires SplitAxis=BN2S2 not BN2GS1S2
27764868161998992,IsTndSwizzle=1 requires SplitAxis=BN2S2 not BN2GS1S2
27764868161999248,IsTndSwizzle=1 requires SplitAxis=BN2S2 not BN2GS1S2
27764868161999504,IsTndSwizzle=1 requires SplitAxis=BN2S2 not BN2GS1S2
27764868161999760,IsTndSwizzle=1 requires SplitAxis=BN2S2 not BN2GS1S2
27764868162000016,IsTndSwizzle=1 requires SplitAxis=BN2S2 not BN2GS1S2
27764868162000272,IsTndSwizzle=1 requires SplitAxis=BN2S2 not BN2GS1S2
27764868162000528,IsTndSwizzle=1 requires SplitAxis=BN2S2 not BN2GS1S2
27764868162000784,IsTndSwizzle=1 requires SplitAxis=BN2S2 not BN2GS1S2
27764868698869904,IsTndSwizzle=1 requires SplitAxis=BN2S2 not BN2GS1S2
27764868698870160,IsTndSwizzle=1 requires SplitAxis=BN2S2 not BN2GS1S2
27764868698870416,IsTndSwizzle=1 requires SplitAxis=BN2S2 not BN2GS1S2
27764868698870672,IsTndSwizzle=1 requires SplitAxis=BN2S2 not BN2GS1S2
27764868698870928,IsTndSwizzle=1 requires SplitAxis=BN2S2 not BN2GS1S2
27764868698871184,IsTndSwizzle=1 requires SplitAxis=BN2S2 not BN2GS1S2
27764868698871440,IsTndSwizzle=1 requires SplitAxis=BN2S2 not BN2GS1S2
27764868698871696,IsTndSwizzle=1 requires SplitAxis=BN2S2 not BN2GS1S2
27764869235740816,IsTndSwizzle=1 requires SplitAxis=BN2S2 not BN2GS1S2
27764869235741072,IsTndSwizzle=1 requires SplitAxis=BN2S2 not BN2GS1S2
27764869235741328,IsTndSwizzle=1 requires SplitAxis=BN2S2 not BN2GS1S2
27764869235741584,IsTndSwizzle=1 requires SplitAxis=BN2S2 not BN2GS1S2
27764869235741840,IsTndSwizzle=1 requires SplitAxis=BN2S2 not BN2GS1S2
27764869235742096,IsTndSwizzle=1 requires SplitAxis=BN2S2 not BN2GS1S2
27764869235742352,IsTndSwizzle=1 requires SplitAxis=BN2S2 not BN2GS1S2
27764869235742608,IsTndSwizzle=1 requires SplitAxis=BN2S2 not BN2GS1S2
27764869772611728,IsTndSwizzle=1 requires SplitAxis=BN2S2 not BN2GS1S2
27764869772611984,IsTndSwizzle=1 requires SplitAxis=BN2S2 not BN2GS1S2
27764869772612240,IsTndSwizzle=1 requires SplitAxis=BN2S2 not BN2GS1S2
27764869772612496,IsTndSwizzle=1 requires SplitAxis=BN2S2 not BN2GS1S2
27764869772612752,IsTndSwizzle=1 requires SplitAxis=BN2S2 not BN2GS1S2
27764869772613008,IsTndSwizzle=1 requires SplitAxis=BN2S2 not BN2GS1S2
27764869772613264,IsTndSwizzle=1 requires SplitAxis=BN2S2 not BN2GS1S2
27764869772613520,IsTndSwizzle=1 requires SplitAxis=BN2S2 not BN2GS1S2
27764870309480592,IsTndSwizzle=1 requires SplitAxis=BN2S2 not BN2GS1S2
27764870309480848,IsTndSwizzle=1 requires SplitAxis=BN2S2 not BN2GS1S2
27764870309481104,IsTndSwizzle=1 requires SplitAxis=BN2S2 not BN2GS1S2
27764870309481360,IsTndSwizzle=1 requires SplitAxis=BN2S2 not BN2GS1S2
27764870309481616,IsTndSwizzle=1 requires SplitAxis=BN2S2 not BN2GS1S2
27764870309481872,IsTndSwizzle=1 requires SplitAxis=BN2S2 not BN2GS1S2
27764870309482128,IsTndSwizzle=1 requires SplitAxis=BN2S2 not BN2GS1S2
27764870309482384,IsTndSwizzle=1 requires SplitAxis=BN2S2 not BN2GS1S2
27764870309482640,FLOAT large-D forces S1TemplateNum=64 | IsTndSwizzle=1 requires SplitAxis=BN2S2 not BN2GS1S2
27764870309482896,FLOAT large-D forces S1TemplateNum=64 | IsTndSwizzle=1 requires SplitAxis=BN2S2 not BN2GS1S2
27764870309483152,FLOAT large-D forces S1TemplateNum=64 | IsTndSwizzle=1 requires SplitAxis=BN2S2 not BN2GS1S2
27764870309483408,FLOAT large-D forces S1TemplateNum=64 | IsTndSwizzle=1 requires SplitAxis=BN2S2 not BN2GS1S2
27764870309483664,FLOAT large-D forces S1TemplateNum=64 | IsTndSwizzle=1 requires SplitAxis=BN2S2 not BN2GS1S2
27764870309483920,FLOAT large-D forces S1TemplateNum=64 | IsTndSwizzle=1 requires SplitAxis=BN2S2 not BN2GS1S2
27764870309484176,FLOAT large-D forces S1TemplateNum=64 | IsTndSwizzle=1 requires SplitAxis=BN2S2 not BN2GS1S2
27764870309484432,FLOAT large-D forces S1TemplateNum=64 | IsTndSwizzle=1 requires SplitAxis=BN2S2 not BN2GS1S2
27767067185254544,DeterType=3 requires IsAttenMask=1 | IsTndSwizzle=1 requires SplitAxis=BN2S2 not BN2GS1S2
27767067185254800,DeterType=3 requires IsAttenMask=1 | IsTndSwizzle=1 requires SplitAxis=BN2S2 not BN2GS1S2
27767067185255056,DeterType=3 requires IsAttenMask=1 | IsTndSwizzle=1 requires SplitAxis=BN2S2 not BN2GS1S2
27767067185255312,DeterType=3 requires IsAttenMask=1 | IsTndSwizzle=1 requires SplitAxis=BN2S2 not BN2GS1S2
27767067185255568,IsTndSwizzle=1 requires SplitAxis=BN2S2 not BN2GS1S2
27767067185255824,IsTndSwizzle=1 requires SplitAxis=BN2S2 not BN2GS1S2
27767067185256080,IsTndSwizzle=1 requires SplitAxis=BN2S2 not BN2GS1S2
27767067185256336,IsTndSwizzle=1 requires SplitAxis=BN2S2 not BN2GS1S2
27767067722125456,DeterType=3 requires IsAttenMask=1 | IsTndSwizzle=1 requires SplitAxis=BN2S2 not BN2GS1S2
27767067722125712,DeterType=3 requires IsAttenMask=1 | IsTndSwizzle=1 requires SplitAxis=BN2S2 not BN2GS1S2
27767067722125968,DeterType=3 requires IsAttenMask=1 | IsTndSwizzle=1 requires SplitAxis=BN2S2 not BN2GS1S2
27767067722126224,DeterType=3 requires IsAttenMask=1 | IsTndSwizzle=1 requires SplitAxis=BN2S2 not BN2GS1S2
27767067722126480,IsTndSwizzle=1 requires SplitAxis=BN2S2 not BN2GS1S2
27767067722126736,IsTndSwizzle=1 requires SplitAxis=BN2S2 not BN2GS1S2
27767067722126992,IsTndSwizzle=1 requires SplitAxis=BN2S2 not BN2GS1S2
27767067722127248,IsTndSwizzle=1 requires SplitAxis=BN2S2 not BN2GS1S2
27767068258996368,DeterType=3 requires IsAttenMask=1 | IsTndSwizzle=1 requires SplitAxis=BN2S2 not BN2GS1S2
27767068258996624,DeterType=3 requires IsAttenMask=1 | IsTndSwizzle=1 requires SplitAxis=BN2S2 not BN2GS1S2
27767068258996880,DeterType=3 requires IsAttenMask=1 | IsTndSwizzle=1 requires SplitAxis=BN2S2 not BN2GS1S2
27767068258997136,DeterType=3 requires IsAttenMask=1 | IsTndSwizzle=1 requires SplitAxis=BN2S2 not BN2GS1S2
27767068258997392,IsTndSwizzle=1 requires SplitAxis=BN2S2 not BN2GS1S2
27767068258997648,IsTndSwizzle=1 requires SplitAxis=BN2S2 not BN2GS1S2
27767068258997904,IsTndSwizzle=1 requires SplitAxis=BN2S2 not BN2GS1S2
27767068258998160,IsTndSwizzle=1 requires SplitAxis=BN2S2 not BN2GS1S2
27767068795867280,DeterType=3 requires IsAttenMask=1 | IsTndSwizzle=1 requires SplitAxis=BN2S2 not BN2GS1S2
27767068795867536,DeterType=3 requires IsAttenMask=1 | IsTndSwizzle=1 requires SplitAxis=BN2S2 not BN2GS1S2
27767068795867792,DeterType=3 requires IsAttenMask=1 | IsTndSwizzle=1 requires SplitAxis=BN2S2 not BN2GS1S2
27767068795868048,DeterType=3 requires IsAttenMask=1 | IsTndSwizzle=1 requires SplitAxis=BN2S2 not BN2GS1S2
27767068795868304,IsTndSwizzle=1 requires SplitAxis=BN2S2 not BN2GS1S2
27767068795868560,IsTndSwizzle=1 requires SplitAxis=BN2S2 not BN2GS1S2
27767068795868816,IsTndSwizzle=1 requires SplitAxis=BN2S2 not BN2GS1S2
27767068795869072,IsTndSwizzle=1 requires SplitAxis=BN2S2 not BN2GS1S2
27767069332736144,DeterType=3 requires IsAttenMask=1 | IsTndSwizzle=1 requires SplitAxis=BN2S2 not BN2GS1S2
27767069332736400,DeterType=3 requires IsAttenMask=1 | IsTndSwizzle=1 requires SplitAxis=BN2S2 not BN2GS1S2
27767069332736656,DeterType=3 requires IsAttenMask=1 | IsTndSwizzle=1 requires SplitAxis=BN2S2 not BN2GS1S2
27767069332736912,DeterType=3 requires IsAttenMask=1 | IsTndSwizzle=1 requires SplitAxis=BN2S2 not BN2GS1S2
27767069332737168,IsTndSwizzle=1 requires SplitAxis=BN2S2 not BN2GS1S2
27767069332737424,IsTndSwizzle=1 requires SplitAxis=BN2S2 not BN2GS1S2
27767069332737680,IsTndSwizzle=1 requires SplitAxis=BN2S2 not BN2GS1S2
27767069332737936,IsTndSwizzle=1 requires SplitAxis=BN2S2 not BN2GS1S2
27767069332738192,DeterType=3 requires IsAttenMask=1 | FLOAT large-D forces S1TemplateNum=64 | IsTndSwizzle=1 requires SplitAxis=BN2S2 not BN2GS1S2
27767069332738448,DeterType=3 requires IsAttenMask=1 | FLOAT large-D forces S1TemplateNum=64 | IsTndSwizzle=1 requires SplitAxis=BN2S2 not BN2GS1S2
27767069332738704,DeterType=3 requires IsAttenMask=1 | FLOAT large-D forces S1TemplateNum=64 | IsTndSwizzle=1 requires SplitAxis=BN2S2 not BN2GS1S2
27767069332738960,DeterType=3 requires IsAttenMask=1 | FLOAT large-D forces S1TemplateNum=64 | IsTndSwizzle=1 requires SplitAxis=BN2S2 not BN2GS1S2
27767069332739216,FLOAT large-D forces S1TemplateNum=64 | IsTndSwizzle=1 requires SplitAxis=BN2S2 not BN2GS1S2
27767069332739472,FLOAT large-D forces S1TemplateNum=64 | IsTndSwizzle=1 requires SplitAxis=BN2S2 not BN2GS1S2
27767069332739728,FLOAT large-D forces S1TemplateNum=64 | IsTndSwizzle=1 requires SplitAxis=BN2S2 not BN2GS1S2
27767069332739984,FLOAT large-D forces S1TemplateNum=64 | IsTndSwizzle=1 requires SplitAxis=BN2S2 not BN2GS1S2
27769266208510096,DeterType=4 requires IsAttenMask=1 | IsTndSwizzle=1 requires SplitAxis=BN2S2 not BN2GS1S2
27769266208510352,DeterType=4 requires IsAttenMask=1 | IsTndSwizzle=1 requires SplitAxis=BN2S2 not BN2GS1S2
27769266208510608,DeterType=4 requires IsAttenMask=1 | IsTndSwizzle=1 requires SplitAxis=BN2S2 not BN2GS1S2
27769266208510864,DeterType=4 requires IsAttenMask=1 | IsTndSwizzle=1 requires SplitAxis=BN2S2 not BN2GS1S2
27769266208511120,IsTndSwizzle=1 requires SplitAxis=BN2S2 not BN2GS1S2
27769266208511376,IsTndSwizzle=1 requires SplitAxis=BN2S2 not BN2GS1S2
27769266208511632,IsTndSwizzle=1 requires SplitAxis=BN2S2 not BN2GS1S2
27769266208511888,IsTndSwizzle=1 requires SplitAxis=BN2S2 not BN2GS1S2
27769266745381008,DeterType=4 requires IsAttenMask=1 | IsTndSwizzle=1 requires SplitAxis=BN2S2 not BN2GS1S2
27769266745381264,DeterType=4 requires IsAttenMask=1 | IsTndSwizzle=1 requires SplitAxis=BN2S2 not BN2GS1S2
27769266745381520,DeterType=4 requires IsAttenMask=1 | IsTndSwizzle=1 requires SplitAxis=BN2S2 not BN2GS1S2
27769266745381776,DeterType=4 requires IsAttenMask=1 | IsTndSwizzle=1 requires SplitAxis=BN2S2 not BN2GS1S2
27769266745382032,IsTndSwizzle=1 requires SplitAxis=BN2S2 not BN2GS1S2
27769266745382288,IsTndSwizzle=1 requires SplitAxis=BN2S2 not BN2GS1S2
27769266745382544,IsTndSwizzle=1 requires SplitAxis=BN2S2 not BN2GS1S2
27769266745382800,IsTndSwizzle=1 requires SplitAxis=BN2S2 not BN2GS1S2
27769267282251920,DeterType=4 requires IsAttenMask=1 | IsTndSwizzle=1 requires SplitAxis=BN2S2 not BN2GS1S2
27769267282252176,DeterType=4 requires IsAttenMask=1 | IsTndSwizzle=1 requires SplitAxis=BN2S2 not BN2GS1S2
27769267282252432,DeterType=4 requires IsAttenMask=1 | IsTndSwizzle=1 requires SplitAxis=BN2S2 not BN2GS1S2
27769267282252688,DeterType=4 requires IsAttenMask=1 | IsTndSwizzle=1 requires SplitAxis=BN2S2 not BN2GS1S2
27769267282252944,IsTndSwizzle=1 requires SplitAxis=BN2S2 not BN2GS1S2
27769267282253200,IsTndSwizzle=1 requires SplitAxis=BN2S2 not BN2GS1S2
27769267282253456,IsTndSwizzle=1 requires SplitAxis=BN2S2 not BN2GS1S2
27769267282253712,IsTndSwizzle=1 requires SplitAxis=BN2S2 not BN2GS1S2
27769267819122832,DeterType=4 requires IsAttenMask=1 | IsTndSwizzle=1 requires SplitAxis=BN2S2 not BN2GS1S2
27769267819123088,DeterType=4 requires IsAttenMask=1 | IsTndSwizzle=1 requires SplitAxis=BN2S2 not BN2GS1S2
27769267819123344,DeterType=4 requires IsAttenMask=1 | IsTndSwizzle=1 requires SplitAxis=BN2S2 not BN2GS1S2
27769267819123600,DeterType=4 requires IsAttenMask=1 | IsTndSwizzle=1 requires SplitAxis=BN2S2 not BN2GS1S2
27769267819123856,IsTndSwizzle=1 requires SplitAxis=BN2S2 not BN2GS1S2
27769267819124112,IsTndSwizzle=1 requires SplitAxis=BN2S2 not BN2GS1S2
27769267819124368,IsTndSwizzle=1 requires SplitAxis=BN2S2 not BN2GS1S2
27769267819124624,IsTndSwizzle=1 requires SplitAxis=BN2S2 not BN2GS1S2
27769268355991696,DeterType=4 requires IsAttenMask=1 | IsTndSwizzle=1 requires SplitAxis=BN2S2 not BN2GS1S2
27769268355991952,DeterType=4 requires IsAttenMask=1 | IsTndSwizzle=1 requires SplitAxis=BN2S2 not BN2GS1S2
27769268355992208,DeterType=4 requires IsAttenMask=1 | IsTndSwizzle=1 requires SplitAxis=BN2S2 not BN2GS1S2
27769268355992464,DeterType=4 requires IsAttenMask=1 | IsTndSwizzle=1 requires SplitAxis=BN2S2 not BN2GS1S2
27769268355992720,IsTndSwizzle=1 requires SplitAxis=BN2S2 not BN2GS1S2
27769268355992976,IsTndSwizzle=1 requires SplitAxis=BN2S2 not BN2GS1S2
27769268355993232,IsTndSwizzle=1 requires SplitAxis=BN2S2 not BN2GS1S2
27769268355993488,IsTndSwizzle=1 requires SplitAxis=BN2S2 not BN2GS1S2
27769268355993744,DeterType=4 requires IsAttenMask=1 | FLOAT large-D forces S1TemplateNum=64 | IsTndSwizzle=1 requires SplitAxis=BN2S2 not BN2GS1S2
27769268355994000,DeterType=4 requires IsAttenMask=1 | FLOAT large-D forces S1TemplateNum=64 | IsTndSwizzle=1 requires SplitAxis=BN2S2 not BN2GS1S2
27769268355994256,DeterType=4 requires IsAttenMask=1 | FLOAT large-D forces S1TemplateNum=64 | IsTndSwizzle=1 requires SplitAxis=BN2S2 not BN2GS1S2
27769268355994512,DeterType=4 requires IsAttenMask=1 | FLOAT large-D forces S1TemplateNum=64 | IsTndSwizzle=1 requires SplitAxis=BN2S2 not BN2GS1S2
27769268355994768,FLOAT large-D forces S1TemplateNum=64 | IsTndSwizzle=1 requires SplitAxis=BN2S2 not BN2GS1S2
27769268355995024,FLOAT large-D forces S1TemplateNum=64 | IsTndSwizzle=1 requires SplitAxis=BN2S2 not BN2GS1S2
27769268355995280,FLOAT large-D forces S1TemplateNum=64 | IsTndSwizzle=1 requires SplitAxis=BN2S2 not BN2GS1S2
27769268355995536,FLOAT large-D forces S1TemplateNum=64 | IsTndSwizzle=1 requires SplitAxis=BN2S2 not BN2GS1S2
28147499282207140,BN2S2 with drop requires d<=128 not DTpl 192
28147499282207652,BN2S2 with drop requires d<=128 not DTpl 192
28147499282208164,BN2S2 with drop requires d<=128 not DTpl 192
28147499282208676,BN2S2 with drop requires d<=128 not DTpl 192
28147499819078052,BN2S2 with drop requires d<=128 not DTpl 256
28147499819078564,BN2S2 with drop requires d<=128 not DTpl 256
28147499819079076,BN2S2 with drop requires d<=128 not DTpl 256
28147499819079588,BN2S2 with drop requires d<=128 not DTpl 256
28147500355948964,BN2S2 with drop requires d<=128 not DTpl 768
28147500355949476,BN2S2 with drop requires d<=128 not DTpl 768
28147500355949988,BN2S2 with drop requires d<=128 not DTpl 768
28147500355950500,BN2S2 with drop requires d<=128 not DTpl 768
28151896254976160,IsTndSwizzle=1 requires SplitAxis=BN2S2 not BN2GS1S2
28151896254976416,IsTndSwizzle=1 requires SplitAxis=BN2S2 not BN2GS1S2
28151896254976672,IsTndSwizzle=1 requires SplitAxis=BN2S2 not BN2GS1S2
28151896254976928,IsTndSwizzle=1 requires SplitAxis=BN2S2 not BN2GS1S2
28151896254977184,IsTndSwizzle=1 requires SplitAxis=BN2S2 not BN2GS1S2
28151896254977440,IsTndSwizzle=1 requires SplitAxis=BN2S2 not BN2GS1S2
28151896254977696,IsTndSwizzle=1 requires SplitAxis=BN2S2 not BN2GS1S2
28151896254977952,IsTndSwizzle=1 requires SplitAxis=BN2S2 not BN2GS1S2
28151896791847072,IsTndSwizzle=1 requires SplitAxis=BN2S2 not BN2GS1S2
28151896791847328,IsTndSwizzle=1 requires SplitAxis=BN2S2 not BN2GS1S2
28151896791847584,IsTndSwizzle=1 requires SplitAxis=BN2S2 not BN2GS1S2
28151896791847840,IsTndSwizzle=1 requires SplitAxis=BN2S2 not BN2GS1S2
28151896791848096,IsTndSwizzle=1 requires SplitAxis=BN2S2 not BN2GS1S2
28151896791848352,IsTndSwizzle=1 requires SplitAxis=BN2S2 not BN2GS1S2
28151896791848608,IsTndSwizzle=1 requires SplitAxis=BN2S2 not BN2GS1S2
28151896791848864,IsTndSwizzle=1 requires SplitAxis=BN2S2 not BN2GS1S2
28151897328717984,IsTndSwizzle=1 requires SplitAxis=BN2S2 not BN2GS1S2
28151897328718240,IsTndSwizzle=1 requires SplitAxis=BN2S2 not BN2GS1S2
28151897328718496,IsTndSwizzle=1 requires SplitAxis=BN2S2 not BN2GS1S2
28151897328718752,IsTndSwizzle=1 requires SplitAxis=BN2S2 not BN2GS1S2
28151897328719008,IsTndSwizzle=1 requires SplitAxis=BN2S2 not BN2GS1S2
28151897328719264,IsTndSwizzle=1 requires SplitAxis=BN2S2 not BN2GS1S2
28151897328719520,IsTndSwizzle=1 requires SplitAxis=BN2S2 not BN2GS1S2
28151897328719776,IsTndSwizzle=1 requires SplitAxis=BN2S2 not BN2GS1S2
28151897865588896,IsTndSwizzle=1 requires SplitAxis=BN2S2 not BN2GS1S2
28151897865589152,IsTndSwizzle=1 requires SplitAxis=BN2S2 not BN2GS1S2
28151897865589408,IsTndSwizzle=1 requires SplitAxis=BN2S2 not BN2GS1S2
28151897865589664,IsTndSwizzle=1 requires SplitAxis=BN2S2 not BN2GS1S2
28151897865589920,IsTndSwizzle=1 requires SplitAxis=BN2S2 not BN2GS1S2
28151897865590176,IsTndSwizzle=1 requires SplitAxis=BN2S2 not BN2GS1S2
28151897865590432,IsTndSwizzle=1 requires SplitAxis=BN2S2 not BN2GS1S2
28151897865590688,IsTndSwizzle=1 requires SplitAxis=BN2S2 not BN2GS1S2
28151898402459808,IsTndSwizzle=1 requires SplitAxis=BN2S2 not BN2GS1S2
28151898402460064,IsTndSwizzle=1 requires SplitAxis=BN2S2 not BN2GS1S2
28151898402460320,IsTndSwizzle=1 requires SplitAxis=BN2S2 not BN2GS1S2
28151898402460576,IsTndSwizzle=1 requires SplitAxis=BN2S2 not BN2GS1S2
28151898402460832,IsTndSwizzle=1 requires SplitAxis=BN2S2 not BN2GS1S2
28151898402461088,IsTndSwizzle=1 requires SplitAxis=BN2S2 not BN2GS1S2
28151898402461344,IsTndSwizzle=1 requires SplitAxis=BN2S2 not BN2GS1S2
28151898402461600,IsTndSwizzle=1 requires SplitAxis=BN2S2 not BN2GS1S2
28154095278231712,DeterType=3 requires IsAttenMask=1 | IsTndSwizzle=1 requires SplitAxis=BN2S2 not BN2GS1S2
28154095278231968,DeterType=3 requires IsAttenMask=1 | IsTndSwizzle=1 requires SplitAxis=BN2S2 not BN2GS1S2
28154095278232224,DeterType=3 requires IsAttenMask=1 | IsTndSwizzle=1 requires SplitAxis=BN2S2 not BN2GS1S2
28154095278232480,DeterType=3 requires IsAttenMask=1 | IsTndSwizzle=1 requires SplitAxis=BN2S2 not BN2GS1S2
28154095278232736,IsTndSwizzle=1 requires SplitAxis=BN2S2 not BN2GS1S2
28154095278232992,IsTndSwizzle=1 requires SplitAxis=BN2S2 not BN2GS1S2
28154095278233248,IsTndSwizzle=1 requires SplitAxis=BN2S2 not BN2GS1S2
28154095278233504,IsTndSwizzle=1 requires SplitAxis=BN2S2 not BN2GS1S2
28154095815102624,DeterType=3 requires IsAttenMask=1 | IsTndSwizzle=1 requires SplitAxis=BN2S2 not BN2GS1S2
28154095815102880,DeterType=3 requires IsAttenMask=1 | IsTndSwizzle=1 requires SplitAxis=BN2S2 not BN2GS1S2
28154095815103136,DeterType=3 requires IsAttenMask=1 | IsTndSwizzle=1 requires SplitAxis=BN2S2 not BN2GS1S2
28154095815103392,DeterType=3 requires IsAttenMask=1 | IsTndSwizzle=1 requires SplitAxis=BN2S2 not BN2GS1S2
28154095815103648,IsTndSwizzle=1 requires SplitAxis=BN2S2 not BN2GS1S2
28154095815103904,IsTndSwizzle=1 requires SplitAxis=BN2S2 not BN2GS1S2
28154095815104160,IsTndSwizzle=1 requires SplitAxis=BN2S2 not BN2GS1S2
28154095815104416,IsTndSwizzle=1 requires SplitAxis=BN2S2 not BN2GS1S2
28154096351973536,DeterType=3 requires IsAttenMask=1 | IsTndSwizzle=1 requires SplitAxis=BN2S2 not BN2GS1S2
28154096351973792,DeterType=3 requires IsAttenMask=1 | IsTndSwizzle=1 requires SplitAxis=BN2S2 not BN2GS1S2
28154096351974048,DeterType=3 requires IsAttenMask=1 | IsTndSwizzle=1 requires SplitAxis=BN2S2 not BN2GS1S2
28154096351974304,DeterType=3 requires IsAttenMask=1 | IsTndSwizzle=1 requires SplitAxis=BN2S2 not BN2GS1S2
28154096351974560,IsTndSwizzle=1 requires SplitAxis=BN2S2 not BN2GS1S2
28154096351974816,IsTndSwizzle=1 requires SplitAxis=BN2S2 not BN2GS1S2
28154096351975072,IsTndSwizzle=1 requires SplitAxis=BN2S2 not BN2GS1S2
28154096351975328,IsTndSwizzle=1 requires SplitAxis=BN2S2 not BN2GS1S2
28154096888844448,DeterType=3 requires IsAttenMask=1 | IsTndSwizzle=1 requires SplitAxis=BN2S2 not BN2GS1S2
28154096888844704,DeterType=3 requires IsAttenMask=1 | IsTndSwizzle=1 requires SplitAxis=BN2S2 not BN2GS1S2
28154096888844960,DeterType=3 requires IsAttenMask=1 | IsTndSwizzle=1 requires SplitAxis=BN2S2 not BN2GS1S2
28154096888845216,DeterType=3 requires IsAttenMask=1 | IsTndSwizzle=1 requires SplitAxis=BN2S2 not BN2GS1S2
28154096888845472,IsTndSwizzle=1 requires SplitAxis=BN2S2 not BN2GS1S2
28154096888845728,IsTndSwizzle=1 requires SplitAxis=BN2S2 not BN2GS1S2
28154096888845984,IsTndSwizzle=1 requires SplitAxis=BN2S2 not BN2GS1S2
28154096888846240,IsTndSwizzle=1 requires SplitAxis=BN2S2 not BN2GS1S2
28154097425715360,DeterType=3 requires IsAttenMask=1 | IsTndSwizzle=1 requires SplitAxis=BN2S2 not BN2GS1S2
28154097425715616,DeterType=3 requires IsAttenMask=1 | IsTndSwizzle=1 requires SplitAxis=BN2S2 not BN2GS1S2
28154097425715872,DeterType=3 requires IsAttenMask=1 | IsTndSwizzle=1 requires SplitAxis=BN2S2 not BN2GS1S2
28154097425716128,DeterType=3 requires IsAttenMask=1 | IsTndSwizzle=1 requires SplitAxis=BN2S2 not BN2GS1S2
28154097425716384,IsTndSwizzle=1 requires SplitAxis=BN2S2 not BN2GS1S2
28154097425716640,IsTndSwizzle=1 requires SplitAxis=BN2S2 not BN2GS1S2
28154097425716896,IsTndSwizzle=1 requires SplitAxis=BN2S2 not BN2GS1S2
28154097425717152,IsTndSwizzle=1 requires SplitAxis=BN2S2 not BN2GS1S2
28156294301487264,DeterType=4 requires IsAttenMask=1 | IsTndSwizzle=1 requires SplitAxis=BN2S2 not BN2GS1S2
28156294301487520,DeterType=4 requires IsAttenMask=1 | IsTndSwizzle=1 requires SplitAxis=BN2S2 not BN2GS1S2
28156294301487776,DeterType=4 requires IsAttenMask=1 | IsTndSwizzle=1 requires SplitAxis=BN2S2 not BN2GS1S2
28156294301488032,DeterType=4 requires IsAttenMask=1 | IsTndSwizzle=1 requires SplitAxis=BN2S2 not BN2GS1S2
28156294301488288,IsTndSwizzle=1 requires SplitAxis=BN2S2 not BN2GS1S2
28156294301488544,IsTndSwizzle=1 requires SplitAxis=BN2S2 not BN2GS1S2
28156294301488800,IsTndSwizzle=1 requires SplitAxis=BN2S2 not BN2GS1S2
28156294301489056,IsTndSwizzle=1 requires SplitAxis=BN2S2 not BN2GS1S2
28156294838358176,DeterType=4 requires IsAttenMask=1 | IsTndSwizzle=1 requires SplitAxis=BN2S2 not BN2GS1S2
28156294838358432,DeterType=4 requires IsAttenMask=1 | IsTndSwizzle=1 requires SplitAxis=BN2S2 not BN2GS1S2
28156294838358688,DeterType=4 requires IsAttenMask=1 | IsTndSwizzle=1 requires SplitAxis=BN2S2 not BN2GS1S2
28156294838358944,DeterType=4 requires IsAttenMask=1 | IsTndSwizzle=1 requires SplitAxis=BN2S2 not BN2GS1S2
28156294838359200,IsTndSwizzle=1 requires SplitAxis=BN2S2 not BN2GS1S2
28156294838359456,IsTndSwizzle=1 requires SplitAxis=BN2S2 not BN2GS1S2
28156294838359712,IsTndSwizzle=1 requires SplitAxis=BN2S2 not BN2GS1S2
28156294838359968,IsTndSwizzle=1 requires SplitAxis=BN2S2 not BN2GS1S2
28156295375229088,DeterType=4 requires IsAttenMask=1 | IsTndSwizzle=1 requires SplitAxis=BN2S2 not BN2GS1S2
28156295375229344,DeterType=4 requires IsAttenMask=1 | IsTndSwizzle=1 requires SplitAxis=BN2S2 not BN2GS1S2
28156295375229600,DeterType=4 requires IsAttenMask=1 | IsTndSwizzle=1 requires SplitAxis=BN2S2 not BN2GS1S2
28156295375229856,DeterType=4 requires IsAttenMask=1 | IsTndSwizzle=1 requires SplitAxis=BN2S2 not BN2GS1S2
28156295375230112,IsTndSwizzle=1 requires SplitAxis=BN2S2 not BN2GS1S2
28156295375230368,IsTndSwizzle=1 requires SplitAxis=BN2S2 not BN2GS1S2
28156295375230624,IsTndSwizzle=1 requires SplitAxis=BN2S2 not BN2GS1S2
28156295375230880,IsTndSwizzle=1 requires SplitAxis=BN2S2 not BN2GS1S2
28156295912100000,DeterType=4 requires IsAttenMask=1 | IsTndSwizzle=1 requires SplitAxis=BN2S2 not BN2GS1S2
28156295912100256,DeterType=4 requires IsAttenMask=1 | IsTndSwizzle=1 requires SplitAxis=BN2S2 not BN2GS1S2
28156295912100512,DeterType=4 requires IsAttenMask=1 | IsTndSwizzle=1 requires SplitAxis=BN2S2 not BN2GS1S2
28156295912100768,DeterType=4 requires IsAttenMask=1 | IsTndSwizzle=1 requires SplitAxis=BN2S2 not BN2GS1S2
28156295912101024,IsTndSwizzle=1 requires SplitAxis=BN2S2 not BN2GS1S2
28156295912101280,IsTndSwizzle=1 requires SplitAxis=BN2S2 not BN2GS1S2
28156295912101536,IsTndSwizzle=1 requires SplitAxis=BN2S2 not BN2GS1S2
28156295912101792,IsTndSwizzle=1 requires SplitAxis=BN2S2 not BN2GS1S2
28156296448970912,DeterType=4 requires IsAttenMask=1 | IsTndSwizzle=1 requires SplitAxis=BN2S2 not BN2GS1S2
28156296448971168,DeterType=4 requires IsAttenMask=1 | IsTndSwizzle=1 requires SplitAxis=BN2S2 not BN2GS1S2
28156296448971424,DeterType=4 requires IsAttenMask=1 | IsTndSwizzle=1 requires SplitAxis=BN2S2 not BN2GS1S2
28156296448971680,DeterType=4 requires IsAttenMask=1 | IsTndSwizzle=1 requires SplitAxis=BN2S2 not BN2GS1S2
28156296448971936,IsTndSwizzle=1 requires SplitAxis=BN2S2 not BN2GS1S2
28156296448972192,IsTndSwizzle=1 requires SplitAxis=BN2S2 not BN2GS1S2
28156296448972448,IsTndSwizzle=1 requires SplitAxis=BN2S2 not BN2GS1S2
28156296448972704,IsTndSwizzle=1 requires SplitAxis=BN2S2 not BN2GS1S2
28187080627064992,IsTndSwizzle=1 requires SplitAxis=BN2S2 not BN2GS1S2
28187080627065248,IsTndSwizzle=1 requires SplitAxis=BN2S2 not BN2GS1S2
28187080627065504,IsTndSwizzle=1 requires SplitAxis=BN2S2 not BN2GS1S2
28187080627065760,IsTndSwizzle=1 requires SplitAxis=BN2S2 not BN2GS1S2
28187080627066016,IsTndSwizzle=1 requires SplitAxis=BN2S2 not BN2GS1S2
28187080627066272,IsTndSwizzle=1 requires SplitAxis=BN2S2 not BN2GS1S2
28187080627066528,IsTndSwizzle=1 requires SplitAxis=BN2S2 not BN2GS1S2
28187080627066784,IsTndSwizzle=1 requires SplitAxis=BN2S2 not BN2GS1S2
28187081163935904,IsTndSwizzle=1 requires SplitAxis=BN2S2 not BN2GS1S2
28187081163936160,IsTndSwizzle=1 requires SplitAxis=BN2S2 not BN2GS1S2
28187081163936416,IsTndSwizzle=1 requires SplitAxis=BN2S2 not BN2GS1S2
28187081163936672,IsTndSwizzle=1 requires SplitAxis=BN2S2 not BN2GS1S2
28187081163936928,IsTndSwizzle=1 requires SplitAxis=BN2S2 not BN2GS1S2
28187081163937184,IsTndSwizzle=1 requires SplitAxis=BN2S2 not BN2GS1S2
28187081163937440,IsTndSwizzle=1 requires SplitAxis=BN2S2 not BN2GS1S2
28187081163937696,IsTndSwizzle=1 requires SplitAxis=BN2S2 not BN2GS1S2
28187081700806816,IsTndSwizzle=1 requires SplitAxis=BN2S2 not BN2GS1S2
28187081700807072,IsTndSwizzle=1 requires SplitAxis=BN2S2 not BN2GS1S2
28187081700807328,IsTndSwizzle=1 requires SplitAxis=BN2S2 not BN2GS1S2
28187081700807584,IsTndSwizzle=1 requires SplitAxis=BN2S2 not BN2GS1S2
28187081700807840,IsTndSwizzle=1 requires SplitAxis=BN2S2 not BN2GS1S2
28187081700808096,IsTndSwizzle=1 requires SplitAxis=BN2S2 not BN2GS1S2
28187081700808352,IsTndSwizzle=1 requires SplitAxis=BN2S2 not BN2GS1S2
28187081700808608,IsTndSwizzle=1 requires SplitAxis=BN2S2 not BN2GS1S2
28187082237677728,IsTndSwizzle=1 requires SplitAxis=BN2S2 not BN2GS1S2
28187082237677984,IsTndSwizzle=1 requires SplitAxis=BN2S2 not BN2GS1S2
28187082237678240,IsTndSwizzle=1 requires SplitAxis=BN2S2 not BN2GS1S2
28187082237678496,IsTndSwizzle=1 requires SplitAxis=BN2S2 not BN2GS1S2
28187082237678752,IsTndSwizzle=1 requires SplitAxis=BN2S2 not BN2GS1S2
28187082237679008,IsTndSwizzle=1 requires SplitAxis=BN2S2 not BN2GS1S2
28187082237679264,IsTndSwizzle=1 requires SplitAxis=BN2S2 not BN2GS1S2
28187082237679520,IsTndSwizzle=1 requires SplitAxis=BN2S2 not BN2GS1S2
28187082774548640,IsTndSwizzle=1 requires SplitAxis=BN2S2 not BN2GS1S2
28187082774548896,IsTndSwizzle=1 requires SplitAxis=BN2S2 not BN2GS1S2
28187082774549152,IsTndSwizzle=1 requires SplitAxis=BN2S2 not BN2GS1S2
28187082774549408,IsTndSwizzle=1 requires SplitAxis=BN2S2 not BN2GS1S2
28187082774549664,IsTndSwizzle=1 requires SplitAxis=BN2S2 not BN2GS1S2
28187082774549920,IsTndSwizzle=1 requires SplitAxis=BN2S2 not BN2GS1S2
28187082774550176,IsTndSwizzle=1 requires SplitAxis=BN2S2 not BN2GS1S2
28187082774550432,IsTndSwizzle=1 requires SplitAxis=BN2S2 not BN2GS1S2
28189279650320544,DeterType=3 requires IsAttenMask=1 | IsTndSwizzle=1 requires SplitAxis=BN2S2 not BN2GS1S2
28189279650320800,DeterType=3 requires IsAttenMask=1 | IsTndSwizzle=1 requires SplitAxis=BN2S2 not BN2GS1S2
28189279650321056,DeterType=3 requires IsAttenMask=1 | IsTndSwizzle=1 requires SplitAxis=BN2S2 not BN2GS1S2
28189279650321312,DeterType=3 requires IsAttenMask=1 | IsTndSwizzle=1 requires SplitAxis=BN2S2 not BN2GS1S2
28189279650321568,IsTndSwizzle=1 requires SplitAxis=BN2S2 not BN2GS1S2
28189279650321824,IsTndSwizzle=1 requires SplitAxis=BN2S2 not BN2GS1S2
28189279650322080,IsTndSwizzle=1 requires SplitAxis=BN2S2 not BN2GS1S2
28189279650322336,IsTndSwizzle=1 requires SplitAxis=BN2S2 not BN2GS1S2
28189280187191456,DeterType=3 requires IsAttenMask=1 | IsTndSwizzle=1 requires SplitAxis=BN2S2 not BN2GS1S2
28189280187191712,DeterType=3 requires IsAttenMask=1 | IsTndSwizzle=1 requires SplitAxis=BN2S2 not BN2GS1S2
28189280187191968,DeterType=3 requires IsAttenMask=1 | IsTndSwizzle=1 requires SplitAxis=BN2S2 not BN2GS1S2
28189280187192224,DeterType=3 requires IsAttenMask=1 | IsTndSwizzle=1 requires SplitAxis=BN2S2 not BN2GS1S2
28189280187192480,IsTndSwizzle=1 requires SplitAxis=BN2S2 not BN2GS1S2
28189280187192736,IsTndSwizzle=1 requires SplitAxis=BN2S2 not BN2GS1S2
28189280187192992,IsTndSwizzle=1 requires SplitAxis=BN2S2 not BN2GS1S2
28189280187193248,IsTndSwizzle=1 requires SplitAxis=BN2S2 not BN2GS1S2
28189280724062368,DeterType=3 requires IsAttenMask=1 | IsTndSwizzle=1 requires SplitAxis=BN2S2 not BN2GS1S2
28189280724062624,DeterType=3 requires IsAttenMask=1 | IsTndSwizzle=1 requires SplitAxis=BN2S2 not BN2GS1S2
28189280724062880,DeterType=3 requires IsAttenMask=1 | IsTndSwizzle=1 requires SplitAxis=BN2S2 not BN2GS1S2
28189280724063136,DeterType=3 requires IsAttenMask=1 | IsTndSwizzle=1 requires SplitAxis=BN2S2 not BN2GS1S2
28189280724063392,IsTndSwizzle=1 requires SplitAxis=BN2S2 not BN2GS1S2
28189280724063648,IsTndSwizzle=1 requires SplitAxis=BN2S2 not BN2GS1S2
28189280724063904,IsTndSwizzle=1 requires SplitAxis=BN2S2 not BN2GS1S2
28189280724064160,IsTndSwizzle=1 requires SplitAxis=BN2S2 not BN2GS1S2
28189281260933280,DeterType=3 requires IsAttenMask=1 | IsTndSwizzle=1 requires SplitAxis=BN2S2 not BN2GS1S2
28189281260933536,DeterType=3 requires IsAttenMask=1 | IsTndSwizzle=1 requires SplitAxis=BN2S2 not BN2GS1S2
28189281260933792,DeterType=3 requires IsAttenMask=1 | IsTndSwizzle=1 requires SplitAxis=BN2S2 not BN2GS1S2
28189281260934048,DeterType=3 requires IsAttenMask=1 | IsTndSwizzle=1 requires SplitAxis=BN2S2 not BN2GS1S2
28189281260934304,IsTndSwizzle=1 requires SplitAxis=BN2S2 not BN2GS1S2
28189281260934560,IsTndSwizzle=1 requires SplitAxis=BN2S2 not BN2GS1S2
28189281260934816,IsTndSwizzle=1 requires SplitAxis=BN2S2 not BN2GS1S2
28189281260935072,IsTndSwizzle=1 requires SplitAxis=BN2S2 not BN2GS1S2
28189281797804192,DeterType=3 requires IsAttenMask=1 | IsTndSwizzle=1 requires SplitAxis=BN2S2 not BN2GS1S2
28189281797804448,DeterType=3 requires IsAttenMask=1 | IsTndSwizzle=1 requires SplitAxis=BN2S2 not BN2GS1S2
28189281797804704,DeterType=3 requires IsAttenMask=1 | IsTndSwizzle=1 requires SplitAxis=BN2S2 not BN2GS1S2
28189281797804960,DeterType=3 requires IsAttenMask=1 | IsTndSwizzle=1 requires SplitAxis=BN2S2 not BN2GS1S2
28189281797805216,IsTndSwizzle=1 requires SplitAxis=BN2S2 not BN2GS1S2
28189281797805472,IsTndSwizzle=1 requires SplitAxis=BN2S2 not BN2GS1S2
28189281797805728,IsTndSwizzle=1 requires SplitAxis=BN2S2 not BN2GS1S2
28189281797805984,IsTndSwizzle=1 requires SplitAxis=BN2S2 not BN2GS1S2
28191478673576096,DeterType=4 requires IsAttenMask=1 | IsTndSwizzle=1 requires SplitAxis=BN2S2 not BN2GS1S2
28191478673576352,DeterType=4 requires IsAttenMask=1 | IsTndSwizzle=1 requires SplitAxis=BN2S2 not BN2GS1S2
28191478673576608,DeterType=4 requires IsAttenMask=1 | IsTndSwizzle=1 requires SplitAxis=BN2S2 not BN2GS1S2
28191478673576864,DeterType=4 requires IsAttenMask=1 | IsTndSwizzle=1 requires SplitAxis=BN2S2 not BN2GS1S2
28191478673577120,IsTndSwizzle=1 requires SplitAxis=BN2S2 not BN2GS1S2
28191478673577376,IsTndSwizzle=1 requires SplitAxis=BN2S2 not BN2GS1S2
28191478673577632,IsTndSwizzle=1 requires SplitAxis=BN2S2 not BN2GS1S2
28191478673577888,IsTndSwizzle=1 requires SplitAxis=BN2S2 not BN2GS1S2
28191479210447008,DeterType=4 requires IsAttenMask=1 | IsTndSwizzle=1 requires SplitAxis=BN2S2 not BN2GS1S2
28191479210447264,DeterType=4 requires IsAttenMask=1 | IsTndSwizzle=1 requires SplitAxis=BN2S2 not BN2GS1S2
28191479210447520,DeterType=4 requires IsAttenMask=1 | IsTndSwizzle=1 requires SplitAxis=BN2S2 not BN2GS1S2
28191479210447776,DeterType=4 requires IsAttenMask=1 | IsTndSwizzle=1 requires SplitAxis=BN2S2 not BN2GS1S2
28191479210448032,IsTndSwizzle=1 requires SplitAxis=BN2S2 not BN2GS1S2
28191479210448288,IsTndSwizzle=1 requires SplitAxis=BN2S2 not BN2GS1S2
28191479210448544,IsTndSwizzle=1 requires SplitAxis=BN2S2 not BN2GS1S2
28191479210448800,IsTndSwizzle=1 requires SplitAxis=BN2S2 not BN2GS1S2
28191479747317920,DeterType=4 requires IsAttenMask=1 | IsTndSwizzle=1 requires SplitAxis=BN2S2 not BN2GS1S2
28191479747318176,DeterType=4 requires IsAttenMask=1 | IsTndSwizzle=1 requires SplitAxis=BN2S2 not BN2GS1S2
28191479747318432,DeterType=4 requires IsAttenMask=1 | IsTndSwizzle=1 requires SplitAxis=BN2S2 not BN2GS1S2
28191479747318688,DeterType=4 requires IsAttenMask=1 | IsTndSwizzle=1 requires SplitAxis=BN2S2 not BN2GS1S2
28191479747318944,IsTndSwizzle=1 requires SplitAxis=BN2S2 not BN2GS1S2
28191479747319200,IsTndSwizzle=1 requires SplitAxis=BN2S2 not BN2GS1S2
28191479747319456,IsTndSwizzle=1 requires SplitAxis=BN2S2 not BN2GS1S2
28191479747319712,IsTndSwizzle=1 requires SplitAxis=BN2S2 not BN2GS1S2
28191480284188832,DeterType=4 requires IsAttenMask=1 | IsTndSwizzle=1 requires SplitAxis=BN2S2 not BN2GS1S2
28191480284189088,DeterType=4 requires IsAttenMask=1 | IsTndSwizzle=1 requires SplitAxis=BN2S2 not BN2GS1S2
28191480284189344,DeterType=4 requires IsAttenMask=1 | IsTndSwizzle=1 requires SplitAxis=BN2S2 not BN2GS1S2
28191480284189600,DeterType=4 requires IsAttenMask=1 | IsTndSwizzle=1 requires SplitAxis=BN2S2 not BN2GS1S2
28191480284189856,IsTndSwizzle=1 requires SplitAxis=BN2S2 not BN2GS1S2
28191480284190112,IsTndSwizzle=1 requires SplitAxis=BN2S2 not BN2GS1S2
28191480284190368,IsTndSwizzle=1 requires SplitAxis=BN2S2 not BN2GS1S2
28191480284190624,IsTndSwizzle=1 requires SplitAxis=BN2S2 not BN2GS1S2
28191480821059744,DeterType=4 requires IsAttenMask=1 | IsTndSwizzle=1 requires SplitAxis=BN2S2 not BN2GS1S2
28191480821060000,DeterType=4 requires IsAttenMask=1 | IsTndSwizzle=1 requires SplitAxis=BN2S2 not BN2GS1S2
28191480821060256,DeterType=4 requires IsAttenMask=1 | IsTndSwizzle=1 requires SplitAxis=BN2S2 not BN2GS1S2
28191480821060512,DeterType=4 requires IsAttenMask=1 | IsTndSwizzle=1 requires SplitAxis=BN2S2 not BN2GS1S2
28191480821060768,IsTndSwizzle=1 requires SplitAxis=BN2S2 not BN2GS1S2
28191480821061024,IsTndSwizzle=1 requires SplitAxis=BN2S2 not BN2GS1S2
28191480821061280,IsTndSwizzle=1 requires SplitAxis=BN2S2 not BN2GS1S2
28191480821061536,IsTndSwizzle=1 requires SplitAxis=BN2S2 not BN2GS1S2
28288236770562468,BN2S2 with drop requires d<=128 not DTpl 192
28288236770562980,BN2S2 with drop requires d<=128 not DTpl 192
28288236770563492,BN2S2 with drop requires d<=128 not DTpl 192
28288236770564004,BN2S2 with drop requires d<=128 not DTpl 192
28288237307433380,BN2S2 with drop requires d<=128 not DTpl 256
28288237307433892,BN2S2 with drop requires d<=128 not DTpl 256
28288237307434404,BN2S2 with drop requires d<=128 not DTpl 256
28288237307434916,BN2S2 with drop requires d<=128 not DTpl 256
28288237844304292,BN2S2 with drop requires d<=128 not DTpl 768
28288237844304804,BN2S2 with drop requires d<=128 not DTpl 768
28288237844305316,BN2S2 with drop requires d<=128 not DTpl 768
28288237844305828,BN2S2 with drop requires d<=128 not DTpl 768
28292633743331488,IsTndSwizzle=1 requires SplitAxis=BN2S2 not BN2GS1S2
28292633743331744,IsTndSwizzle=1 requires SplitAxis=BN2S2 not BN2GS1S2
28292633743332000,IsTndSwizzle=1 requires SplitAxis=BN2S2 not BN2GS1S2
28292633743332256,IsTndSwizzle=1 requires SplitAxis=BN2S2 not BN2GS1S2
28292633743332512,IsTndSwizzle=1 requires SplitAxis=BN2S2 not BN2GS1S2
28292633743332768,IsTndSwizzle=1 requires SplitAxis=BN2S2 not BN2GS1S2
28292633743333024,IsTndSwizzle=1 requires SplitAxis=BN2S2 not BN2GS1S2
28292633743333280,IsTndSwizzle=1 requires SplitAxis=BN2S2 not BN2GS1S2
28292634280202400,IsTndSwizzle=1 requires SplitAxis=BN2S2 not BN2GS1S2
28292634280202656,IsTndSwizzle=1 requires SplitAxis=BN2S2 not BN2GS1S2
28292634280202912,IsTndSwizzle=1 requires SplitAxis=BN2S2 not BN2GS1S2
28292634280203168,IsTndSwizzle=1 requires SplitAxis=BN2S2 not BN2GS1S2
28292634280203424,IsTndSwizzle=1 requires SplitAxis=BN2S2 not BN2GS1S2
28292634280203680,IsTndSwizzle=1 requires SplitAxis=BN2S2 not BN2GS1S2
28292634280203936,IsTndSwizzle=1 requires SplitAxis=BN2S2 not BN2GS1S2
28292634280204192,IsTndSwizzle=1 requires SplitAxis=BN2S2 not BN2GS1S2
28292634817073312,IsTndSwizzle=1 requires SplitAxis=BN2S2 not BN2GS1S2
28292634817073568,IsTndSwizzle=1 requires SplitAxis=BN2S2 not BN2GS1S2
28292634817073824,IsTndSwizzle=1 requires SplitAxis=BN2S2 not BN2GS1S2
28292634817074080,IsTndSwizzle=1 requires SplitAxis=BN2S2 not BN2GS1S2
28292634817074336,IsTndSwizzle=1 requires SplitAxis=BN2S2 not BN2GS1S2
28292634817074592,IsTndSwizzle=1 requires SplitAxis=BN2S2 not BN2GS1S2
28292634817074848,IsTndSwizzle=1 requires SplitAxis=BN2S2 not BN2GS1S2
28292634817075104,IsTndSwizzle=1 requires SplitAxis=BN2S2 not BN2GS1S2
28292635353944224,IsTndSwizzle=1 requires SplitAxis=BN2S2 not BN2GS1S2
28292635353944480,IsTndSwizzle=1 requires SplitAxis=BN2S2 not BN2GS1S2
28292635353944736,IsTndSwizzle=1 requires SplitAxis=BN2S2 not BN2GS1S2
28292635353944992,IsTndSwizzle=1 requires SplitAxis=BN2S2 not BN2GS1S2
28292635353945248,IsTndSwizzle=1 requires SplitAxis=BN2S2 not BN2GS1S2
28292635353945504,IsTndSwizzle=1 requires SplitAxis=BN2S2 not BN2GS1S2
28292635353945760,IsTndSwizzle=1 requires SplitAxis=BN2S2 not BN2GS1S2
28292635353946016,IsTndSwizzle=1 requires SplitAxis=BN2S2 not BN2GS1S2
28292635890815136,IsTndSwizzle=1 requires SplitAxis=BN2S2 not BN2GS1S2
28292635890815392,IsTndSwizzle=1 requires SplitAxis=BN2S2 not BN2GS1S2
28292635890815648,IsTndSwizzle=1 requires SplitAxis=BN2S2 not BN2GS1S2
28292635890815904,IsTndSwizzle=1 requires SplitAxis=BN2S2 not BN2GS1S2
28292635890816160,IsTndSwizzle=1 requires SplitAxis=BN2S2 not BN2GS1S2
28292635890816416,IsTndSwizzle=1 requires SplitAxis=BN2S2 not BN2GS1S2
28292635890816672,IsTndSwizzle=1 requires SplitAxis=BN2S2 not BN2GS1S2
28292635890816928,IsTndSwizzle=1 requires SplitAxis=BN2S2 not BN2GS1S2
28294832766587040,DeterType=3 requires IsAttenMask=1 | IsTndSwizzle=1 requires SplitAxis=BN2S2 not BN2GS1S2
28294832766587296,DeterType=3 requires IsAttenMask=1 | IsTndSwizzle=1 requires SplitAxis=BN2S2 not BN2GS1S2
28294832766587552,DeterType=3 requires IsAttenMask=1 | IsTndSwizzle=1 requires SplitAxis=BN2S2 not BN2GS1S2
28294832766587808,DeterType=3 requires IsAttenMask=1 | IsTndSwizzle=1 requires SplitAxis=BN2S2 not BN2GS1S2
28294832766588064,IsTndSwizzle=1 requires SplitAxis=BN2S2 not BN2GS1S2
28294832766588320,IsTndSwizzle=1 requires SplitAxis=BN2S2 not BN2GS1S2
28294832766588576,IsTndSwizzle=1 requires SplitAxis=BN2S2 not BN2GS1S2
28294832766588832,IsTndSwizzle=1 requires SplitAxis=BN2S2 not BN2GS1S2
28294833303457952,DeterType=3 requires IsAttenMask=1 | IsTndSwizzle=1 requires SplitAxis=BN2S2 not BN2GS1S2
28294833303458208,DeterType=3 requires IsAttenMask=1 | IsTndSwizzle=1 requires SplitAxis=BN2S2 not BN2GS1S2
28294833303458464,DeterType=3 requires IsAttenMask=1 | IsTndSwizzle=1 requires SplitAxis=BN2S2 not BN2GS1S2
28294833303458720,DeterType=3 requires IsAttenMask=1 | IsTndSwizzle=1 requires SplitAxis=BN2S2 not BN2GS1S2
28294833303458976,IsTndSwizzle=1 requires SplitAxis=BN2S2 not BN2GS1S2
28294833303459232,IsTndSwizzle=1 requires SplitAxis=BN2S2 not BN2GS1S2
28294833303459488,IsTndSwizzle=1 requires SplitAxis=BN2S2 not BN2GS1S2
28294833303459744,IsTndSwizzle=1 requires SplitAxis=BN2S2 not BN2GS1S2
28294833840328864,DeterType=3 requires IsAttenMask=1 | IsTndSwizzle=1 requires SplitAxis=BN2S2 not BN2GS1S2
28294833840329120,DeterType=3 requires IsAttenMask=1 | IsTndSwizzle=1 requires SplitAxis=BN2S2 not BN2GS1S2
28294833840329376,DeterType=3 requires IsAttenMask=1 | IsTndSwizzle=1 requires SplitAxis=BN2S2 not BN2GS1S2
28294833840329632,DeterType=3 requires IsAttenMask=1 | IsTndSwizzle=1 requires SplitAxis=BN2S2 not BN2GS1S2
28294833840329888,IsTndSwizzle=1 requires SplitAxis=BN2S2 not BN2GS1S2
28294833840330144,IsTndSwizzle=1 requires SplitAxis=BN2S2 not BN2GS1S2
28294833840330400,IsTndSwizzle=1 requires SplitAxis=BN2S2 not BN2GS1S2
28294833840330656,IsTndSwizzle=1 requires SplitAxis=BN2S2 not BN2GS1S2
28294834377199776,DeterType=3 requires IsAttenMask=1 | IsTndSwizzle=1 requires SplitAxis=BN2S2 not BN2GS1S2
28294834377200032,DeterType=3 requires IsAttenMask=1 | IsTndSwizzle=1 requires SplitAxis=BN2S2 not BN2GS1S2
28294834377200288,DeterType=3 requires IsAttenMask=1 | IsTndSwizzle=1 requires SplitAxis=BN2S2 not BN2GS1S2
28294834377200544,DeterType=3 requires IsAttenMask=1 | IsTndSwizzle=1 requires SplitAxis=BN2S2 not BN2GS1S2
28294834377200800,IsTndSwizzle=1 requires SplitAxis=BN2S2 not BN2GS1S2
28294834377201056,IsTndSwizzle=1 requires SplitAxis=BN2S2 not BN2GS1S2
28294834377201312,IsTndSwizzle=1 requires SplitAxis=BN2S2 not BN2GS1S2
28294834377201568,IsTndSwizzle=1 requires SplitAxis=BN2S2 not BN2GS1S2
28294834914070688,DeterType=3 requires IsAttenMask=1 | IsTndSwizzle=1 requires SplitAxis=BN2S2 not BN2GS1S2
28294834914070944,DeterType=3 requires IsAttenMask=1 | IsTndSwizzle=1 requires SplitAxis=BN2S2 not BN2GS1S2
28294834914071200,DeterType=3 requires IsAttenMask=1 | IsTndSwizzle=1 requires SplitAxis=BN2S2 not BN2GS1S2
28294834914071456,DeterType=3 requires IsAttenMask=1 | IsTndSwizzle=1 requires SplitAxis=BN2S2 not BN2GS1S2
28294834914071712,IsTndSwizzle=1 requires SplitAxis=BN2S2 not BN2GS1S2
28294834914071968,IsTndSwizzle=1 requires SplitAxis=BN2S2 not BN2GS1S2
28294834914072224,IsTndSwizzle=1 requires SplitAxis=BN2S2 not BN2GS1S2
28294834914072480,IsTndSwizzle=1 requires SplitAxis=BN2S2 not BN2GS1S2
28297031789842592,DeterType=4 requires IsAttenMask=1 | IsTndSwizzle=1 requires SplitAxis=BN2S2 not BN2GS1S2
28297031789842848,DeterType=4 requires IsAttenMask=1 | IsTndSwizzle=1 requires SplitAxis=BN2S2 not BN2GS1S2
28297031789843104,DeterType=4 requires IsAttenMask=1 | IsTndSwizzle=1 requires SplitAxis=BN2S2 not BN2GS1S2
28297031789843360,DeterType=4 requires IsAttenMask=1 | IsTndSwizzle=1 requires SplitAxis=BN2S2 not BN2GS1S2
28297031789843616,IsTndSwizzle=1 requires SplitAxis=BN2S2 not BN2GS1S2
28297031789843872,IsTndSwizzle=1 requires SplitAxis=BN2S2 not BN2GS1S2
28297031789844128,IsTndSwizzle=1 requires SplitAxis=BN2S2 not BN2GS1S2
28297031789844384,IsTndSwizzle=1 requires SplitAxis=BN2S2 not BN2GS1S2
28297032326713504,DeterType=4 requires IsAttenMask=1 | IsTndSwizzle=1 requires SplitAxis=BN2S2 not BN2GS1S2
28297032326713760,DeterType=4 requires IsAttenMask=1 | IsTndSwizzle=1 requires SplitAxis=BN2S2 not BN2GS1S2
28297032326714016,DeterType=4 requires IsAttenMask=1 | IsTndSwizzle=1 requires SplitAxis=BN2S2 not BN2GS1S2
28297032326714272,DeterType=4 requires IsAttenMask=1 | IsTndSwizzle=1 requires SplitAxis=BN2S2 not BN2GS1S2
28297032326714528,IsTndSwizzle=1 requires SplitAxis=BN2S2 not BN2GS1S2
28297032326714784,IsTndSwizzle=1 requires SplitAxis=BN2S2 not BN2GS1S2
28297032326715040,IsTndSwizzle=1 requires SplitAxis=BN2S2 not BN2GS1S2
28297032326715296,IsTndSwizzle=1 requires SplitAxis=BN2S2 not BN2GS1S2
28297032863584416,DeterType=4 requires IsAttenMask=1 | IsTndSwizzle=1 requires SplitAxis=BN2S2 not BN2GS1S2
28297032863584672,DeterType=4 requires IsAttenMask=1 | IsTndSwizzle=1 requires SplitAxis=BN2S2 not BN2GS1S2
28297032863584928,DeterType=4 requires IsAttenMask=1 | IsTndSwizzle=1 requires SplitAxis=BN2S2 not BN2GS1S2
28297032863585184,DeterType=4 requires IsAttenMask=1 | IsTndSwizzle=1 requires SplitAxis=BN2S2 not BN2GS1S2
28297032863585440,IsTndSwizzle=1 requires SplitAxis=BN2S2 not BN2GS1S2
28297032863585696,IsTndSwizzle=1 requires SplitAxis=BN2S2 not BN2GS1S2
28297032863585952,IsTndSwizzle=1 requires SplitAxis=BN2S2 not BN2GS1S2
28297032863586208,IsTndSwizzle=1 requires SplitAxis=BN2S2 not BN2GS1S2
28297033400455328,DeterType=4 requires IsAttenMask=1 | IsTndSwizzle=1 requires SplitAxis=BN2S2 not BN2GS1S2
28297033400455584,DeterType=4 requires IsAttenMask=1 | IsTndSwizzle=1 requires SplitAxis=BN2S2 not BN2GS1S2
28297033400455840,DeterType=4 requires IsAttenMask=1 | IsTndSwizzle=1 requires SplitAxis=BN2S2 not BN2GS1S2
28297033400456096,DeterType=4 requires IsAttenMask=1 | IsTndSwizzle=1 requires SplitAxis=BN2S2 not BN2GS1S2
28297033400456352,IsTndSwizzle=1 requires SplitAxis=BN2S2 not BN2GS1S2
28297033400456608,IsTndSwizzle=1 requires SplitAxis=BN2S2 not BN2GS1S2
28297033400456864,IsTndSwizzle=1 requires SplitAxis=BN2S2 not BN2GS1S2
28297033400457120,IsTndSwizzle=1 requires SplitAxis=BN2S2 not BN2GS1S2
28297033937326240,DeterType=4 requires IsAttenMask=1 | IsTndSwizzle=1 requires SplitAxis=BN2S2 not BN2GS1S2
28297033937326496,DeterType=4 requires IsAttenMask=1 | IsTndSwizzle=1 requires SplitAxis=BN2S2 not BN2GS1S2
28297033937326752,DeterType=4 requires IsAttenMask=1 | IsTndSwizzle=1 requires SplitAxis=BN2S2 not BN2GS1S2
28297033937327008,DeterType=4 requires IsAttenMask=1 | IsTndSwizzle=1 requires SplitAxis=BN2S2 not BN2GS1S2
28297033937327264,IsTndSwizzle=1 requires SplitAxis=BN2S2 not BN2GS1S2
28297033937327520,IsTndSwizzle=1 requires SplitAxis=BN2S2 not BN2GS1S2
28297033937327776,IsTndSwizzle=1 requires SplitAxis=BN2S2 not BN2GS1S2
28297033937328032,IsTndSwizzle=1 requires SplitAxis=BN2S2 not BN2GS1S2
28327818115420320,IsTndSwizzle=1 requires SplitAxis=BN2S2 not BN2GS1S2
28327818115420576,IsTndSwizzle=1 requires SplitAxis=BN2S2 not BN2GS1S2
28327818115420832,IsTndSwizzle=1 requires SplitAxis=BN2S2 not BN2GS1S2
28327818115421088,IsTndSwizzle=1 requires SplitAxis=BN2S2 not BN2GS1S2
28327818115421344,IsTndSwizzle=1 requires SplitAxis=BN2S2 not BN2GS1S2
28327818115421600,IsTndSwizzle=1 requires SplitAxis=BN2S2 not BN2GS1S2
28327818115421856,IsTndSwizzle=1 requires SplitAxis=BN2S2 not BN2GS1S2
28327818115422112,IsTndSwizzle=1 requires SplitAxis=BN2S2 not BN2GS1S2
28327818652291232,IsTndSwizzle=1 requires SplitAxis=BN2S2 not BN2GS1S2
28327818652291488,IsTndSwizzle=1 requires SplitAxis=BN2S2 not BN2GS1S2
28327818652291744,IsTndSwizzle=1 requires SplitAxis=BN2S2 not BN2GS1S2
28327818652292000,IsTndSwizzle=1 requires SplitAxis=BN2S2 not BN2GS1S2
28327818652292256,IsTndSwizzle=1 requires SplitAxis=BN2S2 not BN2GS1S2
28327818652292512,IsTndSwizzle=1 requires SplitAxis=BN2S2 not BN2GS1S2
28327818652292768,IsTndSwizzle=1 requires SplitAxis=BN2S2 not BN2GS1S2
28327818652293024,IsTndSwizzle=1 requires SplitAxis=BN2S2 not BN2GS1S2
28327819189162144,IsTndSwizzle=1 requires SplitAxis=BN2S2 not BN2GS1S2
28327819189162400,IsTndSwizzle=1 requires SplitAxis=BN2S2 not BN2GS1S2
28327819189162656,IsTndSwizzle=1 requires SplitAxis=BN2S2 not BN2GS1S2
28327819189162912,IsTndSwizzle=1 requires SplitAxis=BN2S2 not BN2GS1S2
28327819189163168,IsTndSwizzle=1 requires SplitAxis=BN2S2 not BN2GS1S2
28327819189163424,IsTndSwizzle=1 requires SplitAxis=BN2S2 not BN2GS1S2
28327819189163680,IsTndSwizzle=1 requires SplitAxis=BN2S2 not BN2GS1S2
28327819189163936,IsTndSwizzle=1 requires SplitAxis=BN2S2 not BN2GS1S2
28327819726033056,IsTndSwizzle=1 requires SplitAxis=BN2S2 not BN2GS1S2
28327819726033312,IsTndSwizzle=1 requires SplitAxis=BN2S2 not BN2GS1S2
28327819726033568,IsTndSwizzle=1 requires SplitAxis=BN2S2 not BN2GS1S2
28327819726033824,IsTndSwizzle=1 requires SplitAxis=BN2S2 not BN2GS1S2
28327819726034080,IsTndSwizzle=1 requires SplitAxis=BN2S2 not BN2GS1S2
28327819726034336,IsTndSwizzle=1 requires SplitAxis=BN2S2 not BN2GS1S2
28327819726034592,IsTndSwizzle=1 requires SplitAxis=BN2S2 not BN2GS1S2
28327819726034848,IsTndSwizzle=1 requires SplitAxis=BN2S2 not BN2GS1S2
28327820262903968,IsTndSwizzle=1 requires SplitAxis=BN2S2 not BN2GS1S2
28327820262904224,IsTndSwizzle=1 requires SplitAxis=BN2S2 not BN2GS1S2
28327820262904480,IsTndSwizzle=1 requires SplitAxis=BN2S2 not BN2GS1S2
28327820262904736,IsTndSwizzle=1 requires SplitAxis=BN2S2 not BN2GS1S2
28327820262904992,IsTndSwizzle=1 requires SplitAxis=BN2S2 not BN2GS1S2
28327820262905248,IsTndSwizzle=1 requires SplitAxis=BN2S2 not BN2GS1S2
28327820262905504,IsTndSwizzle=1 requires SplitAxis=BN2S2 not BN2GS1S2
28327820262905760,IsTndSwizzle=1 requires SplitAxis=BN2S2 not BN2GS1S2
28330017138675872,DeterType=3 requires IsAttenMask=1 | IsTndSwizzle=1 requires SplitAxis=BN2S2 not BN2GS1S2
28330017138676128,DeterType=3 requires IsAttenMask=1 | IsTndSwizzle=1 requires SplitAxis=BN2S2 not BN2GS1S2
28330017138676384,DeterType=3 requires IsAttenMask=1 | IsTndSwizzle=1 requires SplitAxis=BN2S2 not BN2GS1S2
28330017138676640,DeterType=3 requires IsAttenMask=1 | IsTndSwizzle=1 requires SplitAxis=BN2S2 not BN2GS1S2
28330017138676896,IsTndSwizzle=1 requires SplitAxis=BN2S2 not BN2GS1S2
28330017138677152,IsTndSwizzle=1 requires SplitAxis=BN2S2 not BN2GS1S2
28330017138677408,IsTndSwizzle=1 requires SplitAxis=BN2S2 not BN2GS1S2
28330017138677664,IsTndSwizzle=1 requires SplitAxis=BN2S2 not BN2GS1S2
28330017675546784,DeterType=3 requires IsAttenMask=1 | IsTndSwizzle=1 requires SplitAxis=BN2S2 not BN2GS1S2
28330017675547040,DeterType=3 requires IsAttenMask=1 | IsTndSwizzle=1 requires SplitAxis=BN2S2 not BN2GS1S2
28330017675547296,DeterType=3 requires IsAttenMask=1 | IsTndSwizzle=1 requires SplitAxis=BN2S2 not BN2GS1S2
28330017675547552,DeterType=3 requires IsAttenMask=1 | IsTndSwizzle=1 requires SplitAxis=BN2S2 not BN2GS1S2
28330017675547808,IsTndSwizzle=1 requires SplitAxis=BN2S2 not BN2GS1S2
28330017675548064,IsTndSwizzle=1 requires SplitAxis=BN2S2 not BN2GS1S2
28330017675548320,IsTndSwizzle=1 requires SplitAxis=BN2S2 not BN2GS1S2
28330017675548576,IsTndSwizzle=1 requires SplitAxis=BN2S2 not BN2GS1S2
28330018212417696,DeterType=3 requires IsAttenMask=1 | IsTndSwizzle=1 requires SplitAxis=BN2S2 not BN2GS1S2
28330018212417952,DeterType=3 requires IsAttenMask=1 | IsTndSwizzle=1 requires SplitAxis=BN2S2 not BN2GS1S2
28330018212418208,DeterType=3 requires IsAttenMask=1 | IsTndSwizzle=1 requires SplitAxis=BN2S2 not BN2GS1S2
28330018212418464,DeterType=3 requires IsAttenMask=1 | IsTndSwizzle=1 requires SplitAxis=BN2S2 not BN2GS1S2
28330018212418720,IsTndSwizzle=1 requires SplitAxis=BN2S2 not BN2GS1S2
28330018212418976,IsTndSwizzle=1 requires SplitAxis=BN2S2 not BN2GS1S2
28330018212419232,IsTndSwizzle=1 requires SplitAxis=BN2S2 not BN2GS1S2
28330018212419488,IsTndSwizzle=1 requires SplitAxis=BN2S2 not BN2GS1S2
28330018749288608,DeterType=3 requires IsAttenMask=1 | IsTndSwizzle=1 requires SplitAxis=BN2S2 not BN2GS1S2
28330018749288864,DeterType=3 requires IsAttenMask=1 | IsTndSwizzle=1 requires SplitAxis=BN2S2 not BN2GS1S2
28330018749289120,DeterType=3 requires IsAttenMask=1 | IsTndSwizzle=1 requires SplitAxis=BN2S2 not BN2GS1S2
28330018749289376,DeterType=3 requires IsAttenMask=1 | IsTndSwizzle=1 requires SplitAxis=BN2S2 not BN2GS1S2
28330018749289632,IsTndSwizzle=1 requires SplitAxis=BN2S2 not BN2GS1S2
28330018749289888,IsTndSwizzle=1 requires SplitAxis=BN2S2 not BN2GS1S2
28330018749290144,IsTndSwizzle=1 requires SplitAxis=BN2S2 not BN2GS1S2
28330018749290400,IsTndSwizzle=1 requires SplitAxis=BN2S2 not BN2GS1S2
28330019286159520,DeterType=3 requires IsAttenMask=1 | IsTndSwizzle=1 requires SplitAxis=BN2S2 not BN2GS1S2
28330019286159776,DeterType=3 requires IsAttenMask=1 | IsTndSwizzle=1 requires SplitAxis=BN2S2 not BN2GS1S2
28330019286160032,DeterType=3 requires IsAttenMask=1 | IsTndSwizzle=1 requires SplitAxis=BN2S2 not BN2GS1S2
28330019286160288,DeterType=3 requires IsAttenMask=1 | IsTndSwizzle=1 requires SplitAxis=BN2S2 not BN2GS1S2
28330019286160544,IsTndSwizzle=1 requires SplitAxis=BN2S2 not BN2GS1S2
28330019286160800,IsTndSwizzle=1 requires SplitAxis=BN2S2 not BN2GS1S2
28330019286161056,IsTndSwizzle=1 requires SplitAxis=BN2S2 not BN2GS1S2
28330019286161312,IsTndSwizzle=1 requires SplitAxis=BN2S2 not BN2GS1S2
28332216161931424,DeterType=4 requires IsAttenMask=1 | IsTndSwizzle=1 requires SplitAxis=BN2S2 not BN2GS1S2
28332216161931680,DeterType=4 requires IsAttenMask=1 | IsTndSwizzle=1 requires SplitAxis=BN2S2 not BN2GS1S2
28332216161931936,DeterType=4 requires IsAttenMask=1 | IsTndSwizzle=1 requires SplitAxis=BN2S2 not BN2GS1S2
28332216161932192,DeterType=4 requires IsAttenMask=1 | IsTndSwizzle=1 requires SplitAxis=BN2S2 not BN2GS1S2
28332216161932448,IsTndSwizzle=1 requires SplitAxis=BN2S2 not BN2GS1S2
28332216161932704,IsTndSwizzle=1 requires SplitAxis=BN2S2 not BN2GS1S2
28332216161932960,IsTndSwizzle=1 requires SplitAxis=BN2S2 not BN2GS1S2
28332216161933216,IsTndSwizzle=1 requires SplitAxis=BN2S2 not BN2GS1S2
28332216698802336,DeterType=4 requires IsAttenMask=1 | IsTndSwizzle=1 requires SplitAxis=BN2S2 not BN2GS1S2
28332216698802592,DeterType=4 requires IsAttenMask=1 | IsTndSwizzle=1 requires SplitAxis=BN2S2 not BN2GS1S2
28332216698802848,DeterType=4 requires IsAttenMask=1 | IsTndSwizzle=1 requires SplitAxis=BN2S2 not BN2GS1S2
28332216698803104,DeterType=4 requires IsAttenMask=1 | IsTndSwizzle=1 requires SplitAxis=BN2S2 not BN2GS1S2
28332216698803360,IsTndSwizzle=1 requires SplitAxis=BN2S2 not BN2GS1S2
28332216698803616,IsTndSwizzle=1 requires SplitAxis=BN2S2 not BN2GS1S2
28332216698803872,IsTndSwizzle=1 requires SplitAxis=BN2S2 not BN2GS1S2
28332216698804128,IsTndSwizzle=1 requires SplitAxis=BN2S2 not BN2GS1S2
28332217235673248,DeterType=4 requires IsAttenMask=1 | IsTndSwizzle=1 requires SplitAxis=BN2S2 not BN2GS1S2
28332217235673504,DeterType=4 requires IsAttenMask=1 | IsTndSwizzle=1 requires SplitAxis=BN2S2 not BN2GS1S2
28332217235673760,DeterType=4 requires IsAttenMask=1 | IsTndSwizzle=1 requires SplitAxis=BN2S2 not BN2GS1S2
28332217235674016,DeterType=4 requires IsAttenMask=1 | IsTndSwizzle=1 requires SplitAxis=BN2S2 not BN2GS1S2
28332217235674272,IsTndSwizzle=1 requires SplitAxis=BN2S2 not BN2GS1S2
28332217235674528,IsTndSwizzle=1 requires SplitAxis=BN2S2 not BN2GS1S2
28332217235674784,IsTndSwizzle=1 requires SplitAxis=BN2S2 not BN2GS1S2
28332217235675040,IsTndSwizzle=1 requires SplitAxis=BN2S2 not BN2GS1S2
28332217772544160,DeterType=4 requires IsAttenMask=1 | IsTndSwizzle=1 requires SplitAxis=BN2S2 not BN2GS1S2
28332217772544416,DeterType=4 requires IsAttenMask=1 | IsTndSwizzle=1 requires SplitAxis=BN2S2 not BN2GS1S2
28332217772544672,DeterType=4 requires IsAttenMask=1 | IsTndSwizzle=1 requires SplitAxis=BN2S2 not BN2GS1S2
28332217772544928,DeterType=4 requires IsAttenMask=1 | IsTndSwizzle=1 requires SplitAxis=BN2S2 not BN2GS1S2
28332217772545184,IsTndSwizzle=1 requires SplitAxis=BN2S2 not BN2GS1S2
28332217772545440,IsTndSwizzle=1 requires SplitAxis=BN2S2 not BN2GS1S2
28332217772545696,IsTndSwizzle=1 requires SplitAxis=BN2S2 not BN2GS1S2
28332217772545952,IsTndSwizzle=1 requires SplitAxis=BN2S2 not BN2GS1S2
28332218309415072,DeterType=4 requires IsAttenMask=1 | IsTndSwizzle=1 requires SplitAxis=BN2S2 not BN2GS1S2
28332218309415328,DeterType=4 requires IsAttenMask=1 | IsTndSwizzle=1 requires SplitAxis=BN2S2 not BN2GS1S2
28332218309415584,DeterType=4 requires IsAttenMask=1 | IsTndSwizzle=1 requires SplitAxis=BN2S2 not BN2GS1S2
28332218309415840,DeterType=4 requires IsAttenMask=1 | IsTndSwizzle=1 requires SplitAxis=BN2S2 not BN2GS1S2
28332218309416096,IsTndSwizzle=1 requires SplitAxis=BN2S2 not BN2GS1S2
28332218309416352,IsTndSwizzle=1 requires SplitAxis=BN2S2 not BN2GS1S2
28332218309416608,IsTndSwizzle=1 requires SplitAxis=BN2S2 not BN2GS1S2
28332218309416864,IsTndSwizzle=1 requires SplitAxis=BN2S2 not BN2GS1S2
28574109793783968,IsTndSwizzle=1 requires SplitAxis=BN2S2 not BN2GS1S2
28574109793784224,IsTndSwizzle=1 requires SplitAxis=BN2S2 not BN2GS1S2
28574109793784480,IsTndSwizzle=1 requires SplitAxis=BN2S2 not BN2GS1S2
28574109793784736,IsTndSwizzle=1 requires SplitAxis=BN2S2 not BN2GS1S2
28574109793784992,IsTndSwizzle=1 requires SplitAxis=BN2S2 not BN2GS1S2
28574109793785248,IsTndSwizzle=1 requires SplitAxis=BN2S2 not BN2GS1S2
28574109793785504,IsTndSwizzle=1 requires SplitAxis=BN2S2 not BN2GS1S2
28574109793785760,IsTndSwizzle=1 requires SplitAxis=BN2S2 not BN2GS1S2
28576308817039520,DeterType=3 requires IsAttenMask=1 | IsTndSwizzle=1 requires SplitAxis=BN2S2 not BN2GS1S2
28576308817039776,DeterType=3 requires IsAttenMask=1 | IsTndSwizzle=1 requires SplitAxis=BN2S2 not BN2GS1S2
28576308817040032,DeterType=3 requires IsAttenMask=1 | IsTndSwizzle=1 requires SplitAxis=BN2S2 not BN2GS1S2
28576308817040288,DeterType=3 requires IsAttenMask=1 | IsTndSwizzle=1 requires SplitAxis=BN2S2 not BN2GS1S2
28576308817040544,IsTndSwizzle=1 requires SplitAxis=BN2S2 not BN2GS1S2
28576308817040800,IsTndSwizzle=1 requires SplitAxis=BN2S2 not BN2GS1S2
28576308817041056,IsTndSwizzle=1 requires SplitAxis=BN2S2 not BN2GS1S2
28576308817041312,IsTndSwizzle=1 requires SplitAxis=BN2S2 not BN2GS1S2
28578507840295072,DeterType=4 requires IsAttenMask=1 | IsTndSwizzle=1 requires SplitAxis=BN2S2 not BN2GS1S2
28578507840295328,DeterType=4 requires IsAttenMask=1 | IsTndSwizzle=1 requires SplitAxis=BN2S2 not BN2GS1S2
28578507840295584,DeterType=4 requires IsAttenMask=1 | IsTndSwizzle=1 requires SplitAxis=BN2S2 not BN2GS1S2
28578507840295840,DeterType=4 requires IsAttenMask=1 | IsTndSwizzle=1 requires SplitAxis=BN2S2 not BN2GS1S2
28578507840296096,IsTndSwizzle=1 requires SplitAxis=BN2S2 not BN2GS1S2
28578507840296352,IsTndSwizzle=1 requires SplitAxis=BN2S2 not BN2GS1S2
28578507840296608,IsTndSwizzle=1 requires SplitAxis=BN2S2 not BN2GS1S2
28578507840296864,IsTndSwizzle=1 requires SplitAxis=BN2S2 not BN2GS1S2
28609294165872800,IsTndSwizzle=1 requires SplitAxis=BN2S2 not BN2GS1S2
28609294165873056,IsTndSwizzle=1 requires SplitAxis=BN2S2 not BN2GS1S2
28609294165873312,IsTndSwizzle=1 requires SplitAxis=BN2S2 not BN2GS1S2
28609294165873568,IsTndSwizzle=1 requires SplitAxis=BN2S2 not BN2GS1S2
28609294165873824,IsTndSwizzle=1 requires SplitAxis=BN2S2 not BN2GS1S2
28609294165874080,IsTndSwizzle=1 requires SplitAxis=BN2S2 not BN2GS1S2
28609294165874336,IsTndSwizzle=1 requires SplitAxis=BN2S2 not BN2GS1S2
28609294165874592,IsTndSwizzle=1 requires SplitAxis=BN2S2 not BN2GS1S2
28611493189128352,DeterType=3 requires IsAttenMask=1 | IsTndSwizzle=1 requires SplitAxis=BN2S2 not BN2GS1S2
28611493189128608,DeterType=3 requires IsAttenMask=1 | IsTndSwizzle=1 requires SplitAxis=BN2S2 not BN2GS1S2
28611493189128864,DeterType=3 requires IsAttenMask=1 | IsTndSwizzle=1 requires SplitAxis=BN2S2 not BN2GS1S2
28611493189129120,DeterType=3 requires IsAttenMask=1 | IsTndSwizzle=1 requires SplitAxis=BN2S2 not BN2GS1S2
28611493189129376,IsTndSwizzle=1 requires SplitAxis=BN2S2 not BN2GS1S2
28611493189129632,IsTndSwizzle=1 requires SplitAxis=BN2S2 not BN2GS1S2
28611493189129888,IsTndSwizzle=1 requires SplitAxis=BN2S2 not BN2GS1S2
28611493189130144,IsTndSwizzle=1 requires SplitAxis=BN2S2 not BN2GS1S2
28613692212383904,DeterType=4 requires IsAttenMask=1 | IsTndSwizzle=1 requires SplitAxis=BN2S2 not BN2GS1S2
28613692212384160,DeterType=4 requires IsAttenMask=1 | IsTndSwizzle=1 requires SplitAxis=BN2S2 not BN2GS1S2
28613692212384416,DeterType=4 requires IsAttenMask=1 | IsTndSwizzle=1 requires SplitAxis=BN2S2 not BN2GS1S2
28613692212384672,DeterType=4 requires IsAttenMask=1 | IsTndSwizzle=1 requires SplitAxis=BN2S2 not BN2GS1S2
28613692212384928,IsTndSwizzle=1 requires SplitAxis=BN2S2 not BN2GS1S2
28613692212385184,IsTndSwizzle=1 requires SplitAxis=BN2S2 not BN2GS1S2
28613692212385440,IsTndSwizzle=1 requires SplitAxis=BN2S2 not BN2GS1S2
28613692212385696,IsTndSwizzle=1 requires SplitAxis=BN2S2 not BN2GS1S2
28710449235628468,BN2S2 with drop requires d<=128 not DTpl 192
28710449235628980,BN2S2 with drop requires d<=128 not DTpl 192
28710449235629492,BN2S2 with drop requires d<=128 not DTpl 192
28710449235630004,BN2S2 with drop requires d<=128 not DTpl 192
28710449772499380,BN2S2 with drop requires d<=128 not DTpl 256
28710449772499892,BN2S2 with drop requires d<=128 not DTpl 256
28710449772500404,BN2S2 with drop requires d<=128 not DTpl 256
28710449772500916,BN2S2 with drop requires d<=128 not DTpl 256
28710450309370292,BN2S2 with drop requires d<=128 not DTpl 768
28710450309370804,BN2S2 with drop requires d<=128 not DTpl 768
28710450309371316,BN2S2 with drop requires d<=128 not DTpl 768
28710450309371828,BN2S2 with drop requires d<=128 not DTpl 768
28714846208397488,IsTndSwizzle=1 requires SplitAxis=BN2S2 not BN2GS1S2
28714846208397744,IsTndSwizzle=1 requires SplitAxis=BN2S2 not BN2GS1S2
28714846208398000,IsTndSwizzle=1 requires SplitAxis=BN2S2 not BN2GS1S2
28714846208398256,IsTndSwizzle=1 requires SplitAxis=BN2S2 not BN2GS1S2
28714846208398512,IsTndSwizzle=1 requires SplitAxis=BN2S2 not BN2GS1S2
28714846208398768,IsTndSwizzle=1 requires SplitAxis=BN2S2 not BN2GS1S2
28714846208399024,IsTndSwizzle=1 requires SplitAxis=BN2S2 not BN2GS1S2
28714846208399280,IsTndSwizzle=1 requires SplitAxis=BN2S2 not BN2GS1S2
28714846745268400,IsTndSwizzle=1 requires SplitAxis=BN2S2 not BN2GS1S2
28714846745268656,IsTndSwizzle=1 requires SplitAxis=BN2S2 not BN2GS1S2
28714846745268912,IsTndSwizzle=1 requires SplitAxis=BN2S2 not BN2GS1S2
28714846745269168,IsTndSwizzle=1 requires SplitAxis=BN2S2 not BN2GS1S2
28714846745269424,IsTndSwizzle=1 requires SplitAxis=BN2S2 not BN2GS1S2
28714846745269680,IsTndSwizzle=1 requires SplitAxis=BN2S2 not BN2GS1S2
28714846745269936,IsTndSwizzle=1 requires SplitAxis=BN2S2 not BN2GS1S2
28714846745270192,IsTndSwizzle=1 requires SplitAxis=BN2S2 not BN2GS1S2
28714847282139312,IsTndSwizzle=1 requires SplitAxis=BN2S2 not BN2GS1S2
28714847282139568,IsTndSwizzle=1 requires SplitAxis=BN2S2 not BN2GS1S2
28714847282139824,IsTndSwizzle=1 requires SplitAxis=BN2S2 not BN2GS1S2
28714847282140080,IsTndSwizzle=1 requires SplitAxis=BN2S2 not BN2GS1S2
28714847282140336,IsTndSwizzle=1 requires SplitAxis=BN2S2 not BN2GS1S2
28714847282140592,IsTndSwizzle=1 requires SplitAxis=BN2S2 not BN2GS1S2
28714847282140848,IsTndSwizzle=1 requires SplitAxis=BN2S2 not BN2GS1S2
28714847282141104,IsTndSwizzle=1 requires SplitAxis=BN2S2 not BN2GS1S2
28714847819010224,IsTndSwizzle=1 requires SplitAxis=BN2S2 not BN2GS1S2
28714847819010480,IsTndSwizzle=1 requires SplitAxis=BN2S2 not BN2GS1S2
28714847819010736,IsTndSwizzle=1 requires SplitAxis=BN2S2 not BN2GS1S2
28714847819010992,IsTndSwizzle=1 requires SplitAxis=BN2S2 not BN2GS1S2
28714847819011248,IsTndSwizzle=1 requires SplitAxis=BN2S2 not BN2GS1S2
28714847819011504,IsTndSwizzle=1 requires SplitAxis=BN2S2 not BN2GS1S2
28714847819011760,IsTndSwizzle=1 requires SplitAxis=BN2S2 not BN2GS1S2
28714847819012016,IsTndSwizzle=1 requires SplitAxis=BN2S2 not BN2GS1S2
28714848355881136,IsTndSwizzle=1 requires SplitAxis=BN2S2 not BN2GS1S2
28714848355881392,IsTndSwizzle=1 requires SplitAxis=BN2S2 not BN2GS1S2
28714848355881648,IsTndSwizzle=1 requires SplitAxis=BN2S2 not BN2GS1S2
28714848355881904,IsTndSwizzle=1 requires SplitAxis=BN2S2 not BN2GS1S2
28714848355882160,IsTndSwizzle=1 requires SplitAxis=BN2S2 not BN2GS1S2
28714848355882416,IsTndSwizzle=1 requires SplitAxis=BN2S2 not BN2GS1S2
28714848355882672,IsTndSwizzle=1 requires SplitAxis=BN2S2 not BN2GS1S2
28714848355882928,IsTndSwizzle=1 requires SplitAxis=BN2S2 not BN2GS1S2
28717045231653040,DeterType=3 requires IsAttenMask=1 | IsTndSwizzle=1 requires SplitAxis=BN2S2 not BN2GS1S2
28717045231653296,DeterType=3 requires IsAttenMask=1 | IsTndSwizzle=1 requires SplitAxis=BN2S2 not BN2GS1S2
28717045231653552,DeterType=3 requires IsAttenMask=1 | IsTndSwizzle=1 requires SplitAxis=BN2S2 not BN2GS1S2
28717045231653808,DeterType=3 requires IsAttenMask=1 | IsTndSwizzle=1 requires SplitAxis=BN2S2 not BN2GS1S2
28717045231654064,IsTndSwizzle=1 requires SplitAxis=BN2S2 not BN2GS1S2
28717045231654320,IsTndSwizzle=1 requires SplitAxis=BN2S2 not BN2GS1S2
28717045231654576,IsTndSwizzle=1 requires SplitAxis=BN2S2 not BN2GS1S2
28717045231654832,IsTndSwizzle=1 requires SplitAxis=BN2S2 not BN2GS1S2
28717045768523952,DeterType=3 requires IsAttenMask=1 | IsTndSwizzle=1 requires SplitAxis=BN2S2 not BN2GS1S2
28717045768524208,DeterType=3 requires IsAttenMask=1 | IsTndSwizzle=1 requires SplitAxis=BN2S2 not BN2GS1S2
28717045768524464,DeterType=3 requires IsAttenMask=1 | IsTndSwizzle=1 requires SplitAxis=BN2S2 not BN2GS1S2
28717045768524720,DeterType=3 requires IsAttenMask=1 | IsTndSwizzle=1 requires SplitAxis=BN2S2 not BN2GS1S2
28717045768524976,IsTndSwizzle=1 requires SplitAxis=BN2S2 not BN2GS1S2
28717045768525232,IsTndSwizzle=1 requires SplitAxis=BN2S2 not BN2GS1S2
28717045768525488,IsTndSwizzle=1 requires SplitAxis=BN2S2 not BN2GS1S2
28717045768525744,IsTndSwizzle=1 requires SplitAxis=BN2S2 not BN2GS1S2
28717046305394864,DeterType=3 requires IsAttenMask=1 | IsTndSwizzle=1 requires SplitAxis=BN2S2 not BN2GS1S2
28717046305395120,DeterType=3 requires IsAttenMask=1 | IsTndSwizzle=1 requires SplitAxis=BN2S2 not BN2GS1S2
28717046305395376,DeterType=3 requires IsAttenMask=1 | IsTndSwizzle=1 requires SplitAxis=BN2S2 not BN2GS1S2
28717046305395632,DeterType=3 requires IsAttenMask=1 | IsTndSwizzle=1 requires SplitAxis=BN2S2 not BN2GS1S2
28717046305395888,IsTndSwizzle=1 requires SplitAxis=BN2S2 not BN2GS1S2
28717046305396144,IsTndSwizzle=1 requires SplitAxis=BN2S2 not BN2GS1S2
28717046305396400,IsTndSwizzle=1 requires SplitAxis=BN2S2 not BN2GS1S2
28717046305396656,IsTndSwizzle=1 requires SplitAxis=BN2S2 not BN2GS1S2
28717046842265776,DeterType=3 requires IsAttenMask=1 | IsTndSwizzle=1 requires SplitAxis=BN2S2 not BN2GS1S2
28717046842266032,DeterType=3 requires IsAttenMask=1 | IsTndSwizzle=1 requires SplitAxis=BN2S2 not BN2GS1S2
28717046842266288,DeterType=3 requires IsAttenMask=1 | IsTndSwizzle=1 requires SplitAxis=BN2S2 not BN2GS1S2
28717046842266544,DeterType=3 requires IsAttenMask=1 | IsTndSwizzle=1 requires SplitAxis=BN2S2 not BN2GS1S2
28717046842266800,IsTndSwizzle=1 requires SplitAxis=BN2S2 not BN2GS1S2
28717046842267056,IsTndSwizzle=1 requires SplitAxis=BN2S2 not BN2GS1S2
28717046842267312,IsTndSwizzle=1 requires SplitAxis=BN2S2 not BN2GS1S2
28717046842267568,IsTndSwizzle=1 requires SplitAxis=BN2S2 not BN2GS1S2
28717047379136688,DeterType=3 requires IsAttenMask=1 | IsTndSwizzle=1 requires SplitAxis=BN2S2 not BN2GS1S2
28717047379136944,DeterType=3 requires IsAttenMask=1 | IsTndSwizzle=1 requires SplitAxis=BN2S2 not BN2GS1S2
28717047379137200,DeterType=3 requires IsAttenMask=1 | IsTndSwizzle=1 requires SplitAxis=BN2S2 not BN2GS1S2
28717047379137456,DeterType=3 requires IsAttenMask=1 | IsTndSwizzle=1 requires SplitAxis=BN2S2 not BN2GS1S2
28717047379137712,IsTndSwizzle=1 requires SplitAxis=BN2S2 not BN2GS1S2
28717047379137968,IsTndSwizzle=1 requires SplitAxis=BN2S2 not BN2GS1S2
28717047379138224,IsTndSwizzle=1 requires SplitAxis=BN2S2 not BN2GS1S2
28717047379138480,IsTndSwizzle=1 requires SplitAxis=BN2S2 not BN2GS1S2
28719244254908592,DeterType=4 requires IsAttenMask=1 | IsTndSwizzle=1 requires SplitAxis=BN2S2 not BN2GS1S2
28719244254908848,DeterType=4 requires IsAttenMask=1 | IsTndSwizzle=1 requires SplitAxis=BN2S2 not BN2GS1S2
28719244254909104,DeterType=4 requires IsAttenMask=1 | IsTndSwizzle=1 requires SplitAxis=BN2S2 not BN2GS1S2
28719244254909360,DeterType=4 requires IsAttenMask=1 | IsTndSwizzle=1 requires SplitAxis=BN2S2 not BN2GS1S2
28719244254909616,IsTndSwizzle=1 requires SplitAxis=BN2S2 not BN2GS1S2
28719244254909872,IsTndSwizzle=1 requires SplitAxis=BN2S2 not BN2GS1S2
28719244254910128,IsTndSwizzle=1 requires SplitAxis=BN2S2 not BN2GS1S2
28719244254910384,IsTndSwizzle=1 requires SplitAxis=BN2S2 not BN2GS1S2
28719244791779504,DeterType=4 requires IsAttenMask=1 | IsTndSwizzle=1 requires SplitAxis=BN2S2 not BN2GS1S2
28719244791779760,DeterType=4 requires IsAttenMask=1 | IsTndSwizzle=1 requires SplitAxis=BN2S2 not BN2GS1S2
28719244791780016,DeterType=4 requires IsAttenMask=1 | IsTndSwizzle=1 requires SplitAxis=BN2S2 not BN2GS1S2
28719244791780272,DeterType=4 requires IsAttenMask=1 | IsTndSwizzle=1 requires SplitAxis=BN2S2 not BN2GS1S2
28719244791780528,IsTndSwizzle=1 requires SplitAxis=BN2S2 not BN2GS1S2
28719244791780784,IsTndSwizzle=1 requires SplitAxis=BN2S2 not BN2GS1S2
28719244791781040,IsTndSwizzle=1 requires SplitAxis=BN2S2 not BN2GS1S2
28719244791781296,IsTndSwizzle=1 requires SplitAxis=BN2S2 not BN2GS1S2
28719245328650416,DeterType=4 requires IsAttenMask=1 | IsTndSwizzle=1 requires SplitAxis=BN2S2 not BN2GS1S2
28719245328650672,DeterType=4 requires IsAttenMask=1 | IsTndSwizzle=1 requires SplitAxis=BN2S2 not BN2GS1S2
28719245328650928,DeterType=4 requires IsAttenMask=1 | IsTndSwizzle=1 requires SplitAxis=BN2S2 not BN2GS1S2
28719245328651184,DeterType=4 requires IsAttenMask=1 | IsTndSwizzle=1 requires SplitAxis=BN2S2 not BN2GS1S2
28719245328651440,IsTndSwizzle=1 requires SplitAxis=BN2S2 not BN2GS1S2
28719245328651696,IsTndSwizzle=1 requires SplitAxis=BN2S2 not BN2GS1S2
28719245328651952,IsTndSwizzle=1 requires SplitAxis=BN2S2 not BN2GS1S2
28719245328652208,IsTndSwizzle=1 requires SplitAxis=BN2S2 not BN2GS1S2
28719245865521328,DeterType=4 requires IsAttenMask=1 | IsTndSwizzle=1 requires SplitAxis=BN2S2 not BN2GS1S2
28719245865521584,DeterType=4 requires IsAttenMask=1 | IsTndSwizzle=1 requires SplitAxis=BN2S2 not BN2GS1S2
28719245865521840,DeterType=4 requires IsAttenMask=1 | IsTndSwizzle=1 requires SplitAxis=BN2S2 not BN2GS1S2
28719245865522096,DeterType=4 requires IsAttenMask=1 | IsTndSwizzle=1 requires SplitAxis=BN2S2 not BN2GS1S2
28719245865522352,IsTndSwizzle=1 requires SplitAxis=BN2S2 not BN2GS1S2
28719245865522608,IsTndSwizzle=1 requires SplitAxis=BN2S2 not BN2GS1S2
28719245865522864,IsTndSwizzle=1 requires SplitAxis=BN2S2 not BN2GS1S2
28719245865523120,IsTndSwizzle=1 requires SplitAxis=BN2S2 not BN2GS1S2
28719246402392240,DeterType=4 requires IsAttenMask=1 | IsTndSwizzle=1 requires SplitAxis=BN2S2 not BN2GS1S2
28719246402392496,DeterType=4 requires IsAttenMask=1 | IsTndSwizzle=1 requires SplitAxis=BN2S2 not BN2GS1S2
28719246402392752,DeterType=4 requires IsAttenMask=1 | IsTndSwizzle=1 requires SplitAxis=BN2S2 not BN2GS1S2
28719246402393008,DeterType=4 requires IsAttenMask=1 | IsTndSwizzle=1 requires SplitAxis=BN2S2 not BN2GS1S2
28719246402393264,IsTndSwizzle=1 requires SplitAxis=BN2S2 not BN2GS1S2
28719246402393520,IsTndSwizzle=1 requires SplitAxis=BN2S2 not BN2GS1S2
28719246402393776,IsTndSwizzle=1 requires SplitAxis=BN2S2 not BN2GS1S2
28719246402394032,IsTndSwizzle=1 requires SplitAxis=BN2S2 not BN2GS1S2
28750030580486320,IsTndSwizzle=1 requires SplitAxis=BN2S2 not BN2GS1S2
28750030580486576,IsTndSwizzle=1 requires SplitAxis=BN2S2 not BN2GS1S2
28750030580486832,IsTndSwizzle=1 requires SplitAxis=BN2S2 not BN2GS1S2
28750030580487088,IsTndSwizzle=1 requires SplitAxis=BN2S2 not BN2GS1S2
28750030580487344,IsTndSwizzle=1 requires SplitAxis=BN2S2 not BN2GS1S2
28750030580487600,IsTndSwizzle=1 requires SplitAxis=BN2S2 not BN2GS1S2
28750030580487856,IsTndSwizzle=1 requires SplitAxis=BN2S2 not BN2GS1S2
28750030580488112,IsTndSwizzle=1 requires SplitAxis=BN2S2 not BN2GS1S2
28750031117357232,IsTndSwizzle=1 requires SplitAxis=BN2S2 not BN2GS1S2
28750031117357488,IsTndSwizzle=1 requires SplitAxis=BN2S2 not BN2GS1S2
28750031117357744,IsTndSwizzle=1 requires SplitAxis=BN2S2 not BN2GS1S2
28750031117358000,IsTndSwizzle=1 requires SplitAxis=BN2S2 not BN2GS1S2
28750031117358256,IsTndSwizzle=1 requires SplitAxis=BN2S2 not BN2GS1S2
28750031117358512,IsTndSwizzle=1 requires SplitAxis=BN2S2 not BN2GS1S2
28750031117358768,IsTndSwizzle=1 requires SplitAxis=BN2S2 not BN2GS1S2
28750031117359024,IsTndSwizzle=1 requires SplitAxis=BN2S2 not BN2GS1S2
28750031654228144,IsTndSwizzle=1 requires SplitAxis=BN2S2 not BN2GS1S2
28750031654228400,IsTndSwizzle=1 requires SplitAxis=BN2S2 not BN2GS1S2
28750031654228656,IsTndSwizzle=1 requires SplitAxis=BN2S2 not BN2GS1S2
28750031654228912,IsTndSwizzle=1 requires SplitAxis=BN2S2 not BN2GS1S2
28750031654229168,IsTndSwizzle=1 requires SplitAxis=BN2S2 not BN2GS1S2
28750031654229424,IsTndSwizzle=1 requires SplitAxis=BN2S2 not BN2GS1S2
28750031654229680,IsTndSwizzle=1 requires SplitAxis=BN2S2 not BN2GS1S2
28750031654229936,IsTndSwizzle=1 requires SplitAxis=BN2S2 not BN2GS1S2
28750032191099056,IsTndSwizzle=1 requires SplitAxis=BN2S2 not BN2GS1S2
28750032191099312,IsTndSwizzle=1 requires SplitAxis=BN2S2 not BN2GS1S2
28750032191099568,IsTndSwizzle=1 requires SplitAxis=BN2S2 not BN2GS1S2
28750032191099824,IsTndSwizzle=1 requires SplitAxis=BN2S2 not BN2GS1S2
28750032191100080,IsTndSwizzle=1 requires SplitAxis=BN2S2 not BN2GS1S2
28750032191100336,IsTndSwizzle=1 requires SplitAxis=BN2S2 not BN2GS1S2
28750032191100592,IsTndSwizzle=1 requires SplitAxis=BN2S2 not BN2GS1S2
28750032191100848,IsTndSwizzle=1 requires SplitAxis=BN2S2 not BN2GS1S2
28750032727969968,IsTndSwizzle=1 requires SplitAxis=BN2S2 not BN2GS1S2
28750032727970224,IsTndSwizzle=1 requires SplitAxis=BN2S2 not BN2GS1S2
28750032727970480,IsTndSwizzle=1 requires SplitAxis=BN2S2 not BN2GS1S2
28750032727970736,IsTndSwizzle=1 requires SplitAxis=BN2S2 not BN2GS1S2
28750032727970992,IsTndSwizzle=1 requires SplitAxis=BN2S2 not BN2GS1S2
28750032727971248,IsTndSwizzle=1 requires SplitAxis=BN2S2 not BN2GS1S2
28750032727971504,IsTndSwizzle=1 requires SplitAxis=BN2S2 not BN2GS1S2
28750032727971760,IsTndSwizzle=1 requires SplitAxis=BN2S2 not BN2GS1S2
28752229603741872,DeterType=3 requires IsAttenMask=1 | IsTndSwizzle=1 requires SplitAxis=BN2S2 not BN2GS1S2
28752229603742128,DeterType=3 requires IsAttenMask=1 | IsTndSwizzle=1 requires SplitAxis=BN2S2 not BN2GS1S2
28752229603742384,DeterType=3 requires IsAttenMask=1 | IsTndSwizzle=1 requires SplitAxis=BN2S2 not BN2GS1S2
28752229603742640,DeterType=3 requires IsAttenMask=1 | IsTndSwizzle=1 requires SplitAxis=BN2S2 not BN2GS1S2
28752229603742896,IsTndSwizzle=1 requires SplitAxis=BN2S2 not BN2GS1S2
28752229603743152,IsTndSwizzle=1 requires SplitAxis=BN2S2 not BN2GS1S2
28752229603743408,IsTndSwizzle=1 requires SplitAxis=BN2S2 not BN2GS1S2
28752229603743664,IsTndSwizzle=1 requires SplitAxis=BN2S2 not BN2GS1S2
28752230140612784,DeterType=3 requires IsAttenMask=1 | IsTndSwizzle=1 requires SplitAxis=BN2S2 not BN2GS1S2
28752230140613040,DeterType=3 requires IsAttenMask=1 | IsTndSwizzle=1 requires SplitAxis=BN2S2 not BN2GS1S2
28752230140613296,DeterType=3 requires IsAttenMask=1 | IsTndSwizzle=1 requires SplitAxis=BN2S2 not BN2GS1S2
28752230140613552,DeterType=3 requires IsAttenMask=1 | IsTndSwizzle=1 requires SplitAxis=BN2S2 not BN2GS1S2
28752230140613808,IsTndSwizzle=1 requires SplitAxis=BN2S2 not BN2GS1S2
28752230140614064,IsTndSwizzle=1 requires SplitAxis=BN2S2 not BN2GS1S2
28752230140614320,IsTndSwizzle=1 requires SplitAxis=BN2S2 not BN2GS1S2
28752230140614576,IsTndSwizzle=1 requires SplitAxis=BN2S2 not BN2GS1S2
28752230677483696,DeterType=3 requires IsAttenMask=1 | IsTndSwizzle=1 requires SplitAxis=BN2S2 not BN2GS1S2
28752230677483952,DeterType=3 requires IsAttenMask=1 | IsTndSwizzle=1 requires SplitAxis=BN2S2 not BN2GS1S2
28752230677484208,DeterType=3 requires IsAttenMask=1 | IsTndSwizzle=1 requires SplitAxis=BN2S2 not BN2GS1S2
28752230677484464,DeterType=3 requires IsAttenMask=1 | IsTndSwizzle=1 requires SplitAxis=BN2S2 not BN2GS1S2
28752230677484720,IsTndSwizzle=1 requires SplitAxis=BN2S2 not BN2GS1S2
28752230677484976,IsTndSwizzle=1 requires SplitAxis=BN2S2 not BN2GS1S2
28752230677485232,IsTndSwizzle=1 requires SplitAxis=BN2S2 not BN2GS1S2
28752230677485488,IsTndSwizzle=1 requires SplitAxis=BN2S2 not BN2GS1S2
28752231214354608,DeterType=3 requires IsAttenMask=1 | IsTndSwizzle=1 requires SplitAxis=BN2S2 not BN2GS1S2
28752231214354864,DeterType=3 requires IsAttenMask=1 | IsTndSwizzle=1 requires SplitAxis=BN2S2 not BN2GS1S2
28752231214355120,DeterType=3 requires IsAttenMask=1 | IsTndSwizzle=1 requires SplitAxis=BN2S2 not BN2GS1S2
28752231214355376,DeterType=3 requires IsAttenMask=1 | IsTndSwizzle=1 requires SplitAxis=BN2S2 not BN2GS1S2
28752231214355632,IsTndSwizzle=1 requires SplitAxis=BN2S2 not BN2GS1S2
28752231214355888,IsTndSwizzle=1 requires SplitAxis=BN2S2 not BN2GS1S2
28752231214356144,IsTndSwizzle=1 requires SplitAxis=BN2S2 not BN2GS1S2
28752231214356400,IsTndSwizzle=1 requires SplitAxis=BN2S2 not BN2GS1S2
28752231751225520,DeterType=3 requires IsAttenMask=1 | IsTndSwizzle=1 requires SplitAxis=BN2S2 not BN2GS1S2
28752231751225776,DeterType=3 requires IsAttenMask=1 | IsTndSwizzle=1 requires SplitAxis=BN2S2 not BN2GS1S2
28752231751226032,DeterType=3 requires IsAttenMask=1 | IsTndSwizzle=1 requires SplitAxis=BN2S2 not BN2GS1S2
28752231751226288,DeterType=3 requires IsAttenMask=1 | IsTndSwizzle=1 requires SplitAxis=BN2S2 not BN2GS1S2
28752231751226544,IsTndSwizzle=1 requires SplitAxis=BN2S2 not BN2GS1S2
28752231751226800,IsTndSwizzle=1 requires SplitAxis=BN2S2 not BN2GS1S2
28752231751227056,IsTndSwizzle=1 requires SplitAxis=BN2S2 not BN2GS1S2
28752231751227312,IsTndSwizzle=1 requires SplitAxis=BN2S2 not BN2GS1S2
28754428626997424,DeterType=4 requires IsAttenMask=1 | IsTndSwizzle=1 requires SplitAxis=BN2S2 not BN2GS1S2
28754428626997680,DeterType=4 requires IsAttenMask=1 | IsTndSwizzle=1 requires SplitAxis=BN2S2 not BN2GS1S2
28754428626997936,DeterType=4 requires IsAttenMask=1 | IsTndSwizzle=1 requires SplitAxis=BN2S2 not BN2GS1S2
28754428626998192,DeterType=4 requires IsAttenMask=1 | IsTndSwizzle=1 requires SplitAxis=BN2S2 not BN2GS1S2
28754428626998448,IsTndSwizzle=1 requires SplitAxis=BN2S2 not BN2GS1S2
28754428626998704,IsTndSwizzle=1 requires SplitAxis=BN2S2 not BN2GS1S2
28754428626998960,IsTndSwizzle=1 requires SplitAxis=BN2S2 not BN2GS1S2
28754428626999216,IsTndSwizzle=1 requires SplitAxis=BN2S2 not BN2GS1S2
28754429163868336,DeterType=4 requires IsAttenMask=1 | IsTndSwizzle=1 requires SplitAxis=BN2S2 not BN2GS1S2
28754429163868592,DeterType=4 requires IsAttenMask=1 | IsTndSwizzle=1 requires SplitAxis=BN2S2 not BN2GS1S2
28754429163868848,DeterType=4 requires IsAttenMask=1 | IsTndSwizzle=1 requires SplitAxis=BN2S2 not BN2GS1S2
28754429163869104,DeterType=4 requires IsAttenMask=1 | IsTndSwizzle=1 requires SplitAxis=BN2S2 not BN2GS1S2
28754429163869360,IsTndSwizzle=1 requires SplitAxis=BN2S2 not BN2GS1S2
28754429163869616,IsTndSwizzle=1 requires SplitAxis=BN2S2 not BN2GS1S2
28754429163869872,IsTndSwizzle=1 requires SplitAxis=BN2S2 not BN2GS1S2
28754429163870128,IsTndSwizzle=1 requires SplitAxis=BN2S2 not BN2GS1S2
28754429700739248,DeterType=4 requires IsAttenMask=1 | IsTndSwizzle=1 requires SplitAxis=BN2S2 not BN2GS1S2
28754429700739504,DeterType=4 requires IsAttenMask=1 | IsTndSwizzle=1 requires SplitAxis=BN2S2 not BN2GS1S2
28754429700739760,DeterType=4 requires IsAttenMask=1 | IsTndSwizzle=1 requires SplitAxis=BN2S2 not BN2GS1S2
28754429700740016,DeterType=4 requires IsAttenMask=1 | IsTndSwizzle=1 requires SplitAxis=BN2S2 not BN2GS1S2
28754429700740272,IsTndSwizzle=1 requires SplitAxis=BN2S2 not BN2GS1S2
28754429700740528,IsTndSwizzle=1 requires SplitAxis=BN2S2 not BN2GS1S2
28754429700740784,IsTndSwizzle=1 requires SplitAxis=BN2S2 not BN2GS1S2
28754429700741040,IsTndSwizzle=1 requires SplitAxis=BN2S2 not BN2GS1S2
28754430237610160,DeterType=4 requires IsAttenMask=1 | IsTndSwizzle=1 requires SplitAxis=BN2S2 not BN2GS1S2
28754430237610416,DeterType=4 requires IsAttenMask=1 | IsTndSwizzle=1 requires SplitAxis=BN2S2 not BN2GS1S2
28754430237610672,DeterType=4 requires IsAttenMask=1 | IsTndSwizzle=1 requires SplitAxis=BN2S2 not BN2GS1S2
28754430237610928,DeterType=4 requires IsAttenMask=1 | IsTndSwizzle=1 requires SplitAxis=BN2S2 not BN2GS1S2
28754430237611184,IsTndSwizzle=1 requires SplitAxis=BN2S2 not BN2GS1S2
28754430237611440,IsTndSwizzle=1 requires SplitAxis=BN2S2 not BN2GS1S2
28754430237611696,IsTndSwizzle=1 requires SplitAxis=BN2S2 not BN2GS1S2
28754430237611952,IsTndSwizzle=1 requires SplitAxis=BN2S2 not BN2GS1S2
28754430774481072,DeterType=4 requires IsAttenMask=1 | IsTndSwizzle=1 requires SplitAxis=BN2S2 not BN2GS1S2
28754430774481328,DeterType=4 requires IsAttenMask=1 | IsTndSwizzle=1 requires SplitAxis=BN2S2 not BN2GS1S2
28754430774481584,DeterType=4 requires IsAttenMask=1 | IsTndSwizzle=1 requires SplitAxis=BN2S2 not BN2GS1S2
28754430774481840,DeterType=4 requires IsAttenMask=1 | IsTndSwizzle=1 requires SplitAxis=BN2S2 not BN2GS1S2
28754430774482096,IsTndSwizzle=1 requires SplitAxis=BN2S2 not BN2GS1S2
28754430774482352,IsTndSwizzle=1 requires SplitAxis=BN2S2 not BN2GS1S2
28754430774482608,IsTndSwizzle=1 requires SplitAxis=BN2S2 not BN2GS1S2
28754430774482864,IsTndSwizzle=1 requires SplitAxis=BN2S2 not BN2GS1S2
28851186723983796,BN2S2 with drop requires d<=128 not DTpl 192
28851186723984308,BN2S2 with drop requires d<=128 not DTpl 192
28851186723984820,BN2S2 with drop requires d<=128 not DTpl 192
28851186723985332,BN2S2 with drop requires d<=128 not DTpl 192
28851187260854708,BN2S2 with drop requires d<=128 not DTpl 256
28851187260855220,BN2S2 with drop requires d<=128 not DTpl 256
28851187260855732,BN2S2 with drop requires d<=128 not DTpl 256
28851187260856244,BN2S2 with drop requires d<=128 not DTpl 256
28851187797725620,BN2S2 with drop requires d<=128 not DTpl 768
28851187797726132,BN2S2 with drop requires d<=128 not DTpl 768
28851187797726644,BN2S2 with drop requires d<=128 not DTpl 768
28851187797727156,BN2S2 with drop requires d<=128 not DTpl 768
28855583696752816,IsTndSwizzle=1 requires SplitAxis=BN2S2 not BN2GS1S2
28855583696753072,IsTndSwizzle=1 requires SplitAxis=BN2S2 not BN2GS1S2
28855583696753328,IsTndSwizzle=1 requires SplitAxis=BN2S2 not BN2GS1S2
28855583696753584,IsTndSwizzle=1 requires SplitAxis=BN2S2 not BN2GS1S2
28855583696753840,IsTndSwizzle=1 requires SplitAxis=BN2S2 not BN2GS1S2
28855583696754096,IsTndSwizzle=1 requires SplitAxis=BN2S2 not BN2GS1S2
28855583696754352,IsTndSwizzle=1 requires SplitAxis=BN2S2 not BN2GS1S2
28855583696754608,IsTndSwizzle=1 requires SplitAxis=BN2S2 not BN2GS1S2
28855584233623728,IsTndSwizzle=1 requires SplitAxis=BN2S2 not BN2GS1S2
28855584233623984,IsTndSwizzle=1 requires SplitAxis=BN2S2 not BN2GS1S2
28855584233624240,IsTndSwizzle=1 requires SplitAxis=BN2S2 not BN2GS1S2
28855584233624496,IsTndSwizzle=1 requires SplitAxis=BN2S2 not BN2GS1S2
28855584233624752,IsTndSwizzle=1 requires SplitAxis=BN2S2 not BN2GS1S2
28855584233625008,IsTndSwizzle=1 requires SplitAxis=BN2S2 not BN2GS1S2
28855584233625264,IsTndSwizzle=1 requires SplitAxis=BN2S2 not BN2GS1S2
28855584233625520,IsTndSwizzle=1 requires SplitAxis=BN2S2 not BN2GS1S2
28855584770494640,IsTndSwizzle=1 requires SplitAxis=BN2S2 not BN2GS1S2
28855584770494896,IsTndSwizzle=1 requires SplitAxis=BN2S2 not BN2GS1S2
28855584770495152,IsTndSwizzle=1 requires SplitAxis=BN2S2 not BN2GS1S2
28855584770495408,IsTndSwizzle=1 requires SplitAxis=BN2S2 not BN2GS1S2
28855584770495664,IsTndSwizzle=1 requires SplitAxis=BN2S2 not BN2GS1S2
28855584770495920,IsTndSwizzle=1 requires SplitAxis=BN2S2 not BN2GS1S2
28855584770496176,IsTndSwizzle=1 requires SplitAxis=BN2S2 not BN2GS1S2
28855584770496432,IsTndSwizzle=1 requires SplitAxis=BN2S2 not BN2GS1S2
28855585307365552,IsTndSwizzle=1 requires SplitAxis=BN2S2 not BN2GS1S2
28855585307365808,IsTndSwizzle=1 requires SplitAxis=BN2S2 not BN2GS1S2
28855585307366064,IsTndSwizzle=1 requires SplitAxis=BN2S2 not BN2GS1S2
28855585307366320,IsTndSwizzle=1 requires SplitAxis=BN2S2 not BN2GS1S2
28855585307366576,IsTndSwizzle=1 requires SplitAxis=BN2S2 not BN2GS1S2
28855585307366832,IsTndSwizzle=1 requires SplitAxis=BN2S2 not BN2GS1S2
28855585307367088,IsTndSwizzle=1 requires SplitAxis=BN2S2 not BN2GS1S2
28855585307367344,IsTndSwizzle=1 requires SplitAxis=BN2S2 not BN2GS1S2
28855585844236464,IsTndSwizzle=1 requires SplitAxis=BN2S2 not BN2GS1S2
28855585844236720,IsTndSwizzle=1 requires SplitAxis=BN2S2 not BN2GS1S2
28855585844236976,IsTndSwizzle=1 requires SplitAxis=BN2S2 not BN2GS1S2
28855585844237232,IsTndSwizzle=1 requires SplitAxis=BN2S2 not BN2GS1S2
28855585844237488,IsTndSwizzle=1 requires SplitAxis=BN2S2 not BN2GS1S2
28855585844237744,IsTndSwizzle=1 requires SplitAxis=BN2S2 not BN2GS1S2
28855585844238000,IsTndSwizzle=1 requires SplitAxis=BN2S2 not BN2GS1S2
28855585844238256,IsTndSwizzle=1 requires SplitAxis=BN2S2 not BN2GS1S2
28857782720008368,DeterType=3 requires IsAttenMask=1 | IsTndSwizzle=1 requires SplitAxis=BN2S2 not BN2GS1S2
28857782720008624,DeterType=3 requires IsAttenMask=1 | IsTndSwizzle=1 requires SplitAxis=BN2S2 not BN2GS1S2
28857782720008880,DeterType=3 requires IsAttenMask=1 | IsTndSwizzle=1 requires SplitAxis=BN2S2 not BN2GS1S2
28857782720009136,DeterType=3 requires IsAttenMask=1 | IsTndSwizzle=1 requires SplitAxis=BN2S2 not BN2GS1S2
28857782720009392,IsTndSwizzle=1 requires SplitAxis=BN2S2 not BN2GS1S2
28857782720009648,IsTndSwizzle=1 requires SplitAxis=BN2S2 not BN2GS1S2
28857782720009904,IsTndSwizzle=1 requires SplitAxis=BN2S2 not BN2GS1S2
28857782720010160,IsTndSwizzle=1 requires SplitAxis=BN2S2 not BN2GS1S2
28857783256879280,DeterType=3 requires IsAttenMask=1 | IsTndSwizzle=1 requires SplitAxis=BN2S2 not BN2GS1S2
28857783256879536,DeterType=3 requires IsAttenMask=1 | IsTndSwizzle=1 requires SplitAxis=BN2S2 not BN2GS1S2
28857783256879792,DeterType=3 requires IsAttenMask=1 | IsTndSwizzle=1 requires SplitAxis=BN2S2 not BN2GS1S2
28857783256880048,DeterType=3 requires IsAttenMask=1 | IsTndSwizzle=1 requires SplitAxis=BN2S2 not BN2GS1S2
28857783256880304,IsTndSwizzle=1 requires SplitAxis=BN2S2 not BN2GS1S2
28857783256880560,IsTndSwizzle=1 requires SplitAxis=BN2S2 not BN2GS1S2
28857783256880816,IsTndSwizzle=1 requires SplitAxis=BN2S2 not BN2GS1S2
28857783256881072,IsTndSwizzle=1 requires SplitAxis=BN2S2 not BN2GS1S2
28857783793750192,DeterType=3 requires IsAttenMask=1 | IsTndSwizzle=1 requires SplitAxis=BN2S2 not BN2GS1S2
28857783793750448,DeterType=3 requires IsAttenMask=1 | IsTndSwizzle=1 requires SplitAxis=BN2S2 not BN2GS1S2
28857783793750704,DeterType=3 requires IsAttenMask=1 | IsTndSwizzle=1 requires SplitAxis=BN2S2 not BN2GS1S2
28857783793750960,DeterType=3 requires IsAttenMask=1 | IsTndSwizzle=1 requires SplitAxis=BN2S2 not BN2GS1S2
28857783793751216,IsTndSwizzle=1 requires SplitAxis=BN2S2 not BN2GS1S2
28857783793751472,IsTndSwizzle=1 requires SplitAxis=BN2S2 not BN2GS1S2
28857783793751728,IsTndSwizzle=1 requires SplitAxis=BN2S2 not BN2GS1S2
28857783793751984,IsTndSwizzle=1 requires SplitAxis=BN2S2 not BN2GS1S2
28857784330621104,DeterType=3 requires IsAttenMask=1 | IsTndSwizzle=1 requires SplitAxis=BN2S2 not BN2GS1S2
28857784330621360,DeterType=3 requires IsAttenMask=1 | IsTndSwizzle=1 requires SplitAxis=BN2S2 not BN2GS1S2
28857784330621616,DeterType=3 requires IsAttenMask=1 | IsTndSwizzle=1 requires SplitAxis=BN2S2 not BN2GS1S2
28857784330621872,DeterType=3 requires IsAttenMask=1 | IsTndSwizzle=1 requires SplitAxis=BN2S2 not BN2GS1S2
28857784330622128,IsTndSwizzle=1 requires SplitAxis=BN2S2 not BN2GS1S2
28857784330622384,IsTndSwizzle=1 requires SplitAxis=BN2S2 not BN2GS1S2
28857784330622640,IsTndSwizzle=1 requires SplitAxis=BN2S2 not BN2GS1S2
28857784330622896,IsTndSwizzle=1 requires SplitAxis=BN2S2 not BN2GS1S2
28857784867492016,DeterType=3 requires IsAttenMask=1 | IsTndSwizzle=1 requires SplitAxis=BN2S2 not BN2GS1S2
28857784867492272,DeterType=3 requires IsAttenMask=1 | IsTndSwizzle=1 requires SplitAxis=BN2S2 not BN2GS1S2
28857784867492528,DeterType=3 requires IsAttenMask=1 | IsTndSwizzle=1 requires SplitAxis=BN2S2 not BN2GS1S2
28857784867492784,DeterType=3 requires IsAttenMask=1 | IsTndSwizzle=1 requires SplitAxis=BN2S2 not BN2GS1S2
28857784867493040,IsTndSwizzle=1 requires SplitAxis=BN2S2 not BN2GS1S2
28857784867493296,IsTndSwizzle=1 requires SplitAxis=BN2S2 not BN2GS1S2
28857784867493552,IsTndSwizzle=1 requires SplitAxis=BN2S2 not BN2GS1S2
28857784867493808,IsTndSwizzle=1 requires SplitAxis=BN2S2 not BN2GS1S2
28859981743263920,DeterType=4 requires IsAttenMask=1 | IsTndSwizzle=1 requires SplitAxis=BN2S2 not BN2GS1S2
28859981743264176,DeterType=4 requires IsAttenMask=1 | IsTndSwizzle=1 requires SplitAxis=BN2S2 not BN2GS1S2
28859981743264432,DeterType=4 requires IsAttenMask=1 | IsTndSwizzle=1 requires SplitAxis=BN2S2 not BN2GS1S2
28859981743264688,DeterType=4 requires IsAttenMask=1 | IsTndSwizzle=1 requires SplitAxis=BN2S2 not BN2GS1S2
28859981743264944,IsTndSwizzle=1 requires SplitAxis=BN2S2 not BN2GS1S2
28859981743265200,IsTndSwizzle=1 requires SplitAxis=BN2S2 not BN2GS1S2
28859981743265456,IsTndSwizzle=1 requires SplitAxis=BN2S2 not BN2GS1S2
28859981743265712,IsTndSwizzle=1 requires SplitAxis=BN2S2 not BN2GS1S2
28859982280134832,DeterType=4 requires IsAttenMask=1 | IsTndSwizzle=1 requires SplitAxis=BN2S2 not BN2GS1S2
28859982280135088,DeterType=4 requires IsAttenMask=1 | IsTndSwizzle=1 requires SplitAxis=BN2S2 not BN2GS1S2
28859982280135344,DeterType=4 requires IsAttenMask=1 | IsTndSwizzle=1 requires SplitAxis=BN2S2 not BN2GS1S2
28859982280135600,DeterType=4 requires IsAttenMask=1 | IsTndSwizzle=1 requires SplitAxis=BN2S2 not BN2GS1S2
28859982280135856,IsTndSwizzle=1 requires SplitAxis=BN2S2 not BN2GS1S2
28859982280136112,IsTndSwizzle=1 requires SplitAxis=BN2S2 not BN2GS1S2
28859982280136368,IsTndSwizzle=1 requires SplitAxis=BN2S2 not BN2GS1S2
28859982280136624,IsTndSwizzle=1 requires SplitAxis=BN2S2 not BN2GS1S2
28859982817005744,DeterType=4 requires IsAttenMask=1 | IsTndSwizzle=1 requires SplitAxis=BN2S2 not BN2GS1S2
28859982817006000,DeterType=4 requires IsAttenMask=1 | IsTndSwizzle=1 requires SplitAxis=BN2S2 not BN2GS1S2
28859982817006256,DeterType=4 requires IsAttenMask=1 | IsTndSwizzle=1 requires SplitAxis=BN2S2 not BN2GS1S2
28859982817006512,DeterType=4 requires IsAttenMask=1 | IsTndSwizzle=1 requires SplitAxis=BN2S2 not BN2GS1S2
28859982817006768,IsTndSwizzle=1 requires SplitAxis=BN2S2 not BN2GS1S2
28859982817007024,IsTndSwizzle=1 requires SplitAxis=BN2S2 not BN2GS1S2
28859982817007280,IsTndSwizzle=1 requires SplitAxis=BN2S2 not BN2GS1S2
28859982817007536,IsTndSwizzle=1 requires SplitAxis=BN2S2 not BN2GS1S2
28859983353876656,DeterType=4 requires IsAttenMask=1 | IsTndSwizzle=1 requires SplitAxis=BN2S2 not BN2GS1S2
28859983353876912,DeterType=4 requires IsAttenMask=1 | IsTndSwizzle=1 requires SplitAxis=BN2S2 not BN2GS1S2
28859983353877168,DeterType=4 requires IsAttenMask=1 | IsTndSwizzle=1 requires SplitAxis=BN2S2 not BN2GS1S2
28859983353877424,DeterType=4 requires IsAttenMask=1 | IsTndSwizzle=1 requires SplitAxis=BN2S2 not BN2GS1S2
28859983353877680,IsTndSwizzle=1 requires SplitAxis=BN2S2 not BN2GS1S2
28859983353877936,IsTndSwizzle=1 requires SplitAxis=BN2S2 not BN2GS1S2
28859983353878192,IsTndSwizzle=1 requires SplitAxis=BN2S2 not BN2GS1S2
28859983353878448,IsTndSwizzle=1 requires SplitAxis=BN2S2 not BN2GS1S2
28859983890747568,DeterType=4 requires IsAttenMask=1 | IsTndSwizzle=1 requires SplitAxis=BN2S2 not BN2GS1S2
28859983890747824,DeterType=4 requires IsAttenMask=1 | IsTndSwizzle=1 requires SplitAxis=BN2S2 not BN2GS1S2
28859983890748080,DeterType=4 requires IsAttenMask=1 | IsTndSwizzle=1 requires SplitAxis=BN2S2 not BN2GS1S2
28859983890748336,DeterType=4 requires IsAttenMask=1 | IsTndSwizzle=1 requires SplitAxis=BN2S2 not BN2GS1S2
28859983890748592,IsTndSwizzle=1 requires SplitAxis=BN2S2 not BN2GS1S2
28859983890748848,IsTndSwizzle=1 requires SplitAxis=BN2S2 not BN2GS1S2
28859983890749104,IsTndSwizzle=1 requires SplitAxis=BN2S2 not BN2GS1S2
28859983890749360,IsTndSwizzle=1 requires SplitAxis=BN2S2 not BN2GS1S2
28890768068841648,IsTndSwizzle=1 requires SplitAxis=BN2S2 not BN2GS1S2
28890768068841904,IsTndSwizzle=1 requires SplitAxis=BN2S2 not BN2GS1S2
28890768068842160,IsTndSwizzle=1 requires SplitAxis=BN2S2 not BN2GS1S2
28890768068842416,IsTndSwizzle=1 requires SplitAxis=BN2S2 not BN2GS1S2
28890768068842672,IsTndSwizzle=1 requires SplitAxis=BN2S2 not BN2GS1S2
28890768068842928,IsTndSwizzle=1 requires SplitAxis=BN2S2 not BN2GS1S2
28890768068843184,IsTndSwizzle=1 requires SplitAxis=BN2S2 not BN2GS1S2
28890768068843440,IsTndSwizzle=1 requires SplitAxis=BN2S2 not BN2GS1S2
28890768605712560,IsTndSwizzle=1 requires SplitAxis=BN2S2 not BN2GS1S2
28890768605712816,IsTndSwizzle=1 requires SplitAxis=BN2S2 not BN2GS1S2
28890768605713072,IsTndSwizzle=1 requires SplitAxis=BN2S2 not BN2GS1S2
28890768605713328,IsTndSwizzle=1 requires SplitAxis=BN2S2 not BN2GS1S2
28890768605713584,IsTndSwizzle=1 requires SplitAxis=BN2S2 not BN2GS1S2
28890768605713840,IsTndSwizzle=1 requires SplitAxis=BN2S2 not BN2GS1S2
28890768605714096,IsTndSwizzle=1 requires SplitAxis=BN2S2 not BN2GS1S2
28890768605714352,IsTndSwizzle=1 requires SplitAxis=BN2S2 not BN2GS1S2
28890769142583472,IsTndSwizzle=1 requires SplitAxis=BN2S2 not BN2GS1S2
28890769142583728,IsTndSwizzle=1 requires SplitAxis=BN2S2 not BN2GS1S2
28890769142583984,IsTndSwizzle=1 requires SplitAxis=BN2S2 not BN2GS1S2
28890769142584240,IsTndSwizzle=1 requires SplitAxis=BN2S2 not BN2GS1S2
28890769142584496,IsTndSwizzle=1 requires SplitAxis=BN2S2 not BN2GS1S2
28890769142584752,IsTndSwizzle=1 requires SplitAxis=BN2S2 not BN2GS1S2
28890769142585008,IsTndSwizzle=1 requires SplitAxis=BN2S2 not BN2GS1S2
28890769142585264,IsTndSwizzle=1 requires SplitAxis=BN2S2 not BN2GS1S2
28890769679454384,IsTndSwizzle=1 requires SplitAxis=BN2S2 not BN2GS1S2
28890769679454640,IsTndSwizzle=1 requires SplitAxis=BN2S2 not BN2GS1S2
28890769679454896,IsTndSwizzle=1 requires SplitAxis=BN2S2 not BN2GS1S2
28890769679455152,IsTndSwizzle=1 requires SplitAxis=BN2S2 not BN2GS1S2
28890769679455408,IsTndSwizzle=1 requires SplitAxis=BN2S2 not BN2GS1S2
28890769679455664,IsTndSwizzle=1 requires SplitAxis=BN2S2 not BN2GS1S2
28890769679455920,IsTndSwizzle=1 requires SplitAxis=BN2S2 not BN2GS1S2
28890769679456176,IsTndSwizzle=1 requires SplitAxis=BN2S2 not BN2GS1S2
28890770216325296,IsTndSwizzle=1 requires SplitAxis=BN2S2 not BN2GS1S2
28890770216325552,IsTndSwizzle=1 requires SplitAxis=BN2S2 not BN2GS1S2
28890770216325808,IsTndSwizzle=1 requires SplitAxis=BN2S2 not BN2GS1S2
28890770216326064,IsTndSwizzle=1 requires SplitAxis=BN2S2 not BN2GS1S2
28890770216326320,IsTndSwizzle=1 requires SplitAxis=BN2S2 not BN2GS1S2
28890770216326576,IsTndSwizzle=1 requires SplitAxis=BN2S2 not BN2GS1S2
28890770216326832,IsTndSwizzle=1 requires SplitAxis=BN2S2 not BN2GS1S2
28890770216327088,IsTndSwizzle=1 requires SplitAxis=BN2S2 not BN2GS1S2
28892967092097200,DeterType=3 requires IsAttenMask=1 | IsTndSwizzle=1 requires SplitAxis=BN2S2 not BN2GS1S2
28892967092097456,DeterType=3 requires IsAttenMask=1 | IsTndSwizzle=1 requires SplitAxis=BN2S2 not BN2GS1S2
28892967092097712,DeterType=3 requires IsAttenMask=1 | IsTndSwizzle=1 requires SplitAxis=BN2S2 not BN2GS1S2
28892967092097968,DeterType=3 requires IsAttenMask=1 | IsTndSwizzle=1 requires SplitAxis=BN2S2 not BN2GS1S2
28892967092098224,IsTndSwizzle=1 requires SplitAxis=BN2S2 not BN2GS1S2
28892967092098480,IsTndSwizzle=1 requires SplitAxis=BN2S2 not BN2GS1S2
28892967092098736,IsTndSwizzle=1 requires SplitAxis=BN2S2 not BN2GS1S2
28892967092098992,IsTndSwizzle=1 requires SplitAxis=BN2S2 not BN2GS1S2
28892967628968112,DeterType=3 requires IsAttenMask=1 | IsTndSwizzle=1 requires SplitAxis=BN2S2 not BN2GS1S2
28892967628968368,DeterType=3 requires IsAttenMask=1 | IsTndSwizzle=1 requires SplitAxis=BN2S2 not BN2GS1S2
28892967628968624,DeterType=3 requires IsAttenMask=1 | IsTndSwizzle=1 requires SplitAxis=BN2S2 not BN2GS1S2
28892967628968880,DeterType=3 requires IsAttenMask=1 | IsTndSwizzle=1 requires SplitAxis=BN2S2 not BN2GS1S2
28892967628969136,IsTndSwizzle=1 requires SplitAxis=BN2S2 not BN2GS1S2
28892967628969392,IsTndSwizzle=1 requires SplitAxis=BN2S2 not BN2GS1S2
28892967628969648,IsTndSwizzle=1 requires SplitAxis=BN2S2 not BN2GS1S2
28892967628969904,IsTndSwizzle=1 requires SplitAxis=BN2S2 not BN2GS1S2
28892968165839024,DeterType=3 requires IsAttenMask=1 | IsTndSwizzle=1 requires SplitAxis=BN2S2 not BN2GS1S2
28892968165839280,DeterType=3 requires IsAttenMask=1 | IsTndSwizzle=1 requires SplitAxis=BN2S2 not BN2GS1S2
28892968165839536,DeterType=3 requires IsAttenMask=1 | IsTndSwizzle=1 requires SplitAxis=BN2S2 not BN2GS1S2
28892968165839792,DeterType=3 requires IsAttenMask=1 | IsTndSwizzle=1 requires SplitAxis=BN2S2 not BN2GS1S2
28892968165840048,IsTndSwizzle=1 requires SplitAxis=BN2S2 not BN2GS1S2
28892968165840304,IsTndSwizzle=1 requires SplitAxis=BN2S2 not BN2GS1S2
28892968165840560,IsTndSwizzle=1 requires SplitAxis=BN2S2 not BN2GS1S2
28892968165840816,IsTndSwizzle=1 requires SplitAxis=BN2S2 not BN2GS1S2
28892968702709936,DeterType=3 requires IsAttenMask=1 | IsTndSwizzle=1 requires SplitAxis=BN2S2 not BN2GS1S2
28892968702710192,DeterType=3 requires IsAttenMask=1 | IsTndSwizzle=1 requires SplitAxis=BN2S2 not BN2GS1S2
28892968702710448,DeterType=3 requires IsAttenMask=1 | IsTndSwizzle=1 requires SplitAxis=BN2S2 not BN2GS1S2
28892968702710704,DeterType=3 requires IsAttenMask=1 | IsTndSwizzle=1 requires SplitAxis=BN2S2 not BN2GS1S2
28892968702710960,IsTndSwizzle=1 requires SplitAxis=BN2S2 not BN2GS1S2
28892968702711216,IsTndSwizzle=1 requires SplitAxis=BN2S2 not BN2GS1S2
28892968702711472,IsTndSwizzle=1 requires SplitAxis=BN2S2 not BN2GS1S2
28892968702711728,IsTndSwizzle=1 requires SplitAxis=BN2S2 not BN2GS1S2
28892969239580848,DeterType=3 requires IsAttenMask=1 | IsTndSwizzle=1 requires SplitAxis=BN2S2 not BN2GS1S2
28892969239581104,DeterType=3 requires IsAttenMask=1 | IsTndSwizzle=1 requires SplitAxis=BN2S2 not BN2GS1S2
28892969239581360,DeterType=3 requires IsAttenMask=1 | IsTndSwizzle=1 requires SplitAxis=BN2S2 not BN2GS1S2
28892969239581616,DeterType=3 requires IsAttenMask=1 | IsTndSwizzle=1 requires SplitAxis=BN2S2 not BN2GS1S2
28892969239581872,IsTndSwizzle=1 requires SplitAxis=BN2S2 not BN2GS1S2
28892969239582128,IsTndSwizzle=1 requires SplitAxis=BN2S2 not BN2GS1S2
28892969239582384,IsTndSwizzle=1 requires SplitAxis=BN2S2 not BN2GS1S2
28892969239582640,IsTndSwizzle=1 requires SplitAxis=BN2S2 not BN2GS1S2
28895166115352752,DeterType=4 requires IsAttenMask=1 | IsTndSwizzle=1 requires SplitAxis=BN2S2 not BN2GS1S2
28895166115353008,DeterType=4 requires IsAttenMask=1 | IsTndSwizzle=1 requires SplitAxis=BN2S2 not BN2GS1S2
28895166115353264,DeterType=4 requires IsAttenMask=1 | IsTndSwizzle=1 requires SplitAxis=BN2S2 not BN2GS1S2
28895166115353520,DeterType=4 requires IsAttenMask=1 | IsTndSwizzle=1 requires SplitAxis=BN2S2 not BN2GS1S2
28895166115353776,IsTndSwizzle=1 requires SplitAxis=BN2S2 not BN2GS1S2
28895166115354032,IsTndSwizzle=1 requires SplitAxis=BN2S2 not BN2GS1S2
28895166115354288,IsTndSwizzle=1 requires SplitAxis=BN2S2 not BN2GS1S2
28895166115354544,IsTndSwizzle=1 requires SplitAxis=BN2S2 not BN2GS1S2
28895166652223664,DeterType=4 requires IsAttenMask=1 | IsTndSwizzle=1 requires SplitAxis=BN2S2 not BN2GS1S2
28895166652223920,DeterType=4 requires IsAttenMask=1 | IsTndSwizzle=1 requires SplitAxis=BN2S2 not BN2GS1S2
28895166652224176,DeterType=4 requires IsAttenMask=1 | IsTndSwizzle=1 requires SplitAxis=BN2S2 not BN2GS1S2
28895166652224432,DeterType=4 requires IsAttenMask=1 | IsTndSwizzle=1 requires SplitAxis=BN2S2 not BN2GS1S2
28895166652224688,IsTndSwizzle=1 requires SplitAxis=BN2S2 not BN2GS1S2
28895166652224944,IsTndSwizzle=1 requires SplitAxis=BN2S2 not BN2GS1S2
28895166652225200,IsTndSwizzle=1 requires SplitAxis=BN2S2 not BN2GS1S2
28895166652225456,IsTndSwizzle=1 requires SplitAxis=BN2S2 not BN2GS1S2
28895167189094576,DeterType=4 requires IsAttenMask=1 | IsTndSwizzle=1 requires SplitAxis=BN2S2 not BN2GS1S2
28895167189094832,DeterType=4 requires IsAttenMask=1 | IsTndSwizzle=1 requires SplitAxis=BN2S2 not BN2GS1S2
28895167189095088,DeterType=4 requires IsAttenMask=1 | IsTndSwizzle=1 requires SplitAxis=BN2S2 not BN2GS1S2
28895167189095344,DeterType=4 requires IsAttenMask=1 | IsTndSwizzle=1 requires SplitAxis=BN2S2 not BN2GS1S2
28895167189095600,IsTndSwizzle=1 requires SplitAxis=BN2S2 not BN2GS1S2
28895167189095856,IsTndSwizzle=1 requires SplitAxis=BN2S2 not BN2GS1S2
28895167189096112,IsTndSwizzle=1 requires SplitAxis=BN2S2 not BN2GS1S2
28895167189096368,IsTndSwizzle=1 requires SplitAxis=BN2S2 not BN2GS1S2
28895167725965488,DeterType=4 requires IsAttenMask=1 | IsTndSwizzle=1 requires SplitAxis=BN2S2 not BN2GS1S2
28895167725965744,DeterType=4 requires IsAttenMask=1 | IsTndSwizzle=1 requires SplitAxis=BN2S2 not BN2GS1S2
28895167725966000,DeterType=4 requires IsAttenMask=1 | IsTndSwizzle=1 requires SplitAxis=BN2S2 not BN2GS1S2
28895167725966256,DeterType=4 requires IsAttenMask=1 | IsTndSwizzle=1 requires SplitAxis=BN2S2 not BN2GS1S2
28895167725966512,IsTndSwizzle=1 requires SplitAxis=BN2S2 not BN2GS1S2
28895167725966768,IsTndSwizzle=1 requires SplitAxis=BN2S2 not BN2GS1S2
28895167725967024,IsTndSwizzle=1 requires SplitAxis=BN2S2 not BN2GS1S2
28895167725967280,IsTndSwizzle=1 requires SplitAxis=BN2S2 not BN2GS1S2
28895168262836400,DeterType=4 requires IsAttenMask=1 | IsTndSwizzle=1 requires SplitAxis=BN2S2 not BN2GS1S2
28895168262836656,DeterType=4 requires IsAttenMask=1 | IsTndSwizzle=1 requires SplitAxis=BN2S2 not BN2GS1S2
28895168262836912,DeterType=4 requires IsAttenMask=1 | IsTndSwizzle=1 requires SplitAxis=BN2S2 not BN2GS1S2
28895168262837168,DeterType=4 requires IsAttenMask=1 | IsTndSwizzle=1 requires SplitAxis=BN2S2 not BN2GS1S2
28895168262837424,IsTndSwizzle=1 requires SplitAxis=BN2S2 not BN2GS1S2
28895168262837680,IsTndSwizzle=1 requires SplitAxis=BN2S2 not BN2GS1S2
28895168262837936,IsTndSwizzle=1 requires SplitAxis=BN2S2 not BN2GS1S2
28895168262838192,IsTndSwizzle=1 requires SplitAxis=BN2S2 not BN2GS1S2
29137059747205296,IsTndSwizzle=1 requires SplitAxis=BN2S2 not BN2GS1S2
29137059747205552,IsTndSwizzle=1 requires SplitAxis=BN2S2 not BN2GS1S2
29137059747205808,IsTndSwizzle=1 requires SplitAxis=BN2S2 not BN2GS1S2
29137059747206064,IsTndSwizzle=1 requires SplitAxis=BN2S2 not BN2GS1S2
29137059747206320,IsTndSwizzle=1 requires SplitAxis=BN2S2 not BN2GS1S2
29137059747206576,IsTndSwizzle=1 requires SplitAxis=BN2S2 not BN2GS1S2
29137059747206832,IsTndSwizzle=1 requires SplitAxis=BN2S2 not BN2GS1S2
29137059747207088,IsTndSwizzle=1 requires SplitAxis=BN2S2 not BN2GS1S2
29139258770460848,DeterType=3 requires IsAttenMask=1 | IsTndSwizzle=1 requires SplitAxis=BN2S2 not BN2GS1S2
29139258770461104,DeterType=3 requires IsAttenMask=1 | IsTndSwizzle=1 requires SplitAxis=BN2S2 not BN2GS1S2
29139258770461360,DeterType=3 requires IsAttenMask=1 | IsTndSwizzle=1 requires SplitAxis=BN2S2 not BN2GS1S2
29139258770461616,DeterType=3 requires IsAttenMask=1 | IsTndSwizzle=1 requires SplitAxis=BN2S2 not BN2GS1S2
29139258770461872,IsTndSwizzle=1 requires SplitAxis=BN2S2 not BN2GS1S2
29139258770462128,IsTndSwizzle=1 requires SplitAxis=BN2S2 not BN2GS1S2
29139258770462384,IsTndSwizzle=1 requires SplitAxis=BN2S2 not BN2GS1S2
29139258770462640,IsTndSwizzle=1 requires SplitAxis=BN2S2 not BN2GS1S2
29141457793716400,DeterType=4 requires IsAttenMask=1 | IsTndSwizzle=1 requires SplitAxis=BN2S2 not BN2GS1S2
29141457793716656,DeterType=4 requires IsAttenMask=1 | IsTndSwizzle=1 requires SplitAxis=BN2S2 not BN2GS1S2
29141457793716912,DeterType=4 requires IsAttenMask=1 | IsTndSwizzle=1 requires SplitAxis=BN2S2 not BN2GS1S2
29141457793717168,DeterType=4 requires IsAttenMask=1 | IsTndSwizzle=1 requires SplitAxis=BN2S2 not BN2GS1S2
29141457793717424,IsTndSwizzle=1 requires SplitAxis=BN2S2 not BN2GS1S2
29141457793717680,IsTndSwizzle=1 requires SplitAxis=BN2S2 not BN2GS1S2
29141457793717936,IsTndSwizzle=1 requires SplitAxis=BN2S2 not BN2GS1S2
29141457793718192,IsTndSwizzle=1 requires SplitAxis=BN2S2 not BN2GS1S2
29172244119294128,IsTndSwizzle=1 requires SplitAxis=BN2S2 not BN2GS1S2
29172244119294384,IsTndSwizzle=1 requires SplitAxis=BN2S2 not BN2GS1S2
29172244119294640,IsTndSwizzle=1 requires SplitAxis=BN2S2 not BN2GS1S2
29172244119294896,IsTndSwizzle=1 requires SplitAxis=BN2S2 not BN2GS1S2
29172244119295152,IsTndSwizzle=1 requires SplitAxis=BN2S2 not BN2GS1S2
29172244119295408,IsTndSwizzle=1 requires SplitAxis=BN2S2 not BN2GS1S2
29172244119295664,IsTndSwizzle=1 requires SplitAxis=BN2S2 not BN2GS1S2
29172244119295920,IsTndSwizzle=1 requires SplitAxis=BN2S2 not BN2GS1S2
29174443142549680,DeterType=3 requires IsAttenMask=1 | IsTndSwizzle=1 requires SplitAxis=BN2S2 not BN2GS1S2
29174443142549936,DeterType=3 requires IsAttenMask=1 | IsTndSwizzle=1 requires SplitAxis=BN2S2 not BN2GS1S2
29174443142550192,DeterType=3 requires IsAttenMask=1 | IsTndSwizzle=1 requires SplitAxis=BN2S2 not BN2GS1S2
29174443142550448,DeterType=3 requires IsAttenMask=1 | IsTndSwizzle=1 requires SplitAxis=BN2S2 not BN2GS1S2
29174443142550704,IsTndSwizzle=1 requires SplitAxis=BN2S2 not BN2GS1S2
29174443142550960,IsTndSwizzle=1 requires SplitAxis=BN2S2 not BN2GS1S2
29174443142551216,IsTndSwizzle=1 requires SplitAxis=BN2S2 not BN2GS1S2
29174443142551472,IsTndSwizzle=1 requires SplitAxis=BN2S2 not BN2GS1S2
29176642165805232,DeterType=4 requires IsAttenMask=1 | IsTndSwizzle=1 requires SplitAxis=BN2S2 not BN2GS1S2
29176642165805488,DeterType=4 requires IsAttenMask=1 | IsTndSwizzle=1 requires SplitAxis=BN2S2 not BN2GS1S2
29176642165805744,DeterType=4 requires IsAttenMask=1 | IsTndSwizzle=1 requires SplitAxis=BN2S2 not BN2GS1S2
29176642165806000,DeterType=4 requires IsAttenMask=1 | IsTndSwizzle=1 requires SplitAxis=BN2S2 not BN2GS1S2
29176642165806256,IsTndSwizzle=1 requires SplitAxis=BN2S2 not BN2GS1S2
29176642165806512,IsTndSwizzle=1 requires SplitAxis=BN2S2 not BN2GS1S2
29176642165806768,IsTndSwizzle=1 requires SplitAxis=BN2S2 not BN2GS1S2
29176642165807024,IsTndSwizzle=1 requires SplitAxis=BN2S2 not BN2GS1S2
32655496419217568,IsTndSwizzle=1 requires SplitAxis=BN2S2 not BN2GS1S2
32655496419217824,IsTndSwizzle=1 requires SplitAxis=BN2S2 not BN2GS1S2
32655496419218080,IsTndSwizzle=1 requires SplitAxis=BN2S2 not BN2GS1S2
32655496419218336,IsTndSwizzle=1 requires SplitAxis=BN2S2 not BN2GS1S2
32655496419218592,IsTndSwizzle=1 requires SplitAxis=BN2S2 not BN2GS1S2
32655496419218848,IsTndSwizzle=1 requires SplitAxis=BN2S2 not BN2GS1S2
32655496419219104,IsTndSwizzle=1 requires SplitAxis=BN2S2 not BN2GS1S2
32655496419219360,IsTndSwizzle=1 requires SplitAxis=BN2S2 not BN2GS1S2
32657695442473120,DeterType=3 requires IsAttenMask=1 | IsTndSwizzle=1 requires SplitAxis=BN2S2 not BN2GS1S2
32657695442473376,DeterType=3 requires IsAttenMask=1 | IsTndSwizzle=1 requires SplitAxis=BN2S2 not BN2GS1S2
32657695442473632,DeterType=3 requires IsAttenMask=1 | IsTndSwizzle=1 requires SplitAxis=BN2S2 not BN2GS1S2
32657695442473888,DeterType=3 requires IsAttenMask=1 | IsTndSwizzle=1 requires SplitAxis=BN2S2 not BN2GS1S2
32657695442474144,IsTndSwizzle=1 requires SplitAxis=BN2S2 not BN2GS1S2
32657695442474400,IsTndSwizzle=1 requires SplitAxis=BN2S2 not BN2GS1S2
32657695442474656,IsTndSwizzle=1 requires SplitAxis=BN2S2 not BN2GS1S2
32657695442474912,IsTndSwizzle=1 requires SplitAxis=BN2S2 not BN2GS1S2
32659894465728672,DeterType=4 requires IsAttenMask=1 | IsTndSwizzle=1 requires SplitAxis=BN2S2 not BN2GS1S2
32659894465728928,DeterType=4 requires IsAttenMask=1 | IsTndSwizzle=1 requires SplitAxis=BN2S2 not BN2GS1S2
32659894465729184,DeterType=4 requires IsAttenMask=1 | IsTndSwizzle=1 requires SplitAxis=BN2S2 not BN2GS1S2
32659894465729440,DeterType=4 requires IsAttenMask=1 | IsTndSwizzle=1 requires SplitAxis=BN2S2 not BN2GS1S2
32659894465729696,IsTndSwizzle=1 requires SplitAxis=BN2S2 not BN2GS1S2
32659894465729952,IsTndSwizzle=1 requires SplitAxis=BN2S2 not BN2GS1S2
32659894465730208,IsTndSwizzle=1 requires SplitAxis=BN2S2 not BN2GS1S2
32659894465730464,IsTndSwizzle=1 requires SplitAxis=BN2S2 not BN2GS1S2
32690680791306400,IsTndSwizzle=1 requires SplitAxis=BN2S2 not BN2GS1S2
32690680791306656,IsTndSwizzle=1 requires SplitAxis=BN2S2 not BN2GS1S2
32690680791306912,IsTndSwizzle=1 requires SplitAxis=BN2S2 not BN2GS1S2
32690680791307168,IsTndSwizzle=1 requires SplitAxis=BN2S2 not BN2GS1S2
32690680791307424,IsTndSwizzle=1 requires SplitAxis=BN2S2 not BN2GS1S2
32690680791307680,IsTndSwizzle=1 requires SplitAxis=BN2S2 not BN2GS1S2
32690680791307936,IsTndSwizzle=1 requires SplitAxis=BN2S2 not BN2GS1S2
32690680791308192,IsTndSwizzle=1 requires SplitAxis=BN2S2 not BN2GS1S2
32692879814561952,DeterType=3 requires IsAttenMask=1 | IsTndSwizzle=1 requires SplitAxis=BN2S2 not BN2GS1S2
32692879814562208,DeterType=3 requires IsAttenMask=1 | IsTndSwizzle=1 requires SplitAxis=BN2S2 not BN2GS1S2
32692879814562464,DeterType=3 requires IsAttenMask=1 | IsTndSwizzle=1 requires SplitAxis=BN2S2 not BN2GS1S2
32692879814562720,DeterType=3 requires IsAttenMask=1 | IsTndSwizzle=1 requires SplitAxis=BN2S2 not BN2GS1S2
32692879814562976,IsTndSwizzle=1 requires SplitAxis=BN2S2 not BN2GS1S2
32692879814563232,IsTndSwizzle=1 requires SplitAxis=BN2S2 not BN2GS1S2
32692879814563488,IsTndSwizzle=1 requires SplitAxis=BN2S2 not BN2GS1S2
32692879814563744,IsTndSwizzle=1 requires SplitAxis=BN2S2 not BN2GS1S2
32695078837817504,DeterType=4 requires IsAttenMask=1 | IsTndSwizzle=1 requires SplitAxis=BN2S2 not BN2GS1S2 | IsNzOut∧DeterType=4∧IsNEqual=1 unreachable on arch35
32695078837817760,DeterType=4 requires IsAttenMask=1 | IsTndSwizzle=1 requires SplitAxis=BN2S2 not BN2GS1S2 | IsNzOut∧DeterType=4∧IsNEqual=1 unreachable on arch35
32695078837818016,DeterType=4 requires IsAttenMask=1 | IsTndSwizzle=1 requires SplitAxis=BN2S2 not BN2GS1S2 | IsNzOut∧DeterType=4∧IsNEqual=1 unreachable on arch35
32695078837818272,DeterType=4 requires IsAttenMask=1 | IsTndSwizzle=1 requires SplitAxis=BN2S2 not BN2GS1S2 | IsNzOut∧DeterType=4∧IsNEqual=1 unreachable on arch35
32695078837818528,IsTndSwizzle=1 requires SplitAxis=BN2S2 not BN2GS1S2 | IsNzOut∧DeterType=4∧IsNEqual=1 unreachable on arch35
32695078837818784,IsTndSwizzle=1 requires SplitAxis=BN2S2 not BN2GS1S2 | IsNzOut∧DeterType=4∧IsNEqual=1 unreachable on arch35
32695078837819040,IsTndSwizzle=1 requires SplitAxis=BN2S2 not BN2GS1S2 | IsNzOut∧DeterType=4∧IsNEqual=1 unreachable on arch35
32695078837819296,IsTndSwizzle=1 requires SplitAxis=BN2S2 not BN2GS1S2 | IsNzOut∧DeterType=4∧IsNEqual=1 unreachable on arch35
32796233907572896,IsTndSwizzle=1 requires SplitAxis=BN2S2 not BN2GS1S2
32796233907573152,IsTndSwizzle=1 requires SplitAxis=BN2S2 not BN2GS1S2
32796233907573408,IsTndSwizzle=1 requires SplitAxis=BN2S2 not BN2GS1S2
32796233907573664,IsTndSwizzle=1 requires SplitAxis=BN2S2 not BN2GS1S2
32796233907573920,IsTndSwizzle=1 requires SplitAxis=BN2S2 not BN2GS1S2
32796233907574176,IsTndSwizzle=1 requires SplitAxis=BN2S2 not BN2GS1S2
32796233907574432,IsTndSwizzle=1 requires SplitAxis=BN2S2 not BN2GS1S2
32796233907574688,IsTndSwizzle=1 requires SplitAxis=BN2S2 not BN2GS1S2
32798432930828448,DeterType=3 requires IsAttenMask=1 | IsTndSwizzle=1 requires SplitAxis=BN2S2 not BN2GS1S2
32798432930828704,DeterType=3 requires IsAttenMask=1 | IsTndSwizzle=1 requires SplitAxis=BN2S2 not BN2GS1S2
32798432930828960,DeterType=3 requires IsAttenMask=1 | IsTndSwizzle=1 requires SplitAxis=BN2S2 not BN2GS1S2
32798432930829216,DeterType=3 requires IsAttenMask=1 | IsTndSwizzle=1 requires SplitAxis=BN2S2 not BN2GS1S2
32798432930829472,IsTndSwizzle=1 requires SplitAxis=BN2S2 not BN2GS1S2
32798432930829728,IsTndSwizzle=1 requires SplitAxis=BN2S2 not BN2GS1S2
32798432930829984,IsTndSwizzle=1 requires SplitAxis=BN2S2 not BN2GS1S2
32798432930830240,IsTndSwizzle=1 requires SplitAxis=BN2S2 not BN2GS1S2
32800631954084000,DeterType=4 requires IsAttenMask=1 | IsTndSwizzle=1 requires SplitAxis=BN2S2 not BN2GS1S2
32800631954084256,DeterType=4 requires IsAttenMask=1 | IsTndSwizzle=1 requires SplitAxis=BN2S2 not BN2GS1S2
32800631954084512,DeterType=4 requires IsAttenMask=1 | IsTndSwizzle=1 requires SplitAxis=BN2S2 not BN2GS1S2
32800631954084768,DeterType=4 requires IsAttenMask=1 | IsTndSwizzle=1 requires SplitAxis=BN2S2 not BN2GS1S2
32800631954085024,IsTndSwizzle=1 requires SplitAxis=BN2S2 not BN2GS1S2
32800631954085280,IsTndSwizzle=1 requires SplitAxis=BN2S2 not BN2GS1S2
32800631954085536,IsTndSwizzle=1 requires SplitAxis=BN2S2 not BN2GS1S2
32800631954085792,IsTndSwizzle=1 requires SplitAxis=BN2S2 not BN2GS1S2
32831418279661728,IsTndSwizzle=1 requires SplitAxis=BN2S2 not BN2GS1S2
32831418279661984,IsTndSwizzle=1 requires SplitAxis=BN2S2 not BN2GS1S2
32831418279662240,IsTndSwizzle=1 requires SplitAxis=BN2S2 not BN2GS1S2
32831418279662496,IsTndSwizzle=1 requires SplitAxis=BN2S2 not BN2GS1S2
32831418279662752,IsTndSwizzle=1 requires SplitAxis=BN2S2 not BN2GS1S2
32831418279663008,IsTndSwizzle=1 requires SplitAxis=BN2S2 not BN2GS1S2
32831418279663264,IsTndSwizzle=1 requires SplitAxis=BN2S2 not BN2GS1S2
32831418279663520,IsTndSwizzle=1 requires SplitAxis=BN2S2 not BN2GS1S2
32833617302917280,DeterType=3 requires IsAttenMask=1 | IsTndSwizzle=1 requires SplitAxis=BN2S2 not BN2GS1S2
32833617302917536,DeterType=3 requires IsAttenMask=1 | IsTndSwizzle=1 requires SplitAxis=BN2S2 not BN2GS1S2
32833617302917792,DeterType=3 requires IsAttenMask=1 | IsTndSwizzle=1 requires SplitAxis=BN2S2 not BN2GS1S2
32833617302918048,DeterType=3 requires IsAttenMask=1 | IsTndSwizzle=1 requires SplitAxis=BN2S2 not BN2GS1S2
32833617302918304,IsTndSwizzle=1 requires SplitAxis=BN2S2 not BN2GS1S2
32833617302918560,IsTndSwizzle=1 requires SplitAxis=BN2S2 not BN2GS1S2
32833617302918816,IsTndSwizzle=1 requires SplitAxis=BN2S2 not BN2GS1S2
32833617302919072,IsTndSwizzle=1 requires SplitAxis=BN2S2 not BN2GS1S2
32835816326172832,DeterType=4 requires IsAttenMask=1 | IsTndSwizzle=1 requires SplitAxis=BN2S2 not BN2GS1S2 | IsNzOut∧DeterType=4∧IsNEqual=1 unreachable on arch35
32835816326173088,DeterType=4 requires IsAttenMask=1 | IsTndSwizzle=1 requires SplitAxis=BN2S2 not BN2GS1S2 | IsNzOut∧DeterType=4∧IsNEqual=1 unreachable on arch35
32835816326173344,DeterType=4 requires IsAttenMask=1 | IsTndSwizzle=1 requires SplitAxis=BN2S2 not BN2GS1S2 | IsNzOut∧DeterType=4∧IsNEqual=1 unreachable on arch35
32835816326173600,DeterType=4 requires IsAttenMask=1 | IsTndSwizzle=1 requires SplitAxis=BN2S2 not BN2GS1S2 | IsNzOut∧DeterType=4∧IsNEqual=1 unreachable on arch35
32835816326173856,IsTndSwizzle=1 requires SplitAxis=BN2S2 not BN2GS1S2 | IsNzOut∧DeterType=4∧IsNEqual=1 unreachable on arch35
32835816326174112,IsTndSwizzle=1 requires SplitAxis=BN2S2 not BN2GS1S2 | IsNzOut∧DeterType=4∧IsNEqual=1 unreachable on arch35
32835816326174368,IsTndSwizzle=1 requires SplitAxis=BN2S2 not BN2GS1S2 | IsNzOut∧DeterType=4∧IsNEqual=1 unreachable on arch35
32835816326174624,IsTndSwizzle=1 requires SplitAxis=BN2S2 not BN2GS1S2 | IsNzOut∧DeterType=4∧IsNEqual=1 unreachable on arch35
33218446372638896,IsTndSwizzle=1 requires SplitAxis=BN2S2 not BN2GS1S2
33218446372639152,IsTndSwizzle=1 requires SplitAxis=BN2S2 not BN2GS1S2
33218446372639408,IsTndSwizzle=1 requires SplitAxis=BN2S2 not BN2GS1S2
33218446372639664,IsTndSwizzle=1 requires SplitAxis=BN2S2 not BN2GS1S2
33218446372639920,IsTndSwizzle=1 requires SplitAxis=BN2S2 not BN2GS1S2
33218446372640176,IsTndSwizzle=1 requires SplitAxis=BN2S2 not BN2GS1S2
33218446372640432,IsTndSwizzle=1 requires SplitAxis=BN2S2 not BN2GS1S2
33218446372640688,IsTndSwizzle=1 requires SplitAxis=BN2S2 not BN2GS1S2
33220645395894448,DeterType=3 requires IsAttenMask=1 | IsTndSwizzle=1 requires SplitAxis=BN2S2 not BN2GS1S2
33220645395894704,DeterType=3 requires IsAttenMask=1 | IsTndSwizzle=1 requires SplitAxis=BN2S2 not BN2GS1S2
33220645395894960,DeterType=3 requires IsAttenMask=1 | IsTndSwizzle=1 requires SplitAxis=BN2S2 not BN2GS1S2
33220645395895216,DeterType=3 requires IsAttenMask=1 | IsTndSwizzle=1 requires SplitAxis=BN2S2 not BN2GS1S2
33220645395895472,IsTndSwizzle=1 requires SplitAxis=BN2S2 not BN2GS1S2
33220645395895728,IsTndSwizzle=1 requires SplitAxis=BN2S2 not BN2GS1S2
33220645395895984,IsTndSwizzle=1 requires SplitAxis=BN2S2 not BN2GS1S2
33220645395896240,IsTndSwizzle=1 requires SplitAxis=BN2S2 not BN2GS1S2
33222844419150000,DeterType=4 requires IsAttenMask=1 | IsTndSwizzle=1 requires SplitAxis=BN2S2 not BN2GS1S2
33222844419150256,DeterType=4 requires IsAttenMask=1 | IsTndSwizzle=1 requires SplitAxis=BN2S2 not BN2GS1S2
33222844419150512,DeterType=4 requires IsAttenMask=1 | IsTndSwizzle=1 requires SplitAxis=BN2S2 not BN2GS1S2
33222844419150768,DeterType=4 requires IsAttenMask=1 | IsTndSwizzle=1 requires SplitAxis=BN2S2 not BN2GS1S2
33222844419151024,IsTndSwizzle=1 requires SplitAxis=BN2S2 not BN2GS1S2
33222844419151280,IsTndSwizzle=1 requires SplitAxis=BN2S2 not BN2GS1S2
33222844419151536,IsTndSwizzle=1 requires SplitAxis=BN2S2 not BN2GS1S2
33222844419151792,IsTndSwizzle=1 requires SplitAxis=BN2S2 not BN2GS1S2
33253630744727728,IsTndSwizzle=1 requires SplitAxis=BN2S2 not BN2GS1S2
33253630744727984,IsTndSwizzle=1 requires SplitAxis=BN2S2 not BN2GS1S2
33253630744728240,IsTndSwizzle=1 requires SplitAxis=BN2S2 not BN2GS1S2
33253630744728496,IsTndSwizzle=1 requires SplitAxis=BN2S2 not BN2GS1S2
33253630744728752,IsTndSwizzle=1 requires SplitAxis=BN2S2 not BN2GS1S2
33253630744729008,IsTndSwizzle=1 requires SplitAxis=BN2S2 not BN2GS1S2
33253630744729264,IsTndSwizzle=1 requires SplitAxis=BN2S2 not BN2GS1S2
33253630744729520,IsTndSwizzle=1 requires SplitAxis=BN2S2 not BN2GS1S2
33255829767983280,DeterType=3 requires IsAttenMask=1 | IsTndSwizzle=1 requires SplitAxis=BN2S2 not BN2GS1S2
33255829767983536,DeterType=3 requires IsAttenMask=1 | IsTndSwizzle=1 requires SplitAxis=BN2S2 not BN2GS1S2
33255829767983792,DeterType=3 requires IsAttenMask=1 | IsTndSwizzle=1 requires SplitAxis=BN2S2 not BN2GS1S2
33255829767984048,DeterType=3 requires IsAttenMask=1 | IsTndSwizzle=1 requires SplitAxis=BN2S2 not BN2GS1S2
33255829767984304,IsTndSwizzle=1 requires SplitAxis=BN2S2 not BN2GS1S2
33255829767984560,IsTndSwizzle=1 requires SplitAxis=BN2S2 not BN2GS1S2
33255829767984816,IsTndSwizzle=1 requires SplitAxis=BN2S2 not BN2GS1S2
33255829767985072,IsTndSwizzle=1 requires SplitAxis=BN2S2 not BN2GS1S2
33258028791238832,DeterType=4 requires IsAttenMask=1 | IsTndSwizzle=1 requires SplitAxis=BN2S2 not BN2GS1S2 | IsNzOut∧DeterType=4∧IsNEqual=1 unreachable on arch35
33258028791239088,DeterType=4 requires IsAttenMask=1 | IsTndSwizzle=1 requires SplitAxis=BN2S2 not BN2GS1S2 | IsNzOut∧DeterType=4∧IsNEqual=1 unreachable on arch35
33258028791239344,DeterType=4 requires IsAttenMask=1 | IsTndSwizzle=1 requires SplitAxis=BN2S2 not BN2GS1S2 | IsNzOut∧DeterType=4∧IsNEqual=1 unreachable on arch35
33258028791239600,DeterType=4 requires IsAttenMask=1 | IsTndSwizzle=1 requires SplitAxis=BN2S2 not BN2GS1S2 | IsNzOut∧DeterType=4∧IsNEqual=1 unreachable on arch35
33258028791239856,IsTndSwizzle=1 requires SplitAxis=BN2S2 not BN2GS1S2 | IsNzOut∧DeterType=4∧IsNEqual=1 unreachable on arch35
33258028791240112,IsTndSwizzle=1 requires SplitAxis=BN2S2 not BN2GS1S2 | IsNzOut∧DeterType=4∧IsNEqual=1 unreachable on arch35
33258028791240368,IsTndSwizzle=1 requires SplitAxis=BN2S2 not BN2GS1S2 | IsNzOut∧DeterType=4∧IsNEqual=1 unreachable on arch35
33258028791240624,IsTndSwizzle=1 requires SplitAxis=BN2S2 not BN2GS1S2 | IsNzOut∧DeterType=4∧IsNEqual=1 unreachable on arch35
33359183860994224,IsTndSwizzle=1 requires SplitAxis=BN2S2 not BN2GS1S2
33359183860994480,IsTndSwizzle=1 requires SplitAxis=BN2S2 not BN2GS1S2
33359183860994736,IsTndSwizzle=1 requires SplitAxis=BN2S2 not BN2GS1S2
33359183860994992,IsTndSwizzle=1 requires SplitAxis=BN2S2 not BN2GS1S2
33359183860995248,IsTndSwizzle=1 requires SplitAxis=BN2S2 not BN2GS1S2
33359183860995504,IsTndSwizzle=1 requires SplitAxis=BN2S2 not BN2GS1S2
33359183860995760,IsTndSwizzle=1 requires SplitAxis=BN2S2 not BN2GS1S2
33359183860996016,IsTndSwizzle=1 requires SplitAxis=BN2S2 not BN2GS1S2
33361382884249776,DeterType=3 requires IsAttenMask=1 | IsTndSwizzle=1 requires SplitAxis=BN2S2 not BN2GS1S2
33361382884250032,DeterType=3 requires IsAttenMask=1 | IsTndSwizzle=1 requires SplitAxis=BN2S2 not BN2GS1S2
33361382884250288,DeterType=3 requires IsAttenMask=1 | IsTndSwizzle=1 requires SplitAxis=BN2S2 not BN2GS1S2
33361382884250544,DeterType=3 requires IsAttenMask=1 | IsTndSwizzle=1 requires SplitAxis=BN2S2 not BN2GS1S2
33361382884250800,IsTndSwizzle=1 requires SplitAxis=BN2S2 not BN2GS1S2
33361382884251056,IsTndSwizzle=1 requires SplitAxis=BN2S2 not BN2GS1S2
33361382884251312,IsTndSwizzle=1 requires SplitAxis=BN2S2 not BN2GS1S2
33361382884251568,IsTndSwizzle=1 requires SplitAxis=BN2S2 not BN2GS1S2
33363581907505328,DeterType=4 requires IsAttenMask=1 | IsTndSwizzle=1 requires SplitAxis=BN2S2 not BN2GS1S2
33363581907505584,DeterType=4 requires IsAttenMask=1 | IsTndSwizzle=1 requires SplitAxis=BN2S2 not BN2GS1S2
33363581907505840,DeterType=4 requires IsAttenMask=1 | IsTndSwizzle=1 requires SplitAxis=BN2S2 not BN2GS1S2
33363581907506096,DeterType=4 requires IsAttenMask=1 | IsTndSwizzle=1 requires SplitAxis=BN2S2 not BN2GS1S2
33363581907506352,IsTndSwizzle=1 requires SplitAxis=BN2S2 not BN2GS1S2
33363581907506608,IsTndSwizzle=1 requires SplitAxis=BN2S2 not BN2GS1S2
33363581907506864,IsTndSwizzle=1 requires SplitAxis=BN2S2 not BN2GS1S2
33363581907507120,IsTndSwizzle=1 requires SplitAxis=BN2S2 not BN2GS1S2
33394368233083056,IsTndSwizzle=1 requires SplitAxis=BN2S2 not BN2GS1S2
33394368233083312,IsTndSwizzle=1 requires SplitAxis=BN2S2 not BN2GS1S2
33394368233083568,IsTndSwizzle=1 requires SplitAxis=BN2S2 not BN2GS1S2
33394368233083824,IsTndSwizzle=1 requires SplitAxis=BN2S2 not BN2GS1S2
33394368233084080,IsTndSwizzle=1 requires SplitAxis=BN2S2 not BN2GS1S2
33394368233084336,IsTndSwizzle=1 requires SplitAxis=BN2S2 not BN2GS1S2
33394368233084592,IsTndSwizzle=1 requires SplitAxis=BN2S2 not BN2GS1S2
33394368233084848,IsTndSwizzle=1 requires SplitAxis=BN2S2 not BN2GS1S2
33396567256338608,DeterType=3 requires IsAttenMask=1 | IsTndSwizzle=1 requires SplitAxis=BN2S2 not BN2GS1S2
33396567256338864,DeterType=3 requires IsAttenMask=1 | IsTndSwizzle=1 requires SplitAxis=BN2S2 not BN2GS1S2
33396567256339120,DeterType=3 requires IsAttenMask=1 | IsTndSwizzle=1 requires SplitAxis=BN2S2 not BN2GS1S2
33396567256339376,DeterType=3 requires IsAttenMask=1 | IsTndSwizzle=1 requires SplitAxis=BN2S2 not BN2GS1S2
33396567256339632,IsTndSwizzle=1 requires SplitAxis=BN2S2 not BN2GS1S2
33396567256339888,IsTndSwizzle=1 requires SplitAxis=BN2S2 not BN2GS1S2
33396567256340144,IsTndSwizzle=1 requires SplitAxis=BN2S2 not BN2GS1S2
33396567256340400,IsTndSwizzle=1 requires SplitAxis=BN2S2 not BN2GS1S2
33398766279594160,DeterType=4 requires IsAttenMask=1 | IsTndSwizzle=1 requires SplitAxis=BN2S2 not BN2GS1S2 | IsNzOut∧DeterType=4∧IsNEqual=1 unreachable on arch35
33398766279594416,DeterType=4 requires IsAttenMask=1 | IsTndSwizzle=1 requires SplitAxis=BN2S2 not BN2GS1S2 | IsNzOut∧DeterType=4∧IsNEqual=1 unreachable on arch35
33398766279594672,DeterType=4 requires IsAttenMask=1 | IsTndSwizzle=1 requires SplitAxis=BN2S2 not BN2GS1S2 | IsNzOut∧DeterType=4∧IsNEqual=1 unreachable on arch35
33398766279594928,DeterType=4 requires IsAttenMask=1 | IsTndSwizzle=1 requires SplitAxis=BN2S2 not BN2GS1S2 | IsNzOut∧DeterType=4∧IsNEqual=1 unreachable on arch35
33398766279595184,IsTndSwizzle=1 requires SplitAxis=BN2S2 not BN2GS1S2 | IsNzOut∧DeterType=4∧IsNEqual=1 unreachable on arch35
33398766279595440,IsTndSwizzle=1 requires SplitAxis=BN2S2 not BN2GS1S2 | IsNzOut∧DeterType=4∧IsNEqual=1 unreachable on arch35
33398766279595696,IsTndSwizzle=1 requires SplitAxis=BN2S2 not BN2GS1S2 | IsNzOut∧DeterType=4∧IsNEqual=1 unreachable on arch35
33398766279595952,IsTndSwizzle=1 requires SplitAxis=BN2S2 not BN2GS1S2 | IsNzOut∧DeterType=4∧IsNEqual=1 unreachable on arch35
